AGE,DRIVING_EXPERIENCE,PAST_ACCIDENTS,SPEEDING_VIOLATIONS,DUIS,ANNUAL_MILEAGE,VEHICLE_YEAR,VEHICLE_OWNERSHIP,OUTCOME,INCOME,CREDIT_SCORE
3,0,0,0,0,12000.0,1,1,0,upper class,0.629027313918201
0,0,0,0,0,16000.0,0,0,1,poverty,0.3577571170184627
0,0,0,0,0,11000.0,0,1,0,working class,0.4931457852181982
0,0,0,0,0,11000.0,0,1,0,working class,0.2060128507324556
1,1,1,2,0,12000.0,0,1,1,working class,0.3883658881572184
2,2,3,3,0,13000.0,1,1,0,upper class,0.6191273725847388
3,3,3,7,0,13000.0,1,0,0,upper class,0.4929435502195342
1,0,0,0,0,14000.0,1,0,1,working class,0.468689297434465
2,2,0,0,0,13000.0,0,0,0,working class,0.5218149362971065
2,0,0,0,0,11000.0,0,1,1,upper class,0.5615310319383646
3,3,7,6,2,10000.0,1,1,0,upper class,0.6203612640126029
3,3,0,4,0,12000.0,1,1,0,upper class,0.7298308815593941
2,2,2,4,1,8000.0,0,1,0,upper class,0.6370447435902447
0,0,0,0,0,12000.0,0,1,0,upper class,0.59125997174597
1,1,1,0,2,12000.0,0,1,0,middle class,0.4615679630439447
1,0,0,0,0,12000.0,1,0,0,upper class,0.7627979410816134
3,3,1,10,2,12000.0,0,1,0,upper class,0.7961748462456987
0,0,0,0,0,12000.0,0,0,1,poverty,
1,0,0,0,0,12000.0,0,1,1,upper class,0.6805942795073384
0,0,0,0,0,18000.0,0,1,1,working class,0.4177139816231188
0,0,0,0,0,17000.0,0,0,1,working class,0.4095135306516067
0,0,0,0,0,8000.0,1,1,1,middle class,0.5532600531952381
2,2,1,3,1,13000.0,0,1,0,poverty,0.3309502618581893
0,0,0,0,0,17000.0,0,0,0,poverty,
3,3,3,13,2,7000.0,0,1,0,upper class,0.5006306604427161
1,1,0,0,0,14000.0,0,1,0,middle class,0.5519701813636283
2,1,0,1,1,13000.0,0,1,0,middle class,0.6269960497386653
1,1,1,0,0,15000.0,0,1,0,poverty,0.2947974807719967
1,1,1,0,0,17000.0,1,0,0,middle class,0.5519504952618395
3,0,0,0,0,9000.0,1,1,1,upper class,0.649820471216227
2,2,1,2,0,7000.0,1,1,0,middle class,0.5218044346397632
3,3,1,3,1,10000.0,0,1,0,upper class,0.7012683240604196
0,0,0,0,0,9000.0,0,1,0,poverty,0.1712440288213211
0,0,0,0,0,10000.0,0,1,1,poverty,0.3184419972124171
1,0,0,0,0,11000.0,0,1,1,middle class,0.6046842696715551
0,0,0,0,0,8000.0,1,0,1,working class,0.5049948526440377
1,1,2,3,0,17000.0,0,1,0,working class,0.6251466352816216
2,1,1,2,0,11000.0,0,1,0,middle class,
3,3,5,6,0,12000.0,1,0,0,upper class,
2,1,1,1,0,14000.0,0,1,0,upper class,0.5781305873212035
3,3,3,5,1,10000.0,0,1,0,upper class,0.7054542902137054
2,2,2,4,0,16000.0,1,1,0,upper class,0.6595254905875941
2,2,0,10,2,9000.0,1,0,0,upper class,0.5873836120460223
0,0,0,0,0,16000.0,0,0,1,poverty,0.4064824253974476
1,1,0,1,0,13000.0,0,0,1,poverty,0.2857471319596469
2,2,4,3,0,14000.0,0,0,0,middle class,0.5022849652731057
3,2,5,7,0,7000.0,1,1,0,upper class,0.6256257210210231
2,2,2,3,0,11000.0,1,1,0,upper class,
1,1,0,1,0,12000.0,0,1,0,working class,0.3931531299744003
1,1,0,1,0,14000.0,0,0,0,working class,0.5039497598168121
2,2,2,3,0,14000.0,0,1,0,upper class,0.6586274302571438
1,0,0,0,0,17000.0,0,0,1,working class,0.5241464657501199
3,2,1,9,0,7000.0,1,0,0,upper class,0.5531007570628673
0,0,0,0,0,8000.0,0,0,1,working class,0.4475509489142775
0,0,0,0,0,7000.0,0,1,1,working class,0.5107331365064207
1,1,0,0,0,15000.0,1,1,0,middle class,
0,0,0,0,0,9000.0,0,0,1,poverty,0.4613735917269193
2,2,1,2,0,12000.0,1,0,0,middle class,0.3875569443647317
2,2,0,0,0,12000.0,1,1,0,middle class,0.5701572256616224
1,1,0,0,1,16000.0,0,1,0,working class,0.5501250875743224
2,2,1,3,0,12000.0,0,0,0,working class,0.4529442316093683
1,1,1,2,0,8000.0,0,1,0,upper class,
2,2,0,2,0,7000.0,0,1,0,upper class,0.5352743096602144
0,0,0,0,0,15000.0,0,1,1,middle class,0.6147359485632915
2,2,1,1,0,12000.0,0,1,0,poverty,0.4544471564329259
2,0,0,0,0,12000.0,0,1,0,upper class,0.6137409183819416
2,1,0,0,0,11000.0,0,1,0,working class,0.5326613280250595
2,0,0,0,0,15000.0,0,1,1,middle class,0.4277285143019345
3,2,4,4,1,5000.0,0,1,0,upper class,0.6859457213719147
3,1,0,2,0,10000.0,0,1,0,upper class,0.6936124267187082
3,2,7,2,1,12000.0,0,0,1,upper class,0.5979905963582334
1,0,0,0,0,12000.0,1,0,1,poverty,0.3308186664986927
2,2,7,5,0,12000.0,0,1,0,working class,
1,1,0,2,0,9000.0,0,1,0,working class,
0,0,0,0,0,16000.0,0,1,0,middle class,0.5083042183803546
1,0,0,0,0,12000.0,0,1,0,upper class,0.7641329165005233
2,0,0,0,0,14000.0,1,1,0,middle class,0.4775169603837716
2,2,1,0,0,10000.0,0,1,0,upper class,0.6812332078486962
2,0,0,0,0,16000.0,1,1,0,upper class,0.4671555457007022
0,0,0,0,0,16000.0,0,1,1,working class,0.3941632454999797
2,1,0,0,0,14000.0,1,1,0,upper class,0.6610607322734078
2,2,1,2,0,14000.0,0,0,0,upper class,0.6651879748430346
0,0,0,0,0,11000.0,0,1,0,middle class,0.560770206632082
1,1,0,0,0,9000.0,1,0,0,upper class,0.7454327103696547
1,1,2,1,0,13000.0,0,1,0,middle class,0.53257435224505
1,1,0,0,0,14000.0,1,1,0,middle class,0.5267473391434415
0,0,0,0,0,14000.0,0,0,1,poverty,0.4124517461654282
2,2,6,0,0,16000.0,0,0,0,working class,0.3871071449018297
3,1,1,3,1,9000.0,0,1,0,middle class,0.5499938678343249
0,0,0,0,0,12000.0,0,1,1,upper class,0.5853420947575604
3,3,3,6,1,14000.0,0,1,0,middle class,0.5987396054343311
2,2,6,4,0,7000.0,1,1,0,upper class,0.6026557000791793
1,0,0,0,0,12000.0,1,1,0,working class,0.5114570584803535
2,2,2,3,0,15000.0,0,0,0,upper class,0.5586591735288894
2,1,0,0,0,13000.0,0,0,1,working class,0.6284070137170304
2,0,0,0,0,13000.0,0,1,0,working class,0.5057903732571783
1,1,0,2,0,15000.0,0,1,0,upper class,0.7268184180645275
3,2,2,8,0,9000.0,1,1,0,upper class,0.6904423335733175
2,2,2,1,0,14000.0,1,0,0,upper class,0.4796771646619314
1,1,0,3,1,11000.0,1,1,0,upper class,
2,2,2,1,0,11000.0,1,1,0,working class,0.4405592041968235
0,0,0,0,0,12000.0,0,1,1,middle class,0.634052597196068
0,0,0,0,0,12000.0,0,0,0,poverty,0.4574695879943666
1,0,0,0,0,14000.0,0,0,0,poverty,0.3086490182004943
0,0,0,0,0,11000.0,0,0,1,poverty,0.2458351852340737
0,0,0,0,0,14000.0,0,0,1,poverty,0.3056465190413162
1,1,1,2,0,13000.0,0,1,0,upper class,0.7440140862681482
2,1,0,0,0,14000.0,1,1,0,upper class,0.6704645467899408
3,3,3,4,1,10000.0,1,0,0,upper class,0.6830407984824192
0,0,0,0,0,13000.0,0,1,1,middle class,0.828628569053192
3,3,2,12,2,10000.0,0,1,0,middle class,
3,3,2,2,0,11000.0,0,1,0,upper class,0.6293380939717407
0,0,0,0,0,15000.0,0,0,1,poverty,0.28372421050714
0,0,0,0,0,14000.0,1,1,1,working class,0.4576486815858435
0,0,0,0,0,15000.0,0,0,1,poverty,0.3049876423937953
0,0,0,0,0,10000.0,0,0,1,working class,0.5517442884135392
0,0,0,0,0,9000.0,0,1,1,poverty,0.3186855562451054
1,1,0,3,0,12000.0,0,1,0,working class,0.436944194154781
2,1,1,5,0,7000.0,0,1,0,upper class,0.6291939843221722
0,0,0,0,0,17000.0,0,1,1,working class,0.4055600158887265
0,0,0,0,0,11000.0,0,1,0,middle class,0.6235462115803201
3,1,2,1,1,10000.0,0,1,0,upper class,0.7270329897821235
3,2,7,3,1,14000.0,0,1,0,working class,0.426828388879915
1,1,0,1,2,10000.0,0,1,0,middle class,0.5036589704487734
1,1,0,2,0,12000.0,0,0,0,middle class,
3,3,3,2,0,7000.0,1,1,0,upper class,0.7264400018455291
0,0,0,0,0,12000.0,0,0,1,poverty,0.2444900931240796
0,0,0,0,0,11000.0,0,1,1,middle class,0.5757707974509628
0,0,0,0,0,10000.0,0,0,1,poverty,
0,0,0,0,0,9000.0,1,1,1,working class,0.468671965728324
3,2,2,3,0,13000.0,1,0,0,upper class,0.6970834558464781
2,2,0,1,1,15000.0,0,1,0,working class,0.5429181079423034
3,3,2,4,1,9000.0,0,1,0,upper class,0.6722562535141292
0,0,0,0,0,8000.0,0,0,1,poverty,0.3864066185703315
0,0,0,0,0,12000.0,0,1,1,middle class,0.5512978330713669
2,2,4,4,1,14000.0,1,0,0,middle class,0.5985570254244251
1,1,1,0,0,12000.0,0,0,0,working class,
2,2,1,2,0,11000.0,1,1,0,upper class,0.5824219946087406
1,1,1,0,0,12000.0,0,1,0,middle class,0.540182723180248
3,2,4,3,1,14000.0,1,1,0,upper class,0.6330139475122963
2,2,3,6,0,12000.0,1,1,0,middle class,0.552204630296896
1,0,0,0,0,16000.0,0,0,1,middle class,0.3266816101781183
2,2,1,7,1,13000.0,0,1,0,middle class,0.5880825424047316
3,0,0,0,0,10000.0,0,0,1,upper class,0.7022748020975709
3,0,0,0,0,13000.0,0,1,0,upper class,0.7266055391975765
1,1,3,3,2,12000.0,0,0,1,working class,
3,3,5,5,1,12000.0,0,1,0,upper class,0.73238212135242
0,0,0,0,0,12000.0,0,1,1,poverty,0.2012839211827758
1,1,0,0,1,16000.0,0,0,0,middle class,0.4641607076311848
2,2,1,1,0,13000.0,1,1,0,upper class,0.6579677428053038
3,3,4,5,2,13000.0,0,1,0,upper class,0.6002161554309658
3,3,7,3,0,12000.0,1,1,0,upper class,0.6663760181644964
1,0,0,0,0,10000.0,0,1,0,working class,0.4031472802313768
3,2,5,5,1,13000.0,0,1,0,upper class,0.4169350441301069
3,3,1,10,0,8000.0,0,1,0,upper class,0.5948797136778915
1,1,1,1,0,16000.0,0,0,0,poverty,0.3804265034620669
0,0,0,0,0,14000.0,0,0,1,poverty,
3,3,2,1,2,12000.0,0,1,0,upper class,0.680617632406099
2,0,0,0,0,16000.0,0,1,1,working class,0.3559504699938693
2,1,0,2,0,10000.0,0,1,0,middle class,
3,3,1,3,0,12000.0,1,1,0,upper class,0.587831426389767
3,1,2,0,0,10000.0,1,1,0,upper class,0.5733880426029547
0,0,0,0,0,13000.0,0,1,1,middle class,0.2964062828237805
3,1,4,1,0,10000.0,0,1,0,upper class,0.4295096986208441
3,3,0,2,0,11000.0,1,1,0,upper class,0.6885687186194461
3,2,1,1,0,13000.0,1,1,0,upper class,0.700017431968704
1,1,1,0,0,12000.0,0,0,1,working class,0.4495886310379405
2,2,1,2,1,11000.0,1,1,0,upper class,0.6900455818778344
2,1,1,0,0,13000.0,1,1,0,working class,0.4960298730510012
1,1,0,8,0,6000.0,1,0,0,upper class,0.6563457625165399
2,0,0,0,0,12000.0,1,1,0,middle class,0.4983566259941653
0,0,0,0,0,12000.0,0,1,0,middle class,0.5463825431033477
2,1,1,0,0,11000.0,0,1,0,working class,0.3158628767091658
1,1,2,1,0,12000.0,0,1,1,working class,0.5300643171181573
1,1,0,1,0,12000.0,0,1,1,working class,0.3578391720711443
3,1,2,1,0,9000.0,1,1,0,upper class,0.672756052841708
2,2,2,2,0,12000.0,1,1,0,upper class,0.7419993760301162
3,3,0,1,0,11000.0,1,1,0,upper class,0.6226519789949738
0,0,0,0,0,14000.0,1,0,1,middle class,0.4801406677163008
3,3,3,5,1,11000.0,1,1,0,upper class,0.6787954309829434
3,3,6,13,1,10000.0,0,1,0,upper class,
2,2,1,2,0,12000.0,1,1,0,upper class,0.5152467080125883
1,1,1,3,0,13000.0,0,1,0,working class,0.4899205986325767
3,3,6,4,0,11000.0,0,1,0,middle class,0.4219579486132668
2,2,2,1,0,12000.0,0,1,0,upper class,0.5843548496662949
0,0,0,0,0,9000.0,0,0,1,poverty,
3,3,0,0,0,14000.0,1,1,0,upper class,0.5581569698935803
0,0,0,0,0,12000.0,0,0,1,poverty,0.19414954837432
0,0,0,0,0,13000.0,0,0,1,poverty,0.300497330390378
2,2,0,4,0,7000.0,1,1,0,upper class,0.6670906918498556
2,0,0,0,0,12000.0,0,1,1,upper class,0.6130724079074048
2,1,2,3,0,11000.0,1,1,0,upper class,
1,1,1,1,0,8000.0,0,1,0,middle class,0.5952817629709132
1,0,0,0,0,7000.0,0,0,1,poverty,0.3482357882933829
1,1,1,3,0,8000.0,1,1,0,working class,0.3566396714745861
1,1,0,0,0,12000.0,0,0,1,working class,0.3486591269429803
2,0,0,0,0,12000.0,0,1,1,middle class,0.5594684860915574
0,0,0,0,0,12000.0,0,0,1,poverty,0.514483730987584
2,2,0,2,1,13000.0,1,1,0,upper class,0.5626384060668865
2,2,1,2,2,15000.0,0,1,0,middle class,0.5717246252857962
3,3,2,5,0,12000.0,1,1,0,upper class,0.6510078690171576
0,0,0,0,0,12000.0,0,1,1,working class,0.3707348173567914
0,0,0,0,0,14000.0,0,1,0,poverty,0.3051450776813433
1,1,5,2,0,12000.0,0,1,1,upper class,0.5744144216758436
1,1,1,1,0,13000.0,0,1,0,middle class,0.4500145680826032
1,1,4,0,1,12000.0,0,1,0,upper class,0.6364490959261638
3,3,8,4,0,12000.0,0,0,0,upper class,0.4576717029360895
1,0,0,0,0,15000.0,0,0,1,poverty,0.3357473732007096
1,1,0,1,2,12000.0,0,0,0,poverty,0.3186947648911332
1,1,0,2,0,10000.0,1,1,0,upper class,0.5578403271955679
0,0,0,0,0,11000.0,0,0,1,working class,0.1924274124285441
1,1,3,6,1,11000.0,0,0,1,working class,0.3528243251354439
3,0,0,0,0,11000.0,1,0,1,upper class,0.647569234863379
0,0,0,0,0,10000.0,1,1,0,middle class,0.4572362634438549
1,1,1,0,0,13000.0,0,1,0,middle class,0.5042469291759577
0,0,0,0,0,15000.0,0,1,1,poverty,0.3749625006784157
0,0,0,0,0,11000.0,0,1,0,upper class,0.6603156212983624
2,2,0,3,0,12000.0,0,1,0,upper class,0.4169178873741152
1,1,0,0,1,17000.0,0,1,0,upper class,0.6350840347750659
1,1,0,2,0,11000.0,0,1,0,middle class,0.4049288507406456
2,2,0,2,0,11000.0,1,0,0,upper class,0.4956283926329951
0,0,0,0,0,12000.0,0,0,1,poverty,0.3921778349659278
2,1,2,0,0,11000.0,1,1,0,upper class,0.5149450496137513
3,3,10,6,2,9000.0,1,1,0,upper class,0.5032225392796313
1,1,0,0,0,11000.0,0,1,1,upper class,0.7140339031205747
1,1,1,1,0,14000.0,0,0,1,working class,0.3670512395145257
2,2,0,2,0,13000.0,0,1,0,middle class,0.5793929043624154
2,2,4,1,0,10000.0,0,1,0,middle class,0.5584702236402418
0,0,0,0,0,12000.0,0,0,1,working class,0.2919776582051944
2,2,0,5,0,12000.0,0,1,0,middle class,0.6615841421190086
0,0,0,0,0,17000.0,0,0,1,poverty,0.3788290288330991
0,0,0,0,0,15000.0,0,1,1,poverty,0.3740705590179875
2,2,2,3,1,13000.0,0,1,0,upper class,
3,3,5,1,0,13000.0,0,1,0,upper class,0.4593785751523136
2,2,5,2,0,15000.0,0,1,0,middle class,
2,0,0,0,0,11000.0,1,1,0,upper class,0.4654506837575693
0,0,0,0,0,9000.0,0,1,1,middle class,0.4086866980912735
3,2,2,2,0,11000.0,0,1,0,upper class,0.5888021385021842
2,2,0,3,1,7000.0,0,1,0,upper class,0.61502467895473
3,3,0,2,0,8000.0,0,1,0,upper class,
2,2,1,1,0,8000.0,1,1,0,upper class,0.5464601140543317
1,1,1,1,0,16000.0,0,1,0,working class,
3,0,0,0,0,17000.0,1,1,0,upper class,0.737994819837278
2,1,0,3,0,10000.0,0,1,0,working class,0.4273733642706479
0,0,0,0,0,12000.0,0,0,1,poverty,0.4129918414421705
2,2,1,3,1,7000.0,0,0,0,upper class,0.6953231970861331
0,0,0,0,0,13000.0,0,0,1,poverty,0.2912344134674337
0,0,0,0,0,11000.0,0,0,1,poverty,0.2441332629984765
3,0,0,0,0,9000.0,1,1,0,upper class,0.5082740148521835
0,0,0,0,0,14000.0,0,1,0,poverty,0.2932584812581273
1,1,0,0,1,13000.0,0,0,1,poverty,0.3436417190829057
0,0,0,0,0,15000.0,0,0,1,poverty,0.5033225200786
1,0,0,0,0,12000.0,1,0,0,upper class,
2,2,0,2,0,12000.0,1,1,0,upper class,0.6630513690689503
2,0,0,0,0,11000.0,0,0,1,poverty,0.2027084379448271
1,1,0,1,0,12000.0,0,1,0,upper class,0.665343329329833
3,3,5,8,0,9000.0,1,1,0,upper class,0.5386236932875669
0,0,0,0,0,15000.0,0,0,0,working class,0.4101367047885667
0,0,0,0,0,13000.0,0,1,0,poverty,0.3136455846123201
1,0,0,0,0,12000.0,0,1,0,upper class,0.5073241356207076
0,0,0,0,0,14000.0,0,0,1,poverty,0.2095073883823189
0,0,0,0,0,15000.0,0,1,1,working class,0.4907240542637642
2,2,0,5,0,14000.0,0,1,0,middle class,0.5814986743175801
1,0,0,0,0,12000.0,0,1,1,upper class,0.6850359505244253
1,0,0,0,0,12000.0,1,1,0,middle class,0.4739316494372351
0,0,0,0,0,11000.0,0,0,1,working class,
2,1,2,4,0,10000.0,1,1,0,upper class,0.5128461364179456
2,1,1,1,0,13000.0,1,1,0,upper class,0.6624617559275001
2,2,4,1,0,17000.0,0,1,0,upper class,0.5564133152355352
0,0,0,0,0,17000.0,0,0,0,poverty,0.2673466585061873
3,3,4,5,0,9000.0,0,1,0,upper class,0.8094112590513309
0,0,0,0,0,11000.0,1,0,0,poverty,0.3679435479917757
3,3,3,5,0,11000.0,0,0,0,upper class,0.5033547111991341
3,0,0,0,0,13000.0,0,1,0,middle class,0.5342877060116482
0,0,0,0,0,10000.0,0,0,0,middle class,
0,0,0,0,0,13000.0,0,0,1,middle class,
2,2,1,7,0,7000.0,0,1,1,middle class,0.4490117755463273
2,2,3,2,0,10000.0,0,1,0,upper class,0.8032523419405172
1,0,0,0,0,8000.0,0,1,0,middle class,
0,0,0,0,0,17000.0,0,0,1,poverty,0.186185114720855
2,1,0,0,1,13000.0,1,1,0,upper class,
1,1,1,2,0,12000.0,0,0,0,working class,0.3151293556030717
0,0,0,0,0,12000.0,0,0,0,poverty,
3,3,2,4,1,9000.0,1,1,0,upper class,0.4836380123288594
1,1,0,0,1,14000.0,0,1,0,poverty,0.3858741008429725
3,3,5,11,1,11000.0,1,1,0,upper class,0.6343725020457226
0,0,0,0,0,16000.0,0,1,1,working class,0.3621741186724681
1,1,3,0,2,5000.0,0,0,1,poverty,
3,1,1,2,0,10000.0,0,1,0,upper class,0.6928836357133882
3,3,3,2,0,11000.0,0,1,0,upper class,0.5777028525076912
2,2,1,0,1,11000.0,1,1,0,upper class,0.6640650143948857
2,2,1,3,0,12000.0,1,0,0,upper class,0.4897024062963834
1,0,0,0,0,13000.0,0,0,1,poverty,0.2828694808711571
2,0,0,0,0,10000.0,0,0,1,working class,0.4317004117968687
0,0,0,0,0,14000.0,0,1,1,poverty,0.1264534313986037
0,0,0,0,0,12000.0,0,0,1,poverty,0.2859976102627207
1,1,1,1,0,15000.0,1,1,0,upper class,0.5430074428650375
1,1,1,6,0,12000.0,0,1,0,middle class,0.3706567853008601
0,0,0,0,0,18000.0,0,0,0,poverty,
3,2,2,5,0,11000.0,1,1,0,upper class,0.7917101109944502
1,1,2,0,0,5000.0,0,0,0,working class,0.4717963087189384
1,1,0,0,0,12000.0,0,0,0,upper class,
1,1,2,0,1,9000.0,0,0,1,working class,0.628633149594721
0,0,0,0,0,10000.0,0,0,1,poverty,0.3448180556225356
2,2,1,5,0,15000.0,0,1,0,upper class,0.5478225909631781
0,0,0,0,0,16000.0,0,0,1,poverty,0.3398648345906033
0,0,0,0,0,13000.0,1,0,0,poverty,0.2897871439465148
0,0,0,0,0,13000.0,0,1,1,middle class,0.5979347864750699
1,0,0,0,0,14000.0,0,0,1,working class,0.3692930793988261
3,3,6,6,1,9000.0,0,1,0,working class,0.4171250369936769
2,2,4,5,1,7000.0,0,1,0,upper class,0.570277670616915
2,2,0,1,0,16000.0,0,1,1,middle class,0.5340483380212564
2,2,0,5,0,11000.0,1,0,0,upper class,
2,0,0,0,0,13000.0,1,1,0,upper class,0.5968280062363127
3,3,4,2,1,12000.0,1,1,0,upper class,0.6409488031039333
2,2,0,2,1,13000.0,0,0,0,middle class,0.5860627511953006
2,0,0,0,0,9000.0,1,1,0,upper class,0.6168247780300146
3,3,1,2,0,12000.0,1,1,0,middle class,0.3224660183950982
3,3,0,7,0,15000.0,0,1,0,middle class,0.344957864738121
0,0,0,0,0,10000.0,1,1,0,upper class,0.7154034227572682
1,1,1,1,0,10000.0,0,1,1,working class,0.4082920061533436
0,0,0,0,0,12000.0,0,0,1,poverty,0.2708440121659797
1,1,2,1,0,12000.0,0,1,0,upper class,0.606735714725739
3,3,3,1,1,14000.0,0,1,0,upper class,0.5824680179178995
3,0,0,0,0,12000.0,0,1,0,upper class,0.6062206447979116
1,0,0,0,0,12000.0,0,1,1,upper class,
1,1,0,0,0,16000.0,0,0,1,middle class,0.755633866133054
0,0,0,0,0,11000.0,0,0,1,poverty,0.2912086260521752
1,1,0,0,0,13000.0,1,1,0,upper class,0.6161117243839742
2,1,0,0,0,12000.0,0,1,0,working class,0.4712361399215783
3,3,7,2,0,12000.0,1,1,0,upper class,0.6782370223364715
2,2,2,1,0,10000.0,0,1,0,middle class,0.5153486460517401
3,1,4,3,1,7000.0,1,1,0,upper class,0.507690848953627
2,1,1,0,0,13000.0,0,0,0,working class,0.509910296776192
2,0,0,0,0,11000.0,0,0,1,working class,0.5038597346352107
2,2,3,4,0,7000.0,0,0,0,middle class,0.577135941672739
1,0,0,0,0,12000.0,0,1,0,middle class,0.6477554969922709
3,0,0,0,0,11000.0,0,0,1,upper class,
2,2,4,3,2,12000.0,0,1,0,middle class,0.5778131836961647
2,2,2,4,1,9000.0,0,1,0,middle class,0.4953502835315234
0,0,0,0,0,12000.0,0,0,1,poverty,0.4526765592626403
0,0,0,0,0,11000.0,0,1,1,middle class,0.6164262036016749
1,1,1,2,0,13000.0,1,1,0,middle class,0.3457261884790099
1,0,0,0,0,14000.0,0,0,1,middle class,0.5841273528155413
2,2,1,5,0,9000.0,0,0,0,upper class,0.6117018176344066
3,3,0,1,0,15000.0,1,1,1,upper class,0.5458900735115071
1,1,1,1,0,17000.0,0,0,0,poverty,0.1436568483193364
1,1,0,2,0,13000.0,0,1,1,poverty,0.3262403387046744
1,0,0,0,0,14000.0,0,0,1,poverty,0.2806543806481637
2,2,1,1,1,9000.0,1,1,0,upper class,
3,0,0,0,0,13000.0,1,1,0,upper class,0.7306774626064182
0,0,0,0,0,13000.0,0,1,1,middle class,0.5783712166428834
2,2,4,2,0,7000.0,1,1,0,upper class,
2,1,1,2,0,10000.0,0,1,0,middle class,0.4816627514207715
2,1,1,2,1,12000.0,0,0,0,working class,0.2516227091679711
2,2,1,1,0,12000.0,1,1,0,upper class,0.5872893810932033
1,1,0,1,0,6000.0,0,1,0,middle class,0.5573996021834157
0,0,0,0,0,12000.0,0,0,1,poverty,0.4289832028689519
3,3,4,5,0,9000.0,1,1,0,upper class,0.6403236933748687
3,3,4,2,0,12000.0,0,1,0,working class,0.4972878528954948
1,1,1,5,0,10000.0,0,1,0,working class,0.4466473449579012
1,1,4,0,0,14000.0,1,1,0,middle class,0.2710642145687786
1,1,0,0,0,12000.0,0,1,0,middle class,0.5655780916935856
1,1,2,3,0,9000.0,1,1,0,working class,0.381262306885702
1,0,0,0,0,10000.0,1,1,0,upper class,0.6391281575503801
3,0,0,0,0,13000.0,0,1,0,middle class,
2,2,3,0,0,14000.0,0,1,0,upper class,0.6862027857536264
1,1,1,0,0,14000.0,0,0,0,poverty,0.4259830675931939
0,0,0,0,0,12000.0,0,0,1,poverty,
3,1,0,0,0,11000.0,1,1,0,upper class,0.5838061362917646
3,3,7,3,1,11000.0,1,1,0,upper class,0.5873165927562172
0,0,0,0,0,16000.0,0,1,1,working class,0.566843891896652
1,1,1,0,0,12000.0,1,0,0,upper class,0.6237655956418446
2,2,0,2,0,13000.0,1,1,0,upper class,0.8336684211611398
1,0,0,0,0,13000.0,0,0,1,working class,0.4842558344936022
1,1,0,1,0,14000.0,0,1,0,middle class,0.6618055009919552
0,0,0,0,0,12000.0,0,0,1,poverty,0.3598177475144207
2,0,0,0,0,11000.0,0,1,0,middle class,0.5905674346205279
1,1,0,3,0,11000.0,1,1,0,working class,0.4378786301039939
0,0,0,0,0,11000.0,1,1,0,working class,0.4010182348532662
0,0,0,0,0,13000.0,0,1,1,working class,
2,0,0,0,0,12000.0,0,1,0,upper class,0.5360001927513722
2,2,1,0,0,15000.0,1,1,0,upper class,0.8748299910505895
2,2,1,0,0,12000.0,1,1,0,upper class,0.6068501228266245
1,0,0,0,0,11000.0,0,0,1,poverty,0.2076497221944782
3,3,1,6,1,6000.0,1,1,0,upper class,0.6019296536623298
2,0,0,0,0,10000.0,0,1,0,upper class,
2,0,0,0,0,12000.0,1,1,0,upper class,0.6600195827192816
1,1,4,1,0,11000.0,0,1,0,upper class,0.5739100548968327
1,0,0,0,0,12000.0,1,1,1,middle class,0.4611558624028447
2,0,0,0,0,9000.0,1,1,0,upper class,0.5411543588314012
1,1,0,0,0,12000.0,1,0,0,upper class,0.7486839299000425
2,2,3,2,0,11000.0,0,0,0,upper class,
3,3,5,8,0,7000.0,0,1,0,upper class,0.7896637075334306
3,1,0,0,0,8000.0,0,1,0,upper class,0.6261539579803245
1,1,2,1,0,11000.0,1,1,0,upper class,0.4826533172678877
1,1,4,0,0,10000.0,0,0,0,upper class,0.6277262155079715
2,1,2,2,0,13000.0,0,0,1,working class,0.4351936688486559
1,1,1,2,0,17000.0,1,0,0,middle class,0.4676859181203905
1,1,1,2,0,15000.0,1,1,0,middle class,0.4064304948022721
1,1,0,2,0,14000.0,0,1,0,upper class,0.4287285121728106
1,1,0,0,0,12000.0,1,0,0,working class,0.4180972967647553
1,1,1,3,0,11000.0,0,0,0,working class,
3,0,0,0,0,9000.0,0,1,1,upper class,0.7403410730107258
2,2,1,0,0,15000.0,0,1,0,upper class,0.7297169089422261
0,0,0,0,0,9000.0,0,0,0,working class,0.4040051987550686
2,1,3,1,1,10000.0,0,1,0,upper class,0.530349303316289
2,2,2,1,0,12000.0,0,1,0,upper class,0.597964121410427
1,1,1,1,0,12000.0,1,0,0,working class,0.3481526200753498
2,2,0,1,0,12000.0,0,1,0,middle class,0.5953854959206422
1,1,1,4,1,12000.0,0,1,1,working class,
3,1,0,2,0,8000.0,0,1,0,upper class,0.6013122510598804
3,0,0,0,0,10000.0,0,0,1,upper class,0.5664369365922711
3,3,6,4,1,9000.0,0,1,0,middle class,
1,1,0,0,2,14000.0,0,1,0,working class,0.4328792985209903
1,1,1,3,0,12000.0,1,0,1,middle class,0.4149902226943815
1,1,0,2,0,16000.0,0,0,1,middle class,0.5765924303012139
3,3,0,1,1,16000.0,0,1,0,upper class,0.7265435592483527
3,3,5,5,1,12000.0,0,0,0,working class,0.3479315814537255
0,0,0,0,0,16000.0,1,1,0,poverty,0.431177855086253
2,0,0,0,0,12000.0,0,0,0,middle class,0.5549228533835855
2,2,0,3,0,12000.0,1,1,0,upper class,0.5496378489364446
0,0,0,0,0,14000.0,0,0,1,poverty,0.3264636475532248
1,1,1,2,0,9000.0,0,0,1,middle class,0.5289956747622162
0,0,0,0,0,12000.0,0,1,1,working class,0.5125630718902512
1,1,0,0,0,10000.0,0,0,0,middle class,0.4233770903561658
1,1,0,3,0,13000.0,0,0,0,working class,0.3943709791327737
3,0,0,0,0,14000.0,0,0,1,upper class,0.4917990064486278
3,2,0,2,1,13000.0,1,1,0,upper class,0.6049973930028122
2,2,4,1,0,10000.0,1,1,0,upper class,0.7080741498657761
2,2,2,1,0,12000.0,0,1,0,upper class,
1,0,0,0,0,15000.0,0,0,1,middle class,0.5608602241643745
2,2,1,1,1,9000.0,1,1,0,upper class,0.7582763049169894
3,0,0,0,0,12000.0,0,1,1,upper class,0.6399732727427584
2,0,0,0,0,12000.0,0,1,1,middle class,0.3513704740787498
2,2,4,4,0,15000.0,1,1,0,upper class,0.6970379976874882
2,1,2,0,0,12000.0,0,1,0,upper class,0.6441497497980374
2,2,1,4,1,9000.0,0,0,0,middle class,0.5082183942474046
1,1,2,5,0,12000.0,1,1,0,upper class,0.5008837971973815
1,1,1,3,0,13000.0,1,1,0,upper class,0.696136173927799
2,1,0,0,1,12000.0,0,1,0,upper class,0.4715767933840966
2,1,0,2,1,14000.0,1,0,0,upper class,0.4623747202774952
2,1,3,1,0,9000.0,1,0,0,middle class,0.5096553789344698
2,2,3,4,0,10000.0,0,0,0,middle class,0.4178900827649721
2,0,0,0,0,7000.0,0,1,0,upper class,0.6901480984334583
2,1,0,0,0,15000.0,0,1,0,middle class,
1,1,0,3,0,12000.0,1,0,0,working class,0.5619369424716061
3,2,3,1,0,10000.0,0,1,0,upper class,0.6426937467690333
3,3,3,3,1,13000.0,0,1,0,middle class,0.6045001028396074
1,1,0,2,0,11000.0,0,1,0,working class,0.4347996406673757
2,2,0,1,0,7000.0,1,1,0,upper class,0.5598309463350708
2,1,1,3,1,9000.0,0,1,0,working class,0.4439520209197586
0,0,0,0,0,11000.0,0,1,1,middle class,0.4163929572947172
3,3,1,13,0,10000.0,0,1,0,upper class,0.5294607648450482
0,0,0,0,0,8000.0,0,0,1,poverty,0.4186940795440341
3,3,7,3,1,8000.0,0,1,0,upper class,0.7018912453366748
1,1,2,1,0,14000.0,1,0,0,upper class,0.6847622988569981
1,1,1,2,0,15000.0,0,0,0,poverty,0.5200147589908034
2,2,2,1,0,12000.0,0,1,1,upper class,0.5200856350041609
3,2,1,4,0,12000.0,0,1,0,upper class,0.5756575676623218
1,1,3,0,0,16000.0,0,0,1,middle class,0.5527408665056415
1,0,0,0,0,13000.0,1,1,0,working class,0.4503293443741408
3,3,2,2,1,12000.0,0,1,0,upper class,0.6061159887314591
1,0,0,0,0,13000.0,0,1,0,middle class,0.5641567210231543
1,1,2,1,0,12000.0,0,0,0,working class,0.5080083451806122
0,0,0,0,0,13000.0,0,0,1,working class,0.3707923839557827
2,2,4,2,0,12000.0,0,0,0,middle class,0.5990163189686176
3,3,2,5,1,12000.0,1,1,0,upper class,0.6420966704689359
2,0,0,0,0,10000.0,0,1,0,upper class,0.5628390017690811
2,0,0,0,0,16000.0,0,0,1,working class,0.3864070820443329
1,0,0,0,0,9000.0,0,0,1,poverty,0.336185325210513
2,2,3,3,0,15000.0,0,1,0,upper class,0.7367504567066312
1,1,0,2,0,12000.0,0,0,0,poverty,0.337655738134704
0,0,0,0,0,10000.0,0,0,1,poverty,0.3260615480435063
1,0,0,0,0,12000.0,0,0,1,working class,0.397676854501618
3,1,1,2,1,13000.0,0,1,0,upper class,0.5639397587703121
1,1,1,1,0,11000.0,0,1,0,working class,0.4183694551552955
0,0,0,0,0,5000.0,0,1,1,middle class,0.6404242968082149
1,0,0,0,0,8000.0,1,0,1,middle class,0.4393528235041638
2,2,0,3,0,12000.0,0,1,0,middle class,
1,1,1,0,0,8000.0,0,1,0,middle class,0.5943032701755666
1,1,0,0,0,14000.0,0,0,1,working class,0.5343435230995932
1,0,0,0,0,12000.0,1,1,0,middle class,0.6655749122210538
1,1,2,1,1,11000.0,1,1,0,upper class,0.6299704413933573
3,3,4,5,0,9000.0,0,1,0,upper class,
0,0,0,0,0,12000.0,0,1,1,poverty,0.373351589323795
1,1,3,2,1,14000.0,0,1,0,upper class,0.5171035570230498
2,1,1,0,0,14000.0,0,1,0,upper class,0.642882122148452
2,2,3,7,1,8000.0,1,1,0,upper class,
0,0,0,0,0,16000.0,0,0,1,poverty,0.5973913732761367
3,0,0,0,0,9000.0,1,1,0,upper class,0.6807929771269291
0,0,0,0,0,14000.0,0,0,1,working class,0.5336007026250289
0,0,0,0,0,13000.0,0,1,0,poverty,0.4151650937990213
3,3,1,6,1,16000.0,0,1,0,upper class,0.4063253015050549
3,3,2,5,0,10000.0,0,1,0,upper class,0.6553212691451817
2,0,0,0,0,12000.0,0,1,1,middle class,0.4968286502980371
0,0,0,0,0,13000.0,0,1,1,middle class,0.4859557534361004
0,0,0,0,0,14000.0,0,1,1,working class,
1,0,0,0,0,14000.0,1,0,1,upper class,0.6523115255341311
3,2,2,1,2,10000.0,0,0,0,upper class,0.8326489563639781
0,0,0,0,0,13000.0,0,1,1,middle class,0.3054650662533321
1,1,0,1,0,12000.0,0,0,0,middle class,0.4022045365697117
1,1,1,1,0,15000.0,0,1,0,working class,0.4377852852275526
0,0,0,0,0,12000.0,0,0,1,poverty,0.5153334590011482
2,2,0,1,0,13000.0,1,1,0,upper class,0.6941612293684088
1,1,0,3,0,9000.0,0,0,1,working class,0.5002226512120536
1,1,0,1,0,10000.0,0,1,0,poverty,0.3908216889202105
1,1,0,2,0,15000.0,0,1,0,poverty,0.4743758463221647
0,0,0,0,0,13000.0,0,1,1,working class,0.4306990683368308
1,1,1,4,1,9000.0,0,1,1,upper class,0.5581335428975873
0,0,0,0,0,15000.0,1,1,1,working class,0.4723364781950884
1,1,0,2,0,10000.0,1,1,0,working class,0.5178262960914578
1,1,1,2,0,11000.0,0,1,0,poverty,0.2410288502358532
2,2,3,7,0,9000.0,0,0,0,poverty,0.1658168281115772
1,0,0,0,0,14000.0,0,0,1,working class,0.4436898161806707
2,2,2,1,0,9000.0,1,1,0,upper class,0.6202129247986814
2,0,0,0,0,10000.0,0,1,0,upper class,0.6412526439911048
0,0,0,0,0,16000.0,0,0,1,poverty,0.2742553244192166
2,2,0,0,1,14000.0,0,1,0,middle class,
0,0,0,0,0,9000.0,0,1,0,poverty,0.3994260117649263
2,2,0,1,0,13000.0,1,1,0,upper class,0.432834683124666
1,1,1,0,0,12000.0,0,1,0,middle class,0.3583071816607221
1,1,2,1,0,8000.0,0,1,0,upper class,
3,2,2,1,0,10000.0,0,0,0,upper class,0.7534863598137707
2,2,2,7,1,12000.0,0,1,0,upper class,0.492497095519908
2,2,1,0,1,12000.0,1,1,0,upper class,
1,1,2,0,0,16000.0,0,1,0,middle class,0.5892665943313239
1,0,0,0,0,15000.0,0,0,1,poverty,
0,0,0,0,0,12000.0,0,0,1,working class,0.335178252213134
2,2,3,6,0,8000.0,0,1,0,upper class,0.6386684047122491
1,0,0,0,0,14000.0,0,0,1,upper class,0.6423132057980685
1,1,0,1,1,14000.0,0,1,0,upper class,0.7259387452028894
1,1,0,1,0,14000.0,0,1,0,middle class,0.5250861267141177
3,0,0,0,0,10000.0,1,0,1,upper class,0.4153303916861797
2,2,2,2,2,12000.0,0,1,0,upper class,0.6711715088389153
0,0,0,0,0,15000.0,0,1,1,working class,0.4192746833461698
3,3,6,5,0,12000.0,1,1,0,upper class,0.4543385633149859
2,2,8,3,1,6000.0,1,1,0,middle class,0.4377567029047853
0,0,0,0,0,12000.0,1,1,0,middle class,
3,3,4,3,1,12000.0,0,1,0,upper class,0.5295651241224668
2,2,3,2,1,12000.0,0,1,0,upper class,0.5264143768112814
1,1,0,1,0,9000.0,0,1,0,working class,0.3703704548445514
2,2,4,3,0,10000.0,1,0,0,upper class,0.4930343474504576
0,0,0,0,0,13000.0,0,0,1,working class,0.3633869168282996
2,2,0,1,0,17000.0,1,1,0,upper class,0.5770224047697959
1,1,0,0,0,12000.0,0,0,0,middle class,0.4184594364748849
1,1,1,2,0,12000.0,0,1,1,middle class,0.5612213429105586
0,0,0,0,0,15000.0,0,0,1,poverty,0.3329839492906544
2,2,1,1,0,8000.0,0,1,0,upper class,0.6032046949686207
0,0,0,0,0,14000.0,1,1,0,working class,0.5649717966582063
2,1,3,2,0,10000.0,0,1,0,working class,0.4399253543767155
2,1,1,3,0,12000.0,1,1,0,upper class,
2,2,0,0,1,14000.0,0,1,0,upper class,0.3961106587270909
1,0,0,0,0,10000.0,1,1,0,upper class,0.5364485918496174
2,2,0,2,0,14000.0,0,0,0,poverty,0.4283474492507223
2,2,5,3,1,12000.0,0,1,0,middle class,
1,1,1,0,1,13000.0,0,0,1,poverty,0.3502986756122059
0,0,0,0,0,11000.0,0,0,1,middle class,0.5508169075157366
2,1,0,1,0,8000.0,1,1,0,upper class,0.6161564595102141
0,0,0,0,0,11000.0,0,1,1,upper class,0.7225984079757813
1,0,0,0,0,14000.0,0,1,1,working class,0.3661697993399885
1,1,4,0,0,12000.0,0,1,0,working class,0.5822851794425411
3,0,0,0,0,11000.0,1,0,0,upper class,0.6137584322972865
1,1,3,3,1,12000.0,0,1,0,middle class,0.4595574011249364
1,1,0,2,0,11000.0,0,1,1,upper class,0.6023013846225884
3,3,5,3,0,13000.0,1,1,0,upper class,0.6741638934694225
2,2,1,1,2,8000.0,1,0,0,upper class,
2,2,1,3,0,9000.0,0,1,0,middle class,0.5359217109364904
1,1,1,0,0,9000.0,1,1,0,upper class,0.5689390308399636
2,0,0,0,0,11000.0,0,1,1,upper class,0.7666604791991664
2,2,1,3,0,8000.0,1,1,0,upper class,0.8147964340698576
0,0,0,0,0,13000.0,0,1,0,working class,
0,0,0,0,0,19000.0,0,0,1,poverty,0.2397431027218714
2,1,1,0,0,8000.0,1,1,0,upper class,0.6619768318362518
2,0,0,0,0,8000.0,1,1,0,upper class,0.7044732697996905
2,1,0,2,0,12000.0,0,0,1,middle class,0.4252740519253045
1,1,0,4,2,12000.0,0,1,0,upper class,0.4878230368490386
1,1,1,1,0,16000.0,0,0,0,poverty,0.2880436023985726
2,2,2,2,0,11000.0,0,1,0,middle class,0.4433163492804039
1,1,0,2,0,11000.0,0,0,1,middle class,
0,0,0,0,0,16000.0,0,1,0,poverty,0.4597597327563366
0,0,0,0,0,12000.0,0,0,1,poverty,0.3893812087842038
3,3,5,3,2,9000.0,0,1,0,upper class,0.5864390926529277
2,2,2,4,1,13000.0,0,1,0,middle class,0.5972652576753138
3,1,2,1,0,9000.0,0,1,0,upper class,0.6550240064494428
0,0,0,0,0,17000.0,0,1,1,poverty,0.481095464318813
0,0,0,0,0,15000.0,1,1,0,middle class,0.4401334295045821
2,2,3,0,0,15000.0,1,0,0,middle class,0.5268062926565421
2,2,2,0,0,13000.0,1,1,0,middle class,0.5159345016123729
3,0,0,0,0,6000.0,0,1,1,upper class,0.3727413985220319
3,0,0,0,0,12000.0,0,0,1,middle class,0.658222371703196
1,1,0,3,0,14000.0,1,1,0,upper class,0.5263058774047339
0,0,0,0,0,15000.0,0,0,1,working class,0.3987767871796487
1,0,0,0,0,15000.0,0,1,1,upper class,0.7120225483789888
0,0,0,0,0,12000.0,1,1,0,working class,0.5101284382203101
0,0,0,0,0,11000.0,0,0,1,poverty,
0,0,0,0,0,11000.0,0,1,0,working class,0.3242128570443056
2,2,3,1,0,12000.0,0,1,0,upper class,0.5261674021492678
0,0,0,0,0,16000.0,0,0,1,working class,0.2278673119725114
2,0,0,0,0,10000.0,0,1,0,working class,0.4296872807233908
2,1,0,0,1,13000.0,0,0,1,poverty,0.3276112232724698
0,0,0,0,0,6000.0,0,1,0,middle class,0.5163833193499547
1,1,1,0,0,10000.0,0,1,0,upper class,0.6675115716369286
2,0,0,0,0,9000.0,0,0,1,poverty,0.417725758286916
0,0,0,0,0,12000.0,0,1,1,middle class,0.5103623811143531
3,3,0,2,0,10000.0,0,1,0,upper class,0.7117532279720963
2,2,3,1,0,9000.0,0,1,0,upper class,0.6018666157702437
1,1,0,1,0,13000.0,0,1,0,working class,0.4092884350839005
3,1,1,2,0,8000.0,1,1,0,upper class,0.7184007432140638
0,0,0,0,0,10000.0,0,0,0,poverty,0.2877500132860095
1,0,0,0,0,12000.0,0,1,1,middle class,
1,1,2,0,1,8000.0,1,0,0,poverty,0.3759100588244699
1,1,0,0,1,13000.0,0,0,1,middle class,0.3968410195135481
0,0,0,0,0,12000.0,0,0,0,poverty,0.3437975144778142
1,0,0,0,0,12000.0,0,1,0,middle class,0.4761858212677493
0,0,0,0,0,15000.0,0,1,0,working class,0.4491576896423744
1,1,0,0,0,16000.0,1,1,0,middle class,0.4637010602419435
0,0,0,0,0,9000.0,1,0,0,middle class,0.6672969565631758
0,0,0,0,0,14000.0,0,1,0,poverty,0.2284575219722873
1,0,0,0,0,9000.0,0,0,1,poverty,0.4548222032963962
0,0,0,0,0,14000.0,0,0,1,poverty,0.2716129810741211
2,2,1,3,0,10000.0,0,1,0,middle class,0.5723973007903935
2,2,2,1,0,13000.0,0,1,0,middle class,0.4584332708673702
1,0,0,0,0,9000.0,1,1,0,middle class,0.4611083027459475
1,0,0,0,0,9000.0,0,1,1,middle class,
2,1,0,0,1,11000.0,0,1,1,upper class,0.5835233024083778
2,2,1,2,1,14000.0,0,0,0,working class,0.3236713091433241
2,0,0,0,0,7000.0,1,1,0,upper class,0.502503312527169
2,2,1,2,1,9000.0,0,1,0,middle class,
2,1,3,0,0,9000.0,0,1,0,upper class,0.5366328650238356
2,2,2,0,0,8000.0,0,1,0,upper class,
1,1,0,0,0,11000.0,1,1,0,upper class,0.7417184644820252
2,2,2,0,0,12000.0,0,1,0,working class,0.4102782601859696
3,3,1,3,0,16000.0,1,1,0,upper class,0.6129604938167941
3,0,0,0,0,13000.0,1,1,0,upper class,0.6785547828102435
1,1,0,0,0,13000.0,0,1,0,working class,0.5140972426455589
2,1,0,3,1,11000.0,0,1,0,upper class,0.7351283436011039
3,1,0,4,1,8000.0,0,1,0,upper class,0.4678288191596727
0,0,0,0,0,15000.0,0,1,1,middle class,0.7184794895957197
0,0,0,0,0,12000.0,0,1,1,working class,0.5467329780323261
3,0,0,0,0,12000.0,0,1,1,middle class,0.4910372690145043
3,2,0,1,0,12000.0,0,1,0,upper class,0.7533420090230535
2,2,0,7,3,9000.0,1,0,0,upper class,0.5119806243563929
2,2,2,1,1,16000.0,0,1,1,middle class,0.4471842921249161
3,2,3,3,0,14000.0,0,1,0,upper class,0.764296108156162
1,1,3,0,0,14000.0,1,1,0,upper class,0.5492042682629945
1,1,1,1,0,11000.0,0,0,1,poverty,0.4397172411112439
3,2,0,8,0,12000.0,0,1,0,upper class,
2,1,1,0,1,15000.0,0,1,1,middle class,0.5162483226846594
1,1,3,0,0,11000.0,1,1,0,working class,0.2730802145626825
1,1,0,1,0,16000.0,1,0,0,working class,0.2095867357182056
0,0,0,0,0,11000.0,0,1,0,upper class,0.6140833644712265
2,2,4,3,0,12000.0,1,1,0,upper class,0.4281630460871221
2,2,1,2,0,12000.0,1,1,0,upper class,0.6249151692479712
0,0,0,0,0,13000.0,0,1,1,working class,0.3235317279702856
1,0,0,0,0,14000.0,0,1,1,upper class,0.4801721956073917
1,0,0,0,0,8000.0,0,1,1,upper class,0.5628882788617214
0,0,0,0,0,6000.0,0,0,0,poverty,0.3592160443049964
1,1,2,1,2,11000.0,0,1,0,working class,0.5543453228047174
1,1,0,0,0,12000.0,0,1,0,upper class,0.5835763192486061
3,3,3,3,0,12000.0,0,1,0,upper class,0.5167975603816402
3,3,1,12,1,10000.0,0,1,0,upper class,0.6012662894827044
0,0,0,0,0,7000.0,0,0,1,poverty,0.3846421210625193
0,0,0,0,0,16000.0,0,0,1,poverty,0.3989693971730201
3,0,0,0,0,10000.0,0,1,0,upper class,0.6595566695934808
1,0,0,0,0,13000.0,0,1,0,upper class,0.5264201359447848
2,2,3,2,0,9000.0,0,1,0,upper class,0.7459522237963077
2,0,0,0,0,12000.0,1,0,0,middle class,0.5593426171631724
1,1,0,1,0,15000.0,1,0,0,working class,
2,2,6,1,0,8000.0,1,1,0,middle class,0.4837317247696164
1,1,2,0,1,13000.0,0,1,0,working class,
1,1,1,1,1,12000.0,0,1,0,middle class,0.4592168939388092
2,2,1,1,0,11000.0,1,1,1,working class,0.4001777578861137
0,0,0,0,0,13000.0,0,0,1,poverty,0.4290269042286189
1,1,0,1,0,9000.0,0,0,1,middle class,0.5899730349102439
0,0,0,0,0,16000.0,0,0,1,poverty,0.3277602763703803
1,1,0,2,0,13000.0,0,0,1,poverty,0.3713486447309336
0,0,0,0,0,12000.0,0,0,1,poverty,0.4248113800749469
3,0,0,0,0,9000.0,1,1,0,upper class,0.5474920377636142
2,2,1,2,0,12000.0,1,1,0,middle class,0.4411942138622648
1,1,0,2,0,13000.0,0,0,0,middle class,0.5817211016124444
1,1,2,1,0,14000.0,0,1,1,middle class,0.5338073973882299
3,0,0,0,0,9000.0,1,1,0,upper class,0.5514128274320477
3,3,3,1,0,11000.0,1,1,0,upper class,0.352051802438166
1,1,0,1,1,13000.0,1,0,0,middle class,
2,0,0,0,0,10000.0,1,0,1,upper class,0.5185680321634177
3,2,4,4,0,9000.0,0,1,0,upper class,0.7787343270386715
0,0,0,0,0,16000.0,0,0,0,poverty,0.3847612768204737
0,0,0,0,0,13000.0,0,0,1,poverty,0.5131630001638587
1,1,2,0,0,15000.0,1,0,0,upper class,0.6826905787793902
3,3,1,1,0,11000.0,1,0,0,upper class,0.6952954138630036
1,1,1,1,1,15000.0,0,1,0,working class,0.337636945769008
0,0,0,0,0,13000.0,1,1,1,middle class,0.5543324832516767
2,2,3,2,0,12000.0,1,1,0,upper class,0.7143433490721784
3,3,1,5,1,9000.0,0,1,0,upper class,0.5666769166615836
2,2,5,3,1,12000.0,0,1,0,upper class,
2,2,6,2,1,11000.0,1,1,0,upper class,0.6792241704003094
2,2,2,1,0,10000.0,1,1,0,upper class,0.6735746205526248
3,0,0,0,0,11000.0,0,1,0,upper class,0.4857196085460185
1,0,0,0,0,14000.0,1,1,1,upper class,0.6182853533570225
3,3,3,2,0,14000.0,0,0,0,middle class,0.6272582619884957
2,2,1,0,1,13000.0,0,1,0,upper class,
1,0,0,0,0,12000.0,0,1,1,middle class,0.4851476729277822
2,2,6,1,0,10000.0,0,0,0,middle class,0.3439533598074643
3,2,2,2,0,11000.0,1,0,0,middle class,0.4213456534000116
0,0,0,0,0,12000.0,0,1,1,poverty,0.4298725443095585
0,0,0,0,0,13000.0,0,1,0,working class,0.4625574363413208
3,2,6,6,0,9000.0,1,1,0,upper class,0.5986464420361814
1,0,0,0,0,12000.0,0,1,1,upper class,
3,3,5,2,0,12000.0,1,1,0,upper class,0.5817975203419883
3,3,0,4,1,9000.0,0,1,0,upper class,0.5054256303588411
2,0,0,0,0,11000.0,0,1,0,upper class,0.5723946620910344
1,1,1,0,0,12000.0,0,1,0,middle class,0.4153851993182952
2,1,0,2,0,13000.0,0,1,0,upper class,
3,1,0,0,0,13000.0,1,1,0,upper class,0.5277511095120083
1,1,0,0,0,13000.0,0,1,0,working class,0.3243949378636534
2,0,0,0,0,14000.0,0,1,1,upper class,0.6628379984244296
1,1,1,1,0,12000.0,0,1,0,middle class,0.5913065168138344
2,2,1,2,1,12000.0,1,1,0,upper class,0.5663523680912346
2,1,0,2,0,11000.0,1,1,0,upper class,0.7697278517391074
1,1,1,4,0,9000.0,0,1,1,middle class,0.6464070899737208
2,2,0,1,0,10000.0,1,1,0,upper class,0.6553512480035613
1,1,1,1,0,12000.0,0,1,0,working class,
1,1,1,1,0,14000.0,0,1,0,working class,0.4692142872658621
1,1,0,1,0,12000.0,0,1,0,upper class,0.6947694134154674
2,0,0,0,0,11000.0,1,1,0,upper class,0.6775390802967439
1,1,1,3,0,18000.0,0,0,1,poverty,0.4530972145117041
3,3,2,1,0,12000.0,0,1,0,upper class,0.4657300499016511
1,0,0,0,0,12000.0,1,1,0,middle class,0.4703683576848383
3,3,1,2,0,11000.0,1,1,0,upper class,0.7221818449302557
0,0,0,0,0,10000.0,0,1,1,working class,
3,0,0,0,0,11000.0,1,1,0,upper class,0.6544694768557214
0,0,0,0,0,14000.0,0,0,1,poverty,0.3950115862707416
0,0,0,0,0,16000.0,1,1,0,working class,0.5183938639703694
3,3,4,15,1,10000.0,0,1,0,upper class,0.6609260399515023
2,2,1,1,3,12000.0,0,1,0,middle class,0.5532710588297743
1,1,3,3,0,12000.0,0,0,1,upper class,0.4366893788831464
0,0,0,0,0,14000.0,0,0,1,poverty,0.3627913211631439
1,1,0,0,0,13000.0,1,1,0,upper class,
3,3,2,0,0,18000.0,0,0,0,upper class,0.7849182244108481
0,0,0,0,0,11000.0,0,1,0,poverty,0.4011660534038928
1,0,0,0,0,10000.0,0,0,1,working class,0.3339028271934227
1,1,0,0,0,15000.0,0,0,1,poverty,0.2578544935681773
0,0,0,0,0,14000.0,0,0,1,poverty,0.2971256597689672
1,0,0,0,0,16000.0,0,0,1,middle class,0.4402008550887251
1,1,0,0,0,16000.0,0,0,1,poverty,0.2453077144694729
3,3,11,4,0,10000.0,1,1,0,upper class,
2,2,3,5,1,11000.0,1,1,0,upper class,0.7106302968316526
3,3,0,5,1,12000.0,0,1,0,upper class,0.5568429555475324
2,0,0,0,0,10000.0,0,0,0,middle class,0.5321389282217026
2,1,1,1,0,13000.0,1,1,0,upper class,
3,3,2,1,0,13000.0,1,0,0,upper class,0.5523028069815071
2,0,0,0,0,16000.0,1,1,0,middle class,0.6230862254029852
2,1,0,1,0,14000.0,0,1,0,middle class,
3,1,0,1,0,9000.0,0,1,0,upper class,0.6815230265186409
3,0,0,0,0,11000.0,1,1,0,upper class,0.4929263167585091
2,0,0,0,0,14000.0,0,1,1,middle class,
2,2,3,4,0,11000.0,0,1,0,upper class,0.7588589638778033
1,0,0,0,0,10000.0,0,0,1,poverty,
1,0,0,0,0,11000.0,0,1,0,middle class,0.4594935675669665
1,0,0,0,0,13000.0,0,0,1,poverty,0.3274758663014018
2,2,3,3,0,13000.0,1,1,0,upper class,0.4730207468491802
0,0,0,0,0,17000.0,0,0,1,poverty,0.4068950907620184
2,0,0,0,0,10000.0,0,1,1,upper class,0.5340553977378382
0,0,0,0,0,12000.0,1,0,1,working class,0.4723554796185506
1,1,1,2,0,11000.0,0,0,0,poverty,0.4757700837178347
1,1,2,1,1,15000.0,1,1,0,upper class,0.4649754786745904
1,1,0,0,0,11000.0,1,1,0,middle class,
1,0,0,0,0,14000.0,0,1,1,working class,
1,0,0,0,0,14000.0,0,0,0,middle class,0.6714519317340388
2,1,0,0,0,12000.0,0,1,0,upper class,0.5241906172371661
0,0,0,0,0,16000.0,0,0,1,poverty,0.3171971946467171
1,0,0,0,0,13000.0,0,0,1,working class,0.5431550853251759
1,1,1,1,0,7000.0,0,0,0,working class,0.2860896047851427
1,1,0,1,0,9000.0,0,1,0,poverty,0.4255236483019129
2,1,3,2,0,14000.0,0,1,0,middle class,0.5865612240958681
1,0,0,0,0,8000.0,0,0,1,poverty,0.4451711249556711
0,0,0,0,0,17000.0,0,1,1,poverty,0.3008642444475923
3,3,1,0,0,11000.0,1,1,0,upper class,0.6722393801946255
0,0,0,0,0,13000.0,0,1,0,working class,0.492009785043389
1,1,0,1,0,13000.0,1,1,0,middle class,0.2985615547694567
1,1,1,6,0,8000.0,1,1,0,middle class,0.4902290213300943
2,2,3,3,1,10000.0,1,0,0,working class,0.4861193938777199
3,1,0,0,0,11000.0,1,1,0,upper class,0.6831120926846176
3,3,4,3,0,15000.0,0,1,0,upper class,0.5612694270227846
1,0,0,0,0,8000.0,0,0,0,working class,0.4703939447316599
1,1,1,0,2,16000.0,0,1,0,poverty,
0,0,0,0,0,12000.0,0,0,1,middle class,
2,1,0,2,1,9000.0,0,0,0,upper class,0.5647194671204686
3,2,2,4,0,11000.0,1,1,0,upper class,0.6623549081430589
3,3,6,3,0,11000.0,0,1,0,upper class,0.6822652619147225
2,2,1,4,0,13000.0,0,1,0,upper class,0.4815552473106616
3,2,2,5,0,10000.0,0,1,0,middle class,0.4951101498758074
3,3,2,0,0,12000.0,1,1,0,upper class,0.6306806950888181
0,0,0,0,0,16000.0,1,0,1,poverty,0.2522091360163383
2,2,1,0,0,7000.0,1,1,0,upper class,0.6170091118547167
0,0,0,0,0,12000.0,0,1,1,middle class,0.4886425329217525
3,3,5,4,1,11000.0,0,1,0,middle class,0.6050403550582458
2,2,1,5,1,10000.0,0,1,0,upper class,0.6717100870579658
2,2,0,3,1,9000.0,0,1,0,upper class,0.6100432190746569
2,0,0,0,0,10000.0,1,0,0,middle class,0.4908173074873918
2,1,1,1,0,9000.0,1,1,0,upper class,0.6898557481349145
1,1,1,2,0,12000.0,0,1,0,middle class,
2,1,3,1,1,10000.0,0,1,0,upper class,0.6805790358149334
0,0,0,0,0,15000.0,1,1,0,working class,0.3762128532654633
3,3,1,0,1,11000.0,1,1,0,upper class,0.6074660885575695
0,0,0,0,0,12000.0,0,1,0,poverty,0.3333790364733304
0,0,0,0,0,12000.0,0,1,1,poverty,0.3258894553264021
1,0,0,0,0,15000.0,1,1,0,upper class,0.6428911507913367
0,0,0,0,0,15000.0,0,1,1,working class,0.3249858221459045
0,0,0,0,0,9000.0,1,1,1,upper class,0.6114875987420983
2,2,1,1,0,7000.0,0,1,0,upper class,0.6741873673026819
1,1,1,3,0,12000.0,0,1,0,middle class,0.6238600356746651
1,1,0,1,0,13000.0,1,1,0,middle class,0.6597861113624699
3,2,2,3,0,15000.0,1,1,0,upper class,0.4972300723518808
3,3,8,5,0,12000.0,1,1,0,upper class,
1,1,0,0,0,17000.0,0,0,0,working class,0.4929078849478778
1,1,0,2,1,16000.0,0,1,0,working class,0.5775147742265758
1,0,0,0,0,11000.0,0,0,1,poverty,0.292372046730257
0,0,0,0,0,7000.0,0,0,1,middle class,0.3965531992211328
1,1,1,0,0,17000.0,0,0,1,working class,0.3851192075283321
1,0,0,0,0,12000.0,0,0,1,poverty,0.3688983699474711
3,2,1,1,0,12000.0,1,1,0,upper class,0.4974103899565097
0,0,0,0,0,12000.0,0,0,0,middle class,0.5122784279344629
1,1,1,3,1,9000.0,0,1,0,upper class,0.5371008543579416
1,1,2,1,1,10000.0,1,1,0,middle class,0.4264590850148064
1,1,1,2,0,9000.0,0,1,0,middle class,0.5770052255385658
1,1,4,1,0,14000.0,0,1,0,middle class,0.6720414032404887
2,1,1,6,1,10000.0,1,1,0,upper class,0.6391950289541595
2,0,0,0,0,12000.0,1,1,0,upper class,0.5253374353831595
1,1,0,1,0,8000.0,0,1,0,middle class,0.5305724568083574
3,3,4,6,0,13000.0,0,1,0,middle class,0.4429112897612818
0,0,0,0,0,15000.0,0,0,0,poverty,0.4030959607049746
3,0,0,0,0,11000.0,1,1,0,upper class,0.5825241940039297
1,1,2,4,1,10000.0,0,1,1,upper class,0.5368092797791182
1,0,0,0,0,12000.0,0,0,1,poverty,0.4169920563241429
1,1,0,1,0,16000.0,0,0,1,poverty,0.342387746877925
2,2,4,1,0,13000.0,1,1,0,upper class,0.608886215665948
1,1,1,2,0,13000.0,1,1,0,upper class,0.6178357715162752
2,2,0,0,0,12000.0,0,1,0,middle class,0.5178496298297631
3,3,6,3,2,12000.0,1,1,0,upper class,0.3592855427664432
0,0,0,0,0,12000.0,0,0,1,poverty,0.3577661962837313
0,0,0,0,0,17000.0,0,0,1,poverty,0.5213510383697199
1,1,1,0,0,14000.0,0,1,0,poverty,0.432539923784168
3,3,5,4,0,8000.0,0,1,0,upper class,
1,1,0,1,1,10000.0,0,1,0,upper class,0.6060530513609844
0,0,0,0,0,9000.0,0,0,1,poverty,0.462436123038845
2,2,5,1,0,12000.0,1,1,0,upper class,0.5663465365881118
1,1,1,2,0,12000.0,0,1,0,middle class,0.6247336298349684
1,1,1,0,1,18000.0,0,1,0,poverty,0.387568324511354
2,2,4,2,0,14000.0,1,1,0,upper class,0.5820403536659148
1,1,0,4,0,11000.0,1,1,0,upper class,
1,1,1,0,0,11000.0,0,0,0,poverty,0.2850422794706853
1,0,0,0,0,12000.0,0,1,1,poverty,0.5369101162372529
3,2,1,1,0,13000.0,1,1,0,upper class,0.6337853539861222
0,0,0,0,0,15000.0,1,0,1,working class,0.4787770486032221
2,2,1,3,1,10000.0,0,1,0,middle class,0.5943257055284643
2,2,1,7,0,10000.0,1,1,0,upper class,0.6607949382386376
2,0,0,0,0,10000.0,0,0,1,working class,0.434199369972067
2,2,7,3,1,14000.0,0,1,0,upper class,0.5710183409684905
2,2,5,1,0,8000.0,1,1,0,upper class,0.7408836608342264
1,1,1,0,0,12000.0,0,1,0,upper class,0.6162893385757949
0,0,0,0,0,15000.0,0,0,1,working class,
2,0,0,0,0,10000.0,0,1,0,upper class,0.6312183625354687
2,2,2,8,0,14000.0,0,0,0,poverty,
0,0,0,0,0,10000.0,0,1,0,working class,0.4295825126499048
3,3,4,2,0,13000.0,1,1,0,upper class,0.5244870788093159
3,1,0,0,0,18000.0,0,1,0,upper class,0.5127680383278216
1,1,0,2,0,16000.0,0,0,1,working class,0.389233759485732
3,0,0,0,0,11000.0,1,1,1,upper class,
2,2,4,6,0,5000.0,0,1,0,upper class,0.6923202824735519
2,0,0,0,0,12000.0,0,0,1,upper class,0.7226016411670321
3,1,0,3,1,12000.0,1,1,0,upper class,0.5764795251446632
1,0,0,0,0,10000.0,0,1,1,upper class,
2,2,1,1,0,13000.0,0,1,0,middle class,0.6214429576980997
2,1,0,1,1,16000.0,0,1,0,middle class,0.6260582248737127
3,3,2,10,0,13000.0,0,1,0,upper class,0.6324917354132804
0,0,0,0,0,13000.0,0,0,1,poverty,0.4210019848954937
0,0,0,0,0,14000.0,0,0,0,poverty,
3,3,0,3,0,12000.0,1,0,0,upper class,0.496581479212548
1,1,1,0,0,11000.0,0,0,1,poverty,0.1902502054363816
1,1,0,1,0,15000.0,1,1,0,upper class,0.6742012277595035
1,1,4,4,0,10000.0,0,0,0,poverty,0.2776464231642333
3,1,0,1,0,13000.0,0,1,0,working class,0.4438047319930954
3,3,5,9,0,12000.0,1,1,0,upper class,0.6738192020225572
2,0,0,0,0,12000.0,0,1,0,middle class,0.5720994618726241
2,2,3,4,0,10000.0,0,1,0,middle class,0.5464164840061576
3,0,0,0,0,12000.0,1,1,0,upper class,0.5338125514718479
1,1,0,2,0,12000.0,1,1,0,working class,0.534353992539389
3,2,0,1,2,10000.0,0,0,0,upper class,0.6152347771487434
3,3,1,1,1,17000.0,1,1,0,upper class,0.627568733571934
3,3,4,5,2,10000.0,0,1,0,upper class,0.6983886035692345
1,1,0,1,1,12000.0,0,1,0,upper class,0.6146990302171157
0,0,0,0,0,8000.0,0,1,0,middle class,0.6840833742526795
2,2,3,1,0,9000.0,1,0,0,upper class,0.6526266450815712
3,3,2,7,1,11000.0,0,1,0,upper class,0.5662385712592211
1,1,3,1,0,11000.0,0,1,0,middle class,0.4399964527913904
1,1,0,0,0,17000.0,0,0,0,working class,0.4580647747191491
1,0,0,0,0,12000.0,1,1,0,working class,
2,2,0,6,2,11000.0,0,1,0,upper class,
3,3,3,0,0,9000.0,0,0,0,upper class,0.6607566635682514
0,0,0,0,0,17000.0,0,1,1,poverty,0.3189052382411765
2,0,0,0,0,15000.0,1,1,0,upper class,0.6085697407032967
3,3,0,0,1,9000.0,0,1,0,upper class,0.639626053228194
1,1,1,1,0,16000.0,1,1,0,middle class,0.4996760395517626
2,1,1,5,0,10000.0,0,1,0,upper class,
0,0,0,0,0,9000.0,0,1,1,working class,
0,0,0,0,0,11000.0,0,0,1,poverty,0.2817333572094793
1,1,1,2,1,14000.0,0,1,0,poverty,0.4514433140453183
1,1,0,0,1,16000.0,0,1,0,poverty,0.2478479628708958
2,0,0,0,0,8000.0,1,1,0,upper class,0.4417132728803951
0,0,0,0,0,11000.0,0,0,1,poverty,
0,0,0,0,0,16000.0,0,0,1,poverty,0.4092427564400384
3,0,0,0,0,10000.0,0,0,1,upper class,0.4494562548465213
3,3,1,13,0,10000.0,1,1,0,upper class,0.5975262575550262
2,1,2,3,0,9000.0,0,1,0,middle class,0.5697012109847832
2,0,0,0,0,8000.0,1,1,0,upper class,0.7593098696029942
2,2,3,2,0,9000.0,0,1,0,upper class,0.5992234645215262
0,0,0,0,0,13000.0,0,1,1,working class,
2,1,1,1,0,10000.0,0,1,0,upper class,0.4870127077463123
1,1,2,0,0,4000.0,0,1,0,working class,0.4787494991822766
3,2,1,5,2,9000.0,1,1,0,middle class,0.4764368681429673
2,1,0,1,0,14000.0,0,1,0,poverty,0.408216868683217
0,0,0,0,0,10000.0,0,1,1,poverty,0.2161977071379889
1,1,0,0,1,12000.0,1,1,0,middle class,0.4546805837111261
2,2,2,5,0,9000.0,0,1,0,upper class,0.679081839307075
1,0,0,0,0,12000.0,0,1,0,working class,0.6105826276164759
1,1,0,0,0,17000.0,1,1,0,middle class,0.4423605430687393
1,1,1,3,0,10000.0,0,1,0,middle class,0.5599813306382472
0,0,0,0,0,13000.0,0,1,1,poverty,0.1562510004957406
1,1,0,3,0,8000.0,1,0,0,middle class,0.5600963262097186
3,3,0,1,2,11000.0,1,0,0,upper class,0.563548802365458
0,0,0,0,0,13000.0,0,1,1,working class,0.4789652338452294
3,3,5,7,0,9000.0,0,1,0,middle class,0.5026438365530692
2,2,1,3,0,9000.0,1,1,0,upper class,0.6361889069881509
2,2,2,1,0,11000.0,0,1,0,working class,0.4332321127507121
2,0,0,0,0,11000.0,0,1,0,upper class,0.6621457887543006
0,0,0,0,0,12000.0,0,1,1,working class,0.5176419720322164
1,0,0,0,0,12000.0,0,1,0,middle class,0.5770280074678966
0,0,0,0,0,10000.0,0,0,1,poverty,0.302837423320474
3,3,2,2,1,11000.0,1,1,0,upper class,0.5354853053409482
3,3,2,10,0,9000.0,0,1,0,upper class,0.5203339851656199
2,1,2,4,0,12000.0,1,1,0,middle class,0.5671506288613525
1,1,0,5,0,15000.0,0,1,1,middle class,0.6536101752733747
0,0,0,0,0,14000.0,1,1,0,upper class,0.5489301330191484
2,2,0,7,0,10000.0,0,1,0,middle class,0.5397848458608763
1,0,0,0,0,18000.0,0,1,1,middle class,0.4403405026714519
2,1,2,0,0,14000.0,1,1,0,upper class,0.5063048514527332
2,2,0,0,0,12000.0,0,0,0,poverty,0.4783533825965789
2,1,0,4,0,8000.0,0,0,1,upper class,0.6725715083125458
0,0,0,0,0,16000.0,0,1,0,working class,0.4159285248892542
2,1,0,5,0,11000.0,0,1,0,upper class,0.4802232941441088
1,1,3,1,0,13000.0,0,0,1,working class,0.5485077614613438
1,0,0,0,0,12000.0,0,1,1,working class,0.4551108315928125
0,0,0,0,0,13000.0,0,0,1,poverty,0.1512554855508021
0,0,0,0,0,10000.0,1,0,1,poverty,0.2577256895870561
1,1,0,2,0,7000.0,0,1,0,upper class,0.4420366893683639
2,1,2,0,0,9000.0,0,1,0,upper class,
1,1,1,1,0,14000.0,1,0,0,upper class,0.6964039617112442
1,1,0,4,0,12000.0,0,1,1,working class,0.4594125089792298
1,1,2,0,0,16000.0,0,1,0,upper class,
0,0,0,0,0,12000.0,0,0,1,poverty,0.284157777190154
2,2,0,0,0,18000.0,0,1,0,poverty,0.3980314872138732
0,0,0,0,0,12000.0,0,0,1,poverty,0.36156041230655
0,0,0,0,0,15000.0,0,1,0,poverty,0.5355008932084144
2,1,0,2,0,9000.0,0,1,0,upper class,0.6467628274201614
0,0,0,0,0,15000.0,0,1,0,working class,0.3399678397076847
1,1,1,1,0,15000.0,0,0,0,working class,0.2756269049730237
2,0,0,0,0,11000.0,1,1,1,upper class,0.6999932295554315
3,0,0,0,0,12000.0,1,1,0,upper class,0.380505476039461
0,0,0,0,0,15000.0,0,0,1,poverty,0.3511035911519817
3,3,1,0,0,14000.0,0,1,0,upper class,0.7251812827331864
1,0,0,0,0,8000.0,0,0,1,middle class,0.4722447576591855
1,1,0,1,0,11000.0,0,1,0,upper class,0.6261051802166032
1,1,0,4,2,11000.0,0,1,1,working class,0.5142469910098826
2,0,0,0,0,5000.0,0,1,1,upper class,0.4642025831082776
2,2,0,3,0,11000.0,0,1,1,middle class,0.5990587120710579
0,0,0,0,0,14000.0,1,0,1,poverty,0.4399963827852809
1,0,0,0,0,9000.0,0,1,1,poverty,0.2174647666581726
3,0,0,0,0,12000.0,0,0,1,upper class,0.525493572038688
0,0,0,0,0,10000.0,0,1,1,middle class,0.3237857432221487
3,3,5,10,0,11000.0,1,1,0,working class,0.6014435614074801
3,0,0,0,0,12000.0,0,0,1,upper class,0.6214602994502341
2,1,2,0,0,13000.0,0,1,0,upper class,
1,0,0,0,0,9000.0,0,1,1,working class,0.5163347418034226
3,0,0,0,0,12000.0,1,1,0,upper class,
3,3,3,4,1,13000.0,1,1,0,upper class,0.7280756018177765
1,1,0,1,0,17000.0,0,0,1,poverty,0.2501384621023105
2,1,3,3,0,9000.0,1,1,0,upper class,0.7181039284052764
1,1,0,0,0,12000.0,0,1,0,working class,0.5378340344693218
1,1,1,3,0,9000.0,1,1,0,middle class,0.5833632162337706
2,2,2,2,0,14000.0,1,1,0,upper class,0.3847849477164541
0,0,0,0,0,12000.0,0,1,0,working class,0.4102339632201258
0,0,0,0,0,15000.0,0,0,1,poverty,0.4530676522206702
1,0,0,0,0,13000.0,0,1,1,upper class,0.7244673308645148
2,2,2,4,0,12000.0,1,1,0,upper class,0.4895937410595604
0,0,0,0,0,15000.0,0,0,0,poverty,0.2081472268026262
2,2,2,1,0,12000.0,0,1,1,upper class,0.634296736687498
2,0,0,0,0,9000.0,0,1,1,upper class,0.6766984098517961
2,1,2,3,1,10000.0,0,1,0,poverty,0.3759157719833919
2,2,0,3,0,9000.0,0,1,0,middle class,0.5571292364718579
3,2,5,4,0,10000.0,0,1,0,upper class,0.6897682642706402
2,0,0,0,0,7000.0,0,1,1,upper class,0.6046068349734135
1,0,0,0,0,9000.0,0,1,0,upper class,0.6665366387018726
0,0,0,0,0,15000.0,0,0,1,working class,0.2829020455477811
3,0,0,0,0,9000.0,0,1,0,upper class,0.5893197550966527
2,2,5,2,0,9000.0,0,1,0,upper class,0.5558794523792587
1,1,2,0,1,15000.0,0,0,1,middle class,0.4967894721410335
3,3,6,5,3,12000.0,0,1,0,upper class,0.5508246124053148
2,1,0,1,0,7000.0,0,0,0,poverty,0.3675225984431894
2,1,0,3,0,9000.0,1,1,0,upper class,0.5055744727190112
3,3,1,7,1,9000.0,0,1,0,upper class,0.6247259789567383
3,1,0,0,0,10000.0,0,1,0,upper class,0.7721303904458904
1,0,0,0,0,12000.0,0,1,0,middle class,0.6800309608604136
2,2,1,4,1,9000.0,0,1,0,upper class,0.5190950267820249
1,1,0,0,0,8000.0,1,1,0,upper class,0.6327674336385279
1,1,0,3,0,8000.0,0,0,0,working class,0.4255980967230737
2,2,1,0,1,12000.0,0,1,0,middle class,0.6594679535465432
0,0,0,0,0,13000.0,0,0,1,poverty,0.3821250572579422
3,3,3,3,1,13000.0,1,1,0,middle class,0.707410723375504
1,1,2,2,1,9000.0,0,1,0,middle class,0.4990390378280581
1,1,0,2,0,12000.0,0,1,0,middle class,0.7212380734964169
2,2,3,0,0,9000.0,1,1,0,upper class,0.6653927395254361
0,0,0,0,0,11000.0,0,0,1,poverty,0.4162529756885021
3,3,6,1,2,7000.0,0,1,0,upper class,0.5667840942079906
1,1,1,0,0,12000.0,0,1,0,working class,0.3861016919717102
2,2,3,2,0,14000.0,0,0,1,working class,0.4345202321987589
2,2,3,3,0,14000.0,0,1,0,upper class,0.5996274550959251
3,1,0,1,0,12000.0,1,0,1,upper class,0.7210573217719684
1,1,0,3,1,12000.0,0,1,0,working class,
1,1,3,2,0,8000.0,0,1,0,middle class,0.5561182929431786
0,0,0,0,0,12000.0,0,1,0,working class,0.5099246044110012
0,0,0,0,0,11000.0,0,1,1,middle class,0.5084607560079241
1,1,0,0,1,15000.0,0,0,0,middle class,0.4764298214336605
1,1,2,1,0,12000.0,0,1,1,working class,0.4280887922467216
2,1,1,4,1,9000.0,0,1,0,working class,0.2969039659575923
3,2,7,3,1,6000.0,1,1,0,upper class,0.5871469213663586
1,1,1,1,0,12000.0,0,1,0,working class,0.3841585499902979
0,0,0,0,0,12000.0,0,0,1,working class,0.2971204127327778
1,1,0,1,0,17000.0,0,0,1,poverty,0.3184620887749849
0,0,0,0,0,14000.0,0,1,1,working class,0.3212363809897638
1,0,0,0,0,16000.0,0,0,1,poverty,0.4106956973588005
2,1,1,1,0,10000.0,0,1,0,upper class,0.6050701843159639
1,1,1,2,0,8000.0,0,0,0,middle class,0.5850571880333831
2,2,3,3,0,18000.0,1,1,0,middle class,0.4685393781011972
2,1,1,1,0,7000.0,1,1,0,upper class,
0,0,0,0,0,12000.0,0,0,1,poverty,0.4720419041541344
0,0,0,0,0,14000.0,0,0,1,poverty,0.421929081236411
0,0,0,0,0,16000.0,0,0,1,poverty,0.34630772145043
3,1,1,3,0,13000.0,1,1,1,upper class,
2,1,2,0,0,10000.0,0,0,0,middle class,0.5218318581487146
1,1,0,2,0,14000.0,0,0,1,working class,0.5830846919526734
2,1,0,1,0,8000.0,1,1,0,upper class,0.6782940746372796
2,2,3,0,0,12000.0,0,1,0,middle class,
2,2,2,3,0,13000.0,0,1,0,upper class,0.5775510940556193
1,0,0,0,0,14000.0,0,1,1,working class,0.521871913434752
0,0,0,0,0,8000.0,0,1,1,poverty,0.4016022303600121
2,2,0,1,0,16000.0,1,1,0,upper class,0.5030899604313637
2,0,0,0,0,19000.0,0,1,1,upper class,0.6262972030099251
1,1,0,0,0,11000.0,1,1,0,middle class,0.486775921157441
1,1,0,3,0,7000.0,0,1,0,upper class,0.6159765127811405
1,1,0,0,0,13000.0,1,0,1,middle class,0.5175717109221082
0,0,0,0,0,11000.0,0,1,0,middle class,0.5771463962537063
0,0,0,0,0,12000.0,0,0,1,upper class,0.5063018993150041
1,1,1,1,0,11000.0,1,1,0,working class,0.3947155816821041
3,3,1,1,2,9000.0,1,0,0,upper class,0.5622345561977906
1,1,1,0,0,13000.0,0,0,1,working class,
1,1,1,0,0,12000.0,0,0,0,poverty,0.3759554170653639
2,2,3,5,0,9000.0,0,1,0,upper class,0.4806646301272015
1,1,0,1,1,16000.0,0,1,0,middle class,0.4449273621925888
3,0,0,0,0,11000.0,1,1,0,upper class,0.7747865903240708
3,3,2,4,0,15000.0,0,1,0,upper class,0.5675263030815505
0,0,0,0,0,8000.0,0,0,1,poverty,0.2084106694189862
3,3,3,3,2,12000.0,1,1,0,upper class,0.4863588679278371
2,2,1,3,1,6000.0,1,1,0,middle class,0.3715929512772006
2,2,1,1,0,13000.0,1,0,0,working class,0.4380103841772169
1,1,0,0,2,19000.0,0,1,0,working class,0.3900112191131237
0,0,0,0,0,13000.0,0,0,1,poverty,0.3307771935047669
2,0,0,0,0,12000.0,0,1,0,upper class,0.5889931124102499
1,0,0,0,0,13000.0,0,0,1,poverty,0.3474920500454466
1,1,0,0,0,16000.0,0,1,0,poverty,0.2728793486098333
3,3,3,3,0,12000.0,0,1,0,upper class,0.6277455897894006
1,1,0,0,0,10000.0,0,1,0,working class,0.3617024291111733
2,2,3,0,0,12000.0,1,1,0,upper class,0.5459056295140907
0,0,0,0,0,15000.0,0,0,1,poverty,0.4080435066664748
3,3,4,8,0,7000.0,1,1,0,upper class,0.4758758960926596
0,0,0,0,0,10000.0,0,0,0,middle class,0.5774751971489307
0,0,0,0,0,12000.0,0,0,1,poverty,0.4310793336400165
0,0,0,0,0,13000.0,0,0,1,working class,0.4760320342290617
3,3,2,4,0,12000.0,0,1,0,upper class,0.5491357167304327
3,2,2,3,0,12000.0,1,1,0,upper class,0.5680748381791342
2,2,0,2,0,12000.0,0,1,0,working class,
2,2,0,0,0,12000.0,0,1,0,upper class,0.6046764589038505
2,2,4,1,0,11000.0,0,1,0,upper class,0.6041445863011615
1,1,2,3,0,5000.0,1,1,0,middle class,0.4702835467593463
1,1,2,0,0,15000.0,0,1,0,poverty,0.3440723769349517
1,1,1,1,0,15000.0,0,1,0,middle class,0.6037817692518094
1,0,0,0,0,10000.0,0,1,0,upper class,0.4923186089785153
2,2,1,5,1,12000.0,1,1,0,upper class,0.6218943396286831
1,1,2,2,1,15000.0,0,1,1,working class,0.3746378693906275
1,1,0,1,0,12000.0,1,0,0,middle class,0.427270927766737
0,0,0,0,0,10000.0,0,1,0,poverty,0.1529721602255696
1,1,0,1,0,12000.0,0,1,1,working class,0.4217496501415939
2,0,0,0,0,12000.0,1,1,0,upper class,0.4897229839220267
0,0,0,0,0,7000.0,0,1,1,working class,
2,1,1,0,0,14000.0,0,1,0,middle class,0.5608112658852716
2,2,2,2,0,16000.0,0,1,0,middle class,0.5039832951594888
0,0,0,0,0,15000.0,0,0,1,poverty,0.3680826213706068
3,3,4,3,0,12000.0,0,1,0,upper class,0.5838715347636926
1,0,0,0,0,12000.0,0,1,0,upper class,0.4225791031356819
0,0,0,0,0,14000.0,1,1,0,middle class,0.7144958954967011
2,2,1,0,1,12000.0,0,0,0,middle class,0.603331247395733
1,0,0,0,0,12000.0,0,1,0,poverty,0.5696455478207955
1,0,0,0,0,12000.0,0,1,0,middle class,0.4133785303647337
0,0,0,0,0,12000.0,0,0,1,poverty,0.3549288973191322
2,2,3,1,1,18000.0,0,1,0,working class,0.5815890954464898
0,0,0,0,0,11000.0,0,1,0,middle class,0.6492978771832143
1,0,0,0,0,13000.0,1,1,1,upper class,0.6888318025432296
3,3,1,7,1,10000.0,1,0,0,middle class,0.4231474869179085
2,0,0,0,0,10000.0,0,1,1,middle class,0.5238112936991066
3,3,0,3,0,10000.0,0,0,0,upper class,0.7469425181105066
2,1,0,2,0,12000.0,0,1,0,middle class,0.3848447185014994
2,1,0,2,0,5000.0,0,0,1,poverty,
2,2,5,0,1,14000.0,1,1,0,upper class,0.5992892337813946
2,2,2,3,0,13000.0,0,0,0,poverty,0.2467491275258395
3,3,0,3,1,12000.0,0,1,0,upper class,0.4869348894960016
3,3,5,5,0,11000.0,1,1,0,upper class,0.6970364930585551
2,2,1,4,0,10000.0,0,1,0,middle class,0.5640568762707184
2,0,0,0,0,8000.0,0,1,1,upper class,0.6686845608481449
0,0,0,0,0,7000.0,0,0,1,poverty,
3,3,1,2,0,13000.0,0,1,0,upper class,0.7909562645886891
0,0,0,0,0,11000.0,0,0,1,poverty,0.2474110447110308
1,0,0,0,0,15000.0,0,1,1,middle class,0.6723865152562408
3,0,0,0,0,13000.0,1,1,0,upper class,
0,0,0,0,0,14000.0,0,1,1,middle class,0.3352831360623969
2,2,0,1,1,9000.0,0,1,0,middle class,0.5672553074796418
1,1,0,1,0,8000.0,1,1,0,middle class,0.5281550824018106
3,3,2,4,0,11000.0,0,0,0,middle class,0.6183782575872001
2,2,5,0,0,12000.0,0,0,0,middle class,0.5384105309342712
3,2,3,5,1,4000.0,0,1,0,upper class,0.6093146350878077
3,3,7,3,1,15000.0,1,0,0,upper class,0.6652789616494302
0,0,0,0,0,12000.0,0,0,1,working class,0.557150249939646
3,2,1,0,0,11000.0,1,1,0,upper class,0.5952325907713841
2,2,7,4,1,11000.0,0,1,0,upper class,0.7065178185585059
2,1,0,0,0,16000.0,1,1,1,upper class,0.5224994188821985
3,3,11,5,0,7000.0,1,1,0,upper class,
1,1,1,1,0,16000.0,0,1,0,middle class,0.5887079919316789
0,0,0,0,0,15000.0,1,0,0,poverty,0.3061509687966847
3,2,0,2,1,7000.0,1,1,0,upper class,0.6008357672813958
3,1,2,1,1,9000.0,1,1,0,upper class,0.633403473578646
0,0,0,0,0,12000.0,0,0,1,poverty,
1,1,0,2,0,12000.0,0,0,1,working class,0.4163255994421636
2,0,0,0,0,8000.0,0,1,1,upper class,0.6760102629446962
2,2,3,4,1,10000.0,0,1,0,working class,0.2727052692646905
3,3,1,1,0,11000.0,1,1,0,upper class,0.6626210554046525
2,2,5,0,0,12000.0,1,1,0,working class,0.4401833388463456
1,1,1,2,0,12000.0,1,0,0,working class,0.5241410821408387
2,1,0,3,0,10000.0,0,0,0,middle class,0.4413140198212281
2,1,1,0,0,10000.0,0,1,0,upper class,0.6820575427391677
2,2,5,0,1,13000.0,1,1,0,upper class,0.6974620125004263
2,2,3,6,0,8000.0,1,1,0,middle class,0.6514572449171824
3,2,2,1,0,12000.0,1,1,0,upper class,
3,3,5,5,1,7000.0,0,1,0,upper class,0.6063735697487103
1,0,0,0,0,16000.0,0,0,1,working class,0.3316889107339181
3,1,2,0,0,12000.0,1,1,0,upper class,
0,0,0,0,0,6000.0,0,1,1,poverty,0.3093306042396641
1,1,1,0,0,12000.0,0,1,0,middle class,
3,3,5,9,1,12000.0,0,1,0,upper class,0.6370954701874278
2,1,2,1,0,10000.0,0,0,1,working class,0.4149098004859211
2,0,0,0,0,12000.0,0,0,1,working class,0.437416834594885
1,0,0,0,0,14000.0,0,1,1,upper class,0.5317340905527375
1,1,0,1,1,12000.0,0,0,0,poverty,0.4645345001201633
2,2,0,4,0,8000.0,0,1,0,upper class,0.5626535000207484
3,1,1,4,0,12000.0,1,0,0,upper class,0.6146903887940329
0,0,0,0,0,16000.0,0,0,1,poverty,0.2862044072032209
2,0,0,0,0,11000.0,0,1,0,upper class,0.5872814257214412
3,2,1,0,0,16000.0,1,1,0,upper class,0.5024037809342222
1,1,0,0,1,13000.0,0,1,0,upper class,0.5029442922316367
3,0,0,0,0,12000.0,0,1,1,working class,0.3922141519632884
0,0,0,0,0,14000.0,0,1,0,working class,
3,3,2,7,1,10000.0,0,1,0,working class,0.3760768567967889
0,0,0,0,0,12000.0,0,1,1,middle class,0.4671006006948029
2,2,1,1,1,11000.0,1,1,0,middle class,0.7942433982554463
3,3,3,2,2,12000.0,0,1,0,upper class,0.6052753027995037
2,2,1,5,1,7000.0,0,0,0,working class,0.4141337699932357
0,0,0,0,0,12000.0,0,1,1,middle class,
2,2,1,2,1,12000.0,0,1,0,middle class,0.4874581980124114
2,1,3,2,0,8000.0,0,1,0,upper class,0.6398662739569257
3,1,1,2,1,10000.0,0,0,1,upper class,
0,0,0,0,0,12000.0,0,1,0,poverty,0.2549076832707483
1,1,2,2,0,14000.0,0,1,0,working class,0.3495446627424988
1,1,1,1,0,10000.0,1,0,0,working class,0.5032346205187044
1,1,1,3,0,17000.0,0,0,0,middle class,0.589882191368374
3,0,0,0,0,11000.0,0,1,1,upper class,0.7164447863616135
3,2,1,0,0,16000.0,1,1,0,upper class,0.7122395503644006
3,0,0,0,0,14000.0,1,1,0,upper class,0.6605664252234276
3,0,0,0,0,12000.0,1,1,0,upper class,0.7575663430503009
2,2,2,0,1,13000.0,0,1,0,working class,0.3111102411897753
1,1,1,0,0,13000.0,0,1,0,middle class,
3,3,1,2,2,12000.0,1,1,0,middle class,0.5391057765310123
3,3,6,3,0,11000.0,0,1,0,upper class,0.5866314851117098
3,0,0,0,0,11000.0,0,1,0,upper class,0.5657453486871828
3,3,5,12,0,12000.0,0,1,0,upper class,0.6098980465197524
1,1,0,0,0,13000.0,0,0,0,poverty,0.2492100963315842
0,0,0,0,0,12000.0,0,1,0,poverty,0.2645194364479903
1,0,0,0,0,15000.0,0,0,1,middle class,0.4431951721175779
2,0,0,0,0,12000.0,1,1,0,upper class,0.6139904180356018
2,1,1,2,0,10000.0,0,0,1,working class,0.6904985798920938
2,2,0,5,2,10000.0,0,1,0,upper class,0.5519738040203223
3,3,5,3,1,11000.0,1,1,0,upper class,0.5150779278972595
2,1,0,1,1,8000.0,0,1,0,middle class,0.5599870637233466
1,1,3,0,0,15000.0,0,1,0,upper class,0.6253193560441783
2,0,0,0,0,17000.0,1,1,1,upper class,0.6233138220916109
0,0,0,0,0,12000.0,1,0,1,poverty,0.448643577209834
0,0,0,0,0,17000.0,0,1,1,upper class,0.5066478748732997
3,0,0,0,0,9000.0,0,1,1,upper class,0.5659067951087425
0,0,0,0,0,15000.0,0,1,0,poverty,0.5393224217499232
3,3,0,3,0,15000.0,1,1,0,upper class,0.6520665505738693
0,0,0,0,0,17000.0,0,1,1,poverty,0.3105687885204088
2,2,0,0,0,14000.0,0,0,0,middle class,
0,0,0,0,0,12000.0,0,0,1,poverty,0.4340024402049851
1,0,0,0,0,11000.0,0,1,0,upper class,0.4401954791282709
0,0,0,0,0,11000.0,1,1,1,middle class,0.5489695085571686
2,2,1,0,1,14000.0,0,1,0,working class,0.5728451330215478
3,0,0,0,0,9000.0,1,0,1,upper class,0.7308655361413354
2,2,6,5,1,4000.0,0,0,0,upper class,0.7508195874354716
1,1,0,3,0,12000.0,0,1,1,poverty,0.2276480880935439
3,1,2,2,1,9000.0,0,1,0,upper class,0.680801232234834
1,0,0,0,0,7000.0,1,1,0,upper class,0.4996602604706936
3,0,0,0,0,7000.0,1,1,0,upper class,
1,0,0,0,0,11000.0,0,1,1,upper class,0.4469435281716225
1,1,1,0,1,12000.0,1,1,0,middle class,0.6078036995033183
2,2,2,4,0,12000.0,0,1,0,upper class,0.6051532270537233
1,1,1,0,0,15000.0,0,0,1,poverty,0.3163694393923692
3,3,5,1,2,11000.0,0,0,0,upper class,0.5426244160681951
1,1,0,4,0,10000.0,0,1,0,upper class,0.7182444310315163
0,0,0,0,0,10000.0,1,1,0,middle class,0.6809116929366064
2,0,0,0,0,13000.0,0,1,1,working class,0.4818636843468437
1,0,0,0,0,9000.0,0,1,0,working class,0.4539321185254526
1,1,3,2,0,8000.0,0,1,0,working class,0.4328418893662019
1,1,3,0,0,15000.0,0,1,0,upper class,0.5381973821644314
1,1,0,2,0,13000.0,0,1,0,poverty,0.4776699106023112
1,1,3,1,1,12000.0,0,0,1,working class,
1,0,0,0,0,15000.0,1,1,0,upper class,0.5972183276616235
2,2,1,0,0,13000.0,1,1,0,middle class,0.5434086774169474
1,1,5,1,0,12000.0,0,1,0,upper class,0.5879638795165849
1,1,1,2,0,11000.0,1,1,0,middle class,0.5559535570676705
1,0,0,0,0,13000.0,1,0,0,working class,0.4257869067192916
1,0,0,0,0,13000.0,1,1,1,middle class,0.6206647516894628
3,3,6,0,0,12000.0,0,1,0,upper class,0.3894266905483992
0,0,0,0,0,7000.0,0,0,1,poverty,0.4376610934796095
1,0,0,0,0,10000.0,1,0,0,middle class,0.5749370954399275
0,0,0,0,0,12000.0,1,0,1,poverty,0.3081036976868692
3,2,2,0,0,9000.0,0,1,0,upper class,0.7097590437116957
1,1,2,0,0,14000.0,1,0,0,working class,
1,1,2,1,0,14000.0,1,1,0,upper class,0.7508134369901283
1,1,0,0,0,12000.0,0,0,1,poverty,0.4741201321807367
1,1,2,1,0,11000.0,0,1,0,middle class,0.5202419562823012
2,2,1,4,1,15000.0,0,0,0,poverty,0.2423059228432957
0,0,0,0,0,13000.0,0,0,1,middle class,0.4810175585638772
1,0,0,0,0,16000.0,0,1,1,working class,0.2500917022572353
2,2,1,13,3,8000.0,1,1,0,upper class,0.5636540752380534
3,3,6,6,0,6000.0,1,1,0,middle class,0.5476628583971526
2,2,4,4,3,14000.0,1,1,0,middle class,0.5390231589058753
3,1,0,2,0,12000.0,0,1,1,upper class,0.5249004670059866
1,1,1,4,0,12000.0,0,1,0,middle class,0.4711356183608628
2,2,1,3,1,6000.0,1,1,0,upper class,
3,3,4,2,1,10000.0,0,0,0,middle class,0.5117586505444637
3,2,1,2,0,13000.0,1,1,0,middle class,0.5228001606856795
3,0,0,0,0,11000.0,0,1,1,upper class,0.4990552402742981
0,0,0,0,0,12000.0,0,0,1,middle class,0.5687974266135234
2,1,0,1,0,15000.0,0,1,0,upper class,0.7697060280613082
1,0,0,0,0,13000.0,0,1,0,working class,0.3752482340703718
1,0,0,0,0,10000.0,0,1,0,upper class,
0,0,0,0,0,12000.0,0,0,1,poverty,0.2756617672600435
2,0,0,0,0,7000.0,0,1,1,upper class,0.4680045782114708
3,1,1,2,0,11000.0,1,1,0,upper class,0.6455861279190653
2,0,0,0,0,11000.0,1,0,0,working class,0.3260329842745465
3,2,2,3,0,8000.0,0,0,0,upper class,0.6519143421966002
3,3,5,0,0,9000.0,0,1,0,upper class,0.5066846105467238
2,2,1,0,0,13000.0,0,1,0,upper class,0.5638124626423421
2,2,2,1,1,9000.0,0,1,0,upper class,0.7510668440453718
1,0,0,0,0,12000.0,0,0,0,working class,0.3987313542454155
1,1,1,0,0,12000.0,0,0,1,poverty,
2,2,6,15,2,4000.0,0,1,0,middle class,
1,0,0,0,0,15000.0,0,0,1,poverty,0.4344016803120741
0,0,0,0,0,12000.0,1,0,0,working class,0.5092381076694258
2,2,2,12,0,11000.0,0,1,0,middle class,0.330887247220658
3,3,6,4,1,10000.0,0,1,0,upper class,
1,1,1,1,0,10000.0,0,0,1,poverty,0.2918290329909437
2,1,0,0,0,13000.0,0,1,0,middle class,0.5779891114550827
0,0,0,0,0,8000.0,0,0,1,working class,0.5251503019981206
2,2,4,1,0,13000.0,1,1,0,middle class,0.7087716412836736
1,0,0,0,0,15000.0,1,0,0,upper class,0.677983680244089
3,3,5,4,1,8000.0,1,1,0,middle class,0.5998608909858046
3,2,4,8,2,8000.0,1,1,1,upper class,0.556821529947094
0,0,0,0,0,15000.0,0,0,1,poverty,0.3007365408615052
1,1,1,0,0,17000.0,0,1,0,poverty,0.4217083256454634
3,2,0,1,0,13000.0,0,1,0,upper class,0.5172578396228402
2,2,6,2,0,12000.0,1,0,0,upper class,
1,0,0,0,0,9000.0,0,1,0,working class,0.3878674674190613
1,1,0,0,0,8000.0,0,1,0,upper class,0.7017635342356813
3,3,1,3,1,13000.0,1,1,0,upper class,0.5548553575919063
1,1,3,1,1,12000.0,1,1,0,upper class,0.4996337688660024
0,0,0,0,0,15000.0,0,0,0,poverty,
0,0,0,0,0,16000.0,0,1,0,working class,0.3800621432836776
2,2,3,2,0,9000.0,0,1,0,middle class,0.6012904659428779
2,0,0,0,0,8000.0,0,1,0,upper class,0.4953679770062505
1,0,0,0,0,16000.0,0,1,1,working class,0.4786910984227911
2,2,2,0,1,13000.0,0,1,0,middle class,0.4042843675661335
1,1,3,2,1,13000.0,1,0,0,working class,0.3780463794716419
2,2,2,1,0,19000.0,0,0,0,upper class,0.6638339947593962
2,0,0,0,0,11000.0,0,1,0,middle class,
3,0,0,0,0,4000.0,1,1,0,upper class,0.5614622301842259
1,1,0,0,1,16000.0,0,1,0,working class,0.2772801448497201
3,3,1,6,0,11000.0,1,1,0,upper class,0.6819567520526453
2,2,6,3,0,10000.0,0,1,0,middle class,0.4731435806442583
0,0,0,0,0,12000.0,0,0,0,poverty,0.4842043342946769
2,1,0,1,0,12000.0,0,1,0,middle class,0.5898164523944229
1,1,0,1,1,14000.0,1,1,0,upper class,0.6049537979222093
1,1,0,0,0,12000.0,0,1,0,working class,0.5730281678609511
1,1,1,1,0,12000.0,1,1,0,working class,0.3652866357527698
0,0,0,0,0,12000.0,0,0,1,poverty,0.3194764685184579
1,1,2,1,0,10000.0,1,0,0,middle class,0.7217552349986477
1,1,0,2,0,12000.0,1,1,0,middle class,0.4180787844444573
3,0,0,0,0,6000.0,0,1,1,upper class,0.7115976581733665
2,2,0,1,1,11000.0,1,1,0,middle class,0.6338844050411873
2,2,6,9,1,6000.0,0,1,0,upper class,0.526146302587633
3,3,4,1,0,12000.0,1,1,0,upper class,0.5896219886541012
2,0,0,0,0,12000.0,0,1,0,working class,0.3933243530697776
1,0,0,0,0,13000.0,0,1,1,middle class,0.5180666014945225
0,0,0,0,0,7000.0,0,1,1,working class,0.3575458646951541
0,0,0,0,0,12000.0,0,1,1,working class,0.412721534132624
2,0,0,0,0,11000.0,0,0,1,middle class,0.4901743887596553
1,0,0,0,0,14000.0,1,1,0,poverty,0.3642432277883203
0,0,0,0,0,16000.0,1,1,0,poverty,0.327273334521353
2,1,4,4,0,11000.0,0,1,0,upper class,0.7219915295214294
1,1,0,1,0,12000.0,1,0,0,working class,
2,2,1,3,0,9000.0,1,1,0,upper class,0.6877053104767942
2,2,3,2,0,12000.0,0,1,0,middle class,0.6054595518727779
2,2,4,1,1,18000.0,0,1,0,middle class,0.5701658701665713
1,1,1,0,0,11000.0,0,1,0,working class,0.3148797289571015
0,0,0,0,0,14000.0,0,0,1,poverty,0.5103579543132797
3,3,0,0,0,13000.0,0,1,0,middle class,0.6415992914644384
2,1,0,2,0,10000.0,0,1,0,middle class,
3,3,0,2,0,11000.0,0,0,0,middle class,
0,0,0,0,0,13000.0,0,1,0,working class,0.4728359811445909
0,0,0,0,0,11000.0,1,0,1,middle class,0.5975814142184755
3,3,3,8,0,11000.0,0,1,0,middle class,0.5384399329851925
3,3,1,4,0,12000.0,1,1,0,upper class,0.6061070639429452
2,2,0,0,0,15000.0,1,1,0,upper class,0.3451830367277076
1,0,0,0,0,15000.0,1,0,1,middle class,
1,1,0,0,0,12000.0,0,1,0,upper class,0.5446454504752837
3,1,0,4,1,9000.0,0,0,1,upper class,0.5812195904222602
1,1,1,0,0,12000.0,0,0,0,poverty,0.332932445645567
1,0,0,0,0,9000.0,0,1,1,middle class,0.5269725998709889
2,0,0,0,0,13000.0,1,0,1,working class,0.4958652916452254
1,1,2,1,0,10000.0,0,0,1,poverty,0.3216412224769529
2,2,4,3,1,12000.0,0,0,0,working class,0.4807836318448826
3,3,1,5,2,10000.0,1,1,0,upper class,0.5861296763368554
1,1,1,1,0,9000.0,0,0,1,working class,0.4563629649443308
3,3,1,4,1,5000.0,0,1,0,upper class,0.6034148000738244
0,0,0,0,0,14000.0,0,0,1,poverty,0.2510366998612605
0,0,0,0,0,16000.0,1,0,1,poverty,0.3510593815269549
3,1,1,1,0,11000.0,0,1,0,middle class,0.401791816930945
2,0,0,0,0,13000.0,0,1,1,upper class,0.4629179029369282
0,0,0,0,0,14000.0,0,1,1,middle class,0.584410230882218
2,1,1,1,0,13000.0,1,1,0,upper class,0.6621741504322499
1,1,2,0,0,10000.0,0,1,0,upper class,0.6868096809121429
0,0,0,0,0,16000.0,0,0,1,poverty,0.4440054619901436
3,3,0,0,0,8000.0,0,0,0,upper class,0.7837306862364176
2,2,0,2,1,14000.0,0,1,0,middle class,0.4060931476593959
2,2,6,3,0,12000.0,0,0,0,working class,
2,2,0,2,0,12000.0,1,0,0,working class,
1,1,1,2,0,11000.0,1,1,0,upper class,
1,1,0,1,1,8000.0,0,0,0,working class,0.5103828246087652
2,2,2,4,0,8000.0,0,1,0,upper class,0.6641141721366366
3,3,3,3,0,11000.0,1,1,0,middle class,0.4676528882912088
1,1,3,1,0,12000.0,0,1,0,middle class,0.4100668478943091
0,0,0,0,0,14000.0,0,0,1,poverty,0.1694065530970372
2,2,0,2,3,12000.0,1,1,0,upper class,0.7538549039843241
3,3,0,7,2,12000.0,0,1,0,upper class,0.708984110429289
3,2,3,3,1,13000.0,0,1,0,working class,0.3140366583099796
1,0,0,0,0,15000.0,0,1,1,upper class,0.4456374212438535
3,2,2,1,1,12000.0,0,1,0,upper class,0.538423701629647
1,1,0,0,1,12000.0,0,1,0,upper class,0.6800632519161529
3,3,1,2,1,5000.0,1,0,0,upper class,0.6252551047182723
1,1,1,0,1,9000.0,0,1,0,middle class,0.5789086394845918
1,0,0,0,0,13000.0,0,1,0,working class,0.4905686431114045
2,2,0,1,0,12000.0,1,1,0,upper class,0.7235892424829731
2,0,0,0,0,12000.0,1,1,0,upper class,0.7477807628275938
3,1,3,4,1,9000.0,0,1,0,upper class,0.6331253784372326
2,2,1,0,0,14000.0,0,0,0,working class,0.4275608354586653
0,0,0,0,0,12000.0,0,1,1,poverty,0.1719461465592734
2,2,1,1,0,17000.0,0,0,0,working class,0.4175859096253334
3,3,5,10,1,9000.0,0,0,0,middle class,0.4335788270627034
2,2,0,2,1,10000.0,0,1,0,upper class,
0,0,0,0,0,16000.0,0,0,1,poverty,
1,1,1,0,0,15000.0,0,0,1,poverty,0.2939442709464665
0,0,0,0,0,12000.0,0,1,1,working class,0.3667668775354431
1,1,1,0,0,14000.0,0,1,1,middle class,0.7537068295963879
3,3,0,11,1,8000.0,0,1,0,upper class,0.5653739995178882
2,2,0,4,2,9000.0,0,1,0,upper class,0.6992068026332687
2,0,0,0,0,15000.0,0,0,1,middle class,0.6759014187945687
2,2,1,0,0,16000.0,1,1,0,upper class,0.5819448753476587
3,3,0,11,2,8000.0,1,1,0,upper class,0.5579938528070139
1,1,0,1,0,12000.0,0,0,1,working class,
3,0,0,0,0,13000.0,0,0,1,working class,0.5761218348559991
1,1,1,3,1,13000.0,0,0,0,poverty,0.2000544061533787
0,0,0,0,0,16000.0,0,0,0,poverty,0.2877081919505582
2,1,0,2,0,10000.0,0,1,0,upper class,0.5479344934453008
1,1,1,1,0,12000.0,0,1,0,upper class,0.5660095062977862
0,0,0,0,0,15000.0,0,1,0,poverty,0.2942476343306913
0,0,0,0,0,14000.0,0,1,1,middle class,0.528252123724409
3,3,1,1,1,11000.0,1,1,0,upper class,0.6247325793532983
1,1,2,1,0,7000.0,0,0,0,poverty,
1,1,2,2,0,14000.0,1,1,0,middle class,
1,1,1,5,0,7000.0,0,1,0,upper class,0.7645391467624049
0,0,0,0,0,15000.0,0,0,1,poverty,
0,0,0,0,0,15000.0,0,0,1,middle class,0.5358175849673692
1,1,0,0,0,16000.0,0,1,0,poverty,0.3607985341463078
0,0,0,0,0,12000.0,0,1,1,middle class,0.4925676182081357
1,1,3,0,1,13000.0,0,1,0,working class,
1,0,0,0,0,12000.0,1,0,1,middle class,0.6749346402678857
1,1,2,5,1,13000.0,0,0,1,poverty,0.3593490144752712
0,0,0,0,0,14000.0,0,0,1,poverty,0.3698460345206058
3,1,0,1,0,16000.0,0,0,1,upper class,0.7725842396081845
2,0,0,0,0,13000.0,1,1,0,upper class,0.6208050516360596
2,2,0,2,0,11000.0,0,1,0,middle class,0.5377571686257666
2,2,0,0,0,12000.0,1,1,0,upper class,0.5823559985127149
2,2,3,2,0,12000.0,0,1,0,middle class,0.6350821354567281
1,1,2,2,0,12000.0,1,1,0,upper class,0.6944868066429871
1,0,0,0,0,12000.0,1,0,0,poverty,0.2921921490656985
3,2,3,4,0,12000.0,0,1,0,upper class,0.6406213074929796
1,1,2,2,1,11000.0,1,1,0,upper class,
1,1,0,0,0,13000.0,0,1,0,working class,0.3688705897717839
1,1,0,0,0,15000.0,1,1,0,middle class,0.3897883988501614
1,1,1,0,0,12000.0,1,1,0,middle class,0.5966110352087228
2,2,5,2,0,8000.0,1,1,0,upper class,0.6636630728417405
1,1,0,0,1,16000.0,1,1,1,working class,0.3752825494625618
2,2,4,2,0,7000.0,1,1,0,upper class,0.6518121915052597
1,1,0,0,0,12000.0,0,1,0,poverty,0.2438782761572769
0,0,0,0,0,10000.0,0,1,1,upper class,0.6531145655351576
1,1,1,0,0,12000.0,0,1,0,poverty,0.4233795488037928
3,3,5,2,1,12000.0,0,0,0,upper class,
3,3,2,1,1,14000.0,0,1,0,middle class,0.4877163705214293
3,3,2,4,0,14000.0,0,1,0,upper class,0.7347168609010569
0,0,0,0,0,12000.0,0,1,1,middle class,0.5426963745001643
2,2,1,0,0,11000.0,0,1,0,working class,0.4326072305459561
0,0,0,0,0,11000.0,0,0,1,working class,0.4082489900846957
1,1,0,0,0,11000.0,0,1,0,upper class,0.7139746286419786
1,1,2,0,0,16000.0,0,1,1,middle class,0.4744424816375184
2,2,1,1,0,17000.0,0,1,0,upper class,
2,2,4,5,0,12000.0,1,1,0,upper class,0.609711031981781
2,2,2,3,2,12000.0,0,0,0,middle class,0.5777847889982202
2,1,1,1,0,9000.0,0,1,0,middle class,0.5045828282314394
0,0,0,0,0,12000.0,1,1,0,middle class,0.3403461714413165
3,3,3,1,0,15000.0,0,1,0,upper class,
0,0,0,0,0,13000.0,0,0,1,middle class,0.5337722655596098
1,0,0,0,0,10000.0,1,0,1,upper class,0.6366828182690416
2,2,1,2,0,15000.0,0,1,0,upper class,0.4544469195392025
1,1,0,3,0,11000.0,0,0,1,poverty,0.5120008207104843
2,2,1,0,0,7000.0,0,0,0,working class,0.3644138664579334
3,1,2,1,1,9000.0,0,0,1,upper class,0.8573570012255691
1,1,1,0,0,12000.0,0,0,1,middle class,0.5037686995508438
1,1,1,2,0,9000.0,1,1,0,middle class,0.535622682575498
3,3,5,1,0,11000.0,0,1,0,upper class,0.6700081778757916
2,2,0,1,0,9000.0,0,1,0,upper class,0.7086117611504978
2,1,0,0,0,10000.0,0,0,0,middle class,0.6417202482487389
2,0,0,0,0,12000.0,0,1,0,middle class,0.4504891385915822
0,0,0,0,0,13000.0,0,0,1,working class,0.4578980654711784
1,0,0,0,0,11000.0,0,0,1,working class,0.2947766518672688
1,1,0,1,0,8000.0,0,1,0,working class,0.4702667725463446
1,1,1,2,0,14000.0,0,1,0,working class,0.3448138443032327
2,1,0,0,0,13000.0,1,1,0,upper class,0.5520183886629846
1,1,0,0,0,14000.0,1,0,0,working class,0.4252811553799311
1,1,0,2,0,12000.0,0,0,0,working class,0.5951810837458443
2,0,0,0,0,12000.0,0,1,1,middle class,0.6004551641841693
3,3,4,8,0,6000.0,0,1,0,upper class,0.6830716682406902
0,0,0,0,0,12000.0,0,0,1,working class,0.5934441402402558
0,0,0,0,0,13000.0,0,1,1,poverty,
2,0,0,0,0,11000.0,0,0,1,poverty,0.4112607340361535
1,1,0,1,0,9000.0,0,1,0,middle class,0.4862485671686249
2,1,2,1,1,12000.0,0,1,0,upper class,0.6631350934617573
2,2,2,1,0,12000.0,0,0,0,upper class,
3,3,8,1,1,12000.0,0,1,0,middle class,0.410211832996772
0,0,0,0,0,10000.0,0,1,1,poverty,
0,0,0,0,0,14000.0,0,0,1,middle class,0.54128087074694
2,2,0,2,1,10000.0,1,1,0,upper class,0.8259127336694695
1,0,0,0,0,11000.0,0,1,0,upper class,
1,1,0,0,0,13000.0,0,1,0,working class,0.4327990376137225
1,1,0,0,0,10000.0,0,0,1,middle class,0.6531346805952563
3,2,3,0,0,12000.0,0,1,0,upper class,0.6585698019422619
2,2,2,0,0,11000.0,0,1,0,working class,0.3776521180272241
2,2,2,2,0,12000.0,0,1,0,middle class,
1,1,0,2,0,13000.0,0,0,0,poverty,
2,2,1,2,1,13000.0,1,1,0,upper class,0.6114283704412116
2,2,1,9,1,8000.0,0,0,0,middle class,0.5300029601626921
0,0,0,0,0,11000.0,1,1,0,middle class,0.6658044484751473
3,1,0,0,0,11000.0,1,1,0,upper class,0.6764470887101591
1,1,1,3,2,6000.0,0,0,0,middle class,0.5418672821303814
1,1,1,1,2,12000.0,0,1,0,middle class,0.4543913057133936
2,2,2,2,0,11000.0,0,1,0,working class,0.5773390893127768
2,2,5,1,2,8000.0,1,1,0,upper class,0.6754294019276363
1,1,0,0,0,14000.0,1,1,1,upper class,0.6175130394101569
2,1,1,1,1,11000.0,0,0,1,upper class,0.5749994535452866
1,0,0,0,0,16000.0,1,1,0,upper class,0.6238790577275641
1,1,1,0,0,17000.0,0,1,1,upper class,0.7955568213583091
2,1,0,0,0,13000.0,0,0,0,middle class,0.5926096840740965
2,0,0,0,0,9000.0,1,1,1,upper class,0.4720291922931867
3,3,3,2,1,7000.0,0,1,0,upper class,0.6288764873080216
1,1,1,1,0,11000.0,0,1,1,poverty,0.4964996457402483
3,3,1,2,0,9000.0,1,1,0,upper class,0.6542716199084817
3,1,4,2,0,7000.0,1,0,1,upper class,0.5411171526670346
2,2,2,2,1,13000.0,0,1,0,upper class,0.6711526308625162
1,1,1,0,1,12000.0,0,1,0,working class,
1,1,1,0,0,11000.0,0,1,0,middle class,0.5836264756827344
3,3,2,5,2,14000.0,1,1,0,upper class,0.6349648687817423
0,0,0,0,0,15000.0,0,0,1,poverty,0.2887835942837985
2,1,0,1,0,9000.0,0,1,0,upper class,0.5464771405777197
2,2,0,4,0,12000.0,0,1,0,upper class,0.6018770408109756
0,0,0,0,0,9000.0,0,0,1,poverty,0.2469505160422721
1,1,0,2,1,16000.0,1,1,0,middle class,0.6650377664996788
2,1,1,2,0,9000.0,1,0,0,working class,0.4253726168466054
0,0,0,0,0,12000.0,0,1,1,poverty,0.3360517759929724
0,0,0,0,0,16000.0,0,1,1,working class,0.3928280180316749
1,1,1,0,0,17000.0,1,1,0,middle class,0.4993148108076061
3,3,4,3,1,14000.0,0,1,1,upper class,0.6773942647724964
1,0,0,0,0,12000.0,0,1,1,working class,0.3599178912483734
1,1,2,0,1,11000.0,0,0,1,middle class,0.3730878422592478
2,2,1,4,0,11000.0,1,1,0,middle class,0.6154684595384661
0,0,0,0,0,10000.0,0,0,1,working class,0.3976377563353084
2,1,3,1,0,7000.0,0,0,0,upper class,0.6770587526543413
3,3,2,7,0,7000.0,1,1,0,upper class,0.4681964499145391
3,2,3,1,0,13000.0,0,1,0,upper class,0.6119055041598039
3,3,1,2,1,13000.0,1,1,0,upper class,0.6977579641522408
1,1,1,2,0,11000.0,1,1,0,working class,0.5969627792495601
2,2,0,1,1,17000.0,1,1,0,upper class,0.5599157372912646
2,2,3,1,0,14000.0,0,0,0,middle class,0.6003341486734926
1,1,0,1,0,16000.0,0,0,1,poverty,0.2902069116355317
2,2,2,3,0,9000.0,0,0,0,working class,0.5468430438250886
2,1,0,0,0,13000.0,0,0,0,working class,0.4994842253450598
2,2,0,0,0,13000.0,1,1,0,upper class,0.6128967758260766
2,0,0,0,0,14000.0,0,1,0,working class,0.3913905444971415
2,2,1,0,0,18000.0,0,1,0,middle class,0.4889530344800872
2,2,0,0,0,9000.0,1,1,0,upper class,0.5962166787982206
1,1,1,1,0,14000.0,0,1,0,poverty,0.3288220420707868
0,0,0,0,0,13000.0,0,0,1,poverty,
2,2,0,3,0,10000.0,1,1,0,middle class,
2,2,2,8,1,11000.0,1,1,0,upper class,0.7326876616299971
1,1,0,1,0,14000.0,0,1,0,working class,
3,0,0,0,0,14000.0,1,0,0,upper class,0.5944769038293404
0,0,0,0,0,15000.0,1,0,0,poverty,0.239237292465458
1,0,0,0,0,11000.0,0,1,1,upper class,0.654758523557963
3,3,4,4,0,14000.0,0,1,0,upper class,0.5944585157381121
2,2,1,1,2,12000.0,0,1,0,upper class,0.545037688684192
0,0,0,0,0,15000.0,0,1,1,middle class,0.4243746466627321
0,0,0,0,0,12000.0,0,0,1,working class,0.2924216807627052
2,2,1,2,0,10000.0,0,1,0,middle class,0.6000895688751031
0,0,0,0,0,7000.0,0,1,1,poverty,0.2795792338887905
1,0,0,0,0,12000.0,0,0,0,working class,0.5900170607758642
1,0,0,0,0,9000.0,0,0,1,poverty,0.3618763212555671
2,2,1,6,3,10000.0,0,1,0,working class,0.5595152009839386
1,1,2,3,0,8000.0,0,1,0,middle class,0.2292753633984657
3,3,9,8,1,11000.0,0,0,0,upper class,0.6360258083796877
1,1,0,1,0,12000.0,0,1,0,middle class,0.4920460979337053
3,2,0,2,0,10000.0,0,1,1,upper class,0.6645208041519342
2,2,2,9,0,10000.0,1,1,0,upper class,0.5134071870775959
2,2,4,1,0,14000.0,1,1,0,upper class,0.4144222255873609
1,1,0,1,0,15000.0,0,1,0,poverty,0.3383206685980323
1,1,0,0,1,11000.0,0,1,0,middle class,0.5838111791901199
1,1,2,3,0,12000.0,0,1,0,middle class,0.6050756232722501
1,1,0,4,0,9000.0,1,1,0,upper class,0.8110580664014475
1,1,0,2,1,16000.0,1,0,0,working class,0.6165478094400887
1,1,0,2,0,11000.0,0,0,1,working class,0.6939218716430463
0,0,0,0,0,12000.0,0,1,1,poverty,0.3600840439351249
2,2,2,6,1,12000.0,1,1,0,upper class,0.6872984522417026
3,3,2,2,0,13000.0,0,0,0,upper class,0.5996956646686804
0,0,0,0,0,15000.0,0,1,0,upper class,0.6932730562505753
1,1,2,3,1,12000.0,1,1,0,upper class,0.3308566737384718
3,3,2,3,0,10000.0,0,1,0,middle class,0.5657720983137879
1,0,0,0,0,13000.0,1,0,0,upper class,0.6573121349168785
1,0,0,0,0,9000.0,1,1,0,working class,0.5238648570285495
2,2,3,4,1,11000.0,0,1,0,middle class,0.3637436901420261
2,2,1,2,0,12000.0,0,1,0,upper class,0.7340414416940386
0,0,0,0,0,5000.0,0,1,0,poverty,0.4861063085385872
2,2,0,2,0,9000.0,0,1,0,upper class,
2,2,6,5,2,13000.0,0,0,0,poverty,0.4743964121917534
2,1,0,0,0,15000.0,0,1,1,middle class,0.4315068771925517
1,1,1,0,0,14000.0,1,1,0,working class,0.5746291487013679
2,0,0,0,0,10000.0,0,1,0,middle class,0.6069088408199534
1,0,0,0,0,13000.0,1,1,0,upper class,0.6597415729056748
0,0,0,0,0,15000.0,1,0,1,working class,0.5468524546537378
1,0,0,0,0,3000.0,0,1,1,upper class,0.6331577699602148
3,2,4,1,0,10000.0,1,1,0,middle class,0.6404256230186519
2,2,0,4,0,7000.0,0,1,0,middle class,0.4712685598165698
1,1,2,0,0,12000.0,1,0,0,working class,0.4863769900569829
2,1,1,2,0,7000.0,1,0,1,upper class,0.7699371488819384
3,3,3,1,2,14000.0,1,1,0,upper class,0.5127228689047442
2,0,0,0,0,8000.0,1,1,0,upper class,0.8650769553530809
0,0,0,0,0,4000.0,1,1,0,upper class,0.6124684841669664
2,2,2,1,3,12000.0,0,1,0,upper class,
0,0,0,0,0,13000.0,0,0,1,poverty,0.5092867506873217
1,1,0,1,0,12000.0,0,1,0,middle class,0.6191939666417331
1,1,4,0,0,15000.0,0,0,1,poverty,0.2256597356116017
2,2,0,6,0,11000.0,1,0,0,middle class,0.4374925466030241
0,0,0,0,0,12000.0,0,1,1,poverty,
3,3,3,10,0,3000.0,0,1,0,upper class,
2,0,0,0,0,11000.0,0,1,1,middle class,0.518143953834333
2,2,1,0,1,5000.0,1,1,0,upper class,0.6303391775678869
1,1,0,0,1,19000.0,0,1,0,working class,0.3452102040241184
2,0,0,0,0,13000.0,0,1,1,upper class,
0,0,0,0,0,12000.0,0,1,1,middle class,0.5559327515948029
0,0,0,0,0,15000.0,0,1,0,poverty,0.4575970504976258
0,0,0,0,0,13000.0,0,0,1,working class,0.6513183939456508
1,1,0,0,0,14000.0,1,1,0,upper class,0.5909761364191773
1,1,0,1,1,11000.0,0,1,0,middle class,0.4342809975252036
1,0,0,0,0,12000.0,0,1,0,middle class,
1,1,3,4,0,5000.0,0,0,1,poverty,0.3009812918467103
1,1,1,2,0,9000.0,0,0,0,working class,0.4474790749771535
2,2,5,2,0,15000.0,0,1,0,working class,0.51038152684021
3,3,4,7,0,11000.0,1,1,0,upper class,0.3974021678163336
3,3,6,6,1,6000.0,0,1,0,upper class,
2,1,0,2,0,12000.0,0,1,1,upper class,
3,3,1,2,0,10000.0,0,1,0,upper class,0.7810158108961347
2,2,2,0,0,15000.0,0,1,0,middle class,0.3171815759117624
2,0,0,0,0,8000.0,1,1,0,upper class,
2,2,2,1,0,13000.0,0,1,0,upper class,0.5873143657537631
3,3,9,7,0,6000.0,0,1,0,upper class,0.7347563670775583
3,2,1,2,1,10000.0,0,1,0,upper class,0.5083976199576173
3,0,0,0,0,14000.0,0,1,1,upper class,0.5765068305992592
3,3,4,4,3,9000.0,1,1,0,upper class,0.7286601324813126
0,0,0,0,0,12000.0,0,1,1,poverty,0.4712409125588638
1,1,3,0,1,12000.0,0,0,0,poverty,0.3555009229375722
2,2,0,1,1,7000.0,0,0,0,middle class,0.5849341635897704
3,3,6,3,0,12000.0,1,1,0,upper class,0.5118001651135141
1,1,1,3,0,12000.0,0,1,0,poverty,0.3955453580326143
1,1,0,0,0,18000.0,0,1,0,middle class,0.5409513034660882
1,1,1,1,0,11000.0,0,1,0,working class,0.4505246603167246
3,3,4,3,1,13000.0,0,1,0,upper class,0.6275676333855695
1,1,0,1,0,13000.0,0,1,0,upper class,0.8526945253806033
1,1,1,1,0,10000.0,0,0,1,working class,
1,1,0,0,1,14000.0,1,1,0,upper class,0.5708669818485634
1,1,0,1,0,15000.0,0,1,1,middle class,0.5035263513409084
2,1,0,2,0,7000.0,0,1,0,upper class,
0,0,0,0,0,12000.0,0,1,0,poverty,0.3882392683110089
1,1,0,2,0,12000.0,0,1,1,middle class,0.6058083800020564
1,1,4,0,1,8000.0,1,1,0,upper class,0.7139073299346723
2,2,1,0,0,11000.0,0,1,0,working class,0.4180525498107537
1,0,0,0,0,17000.0,0,0,1,middle class,0.6037070998428994
3,1,2,0,1,13000.0,0,0,0,upper class,0.584608456109682
0,0,0,0,0,14000.0,0,1,0,poverty,
2,2,2,1,0,14000.0,0,1,0,upper class,0.7658383224497411
1,1,3,0,1,11000.0,0,0,1,working class,0.3195459210267399
0,0,0,0,0,14000.0,0,1,0,poverty,0.2621006909187042
1,1,0,3,0,12000.0,0,1,1,middle class,0.4856002685685674
2,2,0,0,0,11000.0,0,1,0,upper class,0.6113387710090395
2,0,0,0,0,12000.0,0,1,1,upper class,0.547731741672538
0,0,0,0,0,8000.0,0,0,0,poverty,0.3482717006159108
0,0,0,0,0,18000.0,0,1,0,poverty,0.2359715462607108
1,0,0,0,0,13000.0,0,0,1,working class,0.4060786898349925
3,3,7,5,0,10000.0,0,1,0,upper class,0.573339898568441
2,2,2,3,0,10000.0,0,1,0,middle class,0.6110940512740566
1,1,0,2,0,17000.0,0,1,1,middle class,0.6712216702067488
0,0,0,0,0,14000.0,1,0,0,working class,0.3753627061617993
3,3,2,6,0,14000.0,1,1,0,middle class,0.5617405020058411
0,0,0,0,0,16000.0,0,1,1,working class,0.548657389784573
3,3,3,8,0,11000.0,1,1,0,upper class,0.6050525422768438
0,0,0,0,0,10000.0,0,0,1,poverty,0.2928223358851285
3,1,0,1,0,12000.0,0,1,1,upper class,0.6066589529874641
1,0,0,0,0,12000.0,0,1,0,middle class,0.5358403859005467
3,3,1,1,0,16000.0,1,1,0,upper class,0.7383996023443815
0,0,0,0,0,15000.0,0,1,1,working class,0.3833147491990453
1,1,2,2,0,13000.0,0,1,0,working class,
1,1,3,1,0,12000.0,0,1,1,working class,0.4952767419940733
0,0,0,0,0,15000.0,1,1,0,poverty,0.4009780682608883
2,2,1,2,1,8000.0,0,0,0,upper class,
3,3,5,5,2,12000.0,1,1,0,upper class,0.5777705296614133
2,1,0,3,0,12000.0,0,1,0,middle class,0.5084156821111837
1,1,2,2,0,14000.0,0,1,0,upper class,0.8327923827915409
2,1,2,4,1,9000.0,1,1,0,middle class,0.4359576015508167
0,0,0,0,0,14000.0,0,0,1,middle class,0.4779712932320399
2,2,0,5,1,12000.0,1,0,0,middle class,0.4501764104829549
0,0,0,0,0,12000.0,0,0,1,poverty,0.4072467866003519
2,0,0,0,0,16000.0,0,0,1,working class,0.5321225124933344
1,1,2,0,0,12000.0,0,1,0,middle class,0.5351371977032543
2,0,0,0,0,10000.0,0,0,1,upper class,0.6170336467528514
2,0,0,0,0,12000.0,0,1,1,working class,0.5786031306097281
1,1,3,1,0,15000.0,0,0,0,middle class,0.5571804876973983
3,3,6,7,1,9000.0,1,1,0,upper class,0.7494278169433513
1,0,0,0,0,9000.0,0,1,0,working class,0.3595385199642436
1,1,0,0,0,13000.0,0,1,0,upper class,0.7492616372893721
0,0,0,0,0,15000.0,0,1,0,poverty,0.1573968220490889
0,0,0,0,0,12000.0,0,1,1,middle class,0.4990858950667509
0,0,0,0,0,13000.0,0,1,0,middle class,
0,0,0,0,0,11000.0,0,0,1,poverty,0.4724195112793811
0,0,0,0,0,14000.0,0,0,1,poverty,0.265255675128123
1,1,0,0,1,15000.0,1,1,0,upper class,0.6175759911698873
3,2,0,9,2,5000.0,1,1,0,middle class,0.4308247424408329
1,0,0,0,0,10000.0,0,0,1,working class,0.3805381145497736
1,0,0,0,0,11000.0,0,0,0,working class,0.395930988823429
2,2,0,3,1,11000.0,0,1,0,upper class,
3,2,2,8,0,8000.0,1,1,0,upper class,0.5614435674391676
3,3,6,2,0,7000.0,1,1,0,upper class,0.5336770829727767
2,1,2,1,0,9000.0,0,1,0,upper class,0.4876152902483951
2,1,0,0,0,14000.0,1,1,0,working class,0.1853336147606677
2,1,0,0,0,12000.0,1,1,0,upper class,0.6062649561711828
3,0,0,0,0,14000.0,1,1,0,upper class,
0,0,0,0,0,15000.0,0,1,1,working class,0.4085902360965293
0,0,0,0,0,18000.0,1,1,0,middle class,0.6249809168792333
3,0,0,0,0,10000.0,0,1,1,upper class,0.6095431989409578
3,2,5,3,1,6000.0,0,1,0,upper class,0.6465297264942811
2,1,2,1,0,7000.0,0,0,0,upper class,0.7281988113253196
2,2,1,9,0,9000.0,0,0,0,middle class,0.4266129328847592
0,0,0,0,0,7000.0,0,1,0,upper class,0.4693514628560762
2,2,5,2,0,8000.0,1,1,0,upper class,0.6874928008429386
1,1,0,1,0,12000.0,0,0,1,poverty,0.5225219977867602
3,1,0,0,0,11000.0,0,1,0,upper class,0.6353269734201827
0,0,0,0,0,7000.0,0,1,0,poverty,0.3507586259917119
1,1,1,0,0,13000.0,0,0,1,working class,0.4486882510438408
0,0,0,0,0,12000.0,1,1,0,middle class,0.2776304436538508
1,1,0,1,0,15000.0,1,0,0,poverty,0.3836140804227317
2,2,4,4,0,9000.0,0,0,0,middle class,0.5461994612154668
0,0,0,0,0,11000.0,0,1,1,working class,0.3613318581329491
0,0,0,0,0,10000.0,0,0,1,poverty,0.2275536836669774
1,1,0,0,0,13000.0,0,1,0,working class,0.6867949983714885
3,1,2,2,0,9000.0,0,1,0,upper class,0.666940244836433
1,1,0,1,0,17000.0,0,1,0,working class,0.3500685211361733
1,1,0,1,1,8000.0,1,1,0,upper class,0.5620592676160164
3,2,0,3,1,12000.0,0,0,0,upper class,0.6624382802068757
1,1,0,2,1,10000.0,0,0,0,working class,0.5059182300320118
0,0,0,0,0,13000.0,0,0,1,poverty,0.2457399176525432
2,2,0,9,2,12000.0,0,1,0,upper class,0.6514777105115379
0,0,0,0,0,12000.0,1,1,0,working class,0.3771441874277573
0,0,0,0,0,17000.0,0,0,1,middle class,0.3840554262356353
3,3,2,2,1,11000.0,1,1,0,upper class,0.5152774932024549
0,0,0,0,0,15000.0,0,0,1,poverty,
2,1,2,1,0,13000.0,1,1,1,upper class,0.6056771604160297
2,2,1,7,0,10000.0,0,1,0,upper class,0.6081745188043152
2,0,0,0,0,12000.0,0,1,1,upper class,0.6377499969959002
1,1,0,5,0,11000.0,0,1,0,upper class,
2,2,1,5,0,7000.0,0,1,0,upper class,0.481233804932597
1,1,0,1,1,11000.0,1,1,0,middle class,0.5671296948261138
1,1,1,0,0,13000.0,0,1,0,middle class,0.6575450568373521
1,1,1,2,0,11000.0,1,0,0,middle class,0.4633341165020996
3,3,0,6,0,10000.0,0,1,0,upper class,0.4099015796951398
1,0,0,0,0,8000.0,0,0,1,middle class,0.6237900769375626
1,1,0,0,0,14000.0,0,1,0,middle class,0.6811481136521422
0,0,0,0,0,11000.0,0,1,0,working class,0.5013713614016168
0,0,0,0,0,15000.0,0,1,1,poverty,0.196580683690525
3,3,1,5,1,9000.0,1,1,0,upper class,0.5755602108751551
0,0,0,0,0,14000.0,0,0,1,working class,0.4715380236955649
1,1,1,1,0,14000.0,0,1,0,middle class,0.5861360604483771
1,1,1,3,0,12000.0,1,1,1,upper class,0.6754406974300349
2,0,0,0,0,8000.0,0,1,1,upper class,0.6207307927876982
2,2,6,2,2,11000.0,0,1,0,upper class,0.5650533271502788
3,0,0,0,0,10000.0,1,1,0,upper class,0.7403233056364579
2,1,2,1,2,11000.0,0,1,0,middle class,0.5804717515794329
2,1,1,3,1,10000.0,0,1,0,middle class,
2,2,4,6,2,9000.0,0,1,0,working class,0.4704665936904266
3,3,0,0,2,14000.0,0,1,0,upper class,0.6843084001191895
2,1,1,1,0,13000.0,1,1,0,upper class,0.5515933043764039
0,0,0,0,0,9000.0,0,0,1,working class,0.4540926707599216
2,2,3,2,0,13000.0,0,1,0,upper class,0.6641891015620235
0,0,0,0,0,12000.0,0,1,1,poverty,0.3108475813289624
0,0,0,0,0,11000.0,0,0,0,poverty,
3,1,1,0,0,12000.0,0,1,0,upper class,0.5978510844277737
2,2,0,4,1,7000.0,1,1,0,upper class,0.5045698916727219
3,0,0,0,0,12000.0,1,1,0,upper class,0.5183450827189473
2,2,0,0,0,14000.0,0,1,0,upper class,0.5832958365331581
2,1,2,1,0,12000.0,0,1,0,upper class,0.7200874460428613
1,1,3,3,0,7000.0,0,0,0,poverty,0.6002465292424253
1,1,0,2,1,11000.0,0,1,1,middle class,0.4977088999668306
0,0,0,0,0,14000.0,0,0,1,poverty,
3,3,2,13,1,7000.0,1,1,0,upper class,
0,0,0,0,0,14000.0,0,0,1,working class,
3,2,7,4,1,10000.0,1,1,0,upper class,0.3144599834469865
0,0,0,0,0,13000.0,0,1,1,working class,0.3161664618349704
0,0,0,0,0,13000.0,0,0,1,poverty,0.3082204398310873
1,0,0,0,0,13000.0,1,1,0,middle class,0.5822555143238901
2,0,0,0,0,6000.0,0,0,1,working class,0.3230986555294417
2,2,5,5,0,12000.0,0,1,0,middle class,0.5272677134348829
0,0,0,0,0,11000.0,0,1,1,upper class,0.7387365848026437
2,2,3,1,0,10000.0,0,1,0,upper class,0.5628766176819733
0,0,0,0,0,14000.0,0,1,1,working class,0.6578040520558444
0,0,0,0,0,9000.0,0,0,1,poverty,0.5135702694991496
1,0,0,0,0,14000.0,0,1,1,middle class,0.4809742536849557
1,0,0,0,0,15000.0,0,1,0,middle class,0.4974447856527828
0,0,0,0,0,7000.0,0,1,0,middle class,0.5421766916223107
0,0,0,0,0,9000.0,0,0,1,poverty,0.3547285539804473
1,1,2,3,1,9000.0,0,1,0,working class,0.2881664672395424
3,1,2,1,0,14000.0,0,1,0,upper class,0.4454055686003449
2,2,3,5,0,8000.0,1,1,0,upper class,0.5503647277916662
1,1,1,0,0,11000.0,0,0,0,working class,0.4250601733588461
2,2,0,0,2,11000.0,1,1,0,upper class,0.6216551427948755
0,0,0,0,0,11000.0,0,1,1,middle class,0.522834109859868
3,3,1,4,0,14000.0,1,1,0,upper class,0.6931800347068969
2,2,1,5,0,10000.0,1,1,0,middle class,0.622640063013135
3,3,8,3,0,13000.0,1,1,0,upper class,0.5739688765741837
2,2,4,2,1,8000.0,0,1,0,upper class,0.5466866988069963
2,1,3,1,0,12000.0,0,0,0,middle class,0.570127445996026
2,2,3,3,1,11000.0,0,1,0,upper class,0.6069875300207482
2,2,2,5,0,12000.0,1,1,0,upper class,0.7228069444299715
3,1,0,0,1,13000.0,1,1,0,upper class,0.6854959050234728
1,1,0,0,1,11000.0,0,1,0,working class,0.3990621047256103
3,1,1,1,0,10000.0,1,0,0,upper class,0.5910989151873356
1,1,0,1,0,10000.0,0,1,0,middle class,
2,2,3,3,1,7000.0,0,1,0,working class,0.4919497683527119
2,2,4,6,1,12000.0,1,1,0,upper class,0.5430384303733916
3,3,1,4,3,5000.0,0,1,0,upper class,
3,2,1,1,0,10000.0,0,1,0,upper class,0.3883294126398464
1,1,0,1,0,12000.0,1,1,0,working class,0.4980538083280816
3,3,4,5,0,11000.0,0,1,0,upper class,0.606835028756197
2,2,2,3,1,12000.0,0,1,0,middle class,0.6067334199289113
1,1,2,1,0,11000.0,0,1,0,middle class,
2,1,0,0,1,13000.0,0,1,0,upper class,
1,1,2,2,0,10000.0,0,0,1,upper class,0.5043915324742732
1,0,0,0,0,10000.0,0,0,1,working class,
3,3,5,3,0,13000.0,0,1,0,upper class,0.5452234138072727
0,0,0,0,0,10000.0,0,0,1,poverty,0.3719807005181177
2,1,0,1,0,8000.0,0,1,0,poverty,
1,0,0,0,0,12000.0,0,0,1,working class,0.4726751736932563
0,0,0,0,0,19000.0,0,0,1,poverty,0.3260288993113341
2,2,1,1,0,11000.0,0,1,0,upper class,0.5298649623852705
2,2,0,3,0,11000.0,0,1,0,middle class,0.3940178472726093
0,0,0,0,0,13000.0,0,0,1,poverty,0.4404396695602368
2,1,3,0,0,9000.0,1,1,0,middle class,0.6080560740690575
0,0,0,0,0,10000.0,0,0,1,poverty,0.2157278264088223
0,0,0,0,0,14000.0,0,0,1,working class,0.3275908244575751
1,0,0,0,0,12000.0,0,1,0,poverty,0.3176973711610151
1,1,1,1,1,12000.0,0,1,0,upper class,0.7764554390782819
2,2,2,1,0,11000.0,0,1,0,upper class,0.5454437446082123
0,0,0,0,0,10000.0,0,0,1,poverty,0.3269877087775192
1,0,0,0,0,11000.0,0,1,1,middle class,0.4928181363365424
3,3,4,2,0,15000.0,1,0,0,upper class,0.6299848044740747
2,1,0,2,0,9000.0,0,0,0,middle class,0.5447521777586471
1,1,1,0,0,11000.0,0,0,0,poverty,0.3942650149428709
2,2,0,1,0,13000.0,0,0,0,working class,0.4183048565105679
1,1,2,1,0,11000.0,0,0,1,upper class,0.7646900997648359
2,0,0,0,0,10000.0,0,1,0,upper class,0.6966010337271471
2,2,2,2,0,10000.0,0,1,0,upper class,0.6321993849634755
2,1,0,2,0,11000.0,0,1,0,upper class,0.6031632370958914
2,1,0,3,0,12000.0,0,1,1,upper class,0.5245211285285368
0,0,0,0,0,11000.0,0,0,1,middle class,0.5087644219573085
2,2,2,2,2,12000.0,0,1,0,upper class,
1,1,1,0,0,15000.0,0,1,1,middle class,0.5478432125011079
2,2,4,8,3,9000.0,0,0,1,poverty,0.4070005307400174
2,2,5,1,0,12000.0,0,0,0,upper class,0.7641171567990139
1,0,0,0,0,13000.0,0,1,1,working class,0.3373787641557072
1,0,0,0,0,10000.0,0,1,1,working class,0.4616897166171542
2,2,3,3,1,11000.0,1,1,0,upper class,0.5586102096002697
1,0,0,0,0,10000.0,0,1,0,upper class,0.6379102144121085
3,3,3,4,1,12000.0,0,0,0,upper class,0.6082079204337881
3,1,2,2,0,7000.0,1,1,0,upper class,
0,0,0,0,0,11000.0,0,0,1,poverty,0.3904928315382309
2,2,1,1,0,10000.0,1,1,1,upper class,0.5829590446374744
0,0,0,0,0,10000.0,0,1,1,poverty,0.3528605617419292
3,3,5,4,1,12000.0,0,1,0,upper class,0.7180679557502564
2,2,2,6,1,12000.0,0,0,0,poverty,0.3420137297724536
1,1,0,2,0,13000.0,0,1,0,middle class,
0,0,0,0,0,11000.0,0,0,1,working class,
3,1,1,3,0,12000.0,0,0,1,upper class,0.5744303378575564
3,3,5,3,1,10000.0,0,0,0,upper class,0.5837375306849749
3,3,6,6,1,8000.0,0,1,0,middle class,0.1995862649955144
0,0,0,0,0,13000.0,0,1,1,poverty,0.3485104683249054
2,2,0,0,0,15000.0,0,1,0,working class,0.3763609329888923
1,1,0,2,0,18000.0,0,0,0,working class,0.4546562937959736
1,1,0,0,0,16000.0,0,0,0,poverty,0.2543928838634379
0,0,0,0,0,14000.0,0,0,1,poverty,0.4301725188324181
2,2,0,5,0,10000.0,0,0,0,upper class,0.5859101362400143
2,2,2,1,1,14000.0,0,1,0,middle class,0.5000798154654826
1,1,0,0,0,12000.0,1,1,0,upper class,
0,0,0,0,0,12000.0,0,1,1,poverty,0.4425234857699696
2,1,4,2,0,12000.0,0,1,0,middle class,
0,0,0,0,0,17000.0,0,0,1,poverty,0.2983002002798249
2,0,0,0,0,14000.0,1,1,0,upper class,0.5635661989200738
1,1,0,1,1,12000.0,0,1,0,middle class,0.5528557246369896
1,1,0,1,0,13000.0,0,1,1,middle class,0.4849151408745666
0,0,0,0,0,12000.0,0,0,1,working class,
0,0,0,0,0,13000.0,0,0,1,poverty,0.2052827746067424
0,0,0,0,0,12000.0,0,0,0,poverty,0.2412935569513577
2,1,1,1,0,12000.0,1,1,0,middle class,0.6200389582828856
0,0,0,0,0,14000.0,0,1,1,poverty,0.3042562428251973
2,2,4,5,1,10000.0,1,1,0,upper class,0.6608490340692316
1,1,1,1,0,12000.0,0,1,1,middle class,
1,1,1,2,0,7000.0,0,1,0,middle class,
2,2,0,1,0,11000.0,1,1,0,upper class,0.6135322636094647
2,2,1,1,2,4000.0,0,0,0,upper class,
2,2,1,2,0,9000.0,1,1,0,upper class,0.6831496294142616
0,0,0,0,0,14000.0,1,1,0,middle class,
0,0,0,0,0,12000.0,0,0,1,poverty,
2,2,0,3,1,12000.0,0,0,0,upper class,0.553308152582268
1,1,0,3,1,8000.0,0,1,1,poverty,0.1428568741606682
0,0,0,0,0,14000.0,0,1,1,working class,0.5689042718463312
3,2,0,4,2,14000.0,0,1,0,upper class,0.4856727576949824
2,1,0,2,1,10000.0,0,0,0,upper class,0.6793754625742531
2,1,4,1,0,12000.0,1,1,0,upper class,0.5282959648021781
1,0,0,0,0,17000.0,0,1,1,working class,0.4694285820819799
0,0,0,0,0,15000.0,0,1,0,working class,0.1966518580351812
0,0,0,0,0,14000.0,0,1,0,poverty,0.4074307626863781
2,2,0,1,0,11000.0,0,1,1,middle class,0.4344065093807981
0,0,0,0,0,14000.0,0,0,1,working class,0.4547714598756744
0,0,0,0,0,10000.0,1,1,0,middle class,
2,2,0,4,0,14000.0,1,1,0,upper class,0.5371232990680931
3,2,1,3,1,9000.0,0,1,0,upper class,0.6340212804612396
0,0,0,0,0,16000.0,0,0,1,poverty,0.3376774662073182
0,0,0,0,0,12000.0,0,0,1,poverty,0.3978857195047106
1,1,0,1,0,13000.0,0,0,1,poverty,
3,3,0,10,0,12000.0,0,0,0,upper class,0.6111742157695501
0,0,0,0,0,16000.0,0,1,1,poverty,0.4061774183487175
2,1,0,2,1,8000.0,0,1,0,upper class,0.5932952607036057
1,1,2,3,0,12000.0,0,0,0,middle class,
0,0,0,0,0,8000.0,0,0,1,working class,0.4310118692564083
2,2,4,3,1,7000.0,0,1,0,upper class,0.6606202402761614
0,0,0,0,0,16000.0,0,0,1,poverty,0.3597423112305584
3,0,0,0,0,10000.0,1,0,0,upper class,0.6952752089780221
3,0,0,0,0,12000.0,0,1,0,upper class,0.5537761327931844
3,0,0,0,0,10000.0,1,1,0,upper class,0.8012142311019844
2,2,0,7,1,12000.0,0,0,1,upper class,0.8456270968062706
0,0,0,0,0,14000.0,1,1,1,middle class,0.613793495440892
2,2,2,3,1,12000.0,0,0,1,middle class,0.4748507882647603
1,0,0,0,0,12000.0,0,0,0,middle class,0.5121611533628815
0,0,0,0,0,15000.0,0,1,0,poverty,0.4921613731854921
3,3,3,1,0,15000.0,1,1,0,upper class,0.5570043831736404
3,1,5,2,0,7000.0,1,1,0,upper class,0.6855793795050787
2,2,0,3,0,12000.0,0,1,0,upper class,
1,1,3,0,1,11000.0,0,0,0,middle class,0.4472392183805535
1,1,1,0,0,12000.0,0,0,0,working class,0.3626070571005141
0,0,0,0,0,15000.0,0,0,1,poverty,0.3311444080390952
2,0,0,0,0,7000.0,0,1,1,upper class,0.6665708808245926
2,1,2,2,0,12000.0,0,1,0,upper class,0.7597218689925157
1,1,1,6,1,9000.0,0,1,0,poverty,0.3554484102410427
0,0,0,0,0,9000.0,0,1,1,middle class,0.4911714317868657
1,1,3,1,0,11000.0,0,0,1,poverty,0.5090413982006466
2,1,0,1,0,15000.0,1,1,0,middle class,0.5727872533240705
0,0,0,0,0,10000.0,0,1,1,working class,
1,0,0,0,0,12000.0,0,1,1,poverty,0.1702452857312173
1,0,0,0,0,16000.0,1,1,0,working class,0.6231426423796359
2,0,0,0,0,12000.0,0,1,1,middle class,0.5535588872675963
0,0,0,0,0,13000.0,0,0,0,working class,0.4555194990814978
2,2,4,0,0,16000.0,1,0,0,middle class,0.5543950016032893
0,0,0,0,0,13000.0,0,1,1,poverty,0.2544700935636953
2,2,3,1,0,18000.0,0,0,1,working class,0.397751130243592
3,1,1,2,0,8000.0,0,1,0,upper class,
2,2,6,3,0,11000.0,1,1,0,upper class,0.6675682172147324
3,0,0,0,0,10000.0,1,1,0,upper class,0.6063061374642535
0,0,0,0,0,9000.0,0,0,1,poverty,0.3909633860367781
2,2,5,2,0,10000.0,1,1,0,upper class,0.5636298303010419
1,1,1,0,1,16000.0,0,0,0,middle class,0.5051272639867151
2,1,1,2,0,15000.0,1,1,0,upper class,
2,2,2,1,2,12000.0,0,1,0,middle class,0.5883010090816301
3,3,3,4,1,17000.0,1,0,0,upper class,0.5505629540058324
0,0,0,0,0,12000.0,0,1,1,working class,0.355992241229828
0,0,0,0,0,12000.0,0,0,1,poverty,0.3035289246474821
3,3,4,10,1,8000.0,1,1,0,upper class,0.6082481234143344
2,2,4,1,0,11000.0,1,1,0,upper class,0.5656002831268322
1,1,0,2,1,13000.0,0,1,1,working class,0.2837396402134595
3,3,5,4,0,9000.0,0,1,0,upper class,0.6563811456013456
0,0,0,0,0,14000.0,0,1,1,working class,0.4025785640861608
3,3,4,4,1,11000.0,1,1,0,upper class,0.6877893170484483
2,2,3,4,0,15000.0,1,1,0,upper class,
3,3,4,10,3,6000.0,1,1,0,upper class,0.5658647797711369
2,2,2,6,2,6000.0,1,1,0,middle class,0.5074746711773291
1,1,0,1,1,9000.0,0,1,1,upper class,0.6477397119577972
2,2,3,2,1,10000.0,0,1,0,upper class,0.7146041051611214
1,1,0,0,1,10000.0,1,1,0,middle class,0.5876351706646832
1,1,0,1,0,13000.0,0,1,1,working class,0.3276972993667342
0,0,0,0,0,13000.0,0,0,1,poverty,0.3457415848717494
1,1,0,5,1,12000.0,1,1,0,middle class,0.4646190914516829
3,2,3,2,0,9000.0,0,1,0,upper class,0.5704282195243078
2,2,1,3,0,9000.0,0,0,0,middle class,0.5461243165310067
1,0,0,0,0,15000.0,0,1,1,poverty,0.4541773038411031
1,0,0,0,0,15000.0,0,0,1,working class,0.4852303649056671
2,2,5,4,0,9000.0,0,1,0,upper class,0.6952148312049189
0,0,0,0,0,17000.0,0,0,1,poverty,0.3060569212575669
2,2,2,4,0,13000.0,0,1,0,upper class,0.6527368124494255
1,1,0,2,0,12000.0,0,1,1,working class,0.4365877926342473
1,1,0,1,0,16000.0,1,1,0,middle class,0.6303208291323615
1,1,2,3,0,14000.0,0,1,0,poverty,0.3070550976960573
3,0,0,0,0,8000.0,0,1,1,upper class,0.5980895336803876
1,1,0,2,0,15000.0,1,1,0,middle class,0.405846593806807
2,2,0,0,1,12000.0,0,1,0,upper class,0.5757451296405501
1,0,0,0,0,13000.0,1,1,0,upper class,0.6183002944413831
3,1,1,3,1,11000.0,1,1,0,middle class,0.5839314559764571
0,0,0,0,0,15000.0,1,0,1,middle class,0.5730305069553552
2,2,1,3,0,11000.0,1,1,0,upper class,0.7439687621339224
1,1,0,1,0,9000.0,0,0,0,poverty,0.3187556952308137
0,0,0,0,0,11000.0,0,1,1,middle class,0.6855670948359924
2,2,6,0,0,13000.0,0,1,0,upper class,0.7484736559983464
1,1,0,3,2,11000.0,0,0,0,upper class,0.6355599395913655
1,0,0,0,0,11000.0,0,0,0,poverty,0.3406862555323136
2,2,1,1,0,11000.0,1,1,0,working class,0.4647727031848582
3,0,0,0,0,16000.0,0,0,1,upper class,0.5387208204393835
2,2,0,2,1,12000.0,0,1,0,working class,0.3740604475477269
2,2,2,3,0,9000.0,1,1,0,middle class,0.5795819505506645
2,2,1,3,0,16000.0,0,1,0,middle class,0.5216370293764842
1,1,2,1,0,13000.0,1,0,1,middle class,
3,1,0,2,0,9000.0,1,1,0,upper class,0.3995310114066084
0,0,0,0,0,11000.0,0,1,0,upper class,0.711130247514043
2,2,4,3,2,12000.0,0,1,0,upper class,0.6810789500454674
2,2,3,4,3,10000.0,1,0,0,upper class,0.6172238033115515
0,0,0,0,0,13000.0,0,0,1,poverty,0.3449080748268442
1,1,0,1,0,8000.0,0,1,0,upper class,0.5431775519517923
3,3,2,5,0,9000.0,1,1,0,upper class,0.5832612783680788
1,1,0,0,1,11000.0,0,0,0,upper class,
3,3,2,4,1,12000.0,1,1,0,upper class,0.7079048188214504
0,0,0,0,0,11000.0,1,0,1,poverty,0.3086760491529937
1,1,0,2,1,14000.0,0,1,0,middle class,0.4532261163998474
1,1,1,0,0,10000.0,0,0,0,middle class,0.6680436827403672
0,0,0,0,0,13000.0,1,1,1,working class,0.4237711447220497
3,1,1,3,0,7000.0,0,1,0,upper class,0.4779624315482342
2,2,2,2,0,14000.0,0,1,0,upper class,0.6165145855943818
0,0,0,0,0,18000.0,0,1,1,poverty,0.1541351795574787
2,2,0,1,0,9000.0,1,1,0,upper class,0.5426376550206501
2,0,0,0,0,13000.0,0,1,0,upper class,0.7976152776255272
2,2,1,3,1,12000.0,0,1,0,middle class,0.5752234865821753
1,1,0,1,0,8000.0,0,1,0,poverty,0.3763502094705643
1,1,1,1,0,15000.0,0,1,1,poverty,0.2539444112229153
1,1,0,2,1,13000.0,0,0,1,working class,0.3978853338946178
1,1,3,0,0,14000.0,0,0,1,poverty,
2,2,3,2,0,16000.0,0,0,0,middle class,0.4760755481035748
1,1,0,1,0,11000.0,0,1,1,middle class,0.3413656943911265
3,0,0,0,0,7000.0,0,1,1,middle class,0.6742126938809867
0,0,0,0,0,12000.0,1,1,0,working class,0.4556299715795965
1,1,1,0,1,8000.0,1,1,0,upper class,0.647036115942897
1,1,3,2,0,12000.0,1,1,0,middle class,0.5551939776516457
2,2,2,7,1,5000.0,0,1,0,middle class,0.5131929341910539
2,2,0,3,0,11000.0,0,0,0,upper class,0.5682407176327693
2,2,2,0,0,14000.0,0,1,0,working class,0.3331783936397684
2,1,0,0,1,5000.0,0,0,1,upper class,0.5392138269084618
3,0,0,0,0,12000.0,1,1,0,upper class,0.6018126779616341
3,3,0,3,1,12000.0,0,1,1,upper class,0.3630724927822561
2,2,0,1,0,14000.0,0,1,0,middle class,0.545089952761571
2,1,0,0,0,14000.0,0,0,1,poverty,0.3582560449825787
2,2,5,6,0,8000.0,1,1,0,upper class,0.5935481774271312
2,2,1,3,0,11000.0,0,1,0,upper class,0.6380148539874897
2,1,0,1,1,8000.0,0,0,0,poverty,0.2893073879601041
1,1,0,1,0,15000.0,0,0,1,working class,0.5799385856829034
0,0,0,0,0,14000.0,1,1,1,working class,
1,1,1,0,1,11000.0,1,1,0,middle class,0.4137739689907644
1,0,0,0,0,6000.0,0,1,1,middle class,0.3921298915339043
3,1,0,1,0,12000.0,0,1,0,upper class,0.5576866532602021
3,3,4,9,0,12000.0,0,1,0,upper class,0.6541771817285776
0,0,0,0,0,12000.0,0,0,1,poverty,0.2652885371930958
1,0,0,0,0,8000.0,1,1,0,upper class,0.5797370090434051
0,0,0,0,0,11000.0,0,0,1,poverty,0.3524113564969917
1,1,0,1,1,13000.0,0,0,0,poverty,0.3674159775277167
2,2,0,0,0,16000.0,1,1,0,upper class,0.5231534917481532
0,0,0,0,0,12000.0,0,1,1,poverty,0.3243896616360899
3,0,0,0,0,10000.0,0,1,0,upper class,0.522308261261471
0,0,0,0,0,16000.0,0,0,1,poverty,0.5892026667509174
0,0,0,0,0,14000.0,0,1,1,working class,0.3828274809687304
0,0,0,0,0,12000.0,0,1,0,poverty,0.2180558125783903
2,2,2,6,0,9000.0,0,1,1,middle class,0.5724357121716819
0,0,0,0,0,9000.0,0,1,0,poverty,
1,1,1,1,0,11000.0,0,0,0,working class,0.3820266609685973
1,1,1,5,0,6000.0,1,0,0,upper class,0.4595544325174388
1,1,1,2,0,11000.0,0,1,0,upper class,0.4724089205532677
1,1,0,1,0,12000.0,0,0,1,working class,0.4691488744590532
1,1,0,3,0,12000.0,0,1,1,upper class,0.4955551858020328
3,1,0,1,1,10000.0,0,1,0,upper class,0.615268901119859
2,2,0,5,0,10000.0,0,0,0,poverty,
0,0,0,0,0,13000.0,0,1,1,middle class,0.5250778544124233
1,1,0,2,0,9000.0,0,0,0,poverty,0.4728683213157021
1,1,0,0,0,12000.0,1,1,0,upper class,0.7312594762628961
1,1,0,2,0,13000.0,0,1,0,middle class,0.4075471513781581
2,2,3,3,1,10000.0,1,1,0,middle class,0.3947330860408181
3,1,1,1,1,10000.0,0,1,0,middle class,0.6212693959586079
3,1,4,2,0,9000.0,0,1,0,upper class,0.4887111046934922
1,1,0,2,0,11000.0,0,0,1,middle class,0.5050324631686071
0,0,0,0,0,10000.0,1,1,0,working class,0.5336166248933796
0,0,0,0,0,15000.0,0,1,0,poverty,0.3729905825054102
1,0,0,0,0,15000.0,1,1,0,upper class,0.7124443067499009
0,0,0,0,0,12000.0,0,1,0,middle class,0.5668311217565926
1,1,0,2,0,13000.0,1,1,0,middle class,0.4631298696568432
0,0,0,0,0,13000.0,0,1,1,middle class,0.4031187478227301
1,1,0,0,2,12000.0,0,1,0,middle class,0.7254912502311535
0,0,0,0,0,12000.0,0,1,0,working class,
2,2,0,1,0,13000.0,0,1,0,middle class,0.6428083488556897
3,0,0,0,0,15000.0,1,1,0,upper class,0.529341745353105
2,1,3,5,0,7000.0,1,1,0,upper class,0.5584527325845159
2,2,1,0,0,13000.0,1,1,0,upper class,0.561554377080833
0,0,0,0,0,13000.0,0,0,1,poverty,0.4999499112302965
1,0,0,0,0,13000.0,0,1,1,working class,0.4356390669963485
3,3,1,0,0,19000.0,1,1,0,upper class,0.6393590227883027
1,0,0,0,0,14000.0,0,0,1,working class,
2,0,0,0,0,14000.0,1,1,0,middle class,0.4559494824210867
3,0,0,0,0,10000.0,1,1,0,upper class,0.6326203241626039
1,1,1,1,0,17000.0,0,0,0,working class,0.4894506956168617
0,0,0,0,0,7000.0,0,1,1,middle class,0.2906223251969785
3,2,1,0,0,10000.0,0,1,0,upper class,0.7241955103170054
0,0,0,0,0,15000.0,0,1,1,middle class,0.6978280154019372
0,0,0,0,0,12000.0,0,1,1,poverty,0.3487762969844098
3,2,2,3,0,10000.0,0,1,0,upper class,0.5745601199336416
1,1,1,2,0,13000.0,0,1,1,upper class,0.7580551774843504
2,2,1,1,0,12000.0,0,1,0,upper class,0.6250413249606896
0,0,0,0,0,12000.0,0,0,1,poverty,0.4128507805979658
2,2,1,0,2,13000.0,0,1,0,upper class,0.6405696960591507
1,1,3,1,0,8000.0,0,1,0,working class,0.3737428531911823
0,0,0,0,0,16000.0,0,0,1,working class,0.3114582357707357
2,2,1,5,1,8000.0,1,1,0,upper class,0.6271623552865446
0,0,0,0,0,12000.0,0,1,1,working class,0.4192330497534948
0,0,0,0,0,11000.0,1,1,0,upper class,0.5735998414233406
1,1,1,0,0,14000.0,0,0,0,upper class,0.7180500037016229
1,1,0,3,0,11000.0,0,0,1,poverty,
0,0,0,0,0,12000.0,0,1,0,middle class,0.4452397305357933
3,0,0,0,0,9000.0,0,1,0,upper class,0.6040143143469311
2,2,1,5,2,12000.0,0,1,0,working class,0.3684660188079731
1,1,0,0,0,12000.0,0,1,0,working class,0.4362970860949016
1,1,4,2,0,12000.0,0,0,0,poverty,0.3133433098588541
3,0,0,0,0,11000.0,1,1,0,upper class,0.6001310093299637
2,2,0,0,1,13000.0,0,0,1,upper class,0.7039910851555973
2,2,5,0,0,11000.0,1,1,0,upper class,0.6258479108755962
1,0,0,0,0,5000.0,0,0,1,working class,0.3169549856454914
1,1,0,0,0,13000.0,0,1,0,poverty,0.4978181078554071
2,1,0,2,0,8000.0,0,0,0,middle class,0.4692976564095875
3,3,6,8,0,7000.0,0,1,0,upper class,0.6896413340803383
0,0,0,0,0,17000.0,0,1,1,poverty,
2,2,4,4,1,12000.0,1,0,0,middle class,0.4090419121576007
2,1,3,1,0,11000.0,0,1,0,middle class,0.5326129835682918
1,1,0,0,0,10000.0,1,1,0,upper class,
2,2,2,0,2,11000.0,1,1,0,upper class,0.7655869449206536
1,1,1,3,0,11000.0,0,0,1,poverty,0.3384209773917692
3,3,8,9,0,6000.0,1,1,0,upper class,0.7885664331293374
1,0,0,0,0,12000.0,0,1,1,middle class,0.5580379199417775
3,3,6,4,0,10000.0,0,1,0,upper class,0.4762108230923552
0,0,0,0,0,14000.0,0,0,1,poverty,0.3505557155422572
3,2,3,3,0,12000.0,0,1,0,upper class,
0,0,0,0,0,14000.0,0,1,1,working class,0.5060336130247308
2,2,0,5,0,8000.0,1,1,0,middle class,0.4917950386862773
1,1,0,0,0,10000.0,0,1,0,upper class,0.6997710983149215
0,0,0,0,0,15000.0,0,1,1,poverty,0.2367749959616055
1,1,0,1,0,12000.0,0,1,0,working class,0.3774203905415542
2,2,1,0,0,14000.0,1,0,0,working class,0.4196007692453413
1,1,2,1,0,9000.0,0,0,0,poverty,0.123977548630641
1,1,1,1,0,10000.0,1,1,0,upper class,0.6453992259248305
1,1,2,1,0,12000.0,0,1,0,poverty,0.4237378641698245
0,0,0,0,0,10000.0,0,1,1,poverty,0.3629215326623253
0,0,0,0,0,12000.0,0,1,0,working class,0.4926039647553179
2,2,2,1,0,13000.0,0,0,0,middle class,0.601822301869865
1,1,2,0,0,12000.0,1,1,0,middle class,0.6062550323138055
1,0,0,0,0,10000.0,0,1,1,working class,0.4028825434043423
0,0,0,0,0,15000.0,1,0,1,middle class,0.5353128388192372
2,0,0,0,0,11000.0,0,0,1,middle class,0.4839548732891249
3,3,7,7,2,8000.0,1,1,0,upper class,0.4225679672628089
2,0,0,0,0,9000.0,0,1,1,poverty,0.2377429797670804
2,1,1,1,1,11000.0,1,1,0,upper class,0.8163355504321163
0,0,0,0,0,14000.0,0,1,1,poverty,0.3829853698679646
2,1,0,0,1,14000.0,1,0,0,upper class,0.7182464696448215
3,0,0,0,0,7000.0,0,1,1,upper class,0.6327218261481451
2,1,2,0,0,14000.0,0,1,0,upper class,0.5742174527670603
0,0,0,0,0,13000.0,0,0,1,poverty,0.3907628569968647
0,0,0,0,0,11000.0,0,0,1,poverty,0.0533575454627435
3,2,2,1,0,13000.0,0,1,0,upper class,0.4918327606370408
2,2,2,3,0,12000.0,0,1,0,upper class,0.4517771757837985
1,0,0,0,0,13000.0,1,0,1,poverty,0.3856329585067835
1,1,1,5,0,13000.0,0,1,1,middle class,
2,0,0,0,0,10000.0,0,1,1,middle class,0.6558041770375599
2,2,1,3,0,12000.0,0,1,0,middle class,0.6308423358739552
0,0,0,0,0,7000.0,0,0,1,middle class,0.4930343494618846
3,1,1,0,0,12000.0,0,1,0,upper class,0.5254893642134176
1,1,2,1,0,12000.0,1,0,0,middle class,
1,1,0,0,0,11000.0,1,1,0,upper class,0.6304263342185482
0,0,0,0,0,13000.0,0,0,1,poverty,0.4730887680061617
2,2,2,0,0,14000.0,0,0,0,working class,0.5958371735450096
1,0,0,0,0,14000.0,0,0,1,poverty,0.3560925928410373
3,3,2,3,1,7000.0,1,1,0,upper class,0.470541767873757
2,2,1,1,0,11000.0,0,1,0,upper class,
0,0,0,0,0,12000.0,1,1,0,middle class,0.5999885146956511
3,3,4,2,0,11000.0,1,1,0,upper class,0.7146856523438829
3,3,1,5,1,12000.0,0,1,0,upper class,0.6341607287829374
2,1,0,4,0,13000.0,0,1,0,working class,0.4411041307313577
3,1,0,1,0,10000.0,1,1,0,upper class,0.7246438662273011
3,3,2,7,0,12000.0,0,0,0,working class,0.4919249368588813
2,2,0,6,1,8000.0,1,1,0,upper class,0.6277294055932903
3,0,0,0,0,4000.0,0,1,0,upper class,0.5851312984158576
2,2,3,0,0,13000.0,0,1,0,upper class,0.4316815860923179
2,2,1,0,1,17000.0,1,0,0,upper class,0.7071368241291672
3,0,0,0,0,12000.0,0,1,0,upper class,0.7019551732236028
1,1,3,2,0,11000.0,0,0,1,poverty,0.2625927481910242
2,2,3,2,0,12000.0,0,1,0,upper class,0.5828923586167308
3,3,3,7,0,8000.0,1,1,0,upper class,0.6590255213877537
2,1,0,1,0,12000.0,1,1,0,upper class,0.6495399151988311
0,0,0,0,0,16000.0,0,0,1,working class,0.3900668519222092
2,2,0,0,2,10000.0,0,1,0,upper class,0.7258759547550023
0,0,0,0,0,8000.0,0,1,1,working class,0.4016725835453395
2,2,6,6,0,10000.0,1,1,0,middle class,0.6101559992595543
2,2,1,0,0,15000.0,0,1,0,middle class,0.3552297444868037
0,0,0,0,0,13000.0,0,0,1,working class,0.5818195278168231
1,1,0,2,0,12000.0,0,1,0,working class,0.5682701951385463
2,0,0,0,0,12000.0,0,1,1,working class,0.2972676937492963
3,0,0,0,0,8000.0,0,1,1,upper class,0.5334791090547961
1,1,1,1,0,12000.0,0,1,1,middle class,0.6241214269114793
2,2,2,1,1,10000.0,1,1,0,upper class,0.6312359635092651
2,2,1,0,0,11000.0,0,0,0,poverty,
3,1,1,1,0,12000.0,0,1,0,upper class,0.7068968853141855
2,2,1,0,0,12000.0,0,1,0,upper class,0.4750576296457786
0,0,0,0,0,9000.0,0,0,0,working class,0.6524048542925068
2,0,0,0,0,14000.0,0,1,1,middle class,0.6025768346318514
0,0,0,0,0,13000.0,0,0,1,working class,0.399331859629261
1,1,1,2,0,14000.0,1,0,0,working class,0.3762875378405535
1,0,0,0,0,9000.0,0,1,1,middle class,0.5126081170171121
3,2,4,2,0,9000.0,1,1,0,upper class,0.5084533408694843
2,2,1,1,1,9000.0,0,1,0,upper class,0.4600415995270326
3,1,0,1,0,9000.0,0,1,0,upper class,0.6706215882714347
1,1,0,1,0,14000.0,1,1,0,upper class,0.5768240844559903
3,2,1,1,0,14000.0,0,1,0,middle class,0.411143781211444
3,3,1,1,0,7000.0,0,1,0,middle class,0.473658782390129
1,1,0,2,1,16000.0,0,1,1,upper class,0.7748838698842198
2,1,0,2,0,16000.0,1,0,1,working class,0.3797243465303907
2,2,5,3,0,11000.0,1,1,0,upper class,0.4696346809916029
1,1,5,0,0,13000.0,0,0,1,poverty,0.2885813295301705
3,0,0,0,0,18000.0,1,1,1,upper class,0.6428710808160226
1,1,0,0,0,11000.0,0,1,0,working class,
1,1,0,0,0,13000.0,0,0,1,poverty,0.313083578723112
0,0,0,0,0,16000.0,0,0,0,poverty,0.2493628096799179
2,1,0,2,0,13000.0,0,1,1,middle class,0.63594893814627
3,3,3,7,2,11000.0,0,1,0,middle class,
1,1,0,0,0,17000.0,1,1,0,upper class,0.5957286884093503
1,1,0,3,0,12000.0,1,1,0,upper class,0.6174977753217151
0,0,0,0,0,10000.0,0,1,1,middle class,0.4570728331773832
2,2,4,1,1,9000.0,1,1,0,middle class,0.5081736491042842
2,2,4,1,0,9000.0,0,1,0,working class,0.4933174043193682
2,0,0,0,0,7000.0,1,1,0,upper class,0.69300378701657
1,1,2,0,1,14000.0,1,1,0,upper class,
1,1,4,2,0,11000.0,0,1,0,middle class,
3,1,1,1,0,12000.0,1,1,0,upper class,0.6843528623537078
3,1,0,0,0,10000.0,1,1,0,upper class,0.6875783382024301
2,2,0,3,1,16000.0,0,0,0,working class,0.3493872235356677
2,2,2,2,0,11000.0,0,1,0,working class,0.3932963056890176
0,0,0,0,0,16000.0,0,0,1,poverty,0.6053845904364437
1,1,0,0,1,12000.0,0,0,1,working class,0.421470788840087
2,1,1,0,0,11000.0,0,1,0,working class,0.3591755604347796
1,0,0,0,0,14000.0,0,1,1,working class,0.3545723667998132
2,0,0,0,0,13000.0,0,0,1,middle class,0.4321300583604383
0,0,0,0,0,13000.0,0,0,1,working class,0.5123282848797849
0,0,0,0,0,10000.0,1,1,0,working class,
1,1,1,1,0,10000.0,1,0,0,upper class,0.5878164279910353
0,0,0,0,0,12000.0,0,1,1,middle class,0.6080659514401169
1,1,0,0,0,15000.0,0,1,0,middle class,0.5438368709450099
2,2,3,2,0,13000.0,0,1,0,working class,0.528478134136445
2,2,6,1,0,7000.0,1,1,0,upper class,
2,0,0,0,0,11000.0,1,1,0,upper class,0.5838536413430283
1,1,0,1,0,10000.0,0,1,0,upper class,0.576642413549302
1,1,1,1,0,14000.0,1,1,0,middle class,0.6076431032309679
0,0,0,0,0,12000.0,0,1,1,middle class,0.4665225387334632
3,3,3,2,0,14000.0,0,1,0,upper class,0.6113521669097227
2,2,1,1,0,11000.0,0,1,0,middle class,0.7159265369092279
1,1,1,2,0,11000.0,0,0,0,working class,0.4857759254136877
2,0,0,0,0,11000.0,1,1,1,upper class,0.8164725583058063
2,0,0,0,0,12000.0,0,1,0,working class,
3,3,2,3,2,17000.0,1,1,0,upper class,0.7198423257971679
1,1,1,0,0,12000.0,0,0,1,middle class,0.5619783574460144
0,0,0,0,0,10000.0,0,1,0,middle class,0.4061057835072124
1,0,0,0,0,14000.0,1,1,0,upper class,0.6291251206224056
0,0,0,0,0,12000.0,1,1,0,poverty,0.3100993634008328
1,1,5,0,1,16000.0,0,0,1,poverty,0.4412887875093094
1,0,0,0,0,16000.0,0,0,1,middle class,0.6247668180201081
1,1,0,3,0,7000.0,0,0,1,upper class,
2,2,1,5,1,12000.0,0,1,0,upper class,0.5382316145369773
1,1,0,0,1,16000.0,0,1,0,working class,0.4618607083307367
2,2,2,6,1,10000.0,0,1,0,working class,0.3257088395291581
1,1,1,1,0,12000.0,0,1,0,middle class,
2,2,1,3,0,12000.0,0,1,0,upper class,0.3426020227947669
1,1,0,3,1,12000.0,0,1,1,middle class,
3,3,3,3,0,12000.0,1,1,0,upper class,0.627282790779749
0,0,0,0,0,7000.0,0,0,1,poverty,0.3539233358292851
1,1,2,0,0,12000.0,0,1,0,working class,0.3368387192320729
1,0,0,0,0,8000.0,0,1,0,upper class,0.5013975339330701
0,0,0,0,0,13000.0,1,1,0,middle class,0.6859296356917879
2,2,2,0,0,12000.0,0,1,1,upper class,0.7934413374140356
2,1,0,0,0,12000.0,1,1,0,upper class,0.6945959774205787
3,3,4,3,2,12000.0,1,1,0,middle class,0.5790642583651154
2,0,0,0,0,12000.0,0,1,1,working class,0.4803057894369645
3,1,1,3,0,6000.0,1,1,0,upper class,0.5733039193659009
3,2,4,1,0,13000.0,0,1,0,upper class,0.5403093030297199
3,1,0,0,1,15000.0,1,1,0,upper class,0.550786240567428
1,1,0,0,0,13000.0,1,1,0,working class,0.4126790215583455
2,2,5,3,0,12000.0,0,1,0,middle class,0.4692112924855094
1,0,0,0,0,14000.0,0,1,0,poverty,
0,0,0,0,0,15000.0,0,0,1,poverty,0.3615365302867908
2,2,0,1,0,12000.0,0,1,0,middle class,0.4980226034854465
1,1,2,2,0,12000.0,0,1,0,poverty,0.3233952211549333
0,0,0,0,0,12000.0,0,0,1,poverty,0.209207438250117
2,2,1,1,0,10000.0,0,1,1,middle class,0.6587634686642284
0,0,0,0,0,14000.0,0,1,1,middle class,0.4747628156138578
3,1,1,0,0,10000.0,0,1,0,upper class,0.6249463939906088
0,0,0,0,0,15000.0,0,1,1,poverty,
2,2,0,4,1,10000.0,0,1,0,middle class,0.4590963601154736
0,0,0,0,0,14000.0,0,0,1,poverty,0.4458145649207179
2,1,0,2,0,10000.0,0,1,1,middle class,
1,1,0,1,0,18000.0,1,1,0,working class,0.435684443338844
3,0,0,0,0,7000.0,0,1,0,upper class,0.6704443520719815
3,3,2,7,1,13000.0,1,1,0,upper class,0.6729033336097276
1,1,0,0,0,18000.0,0,0,1,working class,0.62683738396433
2,1,0,1,0,14000.0,0,1,0,upper class,0.5455841291877064
1,1,0,0,0,15000.0,0,1,0,poverty,0.3641481700600781
2,1,0,1,0,12000.0,1,1,0,upper class,0.5195896708682597
1,1,0,4,0,7000.0,0,1,1,upper class,0.7283059747612598
3,2,1,3,1,6000.0,1,0,0,upper class,0.6205968239964096
0,0,0,0,0,13000.0,0,0,1,poverty,0.2201137286412824
2,2,1,0,0,16000.0,0,1,0,working class,0.5053357773673236
0,0,0,0,0,12000.0,0,0,1,poverty,0.4086313086464988
0,0,0,0,0,12000.0,0,1,1,middle class,0.5300196346155583
3,3,5,10,1,10000.0,0,1,0,middle class,0.5003602785833389
3,0,0,0,0,12000.0,1,1,0,upper class,0.5585067510751159
1,1,0,0,0,19000.0,0,1,0,poverty,0.4503478759046066
0,0,0,0,0,10000.0,0,1,1,poverty,0.4507118935979788
0,0,0,0,0,15000.0,0,0,1,working class,
1,1,1,0,0,13000.0,0,1,0,middle class,
3,2,0,5,1,5000.0,0,0,0,upper class,0.6311921398557454
3,3,0,0,0,16000.0,1,1,0,upper class,0.5431625565124614
1,1,2,0,0,14000.0,0,1,1,working class,0.4201405305138809
1,1,0,3,1,11000.0,1,0,0,working class,0.3831498666542099
2,2,0,1,2,14000.0,0,1,0,upper class,0.7791679553969678
1,1,2,0,0,12000.0,0,0,1,working class,0.4318023987009185
1,0,0,0,0,14000.0,0,1,0,middle class,0.4789172761106194
1,1,1,0,1,16000.0,1,1,0,middle class,0.4117778046909311
2,2,0,1,1,14000.0,1,0,1,middle class,0.5951126132753632
1,1,2,1,0,12000.0,0,1,0,middle class,0.5084625781420464
1,1,0,0,0,12000.0,0,0,0,poverty,0.3550991539047511
0,0,0,0,0,12000.0,0,1,0,poverty,0.3268623226674747
1,1,1,1,0,11000.0,0,1,0,upper class,
0,0,0,0,0,12000.0,1,1,0,middle class,0.5702863779666819
1,1,0,4,0,9000.0,0,0,0,poverty,0.426888913221868
1,0,0,0,0,9000.0,0,0,1,poverty,0.2959614920166271
0,0,0,0,0,18000.0,0,1,0,working class,0.463940368494201
0,0,0,0,0,11000.0,0,0,1,working class,0.4799110570189837
3,3,2,2,0,15000.0,0,1,0,upper class,0.6850566210543733
1,1,1,2,0,15000.0,0,0,1,poverty,0.1705500566934862
0,0,0,0,0,16000.0,0,0,1,poverty,0.3710940022822425
1,1,0,3,0,10000.0,1,0,1,middle class,0.4794426637305649
1,1,0,3,0,6000.0,1,1,0,middle class,0.4968750939797052
0,0,0,0,0,12000.0,0,0,0,middle class,0.428240194950307
0,0,0,0,0,11000.0,0,0,1,poverty,0.391560874266939
2,2,1,4,0,8000.0,1,0,0,upper class,0.4539275558254621
1,0,0,0,0,13000.0,1,1,0,middle class,0.5710471942457584
1,1,3,0,2,9000.0,1,1,0,upper class,0.4768445211434441
3,2,2,0,1,11000.0,1,1,0,upper class,0.5964914522328386
3,3,4,5,2,8000.0,0,0,0,upper class,0.6610339717907807
2,2,0,1,1,7000.0,0,0,0,middle class,0.6599559493185874
1,1,0,0,1,16000.0,0,1,0,middle class,0.5656845974670317
2,2,1,0,1,8000.0,0,0,1,middle class,0.4615614389840806
0,0,0,0,0,12000.0,0,0,1,poverty,0.3500380651478332
1,1,1,4,0,13000.0,0,1,0,upper class,0.5592727404712611
1,1,0,1,0,16000.0,0,1,0,middle class,0.4460040776637941
0,0,0,0,0,12000.0,0,1,0,working class,0.1909109064399252
0,0,0,0,0,12000.0,0,1,0,middle class,0.4039707635734866
2,2,1,3,0,13000.0,0,1,0,upper class,0.5391318538288697
0,0,0,0,0,10000.0,1,1,0,middle class,0.5193651680400878
2,1,0,0,1,13000.0,0,1,0,upper class,0.6344892138804339
3,3,0,2,0,15000.0,1,1,0,upper class,0.6995446355113222
1,1,1,0,0,12000.0,0,0,0,middle class,0.5281288008928885
2,2,0,0,0,14000.0,0,0,0,working class,0.5145932969234476
1,1,0,0,0,12000.0,0,1,0,poverty,0.259542659940459
3,0,0,0,0,8000.0,0,1,1,upper class,0.4902972048618929
1,1,4,1,1,8000.0,0,1,0,working class,0.589182573121297
1,1,1,2,0,12000.0,0,1,0,poverty,0.3223173351774892
3,1,0,1,0,12000.0,0,1,0,upper class,0.6385769563942826
2,1,0,0,0,10000.0,0,1,0,upper class,0.4679138331530879
3,3,5,3,1,12000.0,1,1,0,upper class,0.4869774537170413
0,0,0,0,0,13000.0,0,1,1,working class,
0,0,0,0,0,12000.0,0,0,1,poverty,0.3897618136756094
2,2,1,4,1,13000.0,0,1,0,upper class,0.7034073771736609
2,0,0,0,0,8000.0,1,1,0,upper class,0.7034822374035306
2,1,0,1,0,11000.0,0,1,1,upper class,0.5815748319797237
2,2,3,2,0,9000.0,0,0,0,upper class,
1,1,1,0,0,10000.0,0,1,0,working class,0.339876509128876
0,0,0,0,0,16000.0,0,1,1,working class,0.3209510595021805
3,1,2,0,0,9000.0,0,0,1,upper class,0.5517639856736082
0,0,0,0,0,14000.0,0,0,0,poverty,
2,0,0,0,0,12000.0,0,1,0,working class,0.3759192547171411
2,1,2,1,0,10000.0,0,1,0,middle class,0.537108787941457
1,1,3,2,0,13000.0,1,1,0,upper class,
2,2,0,1,1,16000.0,1,1,0,middle class,0.4782786488054621
2,2,4,2,0,12000.0,1,1,0,upper class,0.5289439454882233
2,1,0,1,0,13000.0,0,1,0,upper class,0.6761482531026423
3,3,4,4,0,8000.0,1,1,0,upper class,0.7720112601896554
2,2,2,7,1,9000.0,0,1,0,middle class,0.4300539952869113
1,1,0,2,0,11000.0,0,1,0,middle class,0.4873745004671126
2,1,1,0,0,13000.0,1,1,0,upper class,0.4726022884043881
0,0,0,0,0,16000.0,0,1,1,middle class,0.6382422175811462
0,0,0,0,0,11000.0,0,1,1,poverty,
2,1,0,2,0,9000.0,1,1,0,upper class,0.7465264960252933
3,3,2,6,0,12000.0,0,1,0,upper class,0.5264515742021285
1,1,1,0,0,12000.0,0,1,0,upper class,0.6374302154804625
1,1,2,0,1,12000.0,0,0,1,middle class,0.3934523371870868
1,1,6,2,0,12000.0,0,0,0,poverty,0.211156277328606
3,3,0,3,1,13000.0,1,1,0,upper class,0.6648867528914758
3,3,9,4,2,12000.0,1,1,0,upper class,0.5278907977249014
3,2,1,3,0,7000.0,1,1,0,upper class,0.6173145975434446
1,1,0,0,0,13000.0,0,1,1,working class,0.4328709009130958
2,2,1,4,0,11000.0,1,0,0,middle class,0.5031786410700181
3,1,0,3,0,10000.0,1,1,0,upper class,0.7342287523012491
2,0,0,0,0,13000.0,0,0,1,working class,0.4297041296211053
2,2,5,1,0,7000.0,0,0,0,working class,0.3765403600723969
2,0,0,0,0,15000.0,0,0,1,poverty,0.3219845293205334
3,0,0,0,0,10000.0,1,1,0,upper class,0.6918327666446243
1,1,1,0,0,15000.0,1,0,0,upper class,0.4517757031421484
1,1,0,2,0,14000.0,0,1,0,middle class,0.6720614960050166
2,2,3,4,0,12000.0,1,1,0,upper class,
1,1,3,1,0,13000.0,0,0,1,poverty,0.3741251823983213
1,1,1,1,0,11000.0,0,1,0,working class,0.4453013136753866
2,0,0,0,0,10000.0,1,1,0,upper class,0.6531007822538435
2,2,1,6,0,8000.0,0,1,0,upper class,0.5445201947373133
1,1,3,2,0,11000.0,0,0,1,poverty,0.3324021696730569
2,0,0,0,0,11000.0,0,1,1,working class,0.4138142523036839
3,3,2,3,0,9000.0,0,0,0,upper class,0.4439319540306951
3,0,0,0,0,10000.0,1,0,1,upper class,0.5448183748224494
1,0,0,0,0,10000.0,0,1,0,working class,0.5552708298555457
1,1,0,0,1,15000.0,0,0,0,poverty,0.3503995757282058
3,1,0,2,1,12000.0,0,0,1,middle class,
3,3,5,2,1,12000.0,1,1,0,middle class,0.5307783036558016
2,2,4,5,0,11000.0,0,1,0,upper class,0.7379104724161729
0,0,0,0,0,11000.0,0,0,1,working class,0.4615080079476523
0,0,0,0,0,15000.0,0,0,1,middle class,0.4868827078558148
2,2,3,2,1,8000.0,1,1,0,upper class,
2,2,3,0,1,12000.0,1,0,0,middle class,0.5826401515017708
0,0,0,0,0,14000.0,0,1,1,poverty,0.4314023407250177
2,2,2,3,1,11000.0,1,1,0,upper class,0.6724867135077509
0,0,0,0,0,13000.0,1,0,1,working class,0.4458199724554539
0,0,0,0,0,15000.0,1,0,1,working class,0.4344695144898065
1,1,0,4,0,12000.0,0,0,1,middle class,0.5161478890239077
0,0,0,0,0,14000.0,0,0,1,poverty,0.27904158935576
2,2,2,4,1,4000.0,1,0,0,working class,0.4924897200845917
2,2,1,9,0,5000.0,0,1,0,upper class,0.7442115208443449
0,0,0,0,0,16000.0,0,1,1,poverty,0.4320015447176237
3,0,0,0,0,10000.0,1,0,0,upper class,0.6745078429339224
0,0,0,0,0,15000.0,0,1,1,poverty,0.3821187918865734
1,0,0,0,0,9000.0,0,1,1,middle class,0.6086626027203363
1,1,0,1,0,16000.0,0,1,0,middle class,
0,0,0,0,0,8000.0,0,1,1,working class,0.3039588631859176
0,0,0,0,0,16000.0,1,1,0,poverty,0.3458775669616846
3,2,0,1,0,11000.0,0,0,0,upper class,0.5899205210584967
2,0,0,0,0,9000.0,1,0,0,poverty,0.4012988307736721
1,0,0,0,0,14000.0,1,0,1,poverty,0.2643138656043106
0,0,0,0,0,12000.0,1,1,0,working class,0.3293918816607561
2,2,3,4,0,12000.0,0,1,0,middle class,0.4863440762977281
3,3,5,4,1,8000.0,0,1,0,upper class,0.5652465474664438
3,3,3,7,3,7000.0,1,1,0,upper class,0.5672085630614355
2,2,3,4,0,10000.0,0,1,0,working class,0.3820656655474345
1,0,0,0,0,13000.0,0,0,1,middle class,
1,1,0,4,1,11000.0,0,1,0,working class,0.5445743815776852
2,1,1,5,0,6000.0,1,1,0,upper class,0.6024901864339096
3,3,1,6,1,9000.0,1,0,0,upper class,0.6252172502532076
2,2,6,0,0,13000.0,0,1,0,working class,0.5169487326404102
3,3,1,0,0,16000.0,1,1,0,middle class,0.5118266870864377
2,2,1,4,1,12000.0,0,0,0,upper class,0.6212782629746098
2,2,0,0,0,13000.0,0,1,0,upper class,0.6932490173877479
2,0,0,0,0,9000.0,0,1,1,middle class,0.5876578999235469
1,0,0,0,0,8000.0,1,0,1,middle class,0.6960700670567235
1,1,2,0,1,16000.0,0,0,0,working class,0.315408722840276
1,0,0,0,0,17000.0,0,1,0,working class,0.5159645552273564
2,0,0,0,0,11000.0,1,1,0,upper class,0.6911987777696117
0,0,0,0,0,14000.0,1,1,0,working class,0.4412123904579842
3,1,0,0,0,13000.0,1,1,0,upper class,0.6286553954831501
1,1,2,1,0,12000.0,0,1,0,working class,0.4878101589182866
3,3,6,3,1,12000.0,0,1,0,upper class,0.6722376653279449
0,0,0,0,0,19000.0,0,1,1,middle class,0.4938799911603953
1,1,2,1,0,10000.0,0,0,0,working class,0.3883915867099435
0,0,0,0,0,12000.0,0,0,1,poverty,0.2729819143341314
3,2,1,3,0,10000.0,1,1,0,upper class,
0,0,0,0,0,13000.0,0,0,1,poverty,
3,3,2,3,2,11000.0,1,1,0,upper class,0.5602019423466031
3,0,0,0,0,10000.0,0,1,1,upper class,0.4532770856218067
2,0,0,0,0,14000.0,0,1,0,middle class,0.6128759842782445
1,1,0,1,0,11000.0,1,1,0,middle class,0.5947499468018604
1,1,0,0,0,14000.0,1,1,0,upper class,0.5303668303302399
2,0,0,0,0,11000.0,1,1,0,upper class,0.5794646580865822
3,3,5,6,1,11000.0,0,1,0,upper class,
1,0,0,0,0,16000.0,0,0,1,poverty,0.2604560312474909
0,0,0,0,0,17000.0,0,1,1,middle class,0.5137678770981265
0,0,0,0,0,7000.0,0,0,1,poverty,
1,1,3,1,0,11000.0,0,1,0,upper class,0.5792421978398589
0,0,0,0,0,10000.0,0,0,1,middle class,0.6541748007987723
1,1,3,5,0,11000.0,0,1,0,middle class,0.4806155375047561
1,1,0,0,0,12000.0,0,1,0,working class,
0,0,0,0,0,10000.0,1,0,0,poverty,0.2955426897086224
3,1,0,0,0,17000.0,1,1,0,upper class,0.7827092836569918
1,0,0,0,0,14000.0,0,0,1,working class,0.3753517321705752
1,0,0,0,0,19000.0,1,0,1,middle class,0.3833508257351754
3,0,0,0,0,13000.0,0,1,0,upper class,0.7563542562715098
2,1,3,2,1,6000.0,1,1,0,middle class,0.4661136767565796
3,0,0,0,0,14000.0,0,1,1,upper class,0.5856176485260333
2,2,0,3,0,14000.0,1,1,0,upper class,
1,1,2,1,0,12000.0,0,1,1,poverty,0.4686611361796674
1,1,0,2,0,8000.0,0,1,0,poverty,0.1492983955982136
0,0,0,0,0,12000.0,0,0,1,poverty,
2,2,5,0,0,14000.0,0,1,0,upper class,0.6583678439104292
2,1,1,0,0,10000.0,0,1,0,upper class,0.5891292628484673
2,1,1,2,0,8000.0,1,0,0,upper class,0.5893876630741981
2,2,1,5,0,12000.0,1,1,0,upper class,0.5469607283516252
0,0,0,0,0,8000.0,0,1,1,middle class,0.4738224847809606
1,1,0,1,0,13000.0,0,1,1,middle class,0.4312361779058995
2,0,0,0,0,12000.0,0,1,1,middle class,0.5158429508195949
2,2,1,0,0,12000.0,0,1,1,upper class,
1,1,1,3,2,8000.0,0,1,0,working class,0.3577290600870002
0,0,0,0,0,11000.0,0,1,0,poverty,0.4648339417669041
0,0,0,0,0,7000.0,0,0,1,poverty,0.3438278859742953
0,0,0,0,0,13000.0,0,1,1,poverty,0.1364496536239104
3,3,3,2,0,11000.0,0,1,0,upper class,0.7254229013302661
2,0,0,0,0,6000.0,1,1,0,upper class,0.6953759783024743
2,2,0,3,1,13000.0,1,1,0,upper class,0.5600486595069087
2,1,1,0,0,11000.0,1,1,0,upper class,0.524245359478799
2,2,4,3,1,13000.0,1,1,0,middle class,0.5877156569116971
3,3,2,10,0,9000.0,0,1,0,upper class,0.7046726751659493
3,3,3,6,0,9000.0,0,1,0,upper class,0.4525296615233908
2,1,3,0,0,13000.0,0,1,0,middle class,
1,1,0,4,1,10000.0,0,0,0,middle class,0.4795366164624789
1,0,0,0,0,9000.0,0,0,1,working class,0.3931459761617712
3,3,2,1,0,15000.0,0,1,0,upper class,0.5400197326674643
0,0,0,0,0,14000.0,0,0,1,poverty,0.4174330967561421
1,0,0,0,0,12000.0,1,0,1,middle class,
2,2,3,4,1,9000.0,1,1,0,upper class,0.6394230117241869
0,0,0,0,0,15000.0,0,0,1,middle class,0.5685720734723521
1,1,2,1,0,17000.0,0,0,1,poverty,0.1761149663789997
1,1,0,2,0,18000.0,0,0,1,poverty,0.1932637946609026
1,0,0,0,0,9000.0,0,0,1,working class,0.3419832683410649
3,3,2,3,0,5000.0,1,0,0,upper class,0.6746038512731639
3,0,0,0,0,9000.0,1,1,0,upper class,0.603898492782213
2,2,3,1,0,12000.0,1,1,0,upper class,0.6408449598274882
1,1,1,1,1,9000.0,0,0,1,upper class,0.687002119857287
3,3,10,1,0,10000.0,0,1,0,upper class,0.5530831213013543
3,3,0,0,0,14000.0,0,1,0,upper class,
1,1,1,2,0,7000.0,0,0,0,middle class,0.6429874754669701
2,2,1,3,0,11000.0,0,1,0,middle class,0.4181034551402552
0,0,0,0,0,16000.0,1,0,1,poverty,0.2487925450724857
0,0,0,0,0,11000.0,0,0,1,working class,0.3778760859865867
2,1,3,0,0,11000.0,1,1,0,upper class,0.5543798388624734
2,1,0,0,0,13000.0,0,1,0,upper class,0.6552932165806191
2,0,0,0,0,11000.0,0,1,1,upper class,0.5963531601874881
1,1,6,0,0,10000.0,0,0,1,working class,
2,0,0,0,0,12000.0,0,0,1,middle class,0.4496283666115848
3,3,8,7,0,9000.0,0,1,0,upper class,0.6573853491786664
2,2,0,1,1,12000.0,1,1,0,upper class,0.7419833551538102
0,0,0,0,0,16000.0,0,1,1,poverty,0.336749708481924
1,0,0,0,0,12000.0,0,0,1,upper class,0.5574748514861921
1,1,2,1,0,12000.0,0,1,0,upper class,0.6570524604022507
1,1,0,0,0,12000.0,0,1,0,middle class,
0,0,0,0,0,16000.0,0,0,1,upper class,0.8324736259336839
1,1,1,2,0,10000.0,0,1,1,poverty,0.4540753447395993
1,0,0,0,0,11000.0,0,0,1,poverty,0.2486182416032777
1,1,0,0,1,9000.0,0,1,0,upper class,0.5788865202303674
1,0,0,0,0,15000.0,0,1,1,working class,0.4521636357034289
2,1,1,0,0,11000.0,0,1,0,middle class,0.4011368427029617
2,1,0,5,0,7000.0,0,1,0,upper class,0.6771341348842009
0,0,0,0,0,10000.0,0,1,1,poverty,0.2771973659514941
3,3,7,10,1,9000.0,0,1,0,upper class,0.6460011119753553
2,2,1,0,0,12000.0,0,0,0,upper class,0.5369467752841159
2,2,0,1,0,11000.0,1,1,0,upper class,0.7031338233006582
0,0,0,0,0,8000.0,0,1,1,poverty,0.4519727445496761
2,2,2,6,1,10000.0,0,1,0,working class,0.5660057779321281
1,0,0,0,0,10000.0,0,0,1,working class,0.3267405510830184
1,0,0,0,0,13000.0,0,0,1,middle class,0.6893547887529812
1,1,0,3,1,12000.0,1,1,0,working class,0.6027156169402226
0,0,0,0,0,11000.0,0,0,1,working class,0.1875823533910216
1,1,0,1,0,11000.0,1,1,0,upper class,0.5515891941594591
1,1,0,1,0,13000.0,0,0,1,working class,0.4837379873205136
3,0,0,0,0,13000.0,0,1,0,upper class,0.6036059274152892
3,3,4,15,3,7000.0,0,1,0,middle class,0.4477053890232973
1,1,1,1,0,19000.0,1,1,0,working class,0.4078819608139088
0,0,0,0,0,10000.0,0,1,0,working class,0.5288387700729013
0,0,0,0,0,14000.0,0,0,1,poverty,0.3959679247361437
1,1,1,1,0,11000.0,1,1,0,upper class,0.676160013744914
1,1,1,0,0,8000.0,1,1,0,upper class,0.6855797056639448
2,2,1,6,0,6000.0,0,0,0,poverty,0.3994501842011815
1,1,1,3,0,10000.0,0,1,1,upper class,0.7008514124485435
3,3,2,3,0,12000.0,1,1,0,upper class,0.6434371626965216
3,0,0,0,0,13000.0,0,1,0,upper class,0.6214174409227621
3,1,1,2,0,9000.0,1,1,0,upper class,0.541304357097057
2,2,2,1,0,9000.0,0,1,0,upper class,0.6204086890787407
2,2,0,1,0,10000.0,0,1,0,upper class,0.5338654736182742
1,1,2,1,0,12000.0,0,1,0,upper class,
1,1,1,1,0,18000.0,0,1,1,poverty,0.4321065815267404
1,1,1,2,1,6000.0,0,1,0,upper class,0.5414622467447443
2,0,0,0,0,10000.0,0,1,1,upper class,0.7225487582439879
3,2,2,5,2,9000.0,0,1,0,upper class,0.7841761491780819
3,0,0,0,0,12000.0,0,1,1,upper class,0.6938163129324197
2,2,1,2,0,14000.0,1,1,0,middle class,0.4211679240729149
2,1,1,2,0,13000.0,0,1,0,working class,0.2204538818988185
3,3,0,10,1,6000.0,0,0,0,upper class,0.5834885559070871
3,3,2,2,0,13000.0,0,0,0,upper class,0.6882907952522875
2,0,0,0,0,12000.0,1,0,1,upper class,0.6989439112198247
3,0,0,0,0,12000.0,0,1,1,upper class,0.6798410052926959
2,2,1,2,0,11000.0,1,1,0,upper class,
2,2,1,0,1,16000.0,0,1,0,upper class,0.5778229934730744
0,0,0,0,0,15000.0,0,0,1,poverty,0.2330229015651575
3,3,2,2,0,15000.0,0,1,0,upper class,0.698753939728787
3,1,2,5,2,9000.0,0,1,1,upper class,0.7540484921180959
0,0,0,0,0,11000.0,0,1,1,upper class,0.6132586436138389
2,2,0,1,1,12000.0,0,1,0,middle class,0.4256611086148646
2,0,0,0,0,10000.0,0,1,1,upper class,0.5576522767500824
0,0,0,0,0,10000.0,1,1,0,middle class,0.4350460544954154
2,1,0,0,0,13000.0,0,1,0,upper class,0.6505476285271355
2,2,0,6,3,14000.0,1,1,0,upper class,0.6129652656266467
3,2,1,4,0,14000.0,1,1,1,upper class,
1,1,2,0,0,11000.0,0,0,1,middle class,0.5850037499686401
1,0,0,0,0,7000.0,0,0,1,working class,0.3765336761885949
1,1,2,0,0,10000.0,0,1,0,middle class,0.6108047334413801
0,0,0,0,0,12000.0,0,1,1,middle class,0.5339317245009936
0,0,0,0,0,13000.0,0,0,1,poverty,0.2703606882102237
1,0,0,0,0,10000.0,1,1,0,upper class,0.5509116169719427
2,2,1,1,0,14000.0,1,1,0,upper class,0.5895865051589461
2,1,2,5,0,12000.0,1,0,0,upper class,0.5589151573032936
2,2,3,4,0,9000.0,1,1,0,working class,0.5268632055766924
2,2,6,4,2,7000.0,0,1,0,upper class,0.5215891002294921
0,0,0,0,0,16000.0,0,1,1,working class,0.5321012540018394
3,3,1,12,0,2000.0,1,1,0,upper class,0.6517089322911077
3,3,9,8,0,6000.0,0,1,0,middle class,0.561353084181797
1,1,0,1,0,9000.0,0,1,0,middle class,0.5398349390130314
0,0,0,0,0,15000.0,1,1,0,poverty,0.1921586821692091
0,0,0,0,0,9000.0,0,1,1,poverty,
1,1,1,3,1,9000.0,1,1,0,middle class,0.6759149303534359
1,1,2,1,1,9000.0,0,1,0,middle class,
1,1,1,0,0,8000.0,0,1,0,upper class,0.6341680695053508
1,0,0,0,0,6000.0,0,1,1,working class,0.3324202407398227
2,2,1,2,0,8000.0,0,1,0,middle class,0.6969278624817129
1,1,1,0,0,17000.0,0,0,0,middle class,0.5124333302576248
3,3,2,8,3,9000.0,1,1,0,upper class,0.5077832022402061
2,0,0,0,0,10000.0,1,1,0,upper class,0.6106779866259634
2,2,0,2,0,10000.0,0,0,0,middle class,0.4681862803875717
2,2,6,5,2,10000.0,0,1,0,upper class,0.5368074511707565
0,0,0,0,0,15000.0,0,0,1,working class,0.5225798430981168
3,3,3,3,0,14000.0,0,1,0,middle class,
3,3,0,3,0,13000.0,0,1,0,upper class,0.7063009021300406
1,0,0,0,0,12000.0,0,1,0,upper class,
1,1,1,1,0,16000.0,0,1,1,poverty,0.2519206257754629
3,0,0,0,0,12000.0,0,1,1,upper class,0.6287896754571439
0,0,0,0,0,13000.0,1,1,1,middle class,
0,0,0,0,0,9000.0,0,1,1,poverty,0.3474697376210051
3,2,2,2,0,15000.0,0,1,0,upper class,0.6443626164167329
2,1,2,0,0,13000.0,1,1,0,upper class,0.5918523820851359
2,0,0,0,0,14000.0,1,1,0,upper class,0.5999650374288553
1,1,2,2,0,12000.0,0,1,0,middle class,
3,3,0,1,0,15000.0,0,1,0,working class,0.5754871515595443
0,0,0,0,0,7000.0,0,0,1,poverty,0.2702954388026858
2,2,1,1,0,7000.0,0,1,0,poverty,0.227390576405316
2,1,0,0,0,11000.0,0,1,0,middle class,0.5459357710295333
3,1,2,3,0,12000.0,1,1,0,upper class,
0,0,0,0,0,16000.0,0,1,0,poverty,0.3934557420190439
0,0,0,0,0,10000.0,0,0,1,poverty,0.2929493276037433
2,1,0,1,0,10000.0,0,0,0,upper class,0.5861167283031539
2,0,0,0,0,11000.0,0,1,0,upper class,0.5890667801274297
2,2,2,0,3,12000.0,0,1,0,middle class,0.5310233106225158
2,2,1,3,0,13000.0,0,1,1,working class,0.462958707196909
1,1,1,0,2,15000.0,0,0,0,middle class,0.5833923407107925
3,0,0,0,0,12000.0,0,1,0,upper class,0.5187922007587116
2,1,1,1,0,13000.0,0,0,0,upper class,0.6000842789359292
1,1,1,0,0,12000.0,0,1,0,middle class,0.582925835203462
3,3,8,4,1,11000.0,1,1,0,middle class,
2,2,0,1,0,10000.0,0,0,0,upper class,0.623114483961224
1,1,1,4,0,12000.0,0,1,0,middle class,0.7534458230449081
1,1,0,0,0,14000.0,0,1,0,upper class,
1,1,1,1,0,10000.0,0,0,0,working class,0.3110188615272209
2,0,0,0,0,6000.0,1,1,0,upper class,0.5172018166072347
1,0,0,0,0,15000.0,0,1,1,poverty,0.4351756628940996
3,0,0,0,0,11000.0,0,1,0,upper class,0.8191348424366404
2,2,6,2,0,9000.0,0,0,0,upper class,0.5224505032873228
0,0,0,0,0,14000.0,0,1,1,working class,0.4687585135474202
0,0,0,0,0,13000.0,0,0,1,poverty,0.2869913071211769
1,1,1,2,1,7000.0,1,1,0,upper class,0.6559616128626896
1,0,0,0,0,16000.0,0,0,1,poverty,0.298678278073503
1,1,0,2,0,15000.0,1,1,0,middle class,0.5310501101632631
3,1,6,2,0,10000.0,0,1,0,upper class,0.499660137787076
2,2,4,3,0,10000.0,0,1,0,working class,
1,1,0,0,0,8000.0,0,1,0,poverty,0.2114238848505276
1,1,0,1,0,11000.0,1,1,0,middle class,0.2983062179129552
1,1,3,1,0,10000.0,0,1,0,working class,0.4429331939161389
0,0,0,0,0,14000.0,0,1,1,poverty,0.2536832327772527
0,0,0,0,0,11000.0,0,1,1,working class,0.3089742693210341
1,0,0,0,0,9000.0,0,1,1,upper class,0.6588498265607253
2,2,0,2,0,14000.0,1,0,1,upper class,0.8064959362542691
1,1,0,1,0,12000.0,0,1,1,upper class,0.6131174592847092
2,2,1,2,0,11000.0,0,1,0,middle class,0.5991275990330529
0,0,0,0,0,16000.0,0,0,1,poverty,0.4516269504827541
0,0,0,0,0,17000.0,0,0,1,middle class,
3,1,0,0,0,10000.0,0,1,0,upper class,0.4419299636477104
2,1,2,2,0,12000.0,1,1,0,middle class,
0,0,0,0,0,16000.0,0,0,1,poverty,0.2667602155246711
3,3,2,2,0,17000.0,0,0,0,upper class,0.6073189894709127
2,1,4,1,2,8000.0,0,1,0,upper class,0.5350458989224304
2,2,2,0,0,12000.0,0,1,0,middle class,0.5750947360282379
3,0,0,0,0,12000.0,0,1,1,upper class,
2,0,0,0,0,12000.0,1,0,1,working class,0.5183478114535179
1,1,0,1,0,17000.0,0,1,0,middle class,0.6852652060543032
0,0,0,0,0,12000.0,0,0,1,poverty,0.3412755827959321
0,0,0,0,0,14000.0,0,1,1,middle class,0.518727948796731
1,1,2,0,0,13000.0,1,1,0,middle class,0.2036673764213594
0,0,0,0,0,15000.0,0,0,1,poverty,0.5240612874798722
0,0,0,0,0,11000.0,0,0,1,poverty,0.4859360660215372
1,1,1,0,0,12000.0,1,1,0,upper class,0.6819701244577162
3,3,6,1,0,12000.0,0,1,0,upper class,0.5156149089821493
1,1,1,0,0,16000.0,1,1,0,middle class,0.5467610803924773
1,1,0,0,0,15000.0,0,1,0,middle class,0.6180001370819622
1,1,0,0,0,7000.0,0,1,0,middle class,0.3604013242738175
2,0,0,0,0,15000.0,0,1,1,upper class,0.5509662705066687
3,3,1,8,1,12000.0,1,1,0,upper class,
2,2,3,3,0,12000.0,1,1,0,upper class,0.6302062062076871
3,3,5,10,1,12000.0,0,1,0,middle class,0.6952820041732881
1,1,0,0,0,16000.0,0,0,0,middle class,
1,1,1,0,1,15000.0,0,1,0,poverty,0.3122205327867228
3,3,2,17,2,6000.0,0,1,0,upper class,0.5624884776539817
2,2,0,2,0,12000.0,1,1,0,upper class,0.5487401616880897
2,1,0,0,0,12000.0,0,1,0,upper class,0.6646112638037833
2,2,1,0,0,8000.0,0,1,0,middle class,0.5494002432161839
3,3,4,1,0,12000.0,0,1,0,upper class,0.7085295012178382
1,1,0,0,0,12000.0,0,1,0,middle class,0.4610850663254849
2,1,3,1,0,9000.0,0,0,0,upper class,0.5511064646902994
1,1,0,0,0,11000.0,0,0,1,poverty,0.4171531938610161
3,3,1,3,0,10000.0,0,1,0,upper class,0.7048660209412088
1,1,1,0,0,13000.0,0,0,1,poverty,0.3888042347468912
0,0,0,0,0,10000.0,0,0,1,working class,0.2552813983535689
1,0,0,0,0,11000.0,0,1,1,upper class,0.6536655434140923
0,0,0,0,0,15000.0,0,0,0,poverty,0.219474431539439
3,3,3,2,0,11000.0,1,1,0,upper class,0.5769851119276853
2,2,3,1,1,11000.0,0,0,0,middle class,0.4145561410384915
3,3,2,3,1,10000.0,0,1,0,upper class,0.5463033993395577
2,2,2,1,0,6000.0,1,1,0,upper class,0.5635429652490147
3,3,1,0,3,12000.0,1,0,0,working class,0.260393118704904
3,3,2,5,1,11000.0,1,1,0,upper class,0.6135080387832703
2,2,1,1,0,20000.0,0,1,0,upper class,0.5249484630181547
1,1,0,0,0,13000.0,0,1,0,middle class,0.4288748549654213
2,2,5,3,0,9000.0,0,0,0,upper class,0.7304737066855177
1,1,0,1,0,11000.0,0,1,0,upper class,
3,2,1,4,1,7000.0,0,1,0,upper class,
1,1,0,0,0,17000.0,0,0,0,poverty,0.4297305787175271
1,1,0,2,0,12000.0,0,1,0,poverty,
3,2,1,3,1,7000.0,0,1,0,upper class,0.6867094469004275
3,3,1,2,0,14000.0,1,1,0,middle class,0.3573674053757103
0,0,0,0,0,10000.0,0,0,1,poverty,0.3979969052622514
2,0,0,0,0,9000.0,0,1,0,upper class,0.499261090274185
2,2,2,0,0,14000.0,0,0,0,working class,0.353037465751883
2,1,0,0,0,12000.0,0,0,1,working class,0.5112240535268353
3,3,1,6,2,10000.0,1,1,0,upper class,0.6745265624555116
3,0,0,0,0,12000.0,1,1,0,upper class,0.7212508700799819
1,1,4,2,0,8000.0,0,0,0,middle class,0.5046098109552535
3,0,0,0,0,14000.0,1,1,0,upper class,0.5540804042745787
2,2,0,1,0,16000.0,0,0,0,poverty,0.4952437707500946
1,0,0,0,0,8000.0,0,0,1,poverty,0.2536981452565217
3,3,2,4,2,12000.0,0,1,0,middle class,0.378504877194302
1,1,1,1,0,12000.0,1,0,0,working class,0.4687183422871271
1,1,0,1,0,11000.0,0,0,0,upper class,0.6281887021933753
1,1,1,2,0,10000.0,1,0,0,middle class,0.6943885556325824
2,0,0,0,0,17000.0,1,1,0,upper class,0.6287676720732993
2,2,0,0,0,12000.0,0,1,0,upper class,0.6349882171781278
1,0,0,0,0,12000.0,0,1,0,working class,
1,1,2,4,0,15000.0,1,0,1,middle class,0.6341069822933729
1,1,3,1,0,9000.0,0,0,0,working class,0.3833086645172717
3,0,0,0,0,12000.0,1,1,0,upper class,0.3895896430375335
0,0,0,0,0,11000.0,0,0,1,poverty,0.3211351863308945
3,2,1,2,0,7000.0,1,1,0,upper class,0.7293609365968912
2,0,0,0,0,12000.0,0,1,1,middle class,0.6488951900742446
0,0,0,0,0,13000.0,0,0,1,poverty,0.2762350064240472
0,0,0,0,0,14000.0,0,1,1,poverty,0.1882399427662648
2,2,2,1,1,10000.0,0,1,0,upper class,0.6211206784777938
1,1,1,1,0,13000.0,0,1,0,upper class,0.4455147420403712
0,0,0,0,0,13000.0,0,0,1,poverty,
2,1,1,3,0,12000.0,1,1,0,middle class,0.4035794336161504
1,1,4,1,1,9000.0,0,1,0,working class,0.2681872451082304
2,0,0,0,0,11000.0,0,1,1,upper class,0.5082979278654464
3,2,1,5,2,10000.0,1,1,0,upper class,0.6569945322053279
0,0,0,0,0,14000.0,0,0,1,working class,0.4642450581939386
3,2,3,3,1,13000.0,0,1,0,upper class,0.6396124963599015
3,1,3,0,0,11000.0,1,1,0,upper class,0.7109210375414182
3,2,0,1,0,10000.0,1,1,0,upper class,0.7033636214554146
0,0,0,0,0,14000.0,1,0,1,poverty,0.25244026019421
0,0,0,0,0,10000.0,1,1,1,poverty,
0,0,0,0,0,17000.0,0,0,1,poverty,0.4580679123278471
3,0,0,0,0,12000.0,1,1,0,upper class,0.6603034733296376
1,1,1,0,0,12000.0,0,0,1,middle class,0.5449762448529542
0,0,0,0,0,13000.0,1,0,1,upper class,0.5625408006602023
3,0,0,0,0,12000.0,1,1,1,upper class,0.4323797470165003
1,1,0,1,0,12000.0,1,1,0,middle class,0.4650176410950612
0,0,0,0,0,6000.0,0,0,1,middle class,0.6655507979109212
2,0,0,0,0,9000.0,1,1,0,upper class,0.5910270591496051
0,0,0,0,0,15000.0,0,1,1,working class,0.5416544222018453
1,1,1,1,0,12000.0,1,1,0,middle class,
3,2,0,6,0,6000.0,0,1,0,upper class,0.512923620015934
0,0,0,0,0,11000.0,0,0,1,poverty,0.2988157227487647
3,3,2,4,0,9000.0,1,1,0,upper class,0.6254673939107617
2,2,1,1,0,15000.0,1,1,0,upper class,0.5602501519114655
3,1,3,0,0,13000.0,1,1,0,upper class,0.5822057363830183
0,0,0,0,0,12000.0,0,0,1,poverty,0.3155345576766409
1,0,0,0,0,8000.0,0,0,1,poverty,0.2672718699014508
3,3,1,2,0,11000.0,0,1,0,upper class,0.5098028385370175
3,1,2,2,0,13000.0,1,1,0,upper class,0.5836716698036587
3,1,0,1,0,16000.0,1,0,0,working class,0.2222805271146608
1,0,0,0,0,12000.0,1,1,0,upper class,0.5185065699921058
2,2,6,3,0,12000.0,1,1,0,upper class,0.708576850672757
0,0,0,0,0,16000.0,0,0,1,poverty,
3,2,3,4,0,10000.0,0,1,0,upper class,0.4807566449040954
2,2,1,13,0,7000.0,0,1,0,upper class,0.5720389751390466
1,1,2,0,0,16000.0,0,1,1,upper class,0.7011064219380432
1,1,2,1,0,10000.0,1,1,0,upper class,0.5411583382830242
3,0,0,0,0,7000.0,1,1,0,upper class,0.6862062120756587
2,2,0,2,1,13000.0,1,1,0,upper class,0.4945546402758661
2,1,1,7,1,6000.0,0,1,0,upper class,0.3835885249830328
0,0,0,0,0,15000.0,0,0,1,poverty,0.3169037155529278
0,0,0,0,0,9000.0,0,0,0,poverty,0.4461151066196652
0,0,0,0,0,14000.0,0,0,1,working class,0.4255194543062147
3,1,0,0,0,12000.0,0,1,0,upper class,0.6375637817816244
2,0,0,0,0,12000.0,0,1,0,working class,0.4705707177894082
2,0,0,0,0,8000.0,0,1,1,upper class,0.5356041396005512
0,0,0,0,0,10000.0,0,0,1,working class,0.5432601158286279
3,2,3,9,1,8000.0,0,1,0,upper class,0.7017103211541736
1,1,3,0,0,10000.0,0,1,0,middle class,0.5897009791045345
1,0,0,0,0,14000.0,0,1,1,poverty,0.4884787069775134
2,1,1,4,0,10000.0,0,0,0,upper class,0.7133739757784759
3,0,0,0,0,14000.0,1,1,0,upper class,0.6982102496436058
1,1,0,1,0,15000.0,0,1,0,middle class,0.4744787874496229
1,1,0,0,0,15000.0,1,1,0,middle class,0.5921887867818202
3,3,3,4,1,10000.0,0,1,0,upper class,0.731143593597601
3,1,1,0,1,10000.0,0,1,0,upper class,
1,0,0,0,0,12000.0,0,1,1,middle class,0.4865702753124045
2,1,2,0,0,14000.0,0,1,1,working class,
0,0,0,0,0,12000.0,0,0,1,working class,0.471124315994713
1,1,1,6,0,7000.0,1,1,1,upper class,
0,0,0,0,0,14000.0,0,0,1,poverty,0.2730959922696246
0,0,0,0,0,10000.0,0,1,1,working class,0.3907774641073533
2,2,3,9,0,9000.0,1,0,0,upper class,0.5731585837938462
0,0,0,0,0,8000.0,1,0,0,working class,0.4209013627520005
1,1,2,2,0,10000.0,1,1,0,middle class,0.6706576625870653
3,1,0,0,0,12000.0,1,1,0,upper class,0.7672585842304487
3,1,2,0,1,12000.0,0,1,0,middle class,0.4564119861529349
3,3,2,4,1,14000.0,1,1,0,upper class,0.6100130831768541
2,0,0,0,0,12000.0,0,0,1,upper class,0.4756558061235115
0,0,0,0,0,12000.0,0,0,1,poverty,0.3357969699282221
1,1,1,2,1,13000.0,1,1,0,middle class,0.5266138203612011
3,3,3,5,1,11000.0,1,1,0,upper class,0.6133628265829758
1,0,0,0,0,10000.0,1,1,1,upper class,0.5085456984605072
1,1,0,0,0,16000.0,0,0,1,poverty,0.3837809456894412
0,0,0,0,0,12000.0,1,1,0,working class,0.4639093320448193
0,0,0,0,0,15000.0,0,0,0,poverty,0.3183171447890638
2,2,5,5,0,11000.0,0,1,0,upper class,0.6247420724305428
1,0,0,0,0,13000.0,1,1,0,upper class,0.4089763414208628
3,3,5,7,0,10000.0,0,1,0,middle class,0.4779626125416225
2,2,2,1,0,11000.0,0,0,0,middle class,0.5113500653183151
3,3,3,6,1,9000.0,1,1,0,upper class,0.7802098585527684
0,0,0,0,0,9000.0,0,1,0,working class,
3,3,2,3,0,15000.0,0,1,0,upper class,0.7012927943446796
2,1,1,0,0,15000.0,0,1,0,upper class,0.714968018770484
2,2,1,3,0,8000.0,0,1,0,upper class,0.608518437261795
1,0,0,0,0,12000.0,0,0,1,middle class,0.4950597535122331
3,3,2,2,0,10000.0,0,1,0,upper class,0.6751971538113963
2,1,2,0,0,12000.0,0,1,0,upper class,0.7051030113696413
1,1,1,0,0,12000.0,0,1,0,middle class,0.4766142689481032
0,0,0,0,0,12000.0,0,0,1,poverty,0.3190279628767566
0,0,0,0,0,12000.0,1,1,0,working class,0.328418073012308
1,1,1,1,0,18000.0,0,0,0,poverty,0.3449776885977702
1,1,0,3,0,9000.0,0,1,1,upper class,
0,0,0,0,0,16000.0,0,1,0,middle class,
1,0,0,0,0,11000.0,0,0,1,working class,0.3743936063114605
2,0,0,0,0,13000.0,0,1,0,upper class,0.6917153580916104
0,0,0,0,0,7000.0,0,1,1,upper class,0.6338175350480558
3,2,0,3,0,14000.0,1,0,0,upper class,0.5306257372859773
3,0,0,0,0,10000.0,1,1,1,upper class,0.4255919544188486
0,0,0,0,0,13000.0,1,0,0,poverty,0.3106877761171272
3,3,3,11,0,6000.0,1,1,0,upper class,0.6678303790199109
2,0,0,0,0,11000.0,0,1,1,upper class,0.5782552015622614
1,1,0,5,0,12000.0,0,1,1,upper class,0.6068207924340454
2,2,0,0,0,14000.0,0,1,0,middle class,0.5962146153227567
2,2,2,1,1,9000.0,1,0,0,upper class,0.6497793515077945
2,1,1,0,0,7000.0,1,1,0,middle class,0.5101622025093533
3,1,1,1,1,12000.0,1,1,0,upper class,0.6436708526397987
2,2,1,4,0,12000.0,1,1,0,upper class,0.6405034643072922
1,1,2,3,0,12000.0,0,1,0,middle class,0.4905299977484185
1,1,2,1,0,12000.0,1,1,0,middle class,0.5428523404936632
2,2,2,2,0,11000.0,0,1,0,upper class,0.699425311422729
3,3,4,3,1,10000.0,0,1,0,upper class,0.7506033319372304
1,1,0,0,0,12000.0,0,0,0,working class,0.4077076280539558
3,0,0,0,0,9000.0,0,1,1,middle class,0.4096811698714886
2,1,0,0,0,14000.0,1,0,0,upper class,
1,1,1,2,0,11000.0,0,0,0,poverty,0.5131402566228752
0,0,0,0,0,14000.0,0,1,0,poverty,0.457857964989568
2,2,3,2,0,8000.0,0,1,0,middle class,0.5337114186807402
0,0,0,0,0,10000.0,0,1,0,middle class,
3,3,2,6,1,12000.0,0,1,0,middle class,0.344829978720007
0,0,0,0,0,12000.0,0,0,1,poverty,0.2759860406297467
3,3,3,5,2,10000.0,0,1,0,upper class,0.6359540391347808
2,2,4,6,1,8000.0,1,1,0,upper class,0.5029862773740448
3,2,3,2,2,8000.0,0,1,0,upper class,0.6547931661113645
2,0,0,0,0,12000.0,0,1,0,working class,0.3272417923694733
0,0,0,0,0,12000.0,0,1,1,poverty,0.3527397999517653
1,1,2,1,0,13000.0,0,0,1,middle class,0.5840403247120649
0,0,0,0,0,12000.0,0,1,0,poverty,0.3740046259142086
0,0,0,0,0,19000.0,0,0,1,poverty,
2,0,0,0,0,8000.0,1,0,1,upper class,0.5358475482846472
0,0,0,0,0,13000.0,0,0,1,working class,0.5015063517354761
3,3,3,1,0,8000.0,0,1,0,upper class,0.6242329315836803
3,3,2,1,0,10000.0,1,1,0,upper class,
1,0,0,0,0,15000.0,0,1,0,working class,0.3909113322714408
0,0,0,0,0,15000.0,0,0,1,working class,0.4289009998146446
1,1,0,2,0,8000.0,0,0,0,poverty,0.2427347048473718
1,1,0,0,0,16000.0,0,1,1,middle class,0.3439176712853585
1,1,0,0,0,8000.0,0,1,0,upper class,0.5572413287521248
2,2,6,1,0,12000.0,0,1,0,middle class,0.3649900516894193
2,0,0,0,0,10000.0,0,1,0,upper class,0.6757412986764928
3,0,0,0,0,8000.0,1,1,0,upper class,0.5654244916892083
1,1,1,0,0,12000.0,0,1,0,middle class,0.5601350545835889
1,1,0,0,0,12000.0,1,1,0,upper class,0.5692360723379172
3,2,1,0,1,12000.0,0,1,0,upper class,0.6980697717017305
2,2,0,0,0,17000.0,0,1,0,upper class,0.6191711566143016
2,0,0,0,0,7000.0,0,1,0,upper class,0.6169771021803357
3,3,5,2,0,9000.0,0,1,0,upper class,0.426833815526329
2,2,1,1,0,9000.0,1,0,0,middle class,0.4743480011240882
0,0,0,0,0,10000.0,0,0,1,middle class,0.5369003787000691
3,1,1,2,0,9000.0,0,0,0,upper class,0.7652083979591556
3,3,1,2,0,8000.0,1,1,0,upper class,0.6505949084816058
3,3,1,3,1,12000.0,0,1,0,upper class,0.5801244602268175
0,0,0,0,0,15000.0,0,0,1,poverty,0.3393005417362712
1,1,1,0,0,13000.0,1,1,0,upper class,0.6449057726588217
1,1,1,2,0,14000.0,0,0,1,poverty,0.3603104623934349
2,0,0,0,0,12000.0,1,1,0,upper class,0.6957185478775785
2,2,1,1,1,8000.0,1,1,0,upper class,0.4834974413683278
1,0,0,0,0,13000.0,0,0,1,working class,0.4515197420397469
1,1,1,0,1,14000.0,0,1,1,upper class,0.4931017178018438
3,2,3,0,1,14000.0,0,1,0,upper class,0.5274379615829109
3,3,2,3,1,8000.0,0,1,0,upper class,0.7548499523076003
1,1,0,0,0,14000.0,0,1,0,upper class,0.4694892859395923
1,1,1,1,0,11000.0,0,0,0,poverty,0.3983986936411343
3,3,1,5,0,8000.0,0,1,0,upper class,0.6301672768085953
0,0,0,0,0,12000.0,0,0,1,poverty,
0,0,0,0,0,13000.0,0,1,0,poverty,0.1572774333743463
2,2,0,0,0,13000.0,0,1,0,middle class,0.4871334705412062
1,1,2,2,0,11000.0,0,1,1,middle class,0.5794335341572858
3,0,0,0,0,8000.0,0,1,1,upper class,0.5260607794679719
2,2,1,0,0,14000.0,0,1,0,middle class,0.6919287222494878
0,0,0,0,0,12000.0,0,0,1,poverty,0.355637235170655
0,0,0,0,0,16000.0,0,1,1,working class,0.5435868135635351
1,1,0,2,0,11000.0,0,1,1,upper class,0.4869143968069608
2,2,0,2,0,11000.0,1,1,0,upper class,0.8062957373198067
0,0,0,0,0,15000.0,0,1,0,working class,0.6053899688373013
3,2,0,0,0,12000.0,1,0,0,upper class,0.6547218915043161
2,0,0,0,0,15000.0,0,1,0,middle class,0.6529765248969106
2,2,1,0,0,15000.0,1,1,0,upper class,
3,1,0,0,0,9000.0,0,1,0,middle class,0.4353571128139281
0,0,0,0,0,12000.0,0,1,1,poverty,0.4093076060130435
3,2,2,2,1,12000.0,0,1,0,middle class,
2,1,0,1,1,10000.0,0,1,0,upper class,0.6919683963067441
1,0,0,0,0,11000.0,0,1,0,upper class,0.6793798380252772
2,2,2,5,0,11000.0,0,1,0,upper class,0.5832262905924832
2,1,2,0,0,12000.0,1,1,0,upper class,0.7424759866684622
1,1,0,1,0,11000.0,0,0,0,middle class,0.6515006096504785
1,1,0,0,0,11000.0,1,1,0,upper class,0.7390951318308719
0,0,0,0,0,14000.0,0,0,1,poverty,0.4719870981911113
0,0,0,0,0,9000.0,0,0,1,poverty,0.3123294192491464
1,1,0,1,0,9000.0,1,1,0,middle class,0.6270912878053272
1,1,0,1,0,8000.0,1,1,0,upper class,0.7048714803406341
1,1,1,5,1,9000.0,0,1,1,middle class,0.3648952891745238
3,3,3,7,1,11000.0,1,1,0,upper class,0.6803393047835292
1,1,1,2,0,13000.0,1,0,0,poverty,0.3351710892003408
2,0,0,0,0,11000.0,0,1,1,upper class,0.5933425287960671
2,0,0,0,0,10000.0,0,1,1,upper class,0.5633384695516879
1,1,0,0,0,12000.0,0,1,1,poverty,0.3037442394619614
1,1,0,2,0,12000.0,1,1,0,middle class,0.5375931731054595
1,1,4,3,0,13000.0,0,0,0,poverty,0.1274177169396
1,1,0,0,0,11000.0,0,1,0,middle class,0.5127966986898517
3,2,1,3,0,11000.0,1,1,0,upper class,0.6942652143654913
1,0,0,0,0,13000.0,0,0,1,poverty,0.3411023429792369
1,1,1,0,0,9000.0,0,0,0,poverty,0.3912789861842823
0,0,0,0,0,14000.0,0,0,1,working class,
2,2,0,1,0,13000.0,1,1,0,upper class,0.5666251871294878
0,0,0,0,0,8000.0,0,1,1,poverty,0.3991136105635735
3,3,1,11,1,6000.0,0,1,0,upper class,
3,0,0,0,0,10000.0,1,1,0,upper class,0.6780482549923134
3,3,3,3,0,9000.0,0,1,0,upper class,0.6497286810498613
3,1,0,3,0,8000.0,0,0,1,upper class,0.5694637281652679
2,2,2,3,1,12000.0,1,1,0,working class,0.3167766915660789
2,2,3,5,0,10000.0,0,1,0,upper class,0.6267889000650932
2,0,0,0,0,6000.0,1,1,0,upper class,0.5640824695825345
2,1,1,0,0,11000.0,0,0,0,working class,
2,2,2,3,0,10000.0,0,0,0,middle class,0.5373908568000239
1,1,0,1,0,15000.0,0,1,1,upper class,0.6067045900851948
3,2,3,0,1,10000.0,0,1,0,upper class,0.534527772700769
3,2,0,1,0,12000.0,0,1,0,upper class,0.7676325928262623
1,1,1,1,0,8000.0,0,1,0,working class,
0,0,0,0,0,12000.0,0,1,1,poverty,0.3780184845502422
1,1,0,0,0,12000.0,0,1,0,middle class,0.5780625582423655
3,3,0,5,0,13000.0,0,1,0,middle class,0.6499401198435906
3,3,2,2,1,13000.0,1,1,0,upper class,0.6867893997063133
1,1,1,1,0,12000.0,0,0,1,poverty,
1,1,2,2,0,12000.0,0,0,1,working class,0.3637033471776875
1,1,1,1,0,13000.0,0,1,0,middle class,0.4334373332918408
1,1,4,1,1,12000.0,1,1,0,working class,0.5099082074730983
2,2,0,4,0,14000.0,0,1,0,upper class,0.6469843287183472
0,0,0,0,0,13000.0,0,0,1,poverty,0.3491647332402468
2,2,1,1,0,13000.0,0,1,0,middle class,0.614593254535845
0,0,0,0,0,14000.0,0,1,0,middle class,0.4998626811775605
2,0,0,0,0,8000.0,0,1,1,upper class,0.6401300069561456
2,2,2,0,1,16000.0,1,1,0,upper class,0.7568497361321834
1,0,0,0,0,10000.0,0,1,0,middle class,0.6989972463423352
1,1,2,0,0,17000.0,0,0,1,poverty,0.2868040259094392
2,2,1,3,1,12000.0,1,1,0,upper class,0.5448257365700174
3,3,1,3,2,10000.0,0,1,0,upper class,0.5820103077860838
0,0,0,0,0,9000.0,0,0,1,working class,0.3240569486205867
2,0,0,0,0,10000.0,0,0,0,middle class,0.6200322323255878
2,2,0,6,0,7000.0,0,0,0,poverty,0.5076361069588037
1,1,4,1,0,10000.0,0,0,1,working class,0.3162075142100888
2,1,4,2,0,7000.0,1,1,0,upper class,0.7243925070753335
2,2,2,4,1,8000.0,0,0,0,working class,0.5494309987122562
3,2,0,0,1,9000.0,1,0,0,upper class,0.5604292078171568
0,0,0,0,0,18000.0,0,0,1,poverty,0.3176442547991809
1,1,1,2,0,15000.0,0,0,1,working class,0.4073623559648251
0,0,0,0,0,10000.0,0,1,1,poverty,0.3097904471078935
2,2,3,0,0,11000.0,0,1,0,upper class,0.5891640296111545
2,0,0,0,0,10000.0,0,1,1,upper class,0.5999925100888724
1,1,0,2,1,10000.0,0,1,0,middle class,
0,0,0,0,0,13000.0,0,0,1,poverty,0.4379223036779929
0,0,0,0,0,10000.0,0,0,1,poverty,0.3404890676156737
1,1,1,1,0,11000.0,1,1,0,upper class,0.4856337045192767
3,2,1,3,0,9000.0,0,1,0,upper class,0.6551869767464442
2,2,1,1,1,14000.0,0,1,0,middle class,0.4450427635109293
0,0,0,0,0,12000.0,0,1,0,working class,
0,0,0,0,0,15000.0,0,0,1,poverty,0.2980386470250772
1,1,2,0,0,11000.0,0,1,0,working class,0.2918006114647601
2,0,0,0,0,9000.0,0,1,0,upper class,0.6387300964116825
1,1,4,3,1,12000.0,0,0,1,working class,0.5756097026465881
0,0,0,0,0,12000.0,0,0,1,poverty,0.3571772746016675
2,1,0,2,0,12000.0,1,1,0,upper class,0.6412933802203664
1,1,3,4,0,8000.0,1,1,0,middle class,0.662974125323889
0,0,0,0,0,10000.0,0,0,1,poverty,0.4752618544710137
2,2,7,2,0,11000.0,0,1,0,middle class,0.4378821691036571
1,1,0,3,0,13000.0,0,0,1,middle class,0.5412294511207146
0,0,0,0,0,14000.0,1,1,0,middle class,0.60882895731083
2,0,0,0,0,8000.0,0,1,0,working class,0.4764828551296845
2,2,2,1,0,19000.0,0,1,1,upper class,0.6020918870265246
3,2,3,6,0,7000.0,0,1,0,upper class,0.4349590139646847
1,1,1,2,0,13000.0,0,1,1,working class,0.4053779920793006
2,2,2,0,0,12000.0,1,1,0,upper class,0.4997298868124343
0,0,0,0,0,12000.0,1,1,1,middle class,0.4637218969356029
0,0,0,0,0,13000.0,0,0,1,poverty,0.2752720004597257
2,2,2,2,0,12000.0,0,1,1,working class,0.4624534606882998
2,0,0,0,0,11000.0,1,1,0,upper class,0.6439910880215374
2,2,1,5,1,9000.0,1,0,0,middle class,0.5592778358153015
1,1,0,3,0,10000.0,0,1,0,poverty,0.2043133963128014
1,1,0,2,1,11000.0,0,1,1,middle class,0.4907395124490321
1,0,0,0,0,16000.0,1,1,0,middle class,0.4589120361925471
0,0,0,0,0,13000.0,0,1,0,poverty,0.1162638006141908
2,2,2,3,1,16000.0,1,1,0,upper class,0.6388669977066651
1,1,0,0,0,10000.0,0,1,0,poverty,0.3437899450363883
0,0,0,0,0,12000.0,0,0,1,poverty,
1,1,1,0,0,15000.0,1,1,0,middle class,0.3956074818387411
3,3,8,7,2,9000.0,0,1,0,upper class,0.5300413823068981
2,1,2,2,0,12000.0,0,1,0,middle class,0.438870922090682
1,1,0,0,0,17000.0,0,0,0,middle class,0.4596952131281054
0,0,0,0,0,11000.0,0,0,1,working class,0.5137348627380244
1,0,0,0,0,14000.0,0,0,1,working class,0.7170914771884047
2,1,2,3,1,12000.0,0,1,1,upper class,0.4494294839841602
2,2,4,5,1,14000.0,0,1,0,middle class,0.4179447025205257
2,2,2,3,1,10000.0,1,1,0,upper class,0.4808531465764049
0,0,0,0,0,14000.0,0,1,1,middle class,0.4461315555362893
3,2,5,1,0,11000.0,1,1,0,upper class,0.73950799300585
2,2,0,0,0,10000.0,0,1,0,middle class,0.6534312027273705
0,0,0,0,0,13000.0,0,1,1,working class,0.466327896902897
0,0,0,0,0,14000.0,1,1,0,middle class,0.564717400251573
2,2,1,3,2,12000.0,1,1,0,middle class,0.5846008675834956
2,1,4,2,0,11000.0,1,0,0,upper class,0.539014053718841
2,2,2,2,0,11000.0,0,1,0,working class,0.4050360478908247
1,1,3,1,0,11000.0,0,0,1,working class,0.453471335053696
2,2,0,3,1,14000.0,0,1,0,upper class,0.562775708272011
0,0,0,0,0,12000.0,0,1,1,working class,0.4439945158376504
3,3,1,11,1,10000.0,0,1,0,upper class,0.7095147983810901
0,0,0,0,0,15000.0,0,1,0,working class,0.216036434371356
0,0,0,0,0,14000.0,0,1,1,poverty,0.3412799504711933
0,0,0,0,0,12000.0,1,1,0,poverty,0.4530467617186671
1,1,0,2,1,9000.0,0,1,0,upper class,0.4892065918233577
3,3,3,0,0,11000.0,0,0,0,working class,0.6526913006637715
3,3,1,5,0,6000.0,1,1,0,upper class,0.4772941489448981
2,2,3,2,0,13000.0,0,1,0,upper class,
0,0,0,0,0,13000.0,1,1,0,working class,0.3308445835946743
2,1,0,3,0,12000.0,1,1,0,upper class,0.4877976264827012
3,1,0,1,1,14000.0,0,1,0,middle class,
3,3,3,2,1,12000.0,0,1,0,upper class,0.6096020843551448
1,1,1,2,0,12000.0,0,1,1,upper class,0.5337010547648954
1,0,0,0,0,10000.0,0,1,0,upper class,0.7052405615459966
1,1,1,2,0,11000.0,0,1,0,working class,
1,0,0,0,0,13000.0,0,1,1,middle class,0.6947469624731197
1,1,1,1,0,13000.0,1,1,0,middle class,0.5366566783666077
3,3,2,3,0,11000.0,1,1,0,upper class,0.4333321199941906
0,0,0,0,0,15000.0,1,1,1,working class,0.5339210938550758
1,1,0,1,0,15000.0,0,0,1,middle class,0.6331218784080793
0,0,0,0,0,16000.0,1,1,1,poverty,0.3145040661291375
0,0,0,0,0,9000.0,0,1,1,poverty,0.2525014821570652
0,0,0,0,0,13000.0,0,0,1,poverty,0.2992844002880692
3,0,0,0,0,14000.0,0,1,0,upper class,0.7576240019420225
1,1,2,2,0,12000.0,0,0,0,poverty,0.4032471381863556
2,2,3,3,0,5000.0,0,0,0,middle class,
2,1,2,2,0,8000.0,0,0,1,middle class,0.3803560286607813
1,1,1,0,1,14000.0,0,1,1,poverty,0.3573810138496031
2,2,3,3,0,11000.0,1,1,0,upper class,0.701769802887006
2,0,0,0,0,12000.0,1,1,0,upper class,0.5427892834696217
3,3,2,4,1,12000.0,0,1,0,upper class,0.5434466456733709
2,0,0,0,0,13000.0,0,1,0,upper class,0.5792880833054858
0,0,0,0,0,13000.0,0,1,1,working class,0.431934300248274
0,0,0,0,0,13000.0,0,0,1,poverty,0.4814387645147136
2,0,0,0,0,10000.0,1,1,0,upper class,0.6970945487224753
1,1,0,2,0,16000.0,0,1,0,working class,0.4996992570022154
0,0,0,0,0,12000.0,0,0,1,poverty,0.3159066851342934
0,0,0,0,0,16000.0,0,1,1,poverty,0.487319748001361
2,2,1,1,0,13000.0,0,1,0,upper class,
1,1,0,1,1,12000.0,0,0,1,middle class,
3,3,1,5,0,13000.0,1,1,1,upper class,0.5758531878841718
1,1,0,0,1,11000.0,0,1,0,working class,0.4789087236606828
0,0,0,0,0,13000.0,0,1,0,working class,0.4814229489382434
0,0,0,0,0,13000.0,0,1,0,upper class,0.591478692183566
1,1,1,0,1,8000.0,1,0,0,upper class,0.6836425134907735
2,2,1,3,1,14000.0,0,0,0,poverty,0.2812613732110971
3,2,1,3,1,8000.0,1,1,0,upper class,0.5173006019132421
2,0,0,0,0,12000.0,1,1,0,upper class,0.8378248302036221
2,2,2,2,0,16000.0,0,1,0,middle class,0.6216371393407805
0,0,0,0,0,15000.0,0,1,0,poverty,0.3586332739565848
1,1,0,2,0,17000.0,0,0,0,middle class,0.4383220370386718
0,0,0,0,0,13000.0,0,0,1,working class,0.5325323919648072
0,0,0,0,0,10000.0,0,0,1,poverty,0.3071218455823236
0,0,0,0,0,14000.0,0,1,1,upper class,0.5425747718633692
2,2,0,2,0,10000.0,1,1,0,upper class,0.5299866281993799
2,2,0,1,0,14000.0,0,0,1,poverty,0.3405721843453995
3,0,0,0,0,12000.0,0,1,0,upper class,0.5670436317823369
3,1,1,1,0,13000.0,1,1,0,upper class,0.5912125916787476
2,2,5,1,0,8000.0,0,1,0,upper class,0.493529174226109
0,0,0,0,0,12000.0,0,1,1,poverty,0.2831110621636425
1,0,0,0,0,11000.0,0,1,0,middle class,0.478127130890389
3,3,5,4,0,13000.0,1,1,0,upper class,0.5723337906263316
1,1,0,2,0,15000.0,1,1,1,middle class,0.6955855054281478
1,1,0,1,0,8000.0,0,1,0,middle class,0.4970631199385591
3,3,0,4,1,8000.0,1,1,0,upper class,0.6366852095189404
1,1,0,1,0,8000.0,0,0,0,working class,0.3524475174384347
2,2,3,7,0,9000.0,0,0,0,upper class,0.5681059173993356
0,0,0,0,0,14000.0,0,1,1,poverty,0.2511179744609818
2,2,2,3,1,14000.0,1,1,0,upper class,0.6479894267730026
2,1,0,4,0,11000.0,0,1,1,middle class,0.6244125383903321
3,1,0,0,0,14000.0,0,1,0,upper class,0.6530763483634806
3,3,0,19,1,9000.0,1,1,0,upper class,0.4482580060581439
1,0,0,0,0,14000.0,0,1,0,upper class,0.5876689302820586
2,2,0,1,0,14000.0,1,0,0,working class,0.4585473867377154
0,0,0,0,0,12000.0,0,1,1,working class,0.5831965364453865
1,0,0,0,0,7000.0,1,1,0,upper class,0.6384537592587721
3,3,5,9,1,10000.0,1,1,0,upper class,0.5738524983062786
3,0,0,0,0,10000.0,1,1,0,upper class,0.5556246833896312
0,0,0,0,0,8000.0,0,1,0,middle class,0.4846957120746186
2,2,2,1,1,14000.0,0,0,0,working class,0.4594079459168241
1,1,2,0,0,10000.0,0,1,0,upper class,0.5289724613573763
1,1,0,2,1,15000.0,0,0,1,poverty,0.5273394341183449
0,0,0,0,0,13000.0,0,1,1,working class,0.2686203221878676
2,1,0,0,0,6000.0,0,0,0,poverty,0.4556838293051873
2,2,0,4,0,11000.0,0,1,0,middle class,
0,0,0,0,0,12000.0,0,1,1,poverty,0.2619796286414177
2,0,0,0,0,10000.0,0,0,1,poverty,0.3827473465971639
3,3,6,6,0,10000.0,0,1,0,upper class,0.6243246515669466
1,1,1,0,0,11000.0,0,0,1,poverty,0.3250074745875112
2,1,4,1,0,8000.0,0,0,0,middle class,
3,3,7,8,0,10000.0,1,0,0,upper class,0.748549433631923
3,3,0,9,0,9000.0,0,0,0,upper class,
1,1,1,1,1,13000.0,1,0,0,working class,0.4811909309274258
3,3,2,10,0,6000.0,1,1,0,upper class,0.5173495976314954
0,0,0,0,0,10000.0,0,1,1,upper class,0.6345771810275116
0,0,0,0,0,11000.0,0,1,1,working class,0.1237946155140384
1,1,0,1,0,14000.0,0,0,0,working class,0.3648866465260174
1,1,1,0,0,12000.0,0,1,0,middle class,0.5435232653967891
3,1,1,2,0,10000.0,1,0,0,upper class,0.765285708520443
2,1,0,2,0,13000.0,0,0,0,upper class,0.5748734376541189
3,1,2,0,0,12000.0,0,0,1,upper class,0.6528730843357405
3,3,2,1,1,17000.0,1,1,0,upper class,0.7466721713834849
1,0,0,0,0,14000.0,0,0,1,poverty,0.3969970839837506
2,2,1,1,0,13000.0,1,1,0,upper class,
3,3,4,6,1,12000.0,0,1,0,upper class,0.5578691421373894
0,0,0,0,0,16000.0,0,0,1,middle class,0.4788538424981473
1,1,1,2,0,10000.0,0,0,1,poverty,0.2983550594304999
2,2,6,4,3,12000.0,0,1,0,upper class,0.6929337498339926
2,2,5,5,1,11000.0,0,1,0,upper class,0.5971950272813463
0,0,0,0,0,12000.0,0,0,1,poverty,
1,1,0,0,0,13000.0,1,1,0,middle class,
1,0,0,0,0,16000.0,0,1,1,middle class,0.7347001277334391
1,0,0,0,0,11000.0,1,1,0,upper class,0.7943143735731404
2,2,0,4,0,9000.0,1,1,0,upper class,0.6827824260671296
3,0,0,0,0,11000.0,1,1,0,upper class,0.6129038867784491
2,0,0,0,0,11000.0,1,0,0,upper class,0.5885745201264703
2,2,0,4,0,10000.0,0,1,0,upper class,
1,0,0,0,0,15000.0,1,0,1,middle class,0.3642412378627409
2,2,1,3,2,14000.0,0,1,0,middle class,0.5994201344209197
2,1,0,0,1,13000.0,0,0,0,poverty,0.2335483431274285
0,0,0,0,0,12000.0,1,1,1,middle class,0.5193228045087914
1,1,0,0,1,9000.0,0,1,0,upper class,0.734556255792773
2,1,1,0,0,14000.0,1,1,0,middle class,
0,0,0,0,0,13000.0,0,0,1,poverty,0.1555965806036122
1,1,1,0,0,11000.0,0,0,0,middle class,0.5358780117500972
1,0,0,0,0,11000.0,1,1,0,upper class,0.5714563420401908
3,3,1,1,0,11000.0,0,0,0,upper class,0.6700919450647312
3,3,1,2,0,9000.0,0,1,0,upper class,0.5743148525471706
1,0,0,0,0,15000.0,0,1,1,upper class,0.6447136435473335
3,3,4,7,1,12000.0,0,1,0,upper class,0.5011579904510586
2,1,3,1,0,10000.0,1,1,0,upper class,0.8382050400572787
1,1,1,1,0,12000.0,0,1,0,middle class,0.5246137994590073
3,3,4,3,1,15000.0,1,1,0,upper class,0.5548235985306158
3,2,0,4,0,14000.0,0,1,0,upper class,0.6703727605350889
0,0,0,0,0,8000.0,1,0,0,working class,0.1991659324100259
2,1,1,4,0,8000.0,0,1,0,upper class,
1,0,0,0,0,12000.0,0,1,1,middle class,0.345796125929856
2,2,4,5,0,10000.0,0,1,0,working class,0.4217406405501712
0,0,0,0,0,11000.0,0,0,1,poverty,0.3718529804298523
0,0,0,0,0,12000.0,0,0,1,poverty,
1,1,3,0,0,12000.0,0,1,0,middle class,0.3590967332338258
1,1,1,1,0,11000.0,0,1,0,poverty,0.2528274652676732
1,1,0,1,1,13000.0,1,0,0,upper class,0.7387975800320131
1,1,2,0,0,10000.0,0,0,1,poverty,0.3800411829483707
1,1,1,3,1,14000.0,0,1,1,working class,0.372447204860674
2,2,2,4,1,12000.0,0,1,0,upper class,0.6109676775612789
2,2,1,9,1,10000.0,0,0,0,middle class,0.5020311962724953
2,2,0,1,0,15000.0,0,1,0,working class,
0,0,0,0,0,13000.0,1,1,1,middle class,0.4491866119269241
1,1,0,1,0,11000.0,1,1,0,poverty,
0,0,0,0,0,16000.0,0,0,1,poverty,0.3839383227532641
2,2,0,2,0,11000.0,1,1,0,middle class,0.4832471845483816
1,1,1,1,1,13000.0,0,1,0,working class,0.5483499228640025
3,3,0,4,1,12000.0,1,1,0,upper class,0.5345841472675092
3,1,0,2,0,5000.0,0,1,0,upper class,0.5086825437771137
1,1,0,1,0,10000.0,0,0,1,working class,0.3854878161761313
2,0,0,0,0,13000.0,0,1,0,working class,0.3186677015072492
2,0,0,0,0,14000.0,1,1,0,middle class,0.5283154345689651
2,2,1,0,0,12000.0,0,1,0,middle class,0.6463796858330859
2,2,7,2,0,9000.0,1,1,0,upper class,0.6322473942589996
0,0,0,0,0,13000.0,0,1,0,poverty,0.4126367860235233
1,0,0,0,0,8000.0,1,1,0,middle class,0.561189880696348
3,0,0,0,0,13000.0,0,1,1,upper class,0.6908848837711149
0,0,0,0,0,12000.0,0,0,1,poverty,0.3437902440091854
1,0,0,0,0,11000.0,0,1,1,middle class,0.5434608543700327
1,1,2,1,0,9000.0,0,1,1,upper class,0.7762155221181141
1,1,0,0,1,13000.0,0,1,0,working class,0.5318212282998204
0,0,0,0,0,13000.0,0,0,1,poverty,0.2843594243324203
1,0,0,0,0,13000.0,0,1,1,working class,0.3199505722308352
2,2,0,3,0,12000.0,1,1,0,upper class,0.6946267228319687
3,0,0,0,0,10000.0,1,1,0,upper class,0.7820833952337761
2,2,1,3,0,10000.0,1,1,0,upper class,
2,0,0,0,0,13000.0,0,1,1,upper class,0.5724306198393179
3,3,6,4,1,14000.0,1,1,0,upper class,0.5833267372571846
0,0,0,0,0,10000.0,0,0,1,poverty,0.333622141622043
2,2,1,5,2,10000.0,1,1,0,upper class,0.8706105407338979
2,2,5,2,0,9000.0,1,0,0,middle class,0.6835622996764328
3,2,3,0,0,11000.0,1,0,0,upper class,0.7351303352292949
2,0,0,0,0,18000.0,0,1,0,upper class,0.6921548380276835
1,1,0,1,0,14000.0,1,1,0,working class,0.5104505487771847
1,0,0,0,0,13000.0,0,1,0,working class,0.4984336380618572
1,1,0,0,1,12000.0,0,1,0,working class,0.4864038516228967
3,3,2,1,0,12000.0,0,1,0,upper class,
1,1,0,1,0,11000.0,0,1,0,working class,0.5192250173065179
2,2,7,3,0,12000.0,0,1,0,middle class,0.5059289542380285
0,0,0,0,0,15000.0,1,0,1,middle class,0.3759390664274271
0,0,0,0,0,13000.0,0,1,1,upper class,0.6212382383504942
0,0,0,0,0,13000.0,0,0,1,poverty,0.3975139345685761
0,0,0,0,0,11000.0,0,0,1,working class,0.3976983783647137
1,1,4,2,0,10000.0,0,1,0,upper class,0.4473939530293328
1,1,0,1,0,6000.0,0,1,1,working class,
1,1,1,2,1,9000.0,1,1,0,upper class,0.6100646961488712
2,2,0,5,0,10000.0,0,1,0,upper class,0.669831859041465
2,2,0,2,0,15000.0,0,1,1,working class,0.3942030841796357
3,3,1,1,0,12000.0,1,1,0,upper class,0.5069172347691039
1,1,0,3,0,12000.0,0,0,0,poverty,0.2576497109076807
2,2,1,3,1,11000.0,1,1,0,middle class,0.5380413060925483
3,1,0,1,0,12000.0,0,1,0,upper class,0.5448318212148475
2,2,0,2,0,12000.0,0,1,0,upper class,0.6504176835900062
0,0,0,0,0,7000.0,1,1,0,middle class,0.6002312656355571
1,1,1,3,0,12000.0,0,1,1,upper class,0.6352679101945021
1,1,2,3,1,10000.0,0,1,0,upper class,0.7481307425472491
3,3,8,5,0,12000.0,0,1,0,upper class,0.5298034832438066
0,0,0,0,0,12000.0,0,0,1,working class,0.3009876834556013
2,2,1,1,0,10000.0,1,1,0,upper class,0.6331028718806417
0,0,0,0,0,9000.0,1,1,0,working class,0.3549791231763877
1,1,3,1,0,13000.0,0,1,0,middle class,0.5061960446978321
1,0,0,0,0,13000.0,0,1,1,working class,0.5592297740925077
1,0,0,0,0,11000.0,0,1,1,middle class,
2,2,2,6,2,12000.0,1,1,0,upper class,0.4158806589209596
2,2,2,3,0,12000.0,0,1,0,middle class,0.5561059958978236
1,1,0,0,0,13000.0,0,0,1,working class,0.4403229422775207
0,0,0,0,0,13000.0,0,0,1,poverty,0.2735278986268949
0,0,0,0,0,16000.0,0,0,1,poverty,0.3603076975327467
1,1,1,0,0,16000.0,0,1,0,poverty,
2,1,0,3,0,8000.0,0,0,0,working class,0.4055109351639861
0,0,0,0,0,11000.0,0,1,0,middle class,0.7418778535045897
2,2,0,0,0,12000.0,1,0,0,middle class,0.628190237209943
2,0,0,0,0,12000.0,1,1,0,upper class,0.7754187772381345
1,1,1,1,0,16000.0,0,1,1,poverty,0.3364170108636516
1,0,0,0,0,10000.0,1,1,0,middle class,0.5173957929663525
1,1,0,1,0,15000.0,0,1,1,poverty,0.160705687872896
3,3,0,2,1,10000.0,0,1,0,upper class,0.6795259372735327
2,2,0,1,0,12000.0,0,1,0,upper class,0.6127386693205992
3,3,2,4,0,9000.0,0,1,0,upper class,0.6120679452933288
1,1,0,0,0,15000.0,0,1,0,working class,0.552069269258652
1,1,0,4,0,12000.0,0,0,1,poverty,0.3375905137780909
1,1,2,1,0,11000.0,0,1,0,upper class,0.6527432465482012
1,0,0,0,0,11000.0,0,0,0,poverty,0.4415319215110355
0,0,0,0,0,10000.0,0,0,1,working class,
3,3,0,8,4,8000.0,0,0,0,upper class,0.5503736860623293
2,0,0,0,0,11000.0,0,1,0,middle class,0.5472468071539672
2,0,0,0,0,12000.0,0,0,1,working class,0.319967516514032
0,0,0,0,0,12000.0,1,1,0,middle class,0.6514543800907053
3,1,0,0,0,11000.0,1,0,0,upper class,0.4240644177961019
1,1,2,2,0,8000.0,0,0,1,upper class,0.6207699274694463
1,1,1,1,0,9000.0,1,0,0,upper class,0.6927344580708275
2,2,2,5,1,11000.0,1,1,0,upper class,
0,0,0,0,0,17000.0,0,0,1,poverty,0.4382240619943719
0,0,0,0,0,17000.0,1,1,0,working class,0.2350866512184662
2,2,0,1,1,9000.0,1,1,0,upper class,0.5627454441010621
3,3,2,1,1,12000.0,0,1,0,upper class,
3,3,3,4,1,9000.0,1,1,0,upper class,0.6550009397249718
0,0,0,0,0,13000.0,0,1,1,middle class,0.4902259461404842
0,0,0,0,0,13000.0,0,0,1,middle class,0.5736784822411335
3,3,1,0,1,10000.0,0,1,0,upper class,0.6700527640087209
2,2,3,4,2,9000.0,0,1,0,upper class,0.7185945311922187
3,3,1,4,0,9000.0,0,1,0,upper class,0.6738651478544592
0,0,0,0,0,20000.0,0,0,1,poverty,0.3943319121379165
3,3,1,4,0,8000.0,1,1,0,upper class,0.5119263879433088
0,0,0,0,0,12000.0,0,0,1,working class,0.3517181900202916
3,1,1,0,1,10000.0,0,1,0,upper class,0.494675905573652
3,1,1,2,0,12000.0,1,1,1,upper class,0.6259404088888506
1,1,1,1,0,12000.0,1,1,0,upper class,
0,0,0,0,0,6000.0,0,0,1,poverty,0.2418226754915772
2,2,2,1,0,11000.0,0,1,0,upper class,0.5524786591526885
2,0,0,0,0,9000.0,1,1,1,upper class,0.4931692837662477
2,0,0,0,0,9000.0,1,1,0,upper class,0.7672785497567967
3,3,2,1,0,12000.0,1,1,0,upper class,0.6794838400065706
0,0,0,0,0,13000.0,0,0,1,working class,
0,0,0,0,0,12000.0,0,0,1,poverty,0.3854870339226485
1,1,0,1,0,13000.0,0,1,0,upper class,0.7478430687996118
2,2,2,6,1,9000.0,0,0,1,middle class,0.4752935737544261
0,0,0,0,0,16000.0,0,0,1,poverty,0.4214300590871836
2,2,2,2,0,16000.0,1,1,0,upper class,0.6922646807076592
3,2,2,1,1,13000.0,0,1,1,middle class,0.527208345033553
2,2,1,0,1,9000.0,1,1,0,upper class,0.5235691485278864
3,1,2,2,0,12000.0,0,1,0,upper class,0.6247510484897659
1,1,1,3,0,10000.0,0,1,0,upper class,0.5572529676453026
2,0,0,0,0,14000.0,0,1,1,upper class,0.7275331285191912
1,0,0,0,0,16000.0,0,0,1,middle class,0.708304096204226
2,2,2,0,1,13000.0,0,0,0,middle class,0.3680392190787867
1,1,0,3,0,14000.0,1,1,0,working class,0.5076472452256656
1,1,1,2,0,11000.0,0,1,0,middle class,0.5635735071671988
3,3,2,10,2,8000.0,1,1,0,upper class,0.5477950986754866
0,0,0,0,0,13000.0,1,0,1,poverty,0.6132568376998419
0,0,0,0,0,12000.0,0,1,1,poverty,0.3387308869583736
3,3,0,0,1,15000.0,0,0,0,working class,0.4572076092107355
0,0,0,0,0,11000.0,0,1,1,poverty,0.3471954077087669
2,1,1,0,0,13000.0,0,1,0,upper class,0.6061707278336375
0,0,0,0,0,15000.0,0,0,1,poverty,0.2702524597102402
2,2,4,6,1,7000.0,0,1,0,upper class,0.6220980397455637
2,2,0,5,0,9000.0,0,1,0,upper class,0.5270405908938821
0,0,0,0,0,12000.0,1,0,1,poverty,0.4320800379784273
2,2,1,2,1,14000.0,0,1,0,upper class,0.8473246532148048
0,0,0,0,0,12000.0,0,1,1,working class,0.3092719552053368
2,2,3,0,0,12000.0,0,1,0,working class,0.2755804790418684
1,0,0,0,0,15000.0,0,1,1,working class,0.5667317403812019
0,0,0,0,0,12000.0,0,0,1,working class,0.3198732815128818
1,1,1,1,0,15000.0,0,0,1,poverty,
1,1,1,0,0,13000.0,0,1,0,middle class,0.6784162320169361
2,0,0,0,0,9000.0,0,1,0,upper class,0.6424407916930818
3,3,2,2,0,11000.0,0,1,0,upper class,0.5676115625442515
0,0,0,0,0,12000.0,0,1,1,working class,0.3450578498840382
0,0,0,0,0,15000.0,1,0,1,poverty,0.2552489780402014
3,3,2,5,3,11000.0,1,1,0,upper class,0.6719840800004058
3,3,3,4,0,7000.0,0,1,0,upper class,0.5202085739066239
2,2,1,0,1,11000.0,1,1,0,upper class,
1,1,0,2,1,9000.0,0,1,0,poverty,0.2684193888044771
2,2,2,3,0,8000.0,0,0,0,poverty,0.2381566293781678
0,0,0,0,0,12000.0,0,0,1,working class,0.5617738264986085
2,2,0,4,0,9000.0,1,1,0,upper class,0.6860628928142973
2,0,0,0,0,12000.0,1,1,0,upper class,
1,1,1,1,0,12000.0,1,1,1,middle class,0.4916779096305542
1,1,3,2,1,10000.0,0,0,1,working class,0.382266838040224
3,3,0,5,1,7000.0,0,1,0,upper class,0.652187063216511
3,2,1,3,0,12000.0,0,1,0,upper class,0.6678192505009327
2,1,1,0,0,9000.0,1,1,0,middle class,0.5273961990140225
3,3,5,5,0,12000.0,1,1,0,upper class,0.6366241137464022
0,0,0,0,0,14000.0,0,0,1,working class,0.41149689980404
1,1,0,1,0,12000.0,0,1,0,middle class,0.5188499074811044
3,2,0,6,1,7000.0,1,1,0,upper class,0.5988548494250686
2,2,1,2,1,12000.0,1,1,0,upper class,0.4646878976644145
2,2,2,6,0,9000.0,1,1,0,middle class,
2,2,2,2,0,12000.0,1,1,0,working class,0.2151387998396746
0,0,0,0,0,14000.0,0,1,0,poverty,0.3652981607970365
3,2,2,3,0,8000.0,0,1,0,upper class,0.5822884597936387
2,2,0,5,0,11000.0,0,0,0,upper class,0.551114836540885
1,1,0,1,0,12000.0,0,1,0,working class,0.3903628896596465
3,2,0,3,1,10000.0,0,1,0,upper class,0.6552697213886661
2,2,0,1,1,10000.0,0,1,1,upper class,0.5687243992218569
3,0,0,0,0,10000.0,1,1,0,upper class,0.6966049486024786
2,2,1,2,1,12000.0,0,0,0,upper class,0.5167910502777731
3,3,1,8,2,13000.0,0,0,0,middle class,0.6423726842464099
2,2,0,0,2,10000.0,0,0,0,working class,0.4520404049216578
0,0,0,0,0,14000.0,1,1,0,upper class,0.6895344083101186
1,1,0,0,0,14000.0,0,0,0,poverty,0.3489741682186933
0,0,0,0,0,6000.0,1,1,0,middle class,0.3813396180214729
2,2,2,6,0,7000.0,1,1,0,upper class,0.4593780226778861
0,0,0,0,0,13000.0,0,0,0,poverty,0.4015336878789244
0,0,0,0,0,14000.0,0,1,1,poverty,0.3497692618238182
1,1,0,0,0,16000.0,1,1,0,working class,0.2994703727366113
0,0,0,0,0,13000.0,1,1,0,working class,0.3775879427770994
3,3,5,6,2,12000.0,1,1,0,upper class,0.5982081058452374
3,1,1,5,0,9000.0,0,1,1,upper class,0.5837686630569369
0,0,0,0,0,14000.0,0,0,1,poverty,0.2868979243187189
1,1,1,3,0,11000.0,1,0,0,middle class,
1,1,5,3,0,12000.0,1,0,0,working class,0.3898429969163955
2,1,1,0,0,17000.0,0,1,1,middle class,
3,3,3,3,0,14000.0,1,1,0,upper class,0.6050717889516587
2,1,0,0,0,11000.0,1,1,0,upper class,0.5571697141942088
0,0,0,0,0,14000.0,0,0,1,poverty,0.431353416143122
3,1,0,1,0,11000.0,1,1,0,middle class,
1,1,1,0,0,15000.0,1,1,0,upper class,0.5761308490599617
3,3,1,2,0,8000.0,1,1,0,upper class,0.7538585911148775
3,3,0,2,0,9000.0,0,1,0,poverty,0.4545865737204837
3,3,1,1,0,11000.0,0,0,0,upper class,0.5326246407175399
0,0,0,0,0,14000.0,0,0,1,poverty,
3,3,4,3,0,11000.0,0,1,0,upper class,0.7765854707506779
3,1,0,1,1,6000.0,1,1,0,upper class,0.4990427927530763
1,1,0,2,0,10000.0,0,1,0,upper class,
1,1,0,2,0,12000.0,0,1,0,poverty,0.3663368365838678
2,0,0,0,0,13000.0,0,1,1,upper class,
0,0,0,0,0,13000.0,1,1,1,upper class,
3,1,4,2,0,9000.0,0,1,0,upper class,0.5526961708148909
1,1,0,0,0,19000.0,0,0,1,poverty,0.3421398832254737
3,3,0,1,1,7000.0,0,0,0,working class,0.4422737177881304
2,0,0,0,0,12000.0,0,1,1,upper class,0.5510683370901858
3,3,2,0,0,9000.0,1,1,0,upper class,0.6491515853548271
3,3,5,8,4,11000.0,0,0,1,upper class,0.6072563389717687
0,0,0,0,0,15000.0,0,1,1,working class,0.4749423084591305
1,1,1,0,0,12000.0,0,0,0,working class,0.4390949268814289
2,2,0,1,0,9000.0,1,1,0,upper class,0.7313869023148678
1,0,0,0,0,11000.0,0,0,0,working class,0.3720498551305512
1,1,2,2,0,12000.0,0,0,0,working class,0.5586163243049517
0,0,0,0,0,10000.0,0,0,1,working class,0.5311075485742727
2,2,0,2,0,11000.0,1,0,0,upper class,0.5538297087878516
0,0,0,0,0,9000.0,0,1,0,poverty,
2,2,2,2,0,16000.0,0,0,0,working class,0.4110413222229462
2,2,4,2,0,13000.0,0,1,0,middle class,0.5055283308456225
1,0,0,0,0,12000.0,0,0,1,working class,0.3746985157862142
3,3,0,7,0,12000.0,0,1,0,upper class,0.8102784235726451
1,1,1,1,0,15000.0,0,0,0,poverty,0.3444398567768867
3,3,1,3,0,11000.0,0,1,0,upper class,0.5772001970125457
1,1,1,0,0,10000.0,0,0,0,middle class,
3,3,3,7,0,10000.0,1,1,0,upper class,0.4178912830728666
2,2,1,2,0,12000.0,1,1,0,middle class,0.5230945739755938
1,1,2,0,0,14000.0,1,1,0,upper class,
2,2,1,0,1,15000.0,0,1,0,upper class,
1,0,0,0,0,11000.0,0,1,1,upper class,0.6192744502244579
2,1,1,0,0,12000.0,0,1,0,middle class,0.6183907563356378
1,1,1,7,0,10000.0,1,1,0,middle class,0.5249091088744845
1,1,0,1,0,11000.0,1,1,0,upper class,0.5766352409748202
2,2,0,1,0,13000.0,1,1,0,upper class,0.658130511965241
0,0,0,0,0,16000.0,0,0,1,poverty,0.4095610684766948
1,0,0,0,0,11000.0,0,0,0,working class,0.484596235100643
0,0,0,0,0,8000.0,0,1,1,working class,0.5499963841741269
3,1,0,0,0,16000.0,1,0,0,upper class,0.7449383495568896
1,0,0,0,0,12000.0,0,1,1,poverty,0.3955660024667341
0,0,0,0,0,15000.0,0,1,1,poverty,0.4236274025393176
3,0,0,0,0,12000.0,1,1,0,upper class,
1,1,0,1,0,14000.0,0,0,1,working class,0.6524879199044313
0,0,0,0,0,16000.0,0,1,0,working class,0.5705793375134643
1,1,1,1,1,14000.0,0,1,0,middle class,0.5206088095165088
1,0,0,0,0,13000.0,0,0,1,poverty,0.3794524438795001
1,0,0,0,0,11000.0,0,0,1,working class,0.2534741413097929
1,1,2,5,0,12000.0,0,0,1,working class,0.3151728953354386
1,1,2,2,0,11000.0,0,0,1,poverty,0.4465547424239288
0,0,0,0,0,16000.0,0,1,1,poverty,
2,2,0,1,0,13000.0,0,1,0,middle class,0.626944308296386
1,1,2,0,0,11000.0,0,1,0,working class,0.3147995375528103
1,1,1,1,0,12000.0,1,0,0,poverty,0.3932545285816853
3,3,3,3,0,10000.0,1,1,0,upper class,0.6285286315416291
3,2,1,3,0,15000.0,0,1,0,upper class,0.6491782329537904
0,0,0,0,0,12000.0,0,0,1,poverty,0.4395710203814109
1,1,0,1,1,13000.0,0,0,1,middle class,0.5691967569514129
1,1,0,2,2,18000.0,0,1,1,upper class,0.6349649241418664
0,0,0,0,0,15000.0,0,0,1,working class,0.3998788914503896
2,2,0,0,0,9000.0,0,1,0,upper class,0.7142061813852079
2,2,0,3,0,7000.0,0,1,0,middle class,0.4666142880619932
1,1,1,0,2,16000.0,0,1,0,middle class,0.5014188486086891
2,1,0,0,0,9000.0,1,1,0,upper class,0.6592149492799714
1,0,0,0,0,13000.0,0,1,1,working class,0.235102472341894
1,1,1,1,0,12000.0,0,1,0,middle class,0.6141936424008992
0,0,0,0,0,10000.0,0,0,1,poverty,0.4545587544123305
0,0,0,0,0,11000.0,0,0,0,poverty,0.3213669235266203
2,1,0,1,0,12000.0,1,1,0,upper class,0.6940772534003904
3,3,3,5,1,10000.0,0,1,0,upper class,0.5595476023022735
2,2,4,4,1,15000.0,1,1,0,upper class,0.6447588742390392
3,0,0,0,0,13000.0,0,1,0,upper class,0.6408598042966944
1,1,0,2,3,11000.0,0,1,0,middle class,0.6291714655429573
3,3,4,3,2,11000.0,0,1,0,middle class,0.5527703274835478
1,1,1,0,0,12000.0,1,1,0,upper class,
1,1,0,1,0,15000.0,0,1,0,upper class,0.7790254492034814
1,1,2,1,0,15000.0,1,1,1,upper class,0.5714769821309994
3,0,0,0,0,12000.0,1,1,0,upper class,0.5086621634112273
0,0,0,0,0,17000.0,0,0,0,poverty,0.3680217875353828
3,1,0,0,0,8000.0,1,1,0,upper class,0.8023923038242871
2,0,0,0,0,12000.0,1,1,0,upper class,0.7031062628787716
2,2,0,4,0,11000.0,0,0,0,poverty,0.3552581575472349
1,1,1,0,1,16000.0,0,1,0,working class,
3,3,9,18,0,4000.0,0,1,0,middle class,0.3735482790335238
1,1,0,0,0,11000.0,0,0,1,working class,
1,1,0,2,0,10000.0,0,1,0,upper class,0.5998670608438114
3,0,0,0,0,10000.0,0,1,1,upper class,0.5762448150052945
3,1,2,4,1,13000.0,1,1,0,upper class,0.5934258727117244
3,1,0,2,0,11000.0,1,1,0,middle class,0.402838852494212
1,1,0,0,0,18000.0,0,0,1,poverty,0.3820049779901528
2,2,2,1,0,11000.0,1,1,0,upper class,0.460263218051401
3,3,3,8,1,9000.0,1,1,0,upper class,0.5172048721255794
0,0,0,0,0,12000.0,0,0,1,poverty,0.2718838288402899
2,2,3,1,0,10000.0,0,1,0,middle class,0.6217185834585502
2,2,0,4,0,10000.0,1,1,0,working class,0.4114280683133329
1,1,0,0,0,12000.0,1,1,0,middle class,0.3846223295263565
1,0,0,0,0,13000.0,0,1,1,upper class,0.6214641469256716
2,0,0,0,0,11000.0,1,0,0,middle class,0.3546476925109761
1,0,0,0,0,11000.0,0,1,1,working class,0.346268248189127
0,0,0,0,0,13000.0,0,1,1,poverty,
0,0,0,0,0,11000.0,0,1,1,middle class,
3,3,0,2,1,7000.0,0,1,0,upper class,0.5583045043955701
3,3,2,1,2,13000.0,0,1,0,upper class,0.5843154743836809
1,1,0,0,0,16000.0,0,1,0,middle class,0.4946314596097509
3,2,0,1,0,13000.0,0,1,0,upper class,0.6811444065079352
3,3,2,10,1,7000.0,0,1,0,upper class,0.6335928935766854
2,2,0,0,0,15000.0,0,1,0,upper class,0.7210338094800525
2,2,2,2,0,16000.0,0,0,0,upper class,0.5981922872374543
2,2,1,7,1,11000.0,0,1,0,middle class,0.5011761380544572
2,2,0,1,0,11000.0,1,0,0,middle class,0.4508686835898137
2,1,0,2,0,8000.0,0,1,0,upper class,0.5660244482152346
2,2,1,6,0,7000.0,1,1,0,upper class,0.4425192746827522
0,0,0,0,0,9000.0,0,1,1,poverty,0.3627654869889801
3,1,0,1,0,12000.0,1,1,0,upper class,0.5959363570499764
2,2,0,5,1,14000.0,0,1,0,upper class,0.5263052647375484
1,1,0,0,0,14000.0,0,1,0,poverty,0.3676068799144891
1,1,0,0,0,13000.0,0,1,0,poverty,0.4159894836173937
3,2,0,3,3,8000.0,0,1,0,upper class,0.6973899990930335
3,2,1,3,0,13000.0,0,0,0,upper class,0.6246914721930269
1,0,0,0,0,13000.0,0,1,1,middle class,0.2830124442097769
3,1,1,3,0,6000.0,0,1,0,working class,
3,3,0,3,1,10000.0,1,1,0,upper class,0.4960177626781432
3,3,1,3,0,12000.0,0,1,0,upper class,0.6707053019283403
0,0,0,0,0,12000.0,0,1,0,poverty,0.3550800529957848
2,2,0,10,0,12000.0,0,1,0,upper class,0.4711204810342066
1,1,0,0,0,16000.0,0,0,1,poverty,0.4186997107293674
2,2,0,1,0,11000.0,0,1,0,upper class,
2,0,0,0,0,10000.0,0,1,1,upper class,0.4545029626384129
1,1,1,1,0,12000.0,0,1,0,middle class,0.6660408548693639
2,2,0,1,1,15000.0,1,1,0,upper class,0.6480524689038101
1,1,1,1,0,11000.0,0,0,1,working class,0.4139226635378933
2,2,0,4,0,10000.0,1,1,0,upper class,0.5928095959478218
1,1,0,2,1,9000.0,0,1,0,upper class,0.5835385396760442
2,1,0,2,0,15000.0,1,1,0,upper class,0.6138344363462237
1,1,0,0,1,13000.0,0,1,0,upper class,
1,1,0,1,0,16000.0,0,1,1,poverty,0.5266436437977186
3,3,4,4,0,11000.0,1,0,0,upper class,0.7728441028636157
3,0,0,0,0,12000.0,1,1,0,upper class,0.6391966091369224
2,2,1,6,1,10000.0,0,0,0,poverty,0.5194542755967739
1,1,0,1,1,9000.0,0,0,0,poverty,0.2067286602969292
2,2,1,3,1,13000.0,1,1,0,upper class,0.4751933712775319
1,1,1,4,0,12000.0,0,1,0,poverty,0.4637100759339165
3,1,1,6,0,9000.0,1,1,0,upper class,0.4358841545947401
2,0,0,0,0,9000.0,1,1,1,upper class,0.4895571839123349
3,3,4,4,0,12000.0,1,1,0,upper class,0.5764772088664449
0,0,0,0,0,9000.0,0,0,1,poverty,0.2778711865905412
1,1,0,2,0,9000.0,0,1,0,poverty,0.3104697986515039
2,2,1,0,1,14000.0,1,1,0,upper class,0.5801140550676668
1,1,3,1,0,9000.0,1,1,0,middle class,0.4150412288500029
3,0,0,0,0,15000.0,0,1,0,upper class,0.5826265605428127
1,1,1,0,0,13000.0,0,1,0,middle class,0.5543812568000287
2,0,0,0,0,12000.0,0,1,1,upper class,0.6215140656050815
1,1,1,1,0,12000.0,0,0,0,working class,0.3219214290801678
2,1,0,7,1,9000.0,0,1,0,upper class,0.6660169385061697
1,1,0,2,0,12000.0,0,0,0,middle class,
0,0,0,0,0,11000.0,0,1,1,poverty,0.132881119448434
1,1,1,1,0,6000.0,0,1,0,upper class,0.5389030722256323
1,1,0,0,0,17000.0,0,1,0,upper class,0.5522640227216978
0,0,0,0,0,15000.0,0,1,1,poverty,
0,0,0,0,0,13000.0,0,0,1,poverty,0.2290155256624907
2,2,0,0,1,15000.0,0,1,1,working class,
1,1,0,2,0,14000.0,0,1,0,middle class,0.478717087520263
1,1,3,6,2,7000.0,0,0,1,middle class,0.4778462941216112
3,1,0,0,0,10000.0,1,1,0,upper class,
2,2,1,0,0,13000.0,1,1,0,upper class,0.6566734374738987
1,1,0,0,0,9000.0,0,1,0,upper class,0.6101737664890186
1,1,1,7,0,10000.0,1,1,0,middle class,0.515197471464652
2,1,0,0,0,10000.0,1,1,0,upper class,0.6581886010947601
0,0,0,0,0,12000.0,0,1,1,working class,0.5030333670825582
2,2,2,5,0,13000.0,1,1,0,upper class,0.6831889740174596
1,1,1,1,0,10000.0,0,1,0,upper class,0.6616702922734885
1,1,0,2,0,10000.0,0,1,1,middle class,0.4949959840087744
3,0,0,0,0,12000.0,1,1,0,upper class,0.5902500669549591
0,0,0,0,0,16000.0,0,0,1,working class,0.5184407641921249
3,3,0,2,0,8000.0,1,1,0,upper class,0.6618255641921521
2,0,0,0,0,9000.0,1,1,1,middle class,0.5214787704332866
3,3,0,3,3,12000.0,1,1,0,upper class,0.6064851062892352
2,0,0,0,0,14000.0,0,1,0,poverty,0.4626937365539586
3,3,6,1,1,12000.0,1,1,0,upper class,0.5923441394404004
0,0,0,0,0,12000.0,0,0,1,working class,0.3421790283330124
2,2,2,1,0,9000.0,1,0,0,upper class,0.6451115359858628
0,0,0,0,0,11000.0,0,1,1,poverty,0.2347600240130202
1,1,1,0,0,12000.0,0,1,0,middle class,0.5548795032659856
2,0,0,0,0,16000.0,0,1,1,middle class,
1,0,0,0,0,10000.0,1,0,0,upper class,0.6569867760775172
3,3,9,5,4,13000.0,0,1,0,upper class,0.4873628706992316
1,0,0,0,0,13000.0,0,1,1,poverty,0.4397448439215724
0,0,0,0,0,14000.0,0,0,1,working class,0.4889853482282478
2,2,0,3,1,8000.0,1,1,0,upper class,
0,0,0,0,0,14000.0,0,0,1,poverty,0.1342465210434547
1,1,0,0,0,10000.0,0,1,0,upper class,0.6620563984361967
3,2,2,2,0,12000.0,0,1,0,upper class,0.6388076527644454
1,0,0,0,0,14000.0,0,1,0,poverty,0.1952385586730968
1,1,0,0,0,12000.0,0,1,1,middle class,0.5043595216849033
2,1,2,10,0,5000.0,0,1,1,upper class,0.5204321839955373
2,0,0,0,0,16000.0,0,1,1,upper class,0.6280267944003208
3,3,0,1,0,9000.0,0,0,0,upper class,0.6278036899751401
2,2,2,6,3,8000.0,0,0,0,upper class,0.5516997777782384
1,1,1,5,0,9000.0,1,1,0,middle class,0.5876650860713116
1,1,1,0,0,14000.0,1,0,0,upper class,0.4959789450418574
2,2,6,6,1,8000.0,0,0,0,middle class,0.6194277985355704
0,0,0,0,0,11000.0,1,1,0,middle class,0.5698551276345389
3,3,3,3,1,12000.0,0,1,0,upper class,
2,2,2,3,0,10000.0,0,1,0,middle class,0.6203497881260543
0,0,0,0,0,12000.0,0,0,1,poverty,0.4202483308878989
1,1,0,3,1,9000.0,0,0,1,working class,0.4387977406627773
0,0,0,0,0,10000.0,0,1,0,poverty,0.3465845850840072
3,3,0,0,0,11000.0,1,1,1,upper class,0.7472307451362703
3,2,3,3,1,8000.0,0,1,0,upper class,0.5611425361739292
0,0,0,0,0,10000.0,0,1,0,middle class,0.5195575514701699
2,1,0,2,1,12000.0,1,0,0,upper class,0.8255494416904662
2,2,6,2,0,6000.0,1,0,0,upper class,0.5505940925339683
0,0,0,0,0,14000.0,0,0,0,poverty,0.3432657809296802
0,0,0,0,0,11000.0,1,1,0,working class,0.3655393332307893
0,0,0,0,0,12000.0,0,0,1,poverty,0.4566316734496904
0,0,0,0,0,12000.0,0,1,1,working class,0.1529047455785444
2,2,1,3,0,9000.0,1,1,0,upper class,
2,0,0,0,0,4000.0,0,0,1,middle class,0.5059066956176601
1,1,1,0,0,6000.0,0,0,0,poverty,0.3984239777077409
2,0,0,0,0,5000.0,0,1,1,upper class,0.5894011677961919
1,1,3,4,1,12000.0,1,1,0,middle class,0.4658956886530882
1,1,2,0,0,12000.0,0,1,0,poverty,0.4406622750365697
0,0,0,0,0,17000.0,0,1,1,poverty,0.3443427869982636
1,1,1,1,0,13000.0,1,1,0,working class,0.3758981606207664
2,2,1,3,0,10000.0,0,1,0,middle class,0.5341854066381309
2,2,0,2,0,13000.0,0,1,0,middle class,0.5199374755302306
2,0,0,0,0,6000.0,1,1,0,upper class,0.6122110138477542
2,2,0,1,0,12000.0,0,1,0,middle class,0.4524536326300834
2,2,0,1,2,11000.0,0,0,0,upper class,0.5632326874189856
1,1,0,1,0,10000.0,0,1,0,middle class,
3,0,0,0,0,12000.0,1,1,0,upper class,0.6188603877430212
1,1,4,4,0,12000.0,0,1,1,working class,0.2072769053354858
1,0,0,0,0,11000.0,0,1,0,poverty,0.3093748058864526
0,0,0,0,0,13000.0,0,0,1,poverty,
2,0,0,0,0,15000.0,0,1,1,middle class,0.5127685822149168
1,1,1,1,0,15000.0,0,1,0,poverty,0.4480598377541555
2,2,1,7,3,7000.0,1,1,0,upper class,0.5837447823245655
1,1,0,2,0,9000.0,0,0,0,upper class,0.4619364619995056
1,1,0,2,0,9000.0,0,1,0,upper class,0.614557827125036
0,0,0,0,0,18000.0,0,1,1,poverty,0.3484416080159446
0,0,0,0,0,16000.0,0,1,1,middle class,0.4379113324577937
0,0,0,0,0,17000.0,0,0,1,poverty,0.4129767799268769
2,2,1,3,0,13000.0,1,1,0,upper class,0.4557132194752298
2,2,4,3,1,13000.0,0,1,0,middle class,
1,1,0,4,1,10000.0,0,1,1,middle class,0.4103206508687377
3,1,0,0,0,16000.0,1,1,0,upper class,0.7512264246202771
3,2,4,1,1,12000.0,1,1,0,upper class,0.5945300649371015
1,1,3,1,2,14000.0,0,1,0,poverty,0.3753076504602436
3,2,6,3,0,11000.0,1,1,0,upper class,0.6220425478140679
3,3,1,2,0,9000.0,1,1,0,upper class,0.7081143884739117
0,0,0,0,0,18000.0,0,1,0,poverty,0.542158167144009
0,0,0,0,0,13000.0,0,1,0,middle class,0.4768263725093603
0,0,0,0,0,11000.0,0,0,1,working class,0.4289344307831929
1,1,0,0,0,11000.0,0,1,0,upper class,0.5836102270313487
1,1,2,1,0,9000.0,1,0,0,middle class,0.4274735451571933
1,1,2,0,0,11000.0,0,0,1,poverty,0.3412134704538641
1,0,0,0,0,11000.0,1,1,0,upper class,0.8194194033510579
0,0,0,0,0,14000.0,0,0,1,poverty,0.289760227971455
1,1,2,4,0,7000.0,0,0,1,poverty,0.2672586416644495
1,1,0,8,0,11000.0,0,1,0,middle class,0.481660460220477
3,0,0,0,0,10000.0,1,0,1,upper class,0.7342960185997135
2,2,6,4,5,8000.0,0,1,0,upper class,0.6765079490117237
2,2,2,0,0,11000.0,1,1,0,upper class,0.5915072906372144
3,3,1,3,1,14000.0,1,1,0,upper class,0.6690586847270685
0,0,0,0,0,12000.0,0,0,1,poverty,0.2993852450184929
1,1,3,0,2,12000.0,1,1,0,upper class,0.6931513030630937
0,0,0,0,0,13000.0,0,0,1,middle class,0.636867176141497
2,2,2,3,0,10000.0,0,1,0,working class,0.6346275060849624
1,1,1,1,0,9000.0,0,1,0,middle class,0.5417905219674991
1,1,0,2,0,7000.0,1,1,0,upper class,0.674254143860007
0,0,0,0,0,8000.0,0,1,0,middle class,0.3590617023108921
0,0,0,0,0,17000.0,0,0,1,poverty,0.360042878991249
2,2,1,4,0,8000.0,1,1,0,upper class,0.7073807601666705
2,2,1,3,0,10000.0,0,1,0,upper class,0.7130791317570622
0,0,0,0,0,12000.0,0,1,1,middle class,0.5406161317274277
3,3,2,4,1,10000.0,1,1,0,upper class,0.5605274566968791
1,1,1,0,0,9000.0,1,0,0,working class,0.508515717330417
1,0,0,0,0,10000.0,1,0,0,middle class,0.5891423791815076
1,1,5,1,0,9000.0,0,0,0,middle class,0.5853603535113396
3,2,3,5,0,10000.0,0,1,0,upper class,0.3317126596291948
2,0,0,0,0,11000.0,0,0,1,working class,0.5590702903683684
2,2,0,5,0,4000.0,0,1,0,upper class,0.5223910921912841
2,2,1,7,3,11000.0,0,1,0,upper class,0.4360174612631199
2,1,3,3,0,9000.0,1,1,0,upper class,
1,1,0,0,0,18000.0,0,1,0,poverty,0.1986688491150986
3,3,3,7,0,10000.0,1,1,0,upper class,0.7404954552119138
1,1,2,2,0,15000.0,0,1,1,middle class,
1,0,0,0,0,11000.0,1,1,0,upper class,0.4486733405374232
0,0,0,0,0,12000.0,0,0,1,poverty,0.2474479455051233
3,3,4,3,2,11000.0,0,1,0,working class,0.3483040632933534
3,3,0,2,1,16000.0,1,1,0,upper class,0.6499923034488538
2,2,2,1,0,12000.0,0,1,0,upper class,0.5701310569787049
0,0,0,0,0,11000.0,0,1,0,working class,0.2304479256816975
0,0,0,0,0,13000.0,0,1,1,middle class,0.4173056835917697
2,2,1,5,0,13000.0,0,1,0,working class,0.456883464869468
0,0,0,0,0,11000.0,0,1,1,poverty,0.3098342435792501
2,2,2,2,0,14000.0,0,0,0,working class,0.5026192525671145
0,0,0,0,0,19000.0,0,1,1,poverty,0.3039996361396223
3,3,1,0,0,9000.0,1,1,0,upper class,0.6064975567709211
1,0,0,0,0,9000.0,0,1,1,upper class,0.4822820482872847
2,0,0,0,0,13000.0,1,1,0,upper class,
0,0,0,0,0,10000.0,0,1,0,poverty,0.4264165088544689
0,0,0,0,0,19000.0,0,1,0,poverty,0.3431036233243319
0,0,0,0,0,3000.0,0,0,1,poverty,0.49487834334464
3,3,8,4,0,11000.0,1,1,0,upper class,0.6919378536797907
3,3,0,1,0,14000.0,1,1,0,upper class,0.7265427548472954
2,2,3,2,1,10000.0,1,1,0,middle class,0.6281965922296394
1,0,0,0,0,16000.0,1,0,1,poverty,
2,0,0,0,0,10000.0,0,1,0,upper class,0.6383298810181021
1,1,3,1,0,12000.0,0,0,1,working class,0.5346391972409114
3,2,0,3,0,8000.0,1,1,0,upper class,0.7087505588212191
1,1,0,2,0,11000.0,0,1,0,working class,0.2744498319563411
3,3,5,4,0,13000.0,1,1,0,upper class,0.48677813254442
3,3,6,4,1,7000.0,1,1,0,upper class,
0,0,0,0,0,15000.0,0,0,1,working class,0.4609659013699166
1,1,0,4,1,10000.0,0,1,0,upper class,0.6468445561336958
1,0,0,0,0,13000.0,0,0,0,middle class,0.4538684843293158
3,3,6,1,0,9000.0,0,0,0,upper class,0.6268903334367436
3,1,1,0,0,9000.0,1,1,0,upper class,0.6748467584014937
2,0,0,0,0,9000.0,0,0,0,poverty,0.41263478024781
2,2,3,1,1,15000.0,1,1,0,upper class,0.611290601481709
1,1,1,0,0,10000.0,0,1,0,middle class,0.4903003084993614
1,0,0,0,0,13000.0,0,0,1,working class,0.4383659479708347
0,0,0,0,0,12000.0,1,1,0,poverty,0.3813670253394419
0,0,0,0,0,15000.0,0,1,0,working class,0.3561375056534419
2,2,3,1,0,12000.0,0,1,0,working class,
2,2,2,3,0,10000.0,0,1,0,middle class,0.6897523024101888
3,2,4,2,1,12000.0,0,1,0,upper class,0.5217651206687128
2,1,2,1,0,12000.0,0,1,0,upper class,0.5291784834170872
2,1,0,0,0,16000.0,0,0,0,poverty,
0,0,0,0,0,14000.0,0,1,1,poverty,0.3003323425382041
0,0,0,0,0,11000.0,0,1,1,working class,0.4890449500064779
3,3,6,2,0,13000.0,0,1,0,upper class,0.6194525598603691
2,0,0,0,0,9000.0,1,1,0,upper class,0.5713034864796575
1,0,0,0,0,15000.0,0,1,0,upper class,0.6214746872866204
3,3,2,2,1,14000.0,0,0,0,poverty,0.5220227607561476
0,0,0,0,0,15000.0,1,0,1,middle class,0.7212331977911265
1,1,1,0,0,12000.0,0,0,1,poverty,0.3779425489679235
3,1,0,1,0,16000.0,1,1,0,upper class,
2,2,5,1,1,11000.0,0,1,0,upper class,0.5492032981558442
3,1,0,0,1,11000.0,0,1,0,upper class,0.5859331602944396
2,0,0,0,0,11000.0,1,1,1,upper class,0.6369108567946822
2,2,2,5,1,8000.0,0,1,0,upper class,0.6230590448522321
3,1,0,2,0,12000.0,1,1,0,upper class,0.6633930592226557
2,2,1,6,4,8000.0,0,1,0,upper class,0.4899924372348231
2,2,0,0,1,11000.0,0,1,0,upper class,0.7377958624314571
3,3,8,4,1,10000.0,1,1,0,upper class,0.6185102473225245
1,1,0,0,1,11000.0,1,0,1,upper class,0.5208822009924479
3,3,1,1,0,10000.0,1,1,0,upper class,0.5688685430675894
1,1,0,0,1,10000.0,0,1,1,middle class,0.4426723177096776
0,0,0,0,0,13000.0,0,1,1,working class,0.2278898851303023
0,0,0,0,0,16000.0,0,1,0,poverty,0.4300974940890192
3,1,1,2,0,8000.0,0,1,0,upper class,0.5863557667356879
3,3,1,16,0,8000.0,0,1,0,upper class,0.6264517137380076
2,2,0,1,0,14000.0,0,1,0,middle class,0.5439778428391174
1,1,0,2,0,12000.0,1,1,0,middle class,0.4769572830617087
0,0,0,0,0,16000.0,0,0,1,working class,0.3361848660197581
0,0,0,0,0,9000.0,0,1,0,upper class,0.608480093781135
1,1,1,1,1,12000.0,1,0,1,middle class,0.4646762889805906
3,3,5,4,2,10000.0,0,0,0,upper class,0.5579703352368941
2,1,0,1,0,14000.0,1,1,0,upper class,0.6842442510124921
1,1,0,0,0,13000.0,0,0,1,working class,0.5332127241455101
1,1,1,0,0,16000.0,0,0,1,working class,0.4294617799119659
1,1,1,0,0,13000.0,0,1,0,middle class,0.493597504370531
3,3,11,9,2,7000.0,0,1,0,upper class,0.6316163309947952
1,1,2,3,1,12000.0,0,0,0,working class,0.3777435957147451
3,1,2,2,0,11000.0,0,1,0,upper class,0.5152512634730513
2,1,1,1,0,10000.0,1,1,0,upper class,0.6365727892143006
1,1,0,1,0,16000.0,0,1,0,working class,0.3350076408868216
0,0,0,0,0,12000.0,0,1,0,poverty,0.178051021339576
2,2,2,3,0,12000.0,1,0,0,middle class,0.5707619137316899
1,0,0,0,0,12000.0,0,0,1,poverty,0.3958739380079953
1,1,0,1,0,13000.0,0,0,1,working class,0.3883856803575157
2,2,1,2,0,9000.0,1,1,0,upper class,0.6431578288259611
2,2,1,3,0,9000.0,0,1,0,upper class,
3,2,1,5,0,9000.0,1,1,0,upper class,0.7282010425337404
3,3,2,2,1,11000.0,0,1,0,upper class,0.713619531907858
2,2,5,1,0,12000.0,1,1,0,middle class,0.5261709046884722
0,0,0,0,0,15000.0,0,1,1,upper class,0.6632948509821023
1,0,0,0,0,9000.0,0,1,0,middle class,
2,0,0,0,0,12000.0,1,1,0,upper class,0.5800585073921776
1,1,1,2,0,9000.0,0,0,1,poverty,0.3702676695580816
0,0,0,0,0,13000.0,0,1,0,working class,0.3918469002457876
1,1,2,9,0,7000.0,0,1,0,working class,0.4727881902305562
1,1,1,2,0,12000.0,0,0,1,working class,0.5008680670175222
1,1,2,0,0,11000.0,1,1,0,upper class,0.6284960662120435
1,1,3,1,0,10000.0,0,0,1,middle class,0.5080698750595196
1,1,2,0,0,17000.0,0,1,1,middle class,0.4507150361003323
2,2,0,8,1,10000.0,0,1,0,middle class,0.6463943250639713
0,0,0,0,0,12000.0,1,1,0,working class,0.5357838703302212
1,0,0,0,0,16000.0,0,1,1,poverty,
1,0,0,0,0,13000.0,0,0,1,upper class,0.5764420898857827
3,3,1,5,0,13000.0,0,1,0,middle class,0.5839628143132889
2,2,1,6,1,8000.0,1,1,0,upper class,0.5349072095995847
0,0,0,0,0,12000.0,0,0,0,middle class,0.4868132675107175
0,0,0,0,0,14000.0,0,0,1,poverty,0.3512255882594314
1,1,1,1,0,13000.0,0,1,0,working class,0.4311091661465828
2,1,3,4,1,9000.0,0,1,0,middle class,0.4705041616549497
0,0,0,0,0,10000.0,1,1,0,middle class,0.5605136817904375
3,3,1,1,1,14000.0,0,1,0,upper class,0.5984477801924861
0,0,0,0,0,13000.0,0,1,1,working class,0.5075623003804361
2,1,0,7,0,12000.0,1,0,0,upper class,0.5433718956835348
2,2,4,1,0,12000.0,0,1,0,upper class,0.5535358801137119
2,1,1,1,0,12000.0,1,1,0,middle class,0.3646366077692855
1,0,0,0,0,12000.0,0,0,0,poverty,
3,3,2,7,1,12000.0,1,1,0,upper class,0.6080055626977543
2,2,2,9,0,10000.0,1,0,0,working class,0.2917081032559605
1,1,1,3,0,12000.0,0,1,0,middle class,0.6303592736782472
3,3,1,2,0,15000.0,1,1,0,upper class,0.8340994824815043
1,1,1,0,0,11000.0,0,0,0,middle class,0.5207612149303025
1,0,0,0,0,10000.0,1,1,0,working class,0.4191615974667262
0,0,0,0,0,12000.0,0,0,1,poverty,0.4053794646469236
3,2,2,6,1,6000.0,0,1,0,upper class,0.5631597807852956
0,0,0,0,0,12000.0,0,1,1,working class,0.4088801195621983
3,0,0,0,0,11000.0,1,1,0,upper class,0.7077876452998693
3,3,0,3,0,13000.0,0,1,0,middle class,0.5341179263750033
3,3,1,4,0,11000.0,1,1,0,upper class,0.6292680762134109
3,2,2,3,0,9000.0,0,1,0,upper class,0.5832027760991236
1,1,0,1,1,9000.0,1,1,0,upper class,0.5978612595139868
1,0,0,0,0,10000.0,0,0,1,poverty,0.3497900911696816
1,1,0,0,0,11000.0,0,1,0,middle class,0.5085490064052536
1,1,1,2,1,15000.0,0,1,1,middle class,0.5432926152062738
1,0,0,0,0,12000.0,0,1,1,upper class,0.7008093550891253
1,1,0,0,0,15000.0,0,1,0,working class,0.4615832444858432
3,1,1,1,0,8000.0,0,1,0,middle class,0.4580994588525864
3,2,2,2,0,9000.0,1,0,0,middle class,
0,0,0,0,0,14000.0,0,0,1,poverty,0.4870723671391265
1,0,0,0,0,14000.0,0,0,1,poverty,
2,0,0,0,0,10000.0,0,0,1,middle class,0.4636812834943048
0,0,0,0,0,16000.0,0,0,1,poverty,0.2201608322372889
2,2,3,0,0,15000.0,0,1,0,middle class,0.6300595241103097
2,2,3,4,1,9000.0,1,1,0,upper class,0.5416101074040922
2,1,1,1,0,13000.0,1,1,1,middle class,
2,1,1,0,0,15000.0,1,1,0,upper class,0.5899150926094233
3,3,5,11,1,10000.0,1,1,0,upper class,0.6024711233596267
2,1,0,2,1,12000.0,0,1,0,upper class,
1,0,0,0,0,12000.0,1,1,0,upper class,0.5233289385213963
3,3,1,4,1,11000.0,0,1,0,upper class,0.7030774125609487
2,2,3,4,1,10000.0,0,1,0,upper class,0.6990267248939761
2,2,6,5,1,10000.0,0,1,0,upper class,0.6635196348893124
2,1,3,2,0,12000.0,0,0,0,middle class,0.3940613182551309
2,0,0,0,0,7000.0,0,1,1,upper class,0.6840376256963578
0,0,0,0,0,6000.0,0,1,0,poverty,0.4133565343754057
3,0,0,0,0,11000.0,0,1,0,upper class,0.7145333783406751
3,0,0,0,0,11000.0,0,1,1,upper class,0.5590653185128583
1,1,2,1,1,13000.0,1,1,0,middle class,0.5041868550105627
0,0,0,0,0,14000.0,0,1,1,poverty,0.3328558315587265
3,2,5,4,0,14000.0,0,1,0,upper class,0.6668111715512849
2,2,2,2,2,12000.0,0,1,0,upper class,0.5408720914004326
2,0,0,0,0,12000.0,1,0,0,upper class,0.6276377525477207
3,2,0,3,0,12000.0,0,1,0,middle class,0.5801293984225457
2,0,0,0,0,12000.0,0,1,1,middle class,0.4564132480064739
3,3,4,4,0,11000.0,0,1,0,upper class,0.6738683211153389
1,0,0,0,0,3000.0,0,0,1,middle class,0.4170365371162503
2,2,3,1,0,10000.0,0,1,0,upper class,0.4699738631400742
1,1,1,0,0,13000.0,1,1,0,working class,0.4782278836498901
2,1,0,1,0,16000.0,0,1,1,upper class,0.7006798531441334
2,2,3,1,0,10000.0,0,1,0,middle class,0.6939492437536389
0,0,0,0,0,14000.0,0,1,1,middle class,0.5587325259975932
1,1,0,1,0,11000.0,0,1,0,working class,0.7149563722771033
0,0,0,0,0,13000.0,0,0,1,poverty,0.5039245145240226
0,0,0,0,0,15000.0,0,1,1,poverty,0.4143299489842847
1,1,1,0,0,15000.0,0,1,0,middle class,0.6273120197677802
1,1,0,0,0,13000.0,0,1,0,working class,0.3562232691382527
3,1,1,0,0,12000.0,1,1,0,upper class,0.8174033070235784
2,2,3,0,0,10000.0,0,1,0,upper class,0.4434855693727209
3,3,4,5,2,12000.0,0,1,0,upper class,0.5854794736959827
0,0,0,0,0,12000.0,1,1,0,upper class,0.5334138645351603
3,3,8,15,2,9000.0,1,1,0,upper class,0.5662170436640729
3,1,0,1,0,11000.0,1,1,0,upper class,0.6602563180801946
0,0,0,0,0,12000.0,0,1,1,poverty,0.3691687773320478
1,1,1,5,1,12000.0,0,1,0,upper class,0.6099165563503943
2,1,1,1,0,12000.0,0,1,0,middle class,0.4884178827817164
0,0,0,0,0,16000.0,1,1,0,middle class,0.6955403751894537
1,1,0,0,0,13000.0,0,1,0,poverty,0.3339270485028465
0,0,0,0,0,15000.0,0,1,0,working class,0.3732088126578889
2,2,0,7,1,12000.0,0,1,0,upper class,0.6942600448551707
0,0,0,0,0,12000.0,0,1,0,poverty,0.3931988750256138
1,1,0,0,0,17000.0,1,0,1,poverty,0.3801588643206439
3,0,0,0,0,12000.0,1,1,0,upper class,0.4898636067761865
1,1,3,2,0,11000.0,0,1,0,middle class,0.3946292553209671
1,1,1,1,0,13000.0,0,1,0,working class,0.4639411087275576
1,1,0,0,0,11000.0,1,1,0,poverty,0.4145531609454022
2,2,2,6,1,7000.0,0,1,1,upper class,0.5912090890514593
3,0,0,0,0,13000.0,0,1,0,upper class,
3,3,1,11,0,6000.0,1,1,0,upper class,0.407809618423642
2,0,0,0,0,7000.0,1,1,0,upper class,0.6232137561572811
3,3,3,1,0,13000.0,1,0,0,upper class,
1,1,4,4,1,11000.0,0,0,0,working class,0.4341160068029161
2,0,0,0,0,13000.0,1,1,0,working class,0.4644116361856702
1,0,0,0,0,11000.0,0,0,1,poverty,0.286949142049306
3,3,2,6,0,9000.0,1,1,0,upper class,0.7224652708981298
2,2,4,3,1,14000.0,0,1,0,poverty,
0,0,0,0,0,17000.0,0,1,1,poverty,0.3972600644606003
0,0,0,0,0,13000.0,0,0,1,poverty,0.387494157281359
1,0,0,0,0,12000.0,0,1,0,upper class,0.6161776510564136
2,2,8,2,0,9000.0,0,1,0,middle class,0.4463857379667779
1,0,0,0,0,10000.0,0,0,1,poverty,
1,1,1,0,1,12000.0,0,1,0,working class,0.4465390881048407
0,0,0,0,0,11000.0,0,0,1,poverty,0.4365032496681055
0,0,0,0,0,15000.0,1,0,0,poverty,0.5007952712760815
2,2,1,3,2,6000.0,0,0,0,upper class,0.5377264351451709
0,0,0,0,0,12000.0,0,1,1,poverty,0.3587561009868199
0,0,0,0,0,14000.0,0,1,1,working class,0.4494306672912852
3,2,1,1,2,9000.0,1,1,0,upper class,
2,2,3,4,1,8000.0,0,1,0,working class,0.2146247702466887
1,1,2,0,1,11000.0,0,0,1,working class,0.5168173024205648
2,2,3,1,0,12000.0,0,1,0,middle class,0.5720648873756224
2,0,0,0,0,12000.0,0,1,1,middle class,0.6192052732804539
3,3,3,2,1,9000.0,0,1,0,working class,
3,1,1,1,0,9000.0,1,1,1,upper class,0.633071230742688
2,1,2,0,0,13000.0,0,1,0,upper class,0.6913686611251514
1,1,0,3,0,15000.0,0,1,0,poverty,0.3850742172062564
2,0,0,0,0,11000.0,0,1,1,upper class,0.7484259353104806
2,0,0,0,0,15000.0,0,1,1,working class,0.3930367833642708
1,1,1,0,0,16000.0,0,1,1,middle class,0.4409035763646876
1,1,0,0,0,9000.0,0,1,0,middle class,
2,1,1,5,0,15000.0,0,1,0,middle class,0.4921034653293973
3,3,3,8,1,10000.0,0,0,1,upper class,0.6498814114782743
0,0,0,0,0,12000.0,0,1,1,poverty,0.2908504256966667
0,0,0,0,0,13000.0,1,0,1,middle class,0.5063949608921451
0,0,0,0,0,12000.0,0,1,1,poverty,0.2503919654124169
2,2,1,2,1,6000.0,0,1,0,upper class,0.5331305918669431
0,0,0,0,0,10000.0,0,0,1,poverty,0.2744219686884673
1,1,1,0,0,13000.0,1,1,0,upper class,0.6836615273168883
1,1,1,0,0,14000.0,0,1,0,middle class,0.5953988488773871
2,0,0,0,0,8000.0,0,1,1,working class,0.2750996000343182
2,2,0,3,1,13000.0,0,1,0,upper class,
1,1,3,1,0,12000.0,0,0,0,poverty,0.4013773864396517
2,2,0,3,0,10000.0,0,1,0,working class,0.5598183668254275
0,0,0,0,0,12000.0,1,0,1,working class,0.4615907343889217
1,1,0,0,0,12000.0,1,1,0,working class,0.4572508302646747
2,1,0,1,0,14000.0,0,1,0,upper class,0.5407668643202043
0,0,0,0,0,17000.0,0,1,1,poverty,0.4349262934292713
3,3,5,4,1,12000.0,0,1,0,upper class,
3,1,0,2,0,9000.0,1,1,1,upper class,0.6336320793002547
0,0,0,0,0,10000.0,0,0,1,poverty,0.2919289417559738
0,0,0,0,0,16000.0,1,0,1,poverty,0.4398313250498819
2,0,0,0,0,12000.0,0,0,1,middle class,0.5666786986571251
2,2,1,0,2,12000.0,1,1,0,upper class,0.556783098109776
1,1,2,0,0,12000.0,0,0,0,middle class,
1,1,1,5,0,12000.0,0,1,0,poverty,0.1942253046228653
0,0,0,0,0,10000.0,0,0,1,poverty,0.3298192764480144
1,1,1,0,0,15000.0,0,1,0,poverty,
2,2,0,1,0,12000.0,0,1,0,upper class,0.5503199404022722
2,2,3,0,0,13000.0,0,1,1,upper class,0.5620346647179417
2,2,0,0,0,10000.0,1,1,1,upper class,0.7848660690191614
1,1,1,1,0,12000.0,0,0,0,upper class,0.5650068538094034
2,2,5,2,0,13000.0,1,0,0,middle class,0.3677997259150184
2,2,1,3,0,13000.0,1,0,0,working class,0.4132449761316563
3,3,2,2,1,11000.0,0,0,0,upper class,0.6414588168870665
3,0,0,0,0,11000.0,0,1,0,upper class,0.5523820009958419
3,1,2,4,0,8000.0,0,1,1,upper class,0.5569769244372392
1,1,0,0,0,13000.0,1,1,0,upper class,0.6423073532552126
3,3,8,7,2,7000.0,0,1,0,upper class,0.4578742381491754
0,0,0,0,0,12000.0,1,0,0,poverty,0.3600050510656812
0,0,0,0,0,14000.0,0,1,1,working class,0.5043548159571868
2,2,3,1,2,7000.0,1,0,0,middle class,0.5494719371093274
1,1,0,1,0,10000.0,0,1,0,middle class,0.6445534831335273
2,2,2,2,1,12000.0,0,1,0,working class,0.4150653775799153
1,0,0,0,0,8000.0,0,0,1,poverty,0.292291992136978
1,1,1,1,0,9000.0,1,1,0,upper class,0.7506215355606997
2,0,0,0,0,11000.0,1,1,0,upper class,0.7201250434929349
3,1,1,1,0,9000.0,1,1,0,upper class,0.6057278680009118
2,0,0,0,0,15000.0,1,1,1,upper class,0.5673375898657691
2,2,2,3,0,9000.0,0,1,0,poverty,0.3059841735897833
3,3,6,3,1,10000.0,0,1,0,upper class,0.6792507617398853
0,0,0,0,0,12000.0,0,1,1,poverty,0.5252297900602075
1,0,0,0,0,13000.0,0,0,1,poverty,0.1218260842948218
1,1,1,2,0,7000.0,1,1,0,upper class,0.6289484502944956
0,0,0,0,0,14000.0,0,0,1,working class,0.5046966607485985
2,1,3,1,0,14000.0,0,0,0,middle class,0.6317386983352397
1,1,0,0,0,11000.0,1,1,0,poverty,
2,1,1,1,0,13000.0,1,1,0,upper class,0.4840153859225122
1,1,1,1,0,6000.0,1,1,0,upper class,0.5004667891679593
2,2,1,2,1,14000.0,0,1,0,middle class,0.4550563031107966
2,2,1,2,1,12000.0,1,0,0,upper class,0.4376431157751824
2,1,3,2,0,9000.0,0,1,0,upper class,0.5293520117190708
2,1,3,0,1,12000.0,1,1,0,upper class,0.573464223595704
2,2,1,2,1,11000.0,0,1,0,middle class,
1,1,2,2,0,12000.0,1,1,0,middle class,0.4644291313817641
2,2,1,1,1,15000.0,1,1,0,upper class,0.6812687605215133
1,1,0,2,0,12000.0,0,0,1,working class,0.281077753628128
3,3,6,4,1,10000.0,1,1,0,upper class,
0,0,0,0,0,13000.0,0,1,1,middle class,0.4778315974899332
2,1,0,3,0,10000.0,1,1,0,upper class,0.5282637198754951
2,0,0,0,0,11000.0,0,1,1,middle class,0.5434013894211195
0,0,0,0,0,16000.0,0,1,0,poverty,0.3699531590090871
0,0,0,0,0,9000.0,0,1,1,poverty,
3,3,2,4,2,12000.0,0,0,0,upper class,0.5605807418504817
1,1,4,0,2,8000.0,0,1,0,middle class,0.4776383009311198
2,2,3,2,1,14000.0,0,1,0,upper class,0.7543676049142142
0,0,0,0,0,12000.0,0,0,1,poverty,0.3026722151022247
3,1,0,1,0,12000.0,1,1,0,upper class,0.7292185662357293
1,1,0,1,0,12000.0,0,0,1,working class,0.3504134685963745
0,0,0,0,0,12000.0,0,0,1,poverty,0.4339484168182728
1,1,0,3,2,13000.0,1,0,0,working class,0.4363794659689697
2,2,5,2,0,11000.0,0,1,0,upper class,0.6940907736953073
1,1,0,5,0,7000.0,1,1,0,upper class,0.5823050625397024
1,0,0,0,0,5000.0,1,1,0,upper class,0.6317992974828051
2,2,2,1,0,16000.0,1,1,0,upper class,
2,2,2,4,1,12000.0,0,1,0,middle class,0.4954106282581375
2,1,4,1,0,9000.0,0,1,0,upper class,0.534859770445961
2,0,0,0,0,11000.0,1,1,1,middle class,0.5948693351349871
3,1,1,0,0,14000.0,0,1,0,middle class,0.5456413543617723
3,3,10,2,1,11000.0,1,1,0,upper class,0.6384338538021537
2,0,0,0,0,14000.0,0,1,1,upper class,0.6734074069818765
0,0,0,0,0,8000.0,1,0,1,middle class,0.5246298573341577
0,0,0,0,0,12000.0,1,1,0,middle class,0.5884170099732666
2,1,0,1,0,12000.0,1,1,1,upper class,0.6234212425301384
2,2,1,3,0,10000.0,1,1,0,upper class,
0,0,0,0,0,12000.0,0,0,1,poverty,0.4022623338912225
0,0,0,0,0,16000.0,0,1,1,working class,0.4571102179576068
3,2,4,1,0,11000.0,1,1,0,upper class,0.7305603602992483
2,2,0,7,0,12000.0,1,1,0,upper class,0.6789547922251441
3,0,0,0,0,10000.0,1,1,0,upper class,0.6094154675963287
1,1,2,3,0,7000.0,0,1,0,upper class,0.6412962528138639
1,1,1,0,0,12000.0,0,1,0,poverty,0.4284619960577508
0,0,0,0,0,10000.0,1,1,0,working class,0.4722745486937124
1,1,0,0,0,18000.0,0,0,1,working class,0.6686394835300978
2,2,0,12,0,9000.0,0,1,0,upper class,0.5618940247556938
2,2,6,0,2,12000.0,0,0,0,working class,0.4109869605414509
1,1,0,4,0,11000.0,0,1,0,upper class,0.5898507277013039
0,0,0,0,0,17000.0,0,1,0,poverty,0.2937707747457808
3,0,0,0,0,11000.0,1,1,0,middle class,0.574961078622218
0,0,0,0,0,10000.0,1,0,1,poverty,0.1412946066838692
2,2,1,3,0,11000.0,1,1,0,upper class,0.5167747560186352
0,0,0,0,0,12000.0,0,1,1,working class,0.4289032526470881
3,0,0,0,0,8000.0,0,1,1,upper class,0.7401870890843271
1,0,0,0,0,12000.0,0,1,0,working class,0.4966346372552317
3,1,0,0,0,12000.0,0,0,0,upper class,0.7094289088273653
3,0,0,0,0,11000.0,1,1,0,upper class,0.5777629937378045
1,1,1,0,0,14000.0,0,1,0,middle class,0.5531042520137504
2,2,5,1,0,8000.0,1,1,0,upper class,0.6137617811958841
3,3,3,4,1,9000.0,0,0,0,upper class,0.5765850004651284
0,0,0,0,0,12000.0,0,0,1,poverty,
2,1,3,1,0,10000.0,1,1,0,upper class,0.7505761646832245
3,0,0,0,0,9000.0,1,1,0,upper class,0.5750827190474043
0,0,0,0,0,16000.0,0,1,1,poverty,0.3680788232816252
1,1,2,4,0,7000.0,0,0,0,working class,0.3880197618179513
1,0,0,0,0,8000.0,1,0,0,upper class,0.5195081912594821
3,3,2,2,0,9000.0,1,1,0,upper class,
3,3,0,0,0,12000.0,0,0,0,upper class,0.6041565222581824
1,0,0,0,0,16000.0,1,1,0,upper class,0.6373474577984933
2,2,0,3,0,10000.0,1,1,0,upper class,0.7252401301126783
1,1,1,1,0,18000.0,1,1,0,upper class,0.523813899780489
1,0,0,0,0,9000.0,0,1,1,middle class,0.5031641628599612
0,0,0,0,0,15000.0,0,1,1,poverty,0.3241067104378144
2,2,2,4,2,11000.0,0,1,0,upper class,0.5430953673667149
0,0,0,0,0,13000.0,0,0,1,poverty,0.2748373257247578
0,0,0,0,0,16000.0,0,1,1,poverty,0.3285803792468538
2,2,1,5,0,12000.0,1,1,0,middle class,0.5371791958990768
2,1,0,0,0,17000.0,1,1,0,upper class,0.5850761451586877
3,3,3,1,1,7000.0,1,1,0,upper class,0.4935150641243264
1,1,2,2,0,16000.0,0,0,1,poverty,0.4142474572529065
0,0,0,0,0,16000.0,0,1,0,working class,0.2705635141230467
0,0,0,0,0,12000.0,0,0,1,poverty,0.4989129082427346
1,1,0,3,0,12000.0,0,0,0,poverty,0.2872590318115285
0,0,0,0,0,11000.0,0,1,0,middle class,0.6152823692233873
3,3,0,2,0,10000.0,0,1,0,upper class,0.6963481668112647
2,2,3,4,0,7000.0,1,1,0,upper class,0.6124200256695846
2,2,2,1,0,14000.0,1,1,0,middle class,0.3450334750268468
2,2,2,0,1,9000.0,0,1,0,working class,
1,1,1,2,0,14000.0,1,0,0,working class,0.4125766334796993
2,2,1,1,0,12000.0,0,1,0,upper class,0.6425270915517005
2,2,1,5,0,8000.0,0,1,0,upper class,0.5391551687999482
3,3,4,7,0,10000.0,0,0,0,working class,0.2571342761351081
1,1,2,0,0,14000.0,1,0,0,middle class,0.5477892779701179
3,2,3,2,0,13000.0,1,1,0,upper class,0.5822318867802224
1,1,1,3,1,12000.0,0,1,0,working class,0.688896033043724
1,1,1,2,0,12000.0,1,1,0,working class,0.4960027855229831
2,2,3,2,1,10000.0,0,1,0,upper class,0.5038362941626789
1,1,1,0,0,12000.0,0,0,1,middle class,0.3354506418625349
2,2,0,8,1,10000.0,0,1,0,upper class,0.5128731861610063
0,0,0,0,0,10000.0,0,1,0,poverty,0.5023757436356552
0,0,0,0,0,6000.0,0,0,1,poverty,0.3251507895065117
1,1,0,0,0,15000.0,1,0,0,working class,0.5112126383499591
3,3,9,6,1,10000.0,1,0,0,upper class,0.646019745527352
0,0,0,0,0,11000.0,1,1,0,working class,0.4883411676791918
2,2,0,2,1,10000.0,0,1,0,working class,
1,1,1,3,0,15000.0,1,1,0,upper class,
3,3,1,2,1,12000.0,1,1,0,upper class,0.5835051700162286
2,2,0,2,0,12000.0,1,1,0,upper class,0.5906781386208667
3,3,1,1,1,15000.0,1,1,0,upper class,0.7194051606457107
1,1,0,5,0,5000.0,0,1,0,middle class,0.5229674616696696
2,2,2,0,1,12000.0,0,1,1,poverty,0.3648882615904017
3,0,0,0,0,11000.0,1,0,0,upper class,0.7163840295153565
1,1,2,5,1,9000.0,0,0,1,poverty,0.2256017788949476
2,2,3,2,0,12000.0,1,1,1,middle class,0.5359532868288144
2,2,3,4,0,11000.0,0,0,0,working class,0.492792355183104
2,2,5,4,0,7000.0,0,1,0,working class,
2,2,1,1,1,10000.0,0,1,0,middle class,0.5789921717005608
1,1,0,0,0,15000.0,0,1,0,middle class,0.5237848350630818
2,2,1,8,0,10000.0,0,1,0,upper class,0.522847207597039
0,0,0,0,0,16000.0,0,0,1,poverty,0.2287740662638611
1,1,2,0,0,10000.0,1,1,0,upper class,0.5669070727369071
1,1,2,1,0,12000.0,0,1,0,middle class,0.4593448205053224
2,2,0,3,1,12000.0,0,0,0,middle class,0.6110576861218359
2,2,6,11,0,6000.0,0,1,0,middle class,
2,2,3,6,1,6000.0,0,0,0,middle class,0.3944149591836174
0,0,0,0,0,15000.0,0,1,1,poverty,0.4804927632251741
2,1,1,2,1,9000.0,0,1,0,upper class,0.5668756983759584
1,1,1,2,0,16000.0,0,1,1,middle class,0.4612065885950178
1,1,0,2,0,10000.0,1,1,1,middle class,0.5338681732205112
1,1,1,0,0,9000.0,0,1,0,working class,0.4130576032882253
2,2,6,3,0,11000.0,0,0,0,middle class,0.5413705542246398
1,1,0,0,0,12000.0,0,0,1,poverty,0.361869660279577
1,1,0,1,1,15000.0,0,0,1,working class,0.5086395791958668
3,3,2,2,1,14000.0,0,1,0,upper class,0.6641610956184248
1,1,0,0,0,10000.0,0,1,0,poverty,0.3888608733962092
2,0,0,0,0,14000.0,0,1,0,upper class,0.6223099193283916
2,2,0,1,0,14000.0,1,1,0,upper class,0.562966957754165
0,0,0,0,0,11000.0,1,0,1,working class,0.6010093646233018
2,1,0,1,1,12000.0,1,1,0,upper class,0.4537171051493988
2,1,0,0,0,9000.0,1,1,0,upper class,0.6535894904788779
2,2,5,3,0,12000.0,0,1,0,upper class,
0,0,0,0,0,15000.0,0,1,0,working class,0.3372749668897357
1,0,0,0,0,12000.0,0,1,1,poverty,0.3543726914678801
2,0,0,0,0,9000.0,0,0,1,working class,0.3685447255468517
1,1,3,0,1,15000.0,0,1,0,middle class,0.6275475078157623
0,0,0,0,0,18000.0,1,1,0,poverty,0.217981843033208
1,1,0,2,0,15000.0,0,1,0,working class,0.3854748679417675
1,1,0,0,0,12000.0,1,1,0,middle class,0.5415189499779207
1,1,0,1,0,12000.0,1,1,0,upper class,0.553854321301905
3,3,4,11,2,9000.0,0,1,0,upper class,
1,1,2,0,0,15000.0,0,0,0,poverty,0.3040387599480067
2,0,0,0,0,10000.0,0,1,1,working class,0.5955911027102082
1,1,3,0,0,12000.0,0,1,0,working class,0.4506548630943139
1,1,1,1,0,13000.0,0,1,0,middle class,0.3333936771677006
1,0,0,0,0,12000.0,1,0,1,poverty,0.2896316531588382
2,1,1,1,0,8000.0,1,0,0,upper class,0.5990789728864245
1,1,1,3,0,12000.0,0,1,0,middle class,0.6830355617513156
2,2,0,0,0,14000.0,1,1,0,upper class,0.7046912991851355
1,0,0,0,0,9000.0,0,1,1,upper class,0.6789816549655315
3,0,0,0,0,12000.0,0,1,0,upper class,0.5877826133380222
2,2,0,1,0,13000.0,0,1,0,working class,0.4086012575773675
3,0,0,0,0,6000.0,1,1,0,upper class,0.4676295001654234
2,2,1,9,2,10000.0,0,1,0,poverty,0.4754131702415028
3,3,4,5,1,10000.0,0,0,0,upper class,
2,2,2,1,1,13000.0,0,1,0,upper class,0.6399373910831938
1,1,3,2,0,8000.0,0,1,0,middle class,
3,3,2,3,1,12000.0,1,1,0,upper class,0.5366103064338799
1,1,1,0,0,13000.0,0,0,1,poverty,0.4930191594999687
3,0,0,0,0,10000.0,0,0,0,upper class,
1,1,3,0,0,16000.0,0,1,0,poverty,0.4349434232629811
2,2,7,4,0,11000.0,1,1,0,upper class,0.6299692370262022
1,0,0,0,0,9000.0,0,1,1,middle class,0.4455023492665376
2,2,5,2,0,15000.0,0,1,0,working class,0.4395658269891232
2,1,0,0,0,11000.0,1,1,0,upper class,0.4825937115382703
2,1,1,1,0,12000.0,0,1,1,upper class,0.5819216048220232
1,1,0,1,0,10000.0,0,0,1,middle class,
1,1,0,1,0,12000.0,0,1,0,middle class,0.5580977398483193
1,0,0,0,0,13000.0,0,1,1,working class,0.487680840496577
2,1,1,0,0,12000.0,1,1,0,upper class,
2,1,2,3,0,8000.0,0,1,0,upper class,0.6853981719804065
1,1,0,5,0,9000.0,1,1,0,upper class,0.646020544496006
0,0,0,0,0,10000.0,0,0,1,poverty,0.3919921473665901
0,0,0,0,0,10000.0,0,0,0,middle class,0.5715750964442425
3,2,0,6,0,13000.0,0,1,1,upper class,0.5227822065568758
2,1,0,3,1,4000.0,0,0,1,working class,0.4403876390907521
3,3,2,19,0,12000.0,0,1,0,upper class,0.5696387767787482
1,1,1,4,0,11000.0,1,1,1,upper class,0.4942487743707514
2,1,2,0,1,12000.0,0,1,0,middle class,0.5848186739158909
3,3,4,3,1,17000.0,1,1,0,upper class,0.7070801556006744
1,0,0,0,0,10000.0,0,0,1,poverty,0.2889033378846438
3,1,0,1,0,12000.0,0,0,1,upper class,0.7391213923029456
2,2,0,3,0,10000.0,0,1,0,poverty,0.3055824878739558
2,1,1,1,0,13000.0,1,1,0,upper class,0.7270552312687804
2,1,2,0,0,11000.0,0,1,0,working class,0.3222020805094051
2,2,0,1,0,18000.0,1,1,0,upper class,0.6267918184421155
0,0,0,0,0,14000.0,0,1,0,poverty,0.3899118166885952
0,0,0,0,0,13000.0,0,0,0,poverty,0.442514780338128
2,2,3,5,0,7000.0,0,0,0,upper class,0.5940948969999378
3,3,0,1,0,9000.0,1,1,0,upper class,0.6221266814858362
3,3,5,1,2,8000.0,0,1,0,upper class,0.6531163397408137
1,1,0,1,1,14000.0,0,1,0,poverty,0.4917578507406149
2,0,0,0,0,8000.0,1,1,0,upper class,0.4994051200840842
3,1,1,1,0,13000.0,0,1,1,upper class,0.7612352430943371
1,0,0,0,0,12000.0,0,0,1,working class,0.3527347459592498
1,0,0,0,0,9000.0,1,1,0,middle class,0.6522244431750291
0,0,0,0,0,10000.0,0,1,1,poverty,0.2816226283589605
0,0,0,0,0,14000.0,0,1,1,working class,0.2866281924034722
3,3,1,4,0,8000.0,0,1,0,upper class,0.7414788853671013
1,1,0,1,0,12000.0,0,0,1,working class,0.4009857999275263
3,3,0,10,2,10000.0,0,1,0,upper class,0.6062600542312837
1,0,0,0,0,14000.0,1,1,0,middle class,0.5468239401238333
0,0,0,0,0,11000.0,0,0,1,poverty,0.371059332043078
1,1,1,0,0,12000.0,1,1,0,working class,0.4122108362171879
0,0,0,0,0,18000.0,0,0,1,poverty,0.2754043637143335
2,0,0,0,0,12000.0,0,0,1,working class,0.1760594297090703
2,0,0,0,0,12000.0,0,1,0,middle class,0.5813431526798769
2,2,3,2,1,15000.0,1,1,0,upper class,0.4033992451737849
0,0,0,0,0,14000.0,0,0,1,poverty,0.4055935364341843
1,1,0,0,0,17000.0,0,0,1,poverty,0.3756204120895222
1,1,0,5,0,10000.0,1,1,0,upper class,0.6552892437626465
3,2,0,2,0,9000.0,0,1,0,middle class,0.5786717804820862
1,0,0,0,0,16000.0,0,1,1,working class,0.3492317463026974
1,1,2,1,1,8000.0,0,1,0,middle class,
2,0,0,0,0,9000.0,1,1,0,upper class,0.6448330172196615
1,1,2,0,2,7000.0,0,1,0,middle class,0.3951845731989301
2,0,0,0,0,12000.0,0,1,0,upper class,0.6167520788507199
0,0,0,0,0,18000.0,0,1,0,middle class,0.5898682089570818
1,1,0,1,0,14000.0,0,1,0,working class,0.4739938270141786
1,0,0,0,0,17000.0,1,0,1,middle class,0.6317719482439713
3,2,0,3,1,9000.0,0,1,0,upper class,0.5722172659561666
1,1,0,2,0,11000.0,1,1,0,upper class,
1,1,0,0,1,13000.0,1,1,0,upper class,0.6293245630278811
1,1,0,4,0,8000.0,0,1,0,middle class,0.5776199106600849
1,1,0,0,1,12000.0,0,1,0,upper class,0.6398907902160134
1,1,0,1,0,7000.0,0,0,0,working class,0.5145345617837962
1,1,0,0,0,14000.0,0,0,0,poverty,0.3913025099949014
2,2,7,2,0,9000.0,0,1,0,upper class,0.5575315995275689
1,1,2,3,1,12000.0,1,1,0,upper class,0.6976300010187892
1,0,0,0,0,12000.0,0,1,0,poverty,0.2658980027474724
1,0,0,0,0,11000.0,1,1,0,middle class,0.5891483209535231
3,0,0,0,0,11000.0,0,1,1,upper class,0.6514305997168591
1,1,1,1,0,13000.0,0,0,0,upper class,
2,0,0,0,0,10000.0,1,1,0,upper class,0.730986080846365
0,0,0,0,0,12000.0,0,0,1,poverty,0.4793922697595563
0,0,0,0,0,16000.0,0,0,1,poverty,0.4466288938870481
3,3,4,1,0,11000.0,0,1,0,upper class,0.5915099991988411
3,2,5,4,0,12000.0,1,1,0,upper class,0.434597730710752
1,1,0,0,0,11000.0,0,0,1,poverty,0.3781913096842228
3,3,2,2,0,11000.0,1,1,0,upper class,0.7355131231779599
1,1,0,0,0,13000.0,1,1,1,upper class,0.6115662954001968
1,1,2,3,3,9000.0,0,1,0,working class,0.3669005328156921
3,2,0,3,0,11000.0,0,1,0,upper class,0.7283465539759247
2,0,0,0,0,17000.0,0,1,1,upper class,0.6057877815752679
2,2,2,2,0,11000.0,0,0,0,middle class,0.5514217625574434
2,2,5,4,0,7000.0,1,1,0,upper class,0.6695619712687617
2,1,1,1,0,13000.0,0,1,0,upper class,0.5463428377961653
1,1,3,1,0,12000.0,1,1,0,upper class,0.7047717798294715
0,0,0,0,0,6000.0,0,1,1,working class,0.599333750185823
0,0,0,0,0,14000.0,0,1,1,poverty,0.4964076324309058
2,1,2,1,1,9000.0,0,1,0,upper class,0.4857316650856686
0,0,0,0,0,14000.0,0,0,1,poverty,0.3103293309375807
0,0,0,0,0,11000.0,0,0,1,poverty,
3,3,0,2,0,12000.0,0,0,0,middle class,0.3548714481593307
3,3,5,7,0,12000.0,1,0,0,upper class,0.6965697156146109
0,0,0,0,0,12000.0,1,1,0,working class,0.2882838020562417
2,2,4,7,0,9000.0,1,0,0,upper class,0.5082379547421645
2,0,0,0,0,5000.0,0,1,1,upper class,0.4188607685119005
0,0,0,0,0,16000.0,0,1,1,working class,0.5121449196825596
3,2,1,3,0,12000.0,1,1,0,upper class,0.6366509961363068
2,1,0,5,1,12000.0,0,1,1,upper class,0.7871021493260222
1,1,0,0,0,18000.0,0,1,0,middle class,0.495913655413944
1,0,0,0,0,12000.0,0,1,0,upper class,0.7536886922462925
1,1,1,2,0,11000.0,0,1,1,upper class,0.4740870981019768
2,1,3,1,0,15000.0,0,0,0,poverty,0.2852706209707731
2,2,4,0,1,8000.0,0,0,0,middle class,0.5375697591393559
2,0,0,0,0,11000.0,1,1,0,upper class,0.6118301365103622
1,1,0,1,0,12000.0,0,1,1,middle class,0.4927255531978476
3,1,2,0,0,14000.0,0,1,0,upper class,0.4938822332443966
0,0,0,0,0,11000.0,1,1,0,upper class,0.636925632976282
1,1,1,2,0,8000.0,0,1,0,poverty,0.2982248042630011
3,3,0,7,1,6000.0,0,0,0,upper class,0.5405085121127992
0,0,0,0,0,12000.0,0,1,1,working class,0.3471382294852088
2,2,3,4,0,9000.0,0,0,0,upper class,0.6279673647943066
1,1,0,2,0,10000.0,0,1,0,working class,0.3662098246827593
1,1,0,0,0,16000.0,1,1,0,middle class,0.6194834352092521
0,0,0,0,0,12000.0,1,0,0,poverty,0.1986636668256905
1,1,0,0,0,17000.0,0,0,1,working class,0.5272766679710288
0,0,0,0,0,11000.0,0,0,1,poverty,
3,3,6,3,1,12000.0,1,1,0,upper class,0.499593215332363
2,2,2,3,0,8000.0,1,0,0,upper class,0.6728746331104438
3,2,0,3,0,10000.0,0,0,0,upper class,0.8356412446550553
3,3,2,11,0,7000.0,0,1,0,upper class,0.5429139360138032
2,2,4,4,0,10000.0,0,1,0,middle class,0.4588386634619821
1,1,0,0,1,12000.0,0,0,1,working class,0.4964612257037884
2,0,0,0,0,8000.0,0,0,1,upper class,0.4734631824689864
2,2,7,6,2,13000.0,1,1,0,upper class,0.4460944742887543
3,3,3,3,1,13000.0,1,1,0,upper class,0.4955533459614399
3,0,0,0,0,13000.0,0,0,1,upper class,0.4774929541500663
2,0,0,0,0,13000.0,1,1,0,upper class,0.4745987661541453
3,1,0,0,0,15000.0,1,1,0,upper class,0.6380566287269398
0,0,0,0,0,14000.0,0,0,1,working class,0.3720972606876065
1,1,1,0,0,12000.0,0,0,1,poverty,0.4285438142554471
1,1,1,0,0,16000.0,1,1,0,upper class,0.5545379655354307
2,2,3,10,2,10000.0,0,1,0,upper class,0.586254297708767
2,1,0,1,0,9000.0,1,1,0,upper class,0.5527060586976403
3,1,0,1,0,12000.0,0,1,1,upper class,0.6307167645609398
2,2,1,1,0,13000.0,1,1,0,middle class,0.4968856408377733
2,2,0,4,0,8000.0,0,1,0,working class,0.4688958725441862
1,1,0,1,0,11000.0,0,1,0,poverty,0.3269451922754459
1,1,0,3,0,15000.0,0,1,0,upper class,0.5926907628730326
0,0,0,0,0,11000.0,0,0,1,working class,0.4087289251424027
3,2,0,4,0,11000.0,0,1,0,upper class,0.5121409650657095
2,1,0,0,0,15000.0,1,1,1,upper class,0.6291183686908367
2,0,0,0,0,5000.0,1,1,0,upper class,0.5566387394320059
1,1,1,1,0,14000.0,0,0,0,working class,0.3387680692112217
1,0,0,0,0,8000.0,0,1,1,middle class,0.5797885131299185
0,0,0,0,0,16000.0,0,1,0,working class,0.4246998935081101
2,2,2,2,1,13000.0,0,1,0,upper class,0.6644292015000943
2,2,3,8,1,7000.0,0,1,0,upper class,0.6539520896541305
1,1,0,3,1,11000.0,0,1,0,poverty,0.5589694924623478
0,0,0,0,0,12000.0,1,1,1,upper class,0.5181926485336383
1,0,0,0,0,8000.0,0,0,1,middle class,
3,0,0,0,0,10000.0,1,1,0,upper class,0.5477426092642328
2,1,0,1,0,10000.0,0,1,0,middle class,0.6731197410249281
1,1,1,2,1,12000.0,0,1,0,working class,
3,3,2,1,0,15000.0,0,0,0,working class,0.5029382551910931
1,0,0,0,0,12000.0,0,1,0,upper class,0.6386459151478944
2,2,1,1,2,15000.0,0,1,0,middle class,0.5372112166423622
3,0,0,0,0,9000.0,0,0,1,upper class,0.5440336665163721
3,0,0,0,0,9000.0,1,0,1,upper class,0.6422872856222149
2,1,0,0,0,15000.0,1,1,0,upper class,0.4046021758569752
0,0,0,0,0,12000.0,0,0,1,poverty,0.4361154831961551
1,1,0,4,1,10000.0,0,1,0,middle class,0.6572279819218579
1,1,0,0,1,11000.0,0,1,0,working class,0.2544232618789974
2,2,3,1,0,13000.0,1,1,0,upper class,0.6192855160029541
0,0,0,0,0,11000.0,0,0,1,poverty,0.2837973974036036
1,1,0,1,0,17000.0,1,0,1,middle class,0.4860998376306382
0,0,0,0,0,16000.0,0,1,0,poverty,0.4140194915050581
1,1,2,0,0,12000.0,0,1,0,middle class,0.5494170438158834
2,2,4,8,2,5000.0,1,1,0,upper class,0.5648446174027543
0,0,0,0,0,13000.0,0,1,1,working class,0.3237387751618438
1,1,1,2,1,11000.0,0,1,0,poverty,0.4680109816957202
3,2,5,3,1,11000.0,0,1,0,upper class,0.5538531509542752
0,0,0,0,0,11000.0,0,0,1,poverty,0.3896712283241473
2,2,4,0,0,8000.0,0,1,0,upper class,0.7412951424667544
1,1,3,1,0,12000.0,0,0,0,poverty,
1,0,0,0,0,10000.0,0,0,1,poverty,0.2743718536582971
1,1,2,1,0,12000.0,0,0,1,poverty,0.5032461856158662
1,1,0,6,0,12000.0,0,0,0,poverty,0.2606224091335968
3,1,2,4,0,12000.0,0,0,0,upper class,0.6235512105970467
2,2,1,2,0,13000.0,0,1,0,upper class,0.5679118054383314
1,1,2,1,0,12000.0,0,0,0,middle class,0.5315681020693871
1,1,0,3,0,9000.0,0,0,0,poverty,0.3377927034554485
1,1,0,5,1,11000.0,0,1,0,middle class,0.6010544919804129
1,1,0,2,0,11000.0,1,1,0,upper class,0.8051424796194883
1,0,0,0,0,12000.0,0,1,1,middle class,0.4840656050048584
1,1,1,1,0,12000.0,0,1,0,working class,0.4641418595822629
1,1,0,2,0,11000.0,1,1,0,upper class,0.7562320518124087
2,2,0,1,0,15000.0,0,1,0,upper class,0.6408993090624918
1,1,2,0,0,15000.0,0,0,0,working class,0.4244052719925573
3,3,3,3,2,8000.0,0,1,0,upper class,0.5044433469485096
1,1,0,0,0,14000.0,1,0,0,working class,0.279203352185019
1,1,0,2,1,12000.0,0,0,1,middle class,
1,0,0,0,0,11000.0,0,1,0,middle class,0.535099309674635
2,1,1,3,0,7000.0,0,0,0,middle class,0.5278690369131379
3,3,3,7,1,10000.0,1,1,0,middle class,0.7148460209664852
0,0,0,0,0,16000.0,0,0,1,poverty,0.4335349732716725
1,0,0,0,0,9000.0,1,1,0,middle class,0.4674817919871914
3,3,1,5,0,10000.0,0,1,0,upper class,
3,2,1,2,0,12000.0,1,1,1,upper class,0.6842330529891665
1,1,3,2,0,12000.0,0,1,0,middle class,0.3555810756161334
3,3,1,1,3,9000.0,0,1,0,upper class,0.5851438498282167
3,3,3,9,3,13000.0,1,1,0,upper class,0.4507950284447316
0,0,0,0,0,12000.0,0,0,1,working class,0.4525725494473919
2,2,4,6,0,11000.0,1,0,0,middle class,0.4445139630544579
2,1,2,0,1,11000.0,1,1,0,upper class,0.5148379386857838
2,2,0,0,0,13000.0,0,0,0,upper class,0.6519464626674301
1,0,0,0,0,10000.0,0,1,0,working class,0.4430145479425897
2,1,1,1,1,12000.0,0,0,0,working class,0.3742583260822819
3,3,4,2,1,13000.0,1,1,0,upper class,0.6101291854145474
0,0,0,0,0,14000.0,0,1,1,working class,0.3727521731241363
3,3,5,1,2,10000.0,0,1,0,upper class,0.6160987648933925
3,3,4,4,0,5000.0,0,1,0,upper class,0.4909965150866821
1,1,0,0,0,10000.0,1,1,1,upper class,0.548390842965459
1,1,2,2,0,12000.0,0,1,1,middle class,0.469221801432757
0,0,0,0,0,14000.0,0,0,1,working class,0.3748645128732443
1,1,1,1,0,10000.0,0,1,0,working class,0.3821163478434951
3,0,0,0,0,12000.0,0,1,1,upper class,0.5442840095847793
2,0,0,0,0,12000.0,0,1,0,upper class,0.7289629571901667
1,1,1,0,0,14000.0,0,1,0,working class,
3,3,3,4,0,9000.0,0,1,0,upper class,0.6317162489968055
0,0,0,0,0,12000.0,0,1,0,poverty,0.2957938284988567
3,1,3,0,1,12000.0,0,1,0,upper class,0.7594145181481192
1,0,0,0,0,12000.0,0,1,0,working class,0.3006288858443253
1,0,0,0,0,9000.0,0,1,1,middle class,0.5840322145419959
1,1,1,4,0,11000.0,0,1,1,middle class,0.4441523710087175
3,2,5,3,0,9000.0,0,1,0,upper class,0.4527311642074429
3,3,5,3,0,13000.0,0,1,0,upper class,0.6427072842693191
0,0,0,0,0,16000.0,0,1,0,working class,0.3363792834475979
2,0,0,0,0,12000.0,0,1,1,working class,0.4410965972714857
0,0,0,0,0,12000.0,0,1,1,poverty,0.261335712354411
2,1,0,1,0,9000.0,1,0,0,working class,0.5644548897521487
1,1,1,1,0,12000.0,0,0,0,poverty,0.2229377578003164
1,1,1,2,0,10000.0,0,1,0,middle class,0.4681936407232367
1,1,1,4,0,12000.0,1,1,0,middle class,0.4831697647361444
3,2,6,4,1,14000.0,0,1,0,middle class,0.5075091029971444
2,1,3,1,0,12000.0,0,1,0,middle class,0.5757887710277748
0,0,0,0,0,18000.0,0,1,1,working class,0.5258578434064174
1,1,0,2,0,9000.0,0,0,1,middle class,0.6177517413016478
3,3,3,3,0,9000.0,0,1,0,upper class,0.5086065492247792
0,0,0,0,0,16000.0,1,1,0,working class,0.3828235905144389
1,1,0,1,0,17000.0,0,1,0,working class,0.3805117338808333
1,1,2,3,0,15000.0,0,0,1,working class,0.4544642815297128
0,0,0,0,0,12000.0,0,1,1,working class,
2,0,0,0,0,12000.0,0,1,1,upper class,0.6043960242703331
1,0,0,0,0,12000.0,0,1,1,upper class,
3,3,3,5,0,9000.0,1,1,0,upper class,0.6844905315437373
2,1,0,0,0,21000.0,0,1,1,upper class,0.8155105319665683
1,1,1,2,0,7000.0,0,1,0,middle class,0.5550090731834464
3,2,0,3,0,12000.0,1,1,0,upper class,
2,2,1,3,1,15000.0,0,0,0,middle class,0.4109851290714213
1,1,1,0,0,15000.0,0,0,1,working class,0.4194678754342423
0,0,0,0,0,12000.0,0,1,1,working class,0.4344654911466842
1,1,0,0,0,14000.0,1,1,0,upper class,
1,1,1,1,1,13000.0,0,1,0,middle class,0.6256430991610666
1,0,0,0,0,19000.0,0,1,0,working class,0.4697749576369592
1,1,0,0,0,13000.0,0,1,0,working class,0.2785622328432288
1,1,1,1,0,12000.0,0,0,1,working class,0.4217476842268335
3,2,0,2,0,20000.0,1,1,0,upper class,0.6204753127320177
1,1,0,3,0,12000.0,0,1,0,middle class,0.6689812112447873
3,3,8,1,0,8000.0,0,1,0,middle class,0.6984843588459909
1,1,0,0,1,17000.0,0,1,1,poverty,0.3681179148654697
0,0,0,0,0,13000.0,0,0,1,poverty,0.3092953102442031
1,1,0,2,0,15000.0,0,0,1,poverty,
0,0,0,0,0,15000.0,0,0,1,poverty,0.3890781292033455
1,0,0,0,0,3000.0,0,1,0,upper class,0.4466584539044658
1,1,1,2,0,12000.0,0,1,0,middle class,0.4963759417869247
3,3,3,2,0,11000.0,1,1,0,upper class,0.5704071780719698
2,2,1,2,0,7000.0,1,1,0,upper class,0.7972187504783907
1,1,1,3,0,11000.0,1,1,0,middle class,0.4292448592231091
3,3,4,3,0,11000.0,1,1,0,upper class,0.4815070547969057
1,1,0,1,0,8000.0,0,1,0,working class,0.5987035901621804
2,2,3,0,0,11000.0,1,1,0,upper class,0.5677376065084613
0,0,0,0,0,11000.0,1,1,1,working class,0.5795616081745322
0,0,0,0,0,12000.0,0,0,1,middle class,0.4589791271064004
3,1,1,0,0,9000.0,0,0,0,working class,0.5604330905011693
3,3,3,5,2,10000.0,0,1,0,upper class,0.4749449197589778
3,3,1,3,0,12000.0,1,1,1,upper class,0.6318939098560339
0,0,0,0,0,11000.0,0,1,0,middle class,0.3429919679805145
0,0,0,0,0,13000.0,0,0,1,working class,0.3726072321973579
3,2,2,0,0,16000.0,0,1,0,working class,0.3133649001918091
3,0,0,0,0,6000.0,1,0,0,upper class,0.7105541821801868
0,0,0,0,0,16000.0,0,1,0,middle class,0.5692990604033793
0,0,0,0,0,12000.0,0,0,1,poverty,0.3502986139950299
0,0,0,0,0,13000.0,0,0,1,poverty,0.125876021475771
3,2,0,5,0,8000.0,0,1,0,upper class,0.4724972715175827
3,3,7,7,1,12000.0,0,0,0,middle class,0.4769839114431049
2,2,4,0,1,15000.0,0,0,0,middle class,0.5201339798328273
0,0,0,0,0,9000.0,0,1,1,working class,0.3619797686528825
3,1,2,0,0,12000.0,1,1,0,upper class,0.6493051965795881
1,1,2,2,0,13000.0,0,1,0,upper class,0.6146055541785024
3,2,4,3,1,12000.0,0,1,0,upper class,0.5007809330173665
2,2,3,2,0,8000.0,0,1,0,upper class,0.4342868826115913
1,1,2,1,1,7000.0,1,1,0,upper class,0.7387942652421202
3,3,0,9,2,11000.0,0,1,0,upper class,0.611025804696296
0,0,0,0,0,12000.0,0,0,1,poverty,0.4785171808870951
1,0,0,0,0,12000.0,0,0,1,working class,0.6617623171027551
2,2,5,3,1,15000.0,1,0,0,middle class,0.5413064292913027
2,0,0,0,0,7000.0,1,0,1,middle class,0.5000213867376812
0,0,0,0,0,13000.0,1,1,1,working class,0.3719966212360733
1,1,1,2,0,12000.0,1,1,0,middle class,0.3733517484190592
2,1,1,3,0,11000.0,0,0,1,working class,0.3676999467873958
0,0,0,0,0,11000.0,0,1,0,middle class,0.5166275624988707
0,0,0,0,0,13000.0,0,0,1,poverty,
2,0,0,0,0,8000.0,0,1,0,middle class,0.3799769303710112
1,1,0,0,0,11000.0,0,0,1,poverty,0.2906585782861853
3,0,0,0,0,13000.0,1,1,1,upper class,0.5664803541417762
3,0,0,0,0,12000.0,0,1,0,upper class,0.6537539401202856
2,2,2,3,2,11000.0,0,1,0,upper class,0.7803260213286224
2,1,1,3,0,11000.0,0,1,0,upper class,0.4756415573198944
0,0,0,0,0,9000.0,0,0,1,poverty,0.4171379042012048
0,0,0,0,0,12000.0,0,0,1,poverty,0.3062405743253307
2,2,5,0,0,14000.0,0,1,0,middle class,0.6542522695839297
2,2,1,1,0,12000.0,0,1,0,upper class,0.6313729366403598
1,1,1,1,0,10000.0,1,1,0,upper class,0.7271021840599643
1,1,1,2,0,14000.0,1,0,0,middle class,0.6363897020686304
0,0,0,0,0,11000.0,0,1,1,middle class,0.6002715507045969
1,1,2,0,0,11000.0,0,1,0,working class,0.3563552245022904
3,3,0,2,1,14000.0,0,1,0,upper class,
0,0,0,0,0,13000.0,0,0,1,poverty,0.2780592730162457
1,1,1,1,0,12000.0,0,1,0,middle class,0.4734694426803175
2,0,0,0,0,13000.0,0,0,1,middle class,0.5705501188346498
3,3,2,7,1,12000.0,1,1,0,upper class,0.6150164518767631
2,1,0,3,0,12000.0,0,1,0,upper class,0.6382398477061927
1,1,0,0,1,10000.0,0,0,1,poverty,0.3687405751299056
2,2,7,7,1,7000.0,0,1,0,upper class,0.5301296786789398
0,0,0,0,0,15000.0,1,1,0,working class,0.2937734797657989
2,0,0,0,0,9000.0,0,1,1,middle class,0.496348566024565
2,0,0,0,0,12000.0,0,1,1,upper class,0.5674248512153593
3,0,0,0,0,7000.0,1,1,0,upper class,
2,2,0,2,0,13000.0,0,1,0,middle class,0.5104519008425812
2,2,4,5,0,9000.0,1,1,0,upper class,0.6259845554110721
0,0,0,0,0,13000.0,0,0,1,poverty,0.2742965947555988
1,0,0,0,0,12000.0,0,1,1,upper class,0.3995197370775148
3,2,1,2,0,11000.0,0,1,0,upper class,0.6131027456976457
1,1,0,0,0,14000.0,0,1,1,middle class,0.5270502779694257
2,2,0,4,0,12000.0,0,1,0,middle class,
0,0,0,0,0,14000.0,0,1,0,working class,0.3052779796034817
3,0,0,0,0,6000.0,0,0,1,middle class,0.388318726016919
3,3,3,3,1,11000.0,0,0,0,upper class,0.7317510997528144
3,2,2,3,0,4000.0,1,1,0,upper class,0.7619142282454627
3,2,1,1,1,8000.0,1,1,0,upper class,0.5643945162909217
1,1,0,0,0,10000.0,0,1,1,middle class,0.5136794013139744
1,1,2,2,0,12000.0,0,0,0,working class,0.5301561613693467
3,3,4,5,0,11000.0,1,1,0,upper class,
2,2,2,5,0,10000.0,1,0,0,working class,0.4127218308928998
0,0,0,0,0,18000.0,0,0,1,poverty,0.3535914355308349
2,2,1,5,0,10000.0,0,1,0,upper class,0.4942586346498898
2,0,0,0,0,13000.0,1,1,0,upper class,0.700903983018759
3,3,4,1,0,9000.0,0,1,0,upper class,0.6357864862470928
1,0,0,0,0,16000.0,0,0,1,working class,0.5081461701497614
2,0,0,0,0,7000.0,0,1,1,upper class,0.5360413995455892
1,1,5,1,0,7000.0,0,1,0,middle class,0.4410815998953904
2,2,4,2,0,15000.0,0,1,0,upper class,0.6996415652113668
1,1,2,1,0,11000.0,0,0,1,poverty,0.3388037064687044
2,2,1,6,3,10000.0,1,1,0,upper class,0.5650031106332037
1,1,0,0,0,13000.0,0,0,0,poverty,0.4133590098652053
2,2,2,4,0,10000.0,0,1,0,upper class,
1,1,0,1,0,12000.0,0,1,0,upper class,0.7959581827339991
3,3,0,1,0,15000.0,1,1,0,upper class,0.7757473661757602
3,1,1,0,0,12000.0,0,1,0,upper class,0.8230096283587163
1,1,0,0,0,14000.0,0,1,1,working class,0.4201928308169212
0,0,0,0,0,14000.0,0,0,0,poverty,0.3599244986413249
0,0,0,0,0,12000.0,0,1,1,poverty,0.3798713560182286
2,2,3,2,0,11000.0,0,1,0,upper class,0.5646372244446138
1,1,1,2,0,11000.0,1,1,0,poverty,0.267850926228347
0,0,0,0,0,14000.0,0,1,0,upper class,0.6154318618450819
2,2,0,2,0,10000.0,1,1,0,upper class,0.6894583760122324
1,1,3,0,0,17000.0,0,0,1,poverty,
0,0,0,0,0,19000.0,1,1,0,working class,0.3624019906938345
1,0,0,0,0,12000.0,0,1,1,working class,0.5125749545613042
0,0,0,0,0,12000.0,0,1,0,poverty,0.4162127670592956
1,1,3,2,0,10000.0,0,0,1,poverty,0.3723248690093146
3,0,0,0,0,8000.0,1,1,0,upper class,
0,0,0,0,0,15000.0,0,1,0,poverty,0.3768178228435793
2,2,1,1,0,11000.0,0,1,0,upper class,0.6536281126746596
2,0,0,0,0,15000.0,0,0,1,upper class,0.6602273781790129
0,0,0,0,0,12000.0,0,0,1,poverty,0.3658610998046321
3,3,3,8,1,7000.0,0,1,0,upper class,0.5486902877324284
3,2,6,0,1,11000.0,0,1,0,upper class,0.5652583172558898
1,1,2,2,0,12000.0,0,1,0,upper class,0.6074893477679281
2,2,0,0,0,13000.0,0,0,0,working class,0.4152228755621419
2,2,1,5,1,14000.0,0,0,0,upper class,0.4279715507148589
2,0,0,0,0,11000.0,1,0,1,upper class,0.5453406994508277
3,3,1,3,1,13000.0,1,1,0,upper class,0.5714023734738001
0,0,0,0,0,10000.0,0,1,1,middle class,0.7003260679630406
0,0,0,0,0,13000.0,0,0,1,poverty,0.4115718511621122
0,0,0,0,0,14000.0,0,0,1,poverty,
2,2,2,1,1,12000.0,0,1,0,middle class,0.463855482996792
2,1,0,2,0,4000.0,1,1,0,upper class,
3,3,3,4,0,12000.0,1,0,0,middle class,0.5029451790704568
0,0,0,0,0,11000.0,0,1,1,poverty,0.4542164593661432
2,2,0,1,0,13000.0,1,1,0,upper class,0.644447075341619
1,1,2,3,1,9000.0,1,1,0,upper class,0.5954371784751078
0,0,0,0,0,19000.0,0,0,1,poverty,0.4204690769573473
0,0,0,0,0,12000.0,0,1,0,working class,0.461407191078389
1,0,0,0,0,11000.0,0,0,1,working class,0.5544887300796564
1,1,0,1,0,14000.0,0,1,0,working class,0.4586346490181029
1,1,0,1,0,8000.0,1,1,0,upper class,0.9158831831488206
2,2,2,1,2,10000.0,0,0,0,middle class,0.4980701350202885
2,1,3,1,0,15000.0,0,1,0,upper class,0.5425334710175437
1,1,2,5,1,9000.0,0,1,1,middle class,0.3823578060284721
3,1,0,0,0,14000.0,1,1,0,upper class,0.6603027887946995
0,0,0,0,0,16000.0,1,0,1,poverty,0.3717103885775602
3,1,2,3,0,8000.0,0,1,0,working class,0.477054017561411
2,2,1,5,1,11000.0,0,1,0,middle class,0.4364309323734987
1,1,2,0,0,17000.0,1,0,1,working class,0.4607490448966651
2,1,0,1,0,12000.0,0,0,0,working class,0.5066082176197472
1,1,1,0,0,12000.0,0,1,1,poverty,0.5302377246883134
1,1,1,0,2,15000.0,0,1,0,middle class,0.3652866241614818
3,1,2,3,0,8000.0,1,1,0,upper class,0.512299236712214
2,1,0,1,1,15000.0,0,1,0,middle class,0.7061275331201278
2,2,1,2,0,17000.0,0,1,0,working class,0.4469120060756799
2,2,0,0,0,12000.0,0,0,0,working class,0.5013521608604269
2,0,0,0,0,15000.0,1,0,1,upper class,0.572233119572234
0,0,0,0,0,14000.0,0,1,1,working class,0.2443288323783283
3,0,0,0,0,12000.0,1,1,0,upper class,0.6482954425862152
2,2,0,1,1,10000.0,0,0,0,poverty,0.4002505875039869
3,3,3,5,1,11000.0,1,1,0,upper class,0.6639085673279531
1,1,1,0,0,12000.0,0,0,0,middle class,0.6387437905815525
0,0,0,0,0,11000.0,0,0,1,poverty,0.3648212045675012
1,1,3,1,0,12000.0,0,0,0,poverty,
1,1,2,1,0,12000.0,0,1,0,upper class,0.5386000312163111
0,0,0,0,0,17000.0,1,1,0,middle class,0.6303596053783685
2,2,1,1,0,10000.0,0,0,0,poverty,0.3170848157196212
3,3,1,1,1,14000.0,1,1,0,upper class,0.7325167189145091
1,1,0,5,1,11000.0,0,1,1,working class,
2,1,0,1,0,11000.0,0,1,1,upper class,0.5165137726504382
3,3,0,3,0,9000.0,1,0,0,upper class,0.5474226018840016
2,1,0,5,1,12000.0,0,1,1,upper class,0.5532878649453684
3,3,2,8,3,9000.0,0,0,0,upper class,0.7040167848993909
1,0,0,0,0,13000.0,0,0,1,poverty,0.3436194334626074
3,3,0,4,1,12000.0,0,1,0,upper class,0.4623741269626041
1,1,2,0,1,14000.0,0,1,0,middle class,0.3046446613416892
3,1,1,0,0,14000.0,1,1,0,upper class,0.5177198597638372
2,1,2,0,0,14000.0,0,0,1,working class,0.337982157109614
2,2,7,3,0,9000.0,1,1,0,upper class,0.5012016464960637
0,0,0,0,0,15000.0,0,0,1,poverty,0.3328405916686445
2,2,3,1,0,13000.0,0,1,0,working class,0.2004533927670908
3,0,0,0,0,12000.0,0,1,1,upper class,0.4636819987592986
0,0,0,0,0,15000.0,0,0,1,poverty,0.3361296916996169
2,2,0,2,0,13000.0,0,0,0,middle class,0.5896264136610501
1,1,3,3,0,12000.0,1,1,0,working class,0.4687956515558582
1,1,2,1,0,12000.0,0,0,0,working class,0.2108689054754592
3,1,1,1,0,10000.0,0,1,0,upper class,0.5111929995274689
3,3,2,2,0,10000.0,1,1,0,upper class,0.5536498715309797
1,1,1,1,0,10000.0,0,1,1,middle class,
2,0,0,0,0,13000.0,1,1,0,middle class,0.385141018106485
1,0,0,0,0,12000.0,0,1,1,poverty,0.2849997121914649
1,1,2,0,0,11000.0,0,0,1,poverty,0.3979618661028081
1,1,3,3,0,11000.0,0,1,0,upper class,0.715479376690354
3,3,1,4,1,14000.0,0,1,0,upper class,0.6512214569817708
0,0,0,0,0,13000.0,1,1,0,upper class,
3,3,0,1,1,14000.0,0,1,0,upper class,0.6344631340760569
1,1,0,5,0,9000.0,1,0,0,middle class,0.6251524522713268
3,0,0,0,0,15000.0,1,0,1,upper class,0.7175269462003973
2,1,2,0,1,11000.0,0,1,0,upper class,0.6326816478087667
2,1,0,4,0,7000.0,1,1,0,upper class,0.6027829997778529
3,3,5,6,1,8000.0,1,1,0,upper class,
2,2,5,2,0,11000.0,1,1,0,upper class,0.5773259298186989
2,2,0,2,1,12000.0,1,1,0,upper class,0.6472514091979392
3,3,3,10,2,14000.0,1,1,0,upper class,0.6167916312739175
3,3,1,1,1,15000.0,1,1,0,upper class,0.8200196878140237
1,1,1,0,0,13000.0,0,1,0,middle class,0.562390088556753
1,1,6,3,1,7000.0,1,1,0,upper class,0.5127623848904239
3,3,2,3,3,6000.0,1,1,0,upper class,
1,1,2,1,0,12000.0,0,1,0,upper class,0.6385326675776967
0,0,0,0,0,16000.0,1,0,1,middle class,0.5446819795280333
1,1,1,2,1,13000.0,0,1,0,working class,0.4474534475555053
0,0,0,0,0,12000.0,0,1,0,middle class,0.6095981129999479
3,0,0,0,0,9000.0,0,1,1,upper class,0.5987105265088776
1,1,1,1,0,11000.0,0,0,1,middle class,0.5198664943388236
0,0,0,0,0,12000.0,0,1,1,working class,0.3225694941788896
2,2,0,1,1,14000.0,0,0,0,middle class,
3,1,1,0,0,11000.0,1,1,0,upper class,0.4784375832901694
3,2,2,4,0,14000.0,0,1,0,upper class,0.4585831321444608
2,1,1,1,0,10000.0,1,1,1,upper class,0.6608672323543052
3,1,0,0,1,5000.0,1,1,0,upper class,0.4549700561261504
2,2,4,1,0,12000.0,1,1,0,middle class,0.5350647203236554
3,3,6,2,1,12000.0,0,1,0,middle class,0.5330511243895587
1,1,2,0,0,11000.0,0,1,0,middle class,0.5866044035645778
0,0,0,0,0,12000.0,1,1,0,upper class,0.6621970815237619
3,1,1,1,0,13000.0,0,0,1,upper class,0.5520767973926749
3,3,5,2,0,12000.0,0,1,0,upper class,0.5843478180715549
0,0,0,0,0,12000.0,0,0,1,poverty,0.3919416002202052
2,0,0,0,0,10000.0,0,1,1,middle class,0.6328643879795967
2,0,0,0,0,7000.0,0,1,1,upper class,0.6441433294943851
0,0,0,0,0,16000.0,0,0,1,poverty,0.3719044158733219
2,0,0,0,0,9000.0,0,1,1,upper class,0.5533950888413254
2,2,2,3,0,10000.0,0,1,0,middle class,0.5038033404653214
1,1,2,1,0,6000.0,0,1,0,upper class,0.4908294164091601
1,1,0,1,0,11000.0,0,0,1,working class,0.3618314257599834
2,2,0,1,1,13000.0,1,0,0,middle class,
1,1,5,5,0,9000.0,0,0,1,middle class,0.4809404543943058
1,1,0,1,0,17000.0,0,0,1,middle class,0.5013150905182883
2,2,4,2,1,13000.0,0,0,0,upper class,0.6975714838326199
2,2,4,5,0,11000.0,0,0,0,working class,0.4076322765382582
2,1,1,2,0,9000.0,0,1,0,upper class,0.3935696626424533
2,2,7,3,0,11000.0,0,0,0,working class,
1,0,0,0,0,13000.0,0,0,1,working class,0.4845533311312765
3,3,6,7,0,12000.0,0,1,0,upper class,0.5905385436778711
1,0,0,0,0,12000.0,0,1,1,working class,0.4194646966156586
3,2,0,4,0,10000.0,1,1,0,upper class,0.7387633756082187
0,0,0,0,0,9000.0,0,1,0,working class,0.5795235938386997
1,1,2,0,0,12000.0,0,1,0,middle class,0.5069636356843386
2,2,1,3,1,9000.0,0,0,0,middle class,0.7523626049543374
2,0,0,0,0,13000.0,1,1,0,upper class,0.4795135788273541
3,1,3,1,0,8000.0,0,1,0,upper class,0.4463844946941819
0,0,0,0,0,13000.0,0,1,1,middle class,0.4543114590508771
2,0,0,0,0,10000.0,0,1,1,poverty,0.3393086444315488
2,2,2,4,2,11000.0,0,1,0,middle class,0.6328648012800853
1,0,0,0,0,6000.0,1,1,0,upper class,0.5591236098410128
0,0,0,0,0,12000.0,0,1,0,working class,0.2927542812589402
2,0,0,0,0,9000.0,1,0,1,upper class,
1,0,0,0,0,13000.0,0,0,0,poverty,0.2508318262318689
2,2,0,2,2,8000.0,1,0,0,middle class,0.5385077709353471
2,2,4,4,0,11000.0,1,1,0,upper class,0.4869395119230473
0,0,0,0,0,16000.0,0,0,1,working class,0.4948093876201021
2,2,2,4,0,9000.0,0,1,1,working class,0.3753440227515216
1,1,0,1,0,13000.0,1,0,0,working class,0.5211344299762245
2,2,3,12,0,12000.0,1,1,0,upper class,0.6007118624815957
1,1,1,0,0,15000.0,0,0,0,poverty,0.2291647302298253
1,1,0,1,0,10000.0,0,0,1,working class,0.4359312030698289
0,0,0,0,0,17000.0,0,0,1,working class,0.3997821163574981
2,2,3,7,0,11000.0,0,0,0,upper class,0.5927698538282068
2,2,2,6,0,7000.0,1,1,0,working class,0.4121274692859129
0,0,0,0,0,16000.0,0,1,0,poverty,0.4652236746119535
3,3,11,4,0,11000.0,0,0,0,upper class,0.5396125023152104
0,0,0,0,0,14000.0,1,1,1,poverty,0.3041750304936165
3,3,1,7,0,8000.0,0,0,0,upper class,0.7606175236961679
3,2,4,3,1,8000.0,0,1,0,upper class,0.5534622777479923
3,2,7,3,0,10000.0,0,1,0,upper class,0.6421518240233457
0,0,0,0,0,12000.0,1,1,0,working class,0.3717009607507985
2,0,0,0,0,8000.0,0,0,1,upper class,0.7130417589740766
0,0,0,0,0,13000.0,0,1,0,poverty,0.3770509975396274
0,0,0,0,0,17000.0,0,0,1,poverty,0.3240043349815389
0,0,0,0,0,9000.0,0,0,1,poverty,0.226734278562446
0,0,0,0,0,14000.0,0,0,1,poverty,0.2150234265757672
0,0,0,0,0,11000.0,0,1,1,poverty,0.3566508009417655
2,2,2,2,0,11000.0,0,1,0,upper class,0.5363148091435546
2,2,3,1,1,13000.0,0,1,0,upper class,0.6817110154432734
1,1,0,0,0,14000.0,0,1,0,middle class,0.6763506447647986
2,2,1,1,1,12000.0,1,1,0,upper class,0.6700656571076721
2,1,1,0,0,13000.0,0,0,0,middle class,0.5638599791376707
1,1,0,1,1,15000.0,0,1,0,working class,0.4056386696737108
2,2,5,1,0,13000.0,1,1,0,working class,0.3296752876443378
1,1,1,0,0,14000.0,0,1,0,middle class,0.5599372295279516
1,1,1,1,0,15000.0,0,1,1,upper class,0.4893652258060092
1,1,2,3,0,12000.0,0,0,0,poverty,0.4166623408665704
0,0,0,0,0,17000.0,0,0,1,working class,0.4040996330416273
2,2,2,0,0,14000.0,0,1,0,upper class,0.4912530942089903
2,2,2,12,0,5000.0,0,1,0,middle class,0.3712489315888498
0,0,0,0,0,18000.0,0,0,1,poverty,0.3486077166376033
0,0,0,0,0,10000.0,0,1,1,working class,0.3784275122206737
3,3,3,7,1,11000.0,1,0,0,upper class,0.4186462666783617
1,1,0,0,0,17000.0,0,1,0,poverty,0.239601811089347
2,2,0,1,0,12000.0,1,1,0,upper class,0.6488500999275332
1,1,5,1,0,11000.0,0,1,0,middle class,0.5346089416239137
0,0,0,0,0,10000.0,1,1,0,middle class,
2,2,0,0,1,16000.0,0,1,0,middle class,0.6218330526938859
0,0,0,0,0,14000.0,0,0,1,poverty,0.2387284686650751
3,3,3,2,0,10000.0,0,1,1,upper class,0.6613015055538642
1,1,1,0,0,12000.0,0,1,0,working class,0.4255008878845209
2,2,2,0,2,10000.0,0,0,1,working class,0.5141863808882946
2,2,6,2,1,11000.0,1,1,0,upper class,0.6846906708686749
0,0,0,0,0,12000.0,0,1,0,working class,
2,2,0,4,1,12000.0,0,0,0,poverty,0.4252781870544744
2,2,2,1,0,13000.0,0,1,0,upper class,0.6983343972589173
0,0,0,0,0,8000.0,0,0,1,poverty,0.1926279254414204
0,0,0,0,0,10000.0,0,1,0,working class,0.4756818292180803
2,2,5,3,0,10000.0,0,1,0,upper class,0.5423362429107399
2,2,0,1,1,14000.0,0,1,1,upper class,0.6495023966946109
1,1,0,2,1,13000.0,1,1,0,working class,0.5095214601607623
0,0,0,0,0,12000.0,1,1,0,upper class,0.7129579382614474
0,0,0,0,0,17000.0,1,1,0,poverty,0.2173998671718008
3,3,2,3,0,9000.0,1,0,0,upper class,0.6958698252477195
3,3,0,2,0,14000.0,1,1,0,upper class,0.7067539325684986
1,1,0,3,0,11000.0,0,1,1,middle class,0.4006684278650776
1,1,1,1,0,12000.0,0,0,0,working class,0.2666952827902061
0,0,0,0,0,12000.0,0,0,0,poverty,0.3855758248598593
2,2,1,4,0,14000.0,1,0,0,middle class,0.6008004231570677
3,3,1,4,1,14000.0,1,1,0,middle class,0.4752202699814938
2,2,1,0,0,12000.0,0,1,0,working class,0.4481947429015405
1,1,3,2,0,14000.0,0,1,0,middle class,0.5286165003895587
2,0,0,0,0,12000.0,0,1,1,middle class,0.479566722770817
2,2,7,2,0,8000.0,1,1,0,middle class,0.6783361946053551
0,0,0,0,0,15000.0,0,1,1,poverty,0.535812428215268
2,2,0,3,0,12000.0,0,1,0,middle class,0.4779300200328349
0,0,0,0,0,14000.0,0,1,1,poverty,
3,1,0,2,0,5000.0,1,1,0,working class,0.6154656983877915
1,1,0,2,0,13000.0,0,0,0,working class,0.4564483485504177
0,0,0,0,0,15000.0,0,0,1,poverty,0.4161597154112488
1,1,3,0,0,14000.0,0,0,1,working class,
1,0,0,0,0,10000.0,0,1,1,upper class,0.6367641521533212
3,1,0,1,0,12000.0,1,0,0,upper class,0.5857094807969453
1,1,1,1,0,15000.0,0,0,1,middle class,0.3949779906148981
1,1,1,0,0,12000.0,0,0,1,poverty,0.1950515541346116
1,1,0,1,2,15000.0,1,1,0,middle class,0.5005906733134925
2,0,0,0,0,12000.0,1,1,0,upper class,0.8434489676369233
0,0,0,0,0,10000.0,0,0,1,poverty,0.3080185242909205
1,1,1,1,0,15000.0,1,1,0,poverty,0.3132319641776033
2,0,0,0,0,11000.0,1,1,0,upper class,0.7895325092012228
3,1,1,0,1,13000.0,1,0,0,upper class,0.6533333041615769
2,0,0,0,0,12000.0,0,1,1,poverty,0.3591904547041292
2,2,1,9,2,9000.0,0,0,0,working class,0.3939002596613116
1,1,0,1,0,11000.0,0,1,0,poverty,0.4220315334045105
3,3,8,5,0,8000.0,0,0,0,upper class,0.5695226383731321
1,0,0,0,0,7000.0,0,0,0,poverty,0.4818224352879133
3,3,2,2,0,12000.0,1,1,0,upper class,
3,3,5,3,0,12000.0,1,1,0,upper class,0.6634971777551828
0,0,0,0,0,15000.0,1,1,1,working class,0.477052430617012
3,2,0,1,0,16000.0,0,1,0,upper class,0.5035743386298449
3,3,4,8,4,10000.0,0,1,0,upper class,0.6778904594231552
2,2,0,1,0,16000.0,1,1,0,upper class,0.5745345027912376
1,1,0,4,0,9000.0,0,1,0,working class,0.5736257505092719
1,1,1,1,0,9000.0,0,1,1,middle class,0.4369648248142893
1,0,0,0,0,10000.0,1,1,0,middle class,0.4717364514419842
0,0,0,0,0,10000.0,0,0,1,poverty,0.3257717384502198
2,2,0,1,0,13000.0,0,1,0,upper class,0.5452703935182526
0,0,0,0,0,10000.0,1,1,0,middle class,0.2484012154074144
1,0,0,0,0,10000.0,1,0,1,upper class,0.5623422577370347
2,2,3,8,1,3000.0,0,0,0,poverty,0.4504696004326911
1,1,3,0,0,9000.0,0,1,0,upper class,0.642579092659453
2,2,3,3,1,11000.0,1,1,0,upper class,0.6061807103298329
3,3,9,2,2,9000.0,1,1,0,upper class,0.5956351550491732
3,3,0,2,1,16000.0,0,1,0,upper class,0.5859691100658124
2,2,1,2,0,14000.0,0,1,0,working class,0.4945190973664008
1,1,3,0,0,13000.0,0,0,0,poverty,0.2826139640894628
3,2,2,0,0,11000.0,1,1,0,upper class,0.6863038567846291
3,2,3,1,0,12000.0,0,0,0,middle class,0.5466101369180384
1,0,0,0,0,10000.0,0,0,0,working class,0.3415769205431839
1,0,0,0,0,14000.0,0,1,0,poverty,0.427006899811128
2,2,0,2,0,12000.0,0,1,0,middle class,
2,1,0,1,0,9000.0,0,1,0,upper class,0.5842434269819075
1,1,1,2,0,16000.0,0,0,0,working class,0.3363879044749127
1,0,0,0,0,7000.0,0,1,0,middle class,0.3439552966265479
3,3,8,9,2,10000.0,1,1,0,upper class,0.6832851473970699
2,2,1,3,0,14000.0,0,1,1,upper class,0.4268419942247292
2,2,1,6,0,12000.0,0,0,0,middle class,0.6212118300258381
3,3,3,3,0,12000.0,1,0,0,upper class,0.6172552350571828
3,3,7,5,2,10000.0,1,1,0,upper class,0.6486291459700178
0,0,0,0,0,14000.0,0,1,1,poverty,0.4824873523239162
1,1,1,0,0,13000.0,0,1,0,working class,0.3413065150579024
1,1,0,1,0,16000.0,0,1,1,middle class,0.4947342991549172
3,3,4,6,2,8000.0,0,1,0,upper class,0.4543733814127589
2,2,0,2,0,9000.0,0,1,0,upper class,0.5548420461404064
1,1,2,1,0,14000.0,0,1,0,upper class,0.5088115391992826
3,2,5,3,1,11000.0,0,1,0,upper class,0.5799573254872007
2,1,3,4,0,11000.0,1,1,0,working class,0.5093397048989089
1,1,1,0,0,13000.0,0,1,0,poverty,0.3195772271282865
2,0,0,0,0,14000.0,0,0,1,upper class,0.5638113135204869
1,1,1,3,0,12000.0,0,0,1,middle class,0.5428894787174905
3,3,1,8,1,8000.0,1,1,0,upper class,0.5663226663241003
1,1,1,3,0,6000.0,0,1,0,upper class,0.6231936826485045
2,0,0,0,0,11000.0,0,1,1,upper class,
0,0,0,0,0,12000.0,0,1,1,poverty,0.4324125100424552
0,0,0,0,0,15000.0,0,1,0,poverty,0.2632650538999824
2,0,0,0,0,12000.0,0,0,1,upper class,0.675859002609907
1,1,0,3,1,9000.0,0,1,0,middle class,0.5309254852137539
0,0,0,0,0,9000.0,0,1,0,poverty,0.5580618709969322
3,1,2,2,3,7000.0,0,1,1,upper class,0.7382936679621042
3,2,2,4,1,12000.0,1,1,0,upper class,0.6701214761226999
0,0,0,0,0,9000.0,0,1,1,middle class,0.4350849901631921
0,0,0,0,0,18000.0,0,0,1,poverty,0.3734827746520789
3,3,2,0,0,17000.0,1,1,0,upper class,0.5883961826816051
3,3,2,3,0,15000.0,0,1,0,middle class,0.5454738217021173
0,0,0,0,0,11000.0,0,1,0,poverty,0.4398834257875427
1,1,1,0,0,17000.0,0,0,1,poverty,0.3754611884221273
1,1,3,0,0,12000.0,0,0,1,poverty,0.3688141910403541
1,0,0,0,0,15000.0,0,1,1,middle class,
1,1,1,3,0,12000.0,0,1,1,middle class,0.3914763680965406
2,1,0,3,0,8000.0,1,1,0,upper class,0.7010779053023868
0,0,0,0,0,15000.0,0,0,0,poverty,0.3322852305538436
3,3,3,3,2,17000.0,1,1,0,upper class,0.6360928203941096
1,1,0,0,1,14000.0,0,1,0,upper class,0.8523818296709694
0,0,0,0,0,12000.0,0,0,1,poverty,0.3645877768746501
1,1,0,0,1,13000.0,0,1,0,middle class,0.5436758162626819
3,3,1,4,1,12000.0,1,0,0,upper class,0.4944256965535072
3,3,0,0,1,11000.0,1,0,0,upper class,0.6262660814278748
1,1,0,1,0,13000.0,1,1,0,upper class,0.7733971401539147
0,0,0,0,0,15000.0,0,1,1,working class,0.4378132018571619
1,1,1,2,1,12000.0,0,0,0,poverty,0.2892999505458921
1,1,1,1,0,14000.0,0,0,1,upper class,0.7456780692155659
2,0,0,0,0,13000.0,0,0,1,upper class,0.6594050196302074
1,1,1,0,0,12000.0,1,1,0,middle class,0.3934292195083172
1,0,0,0,0,8000.0,0,1,1,working class,0.5457876403430777
1,1,0,1,1,11000.0,0,0,1,middle class,0.5074322843749791
2,2,7,1,1,14000.0,0,1,0,upper class,0.5822420108370873
1,1,2,1,0,13000.0,0,0,1,working class,0.3942206789712544
1,1,0,0,1,15000.0,0,1,0,middle class,0.5909271047250865
1,1,2,2,0,12000.0,0,0,1,working class,0.5912637579951758
2,2,3,4,1,8000.0,1,1,0,upper class,0.4954411506859062
1,1,0,1,0,15000.0,1,1,0,upper class,
1,1,2,2,0,8000.0,0,1,1,upper class,0.6636154524180936
2,0,0,0,0,12000.0,1,1,0,upper class,0.6714062798340049
2,2,2,8,0,12000.0,0,1,0,upper class,0.6471364812806238
0,0,0,0,0,10000.0,0,0,1,poverty,0.2344680861436483
1,1,2,1,0,9000.0,0,1,0,working class,0.4992632819538944
2,2,6,4,0,12000.0,1,1,0,upper class,0.5109020423243751
0,0,0,0,0,13000.0,0,1,0,middle class,0.4754719949134253
0,0,0,0,0,11000.0,0,0,0,working class,0.4561823933829111
3,1,1,0,0,9000.0,0,1,0,upper class,
3,3,12,6,1,9000.0,1,1,0,upper class,0.6801737707726987
1,1,2,1,1,12000.0,0,0,0,poverty,0.4437392139614944
2,0,0,0,0,13000.0,0,1,1,upper class,0.5058338435466339
0,0,0,0,0,12000.0,1,0,0,poverty,0.330271506941183
1,1,1,1,0,8000.0,0,1,0,upper class,0.5819921084455086
2,2,1,5,0,12000.0,1,1,0,upper class,0.5597353692525334
3,3,3,10,1,9000.0,1,1,0,upper class,0.5841638627422637
2,2,0,4,3,11000.0,0,1,0,upper class,0.6684571148957105
0,0,0,0,0,12000.0,0,1,0,poverty,0.4610393716795908
0,0,0,0,0,14000.0,0,1,0,poverty,0.4758086378895234
1,1,4,6,0,8000.0,1,0,0,middle class,0.513847778394383
1,1,1,2,0,11000.0,0,0,1,poverty,0.390562996318312
2,2,1,2,1,11000.0,0,1,0,upper class,0.5271028869095301
3,2,1,2,1,10000.0,0,1,0,upper class,0.7425581471666168
1,1,2,1,1,15000.0,0,0,1,working class,0.4103400623409491
0,0,0,0,0,12000.0,0,1,1,poverty,0.2709166995450791
3,1,2,1,0,12000.0,0,1,0,middle class,0.4255670016197596
2,2,2,5,1,6000.0,0,1,0,upper class,0.5696383080061281
3,3,5,3,0,8000.0,1,0,0,upper class,0.4609072687719204
1,1,0,0,0,16000.0,1,0,0,upper class,0.7123509063293101
3,3,5,3,0,13000.0,0,1,0,upper class,0.5921220578663743
1,0,0,0,0,7000.0,0,0,1,working class,0.5178938127826952
0,0,0,0,0,10000.0,0,0,0,poverty,0.40109256010844
2,2,2,0,0,12000.0,0,1,0,upper class,0.6407798046102287
3,3,3,9,0,10000.0,1,0,0,upper class,
2,2,2,6,0,9000.0,0,1,0,upper class,0.5281579037308743
2,1,2,1,0,11000.0,1,1,0,upper class,0.7383979641751491
1,1,2,3,1,11000.0,1,1,0,upper class,0.6449558925023856
3,3,1,3,0,12000.0,0,0,0,upper class,0.4697990837580598
2,2,4,3,2,12000.0,0,1,0,upper class,0.5820674205410715
1,1,2,0,0,12000.0,1,0,0,working class,0.4888103261264866
3,0,0,0,0,12000.0,1,1,0,upper class,0.5845541538211065
3,3,2,4,0,9000.0,0,1,0,upper class,0.6018449383011959
0,0,0,0,0,15000.0,0,1,1,middle class,0.5237147822845126
3,0,0,0,0,9000.0,0,1,0,upper class,0.6174783889735851
0,0,0,0,0,8000.0,0,1,0,poverty,0.2029270437920447
2,1,1,1,0,11000.0,0,1,0,upper class,0.6902691770071121
1,1,0,0,0,16000.0,0,0,1,working class,0.4087067041346762
2,0,0,0,0,9000.0,0,1,1,upper class,0.5565157388101949
2,0,0,0,0,10000.0,1,0,0,middle class,0.5283274091931265
1,1,0,3,0,9000.0,0,0,1,poverty,
0,0,0,0,0,13000.0,0,1,0,middle class,0.435456191598556
1,1,1,2,0,10000.0,1,0,0,poverty,0.2151696546054047
3,3,4,3,0,8000.0,0,1,0,upper class,0.6979233163898869
0,0,0,0,0,8000.0,0,1,0,poverty,0.3182436684930483
2,0,0,0,0,12000.0,0,1,1,upper class,0.6944607253512556
2,1,0,1,0,12000.0,0,1,0,upper class,0.6657579836268851
1,1,0,1,0,12000.0,0,0,0,poverty,0.3136216972616633
0,0,0,0,0,9000.0,0,1,0,middle class,0.517090518888596
1,1,1,3,0,12000.0,1,1,0,middle class,0.3767820351485029
2,1,0,3,0,6000.0,0,1,0,middle class,0.5866035370674517
3,2,3,3,0,14000.0,1,1,0,upper class,
1,0,0,0,0,15000.0,1,0,1,middle class,
1,1,0,1,0,11000.0,1,1,0,upper class,0.6432246395908321
0,0,0,0,0,10000.0,0,0,1,poverty,
3,1,0,1,0,12000.0,0,0,0,upper class,0.7213187073836898
1,1,3,1,0,13000.0,1,1,0,upper class,0.6394250854418368
1,1,0,2,0,16000.0,0,0,1,poverty,0.2438015617936942
1,1,1,1,0,14000.0,0,0,0,poverty,0.3045684602333574
3,3,0,4,0,9000.0,0,0,0,upper class,0.7217744198745549
1,1,0,0,0,12000.0,1,1,0,upper class,0.5382330646862179
1,1,1,5,1,9000.0,0,1,1,middle class,0.5052441837930965
3,1,2,1,0,15000.0,0,1,0,upper class,0.7031643827756698
1,1,1,2,1,8000.0,0,0,0,middle class,0.4851718364383785
1,1,0,0,0,13000.0,0,0,1,working class,0.4262702299476665
3,2,0,1,0,16000.0,1,0,0,upper class,0.3812423915312549
2,0,0,0,0,12000.0,0,0,0,middle class,0.5626962815527192
3,3,5,3,1,11000.0,1,1,0,upper class,0.5862739821585983
2,0,0,0,0,14000.0,0,0,1,upper class,0.6435845629097965
2,2,1,6,0,13000.0,0,1,1,upper class,0.5664168167346517
2,2,2,4,0,11000.0,1,1,0,middle class,
2,2,1,3,0,10000.0,0,1,0,middle class,0.6398290247158106
2,2,0,0,0,11000.0,0,0,0,upper class,
2,2,5,4,0,12000.0,0,0,0,working class,0.3392888504833096
1,1,0,2,1,10000.0,0,0,0,working class,0.4940669801717974
1,1,1,0,0,12000.0,1,1,0,upper class,0.4883110329953223
3,0,0,0,0,10000.0,0,1,1,upper class,0.6130753469532052
0,0,0,0,0,11000.0,0,0,1,poverty,0.3306596233133351
3,3,3,3,0,8000.0,1,1,0,upper class,0.6183141634928766
2,0,0,0,0,10000.0,0,1,1,upper class,0.5176533639161799
1,0,0,0,0,12000.0,0,0,1,poverty,
2,2,0,2,1,16000.0,0,0,1,working class,0.3354650473170224
2,1,1,1,0,11000.0,0,1,0,upper class,0.6522098010358588
3,2,1,3,0,9000.0,0,1,0,upper class,0.649742279786596
0,0,0,0,0,12000.0,0,1,1,poverty,0.5316594723228439
2,2,0,6,0,11000.0,0,1,0,upper class,0.3673908132079513
0,0,0,0,0,12000.0,0,1,1,poverty,0.3525599589743549
1,1,0,2,0,12000.0,1,1,0,working class,0.459369099801009
0,0,0,0,0,18000.0,0,1,1,working class,0.3643273511086715
2,2,1,3,2,12000.0,0,0,0,working class,0.5926094176945508
3,3,4,3,2,10000.0,0,0,0,middle class,
3,1,0,0,1,9000.0,0,1,0,upper class,0.7651678828229611
3,2,2,6,1,12000.0,0,1,0,middle class,0.3724167809827318
2,1,1,0,0,13000.0,1,1,0,upper class,0.6729865377227907
1,1,2,0,0,9000.0,1,1,0,upper class,0.6974413913004567
1,1,2,0,0,14000.0,0,0,0,poverty,0.3450262977143895
3,3,4,8,0,11000.0,0,1,0,middle class,0.5891088863016741
2,2,0,4,2,9000.0,1,1,0,upper class,0.6492795700696337
3,2,4,4,0,12000.0,1,1,0,upper class,0.4136142077561675
0,0,0,0,0,11000.0,0,1,0,poverty,0.0648103533102058
0,0,0,0,0,16000.0,0,0,1,working class,0.4425687110792027
2,1,0,3,0,13000.0,0,1,0,upper class,0.6173644827066088
1,0,0,0,0,9000.0,0,0,0,working class,
2,0,0,0,0,14000.0,0,1,0,upper class,0.6503154094233858
1,1,3,1,0,12000.0,1,1,0,upper class,0.467843765632501
0,0,0,0,0,12000.0,0,1,1,working class,0.6705840253332259
2,2,2,2,2,13000.0,1,1,0,upper class,0.5557121773732416
1,1,0,2,0,9000.0,0,1,0,working class,0.4708203950012678
1,1,1,0,0,12000.0,0,1,0,upper class,0.6777304679535914
0,0,0,0,0,8000.0,0,1,1,working class,0.3577224688029924
2,0,0,0,0,14000.0,0,1,0,working class,0.3792686190518363
1,1,0,0,0,8000.0,0,1,0,upper class,0.5213673670739867
1,1,1,0,0,12000.0,1,1,0,upper class,0.6987319634286622
3,3,6,7,0,10000.0,1,1,0,upper class,0.6549887012388683
2,1,3,0,0,12000.0,0,0,1,working class,0.2333086497413181
2,1,0,1,0,10000.0,1,1,0,upper class,0.5844501971313054
0,0,0,0,0,10000.0,0,1,1,middle class,0.4778446821040133
3,3,1,10,1,7000.0,1,1,0,upper class,
1,1,2,1,0,10000.0,0,1,1,middle class,0.5725081487426337
2,0,0,0,0,8000.0,1,0,0,working class,0.2858110156135545
2,2,4,6,0,12000.0,0,1,0,working class,0.4701261680539295
1,1,1,0,0,13000.0,0,0,1,working class,0.5351063887763012
2,2,1,5,1,13000.0,0,1,0,upper class,
3,1,0,2,1,14000.0,0,1,0,upper class,0.6794953657901539
1,1,2,2,1,9000.0,0,0,0,working class,0.3670173487205561
1,1,1,0,0,15000.0,0,0,0,poverty,0.4644064393036886
0,0,0,0,0,14000.0,0,0,1,poverty,
1,0,0,0,0,14000.0,0,0,1,working class,0.5042053863471003
3,2,2,8,0,3000.0,1,1,0,upper class,0.4492972668548298
2,2,2,2,1,11000.0,0,1,0,upper class,0.541762035186092
3,1,0,0,1,9000.0,0,1,0,upper class,0.6099849924008637
3,3,4,4,0,9000.0,0,0,0,upper class,0.4964109169481421
2,2,3,3,0,9000.0,1,1,0,upper class,
2,2,1,1,0,13000.0,1,1,0,upper class,0.5714999429200536
2,1,1,0,0,9000.0,0,1,0,upper class,
1,1,1,1,0,10000.0,0,1,0,poverty,0.218675950842752
0,0,0,0,0,12000.0,0,1,0,poverty,0.438014692691121
2,0,0,0,0,6000.0,0,1,1,middle class,0.3460145477683494
1,0,0,0,0,15000.0,0,0,1,working class,0.5162958681886699
2,2,2,1,0,13000.0,0,1,0,upper class,0.6825627473806951
1,1,0,2,1,13000.0,1,1,0,upper class,0.6427669540672473
1,1,2,1,0,12000.0,1,0,0,upper class,0.6456613939576508
3,3,11,2,0,9000.0,1,1,0,upper class,0.5616097217808832
2,1,0,0,0,12000.0,0,1,0,upper class,0.5925647181807824
0,0,0,0,0,12000.0,0,1,0,poverty,0.364278431287774
1,1,1,2,0,13000.0,0,1,1,middle class,0.7325962199369637
0,0,0,0,0,17000.0,1,1,0,working class,0.4466683299509061
0,0,0,0,0,11000.0,0,1,0,poverty,0.2865193141234149
2,1,1,0,0,9000.0,0,1,0,upper class,0.5137216359540138
3,0,0,0,0,10000.0,0,1,1,upper class,0.7621694620604794
3,0,0,0,0,10000.0,1,1,0,upper class,
3,3,0,3,2,7000.0,0,1,0,upper class,0.6080699138239518
1,1,2,1,0,12000.0,1,1,0,upper class,0.5386463764059186
3,3,2,2,0,11000.0,0,1,0,upper class,0.7257495693841259
1,1,3,0,0,14000.0,0,0,1,poverty,0.3993721682161127
1,1,0,1,0,12000.0,0,0,1,middle class,
0,0,0,0,0,7000.0,0,0,1,working class,0.3158472659456788
0,0,0,0,0,13000.0,0,1,0,poverty,0.4368255409619409
0,0,0,0,0,14000.0,0,0,1,poverty,0.2241372662621859
3,3,3,14,0,3000.0,0,1,0,upper class,0.6597562707205796
0,0,0,0,0,11000.0,0,1,1,working class,0.4877696980616919
2,2,1,2,0,12000.0,0,1,1,middle class,0.3786978812092193
3,1,2,2,0,12000.0,1,1,0,upper class,0.6363106328264545
0,0,0,0,0,10000.0,0,1,1,poverty,
2,0,0,0,0,11000.0,0,0,1,upper class,0.5130256637688121
1,1,0,0,0,16000.0,1,1,0,middle class,0.4410116713104325
2,2,5,2,1,9000.0,0,1,0,upper class,0.6716845260817467
2,0,0,0,0,11000.0,1,0,1,upper class,0.7219201756268278
0,0,0,0,0,16000.0,0,0,1,poverty,0.2768632872237605
3,3,2,2,1,12000.0,0,1,0,upper class,0.5354411836435228
0,0,0,0,0,14000.0,1,0,1,poverty,0.4118605472633641
1,1,0,0,1,12000.0,0,1,0,working class,0.4983794504788841
2,2,2,4,0,13000.0,1,1,0,middle class,0.4249894738663933
1,1,1,1,1,15000.0,1,1,0,upper class,0.5609217671373717
3,3,3,12,2,9000.0,1,0,0,upper class,0.6325236813473631
1,1,0,0,0,17000.0,0,0,1,working class,0.5817659713567438
2,0,0,0,0,11000.0,0,1,1,upper class,0.5433038756168699
2,2,0,5,1,13000.0,0,1,0,upper class,0.6720139999690964
0,0,0,0,0,14000.0,0,0,1,poverty,0.2996793845170889
1,1,0,1,0,9000.0,0,1,0,middle class,0.6269611576613461
0,0,0,0,0,13000.0,1,1,0,middle class,0.3993583524589249
1,1,3,0,1,13000.0,0,1,0,middle class,0.4281283031639512
1,1,1,0,1,16000.0,0,0,0,poverty,0.3888483991332456
0,0,0,0,0,15000.0,0,1,1,working class,0.5697721184546425
1,0,0,0,0,13000.0,0,0,1,poverty,0.4261745228265034
1,1,0,1,0,8000.0,1,1,0,middle class,0.5914057960806905
2,2,2,2,1,12000.0,0,1,0,working class,0.4141748435485591
1,0,0,0,0,12000.0,1,1,0,working class,0.2974398081044365
2,1,2,2,1,10000.0,1,1,0,upper class,0.61779950138354
0,0,0,0,0,19000.0,0,1,1,middle class,
1,0,0,0,0,14000.0,0,0,1,working class,0.4729607741056473
0,0,0,0,0,15000.0,0,0,1,poverty,0.4219520977864965
0,0,0,0,0,4000.0,0,0,1,poverty,0.4227127173972134
3,3,5,4,1,13000.0,1,0,0,upper class,
2,2,6,8,1,10000.0,1,1,0,upper class,0.6057799696677834
0,0,0,0,0,19000.0,0,1,0,poverty,
0,0,0,0,0,12000.0,0,1,0,poverty,0.2709286480860354
3,3,9,2,1,17000.0,1,1,0,upper class,
3,3,3,16,0,10000.0,0,1,0,upper class,0.5391203183649663
3,2,1,3,1,11000.0,1,1,0,middle class,0.5761410516863594
3,3,6,6,2,9000.0,0,1,0,upper class,0.6789714861404762
1,1,1,1,1,16000.0,0,1,0,poverty,0.3064889685313171
1,0,0,0,0,13000.0,0,1,1,working class,0.4783849470563195
2,2,6,3,0,14000.0,1,1,0,upper class,0.6275311090640938
0,0,0,0,0,12000.0,0,0,0,poverty,0.38254236422457
3,1,2,4,0,13000.0,1,1,0,upper class,0.6708033820247444
2,2,1,3,0,9000.0,1,1,0,upper class,0.5734894955803178
3,3,2,1,2,12000.0,1,1,0,upper class,0.5596547606368724
1,0,0,0,0,12000.0,0,1,0,working class,0.4315102316623472
2,1,0,4,0,8000.0,0,1,0,working class,0.4472809765918093
3,3,2,3,0,12000.0,0,0,0,upper class,0.487878682997909
3,3,1,5,1,9000.0,1,1,0,upper class,0.6373600775462374
2,2,4,4,2,12000.0,1,1,0,upper class,0.4911101856426221
3,0,0,0,0,15000.0,0,1,1,upper class,0.5601214583158738
3,1,0,3,0,11000.0,1,1,0,middle class,0.6827064892633193
2,2,5,5,0,8000.0,0,1,0,upper class,0.7238108578569211
1,1,0,1,0,10000.0,0,0,0,working class,0.5395318255861207
1,1,0,5,0,11000.0,0,1,0,middle class,0.5660760717938017
3,3,2,3,1,12000.0,0,1,0,upper class,0.6998108206900251
1,0,0,0,0,14000.0,0,1,1,upper class,
0,0,0,0,0,11000.0,0,1,1,poverty,0.2595222818911519
1,1,0,0,1,11000.0,0,1,0,working class,
0,0,0,0,0,11000.0,1,0,0,middle class,0.4253480722703757
1,1,0,0,0,15000.0,0,1,0,middle class,0.6001147130776033
1,0,0,0,0,9000.0,0,1,0,poverty,0.2611478581802328
1,1,2,0,1,12000.0,0,1,0,poverty,0.3075267135224393
0,0,0,0,0,10000.0,0,1,0,poverty,0.2502084663246026
0,0,0,0,0,13000.0,0,0,1,poverty,0.4287138097752097
1,1,1,1,0,12000.0,1,1,0,upper class,0.5679144194169256
1,0,0,0,0,10000.0,0,0,1,working class,0.442557093562144
0,0,0,0,0,17000.0,1,1,0,upper class,
1,1,0,4,0,11000.0,0,0,1,working class,
1,1,0,1,0,12000.0,0,0,0,poverty,0.4577862365222054
1,1,1,0,0,12000.0,0,1,0,working class,0.5239204010225611
2,2,2,1,1,12000.0,0,1,0,upper class,0.7437036763205871
1,1,1,0,0,15000.0,0,0,0,poverty,0.3028705972574476
2,1,0,1,0,12000.0,1,1,0,middle class,0.5051554316143794
3,3,5,10,1,9000.0,0,1,0,upper class,0.5982796403762255
1,1,0,1,0,11000.0,0,0,1,poverty,
1,0,0,0,0,14000.0,0,0,1,poverty,0.4495824703074251
3,1,1,0,0,14000.0,1,0,1,upper class,0.6655668427949974
0,0,0,0,0,13000.0,0,0,1,middle class,0.3930218877792529
1,1,2,3,0,14000.0,0,1,0,working class,0.4118003401511624
2,1,4,1,0,12000.0,0,1,0,middle class,0.6093539898614507
1,1,1,0,1,10000.0,0,1,0,working class,0.534190231206679
2,0,0,0,0,9000.0,1,1,0,upper class,0.7879960187466863
3,2,1,6,0,8000.0,0,1,0,upper class,0.4450130053554757
1,1,0,1,0,12000.0,0,1,0,working class,0.4056422745779473
2,2,3,0,0,14000.0,1,1,0,upper class,0.613220489579212
2,2,3,7,1,8000.0,1,1,0,upper class,0.6386858926010643
1,1,1,0,0,10000.0,0,1,0,working class,0.5638169870236502
2,0,0,0,0,11000.0,1,1,0,upper class,0.644414834802091
1,1,0,1,0,17000.0,0,1,1,working class,0.3755947075424601
1,1,2,2,1,12000.0,0,0,1,poverty,0.2874575410236509
0,0,0,0,0,14000.0,0,0,1,poverty,0.5474717561610799
0,0,0,0,0,11000.0,0,1,0,poverty,0.3396114289704698
1,1,0,2,2,12000.0,0,1,0,working class,
2,1,1,3,0,14000.0,0,1,0,middle class,0.5512974025792904
2,1,2,0,0,15000.0,1,1,0,upper class,0.6353945656273279
2,1,1,5,0,9000.0,1,1,0,upper class,0.5811296831555122
1,1,1,0,1,10000.0,0,1,0,working class,0.3456316481039522
1,0,0,0,0,18000.0,0,1,1,middle class,0.5193479438514836
2,2,3,7,2,12000.0,0,0,0,working class,0.4207561350863127
2,2,9,5,0,8000.0,0,0,0,middle class,
2,0,0,0,0,8000.0,0,1,0,middle class,0.5675874655649595
1,1,2,1,0,14000.0,0,1,0,middle class,
1,1,1,0,2,10000.0,0,1,0,upper class,0.6528807993417568
1,1,0,2,0,15000.0,0,0,1,middle class,
1,1,0,1,0,15000.0,0,1,0,upper class,0.4802304710426351
2,2,0,1,1,12000.0,0,1,0,upper class,0.7351527213384134
1,1,0,1,1,13000.0,0,0,1,working class,0.4367462837571669
2,2,2,7,1,11000.0,0,1,0,upper class,0.6614527533619113
3,3,2,3,0,8000.0,0,0,0,working class,0.3278243327742141
0,0,0,0,0,13000.0,0,1,1,poverty,0.3563114306897274
0,0,0,0,0,14000.0,0,0,1,poverty,0.3109816429091414
1,1,1,3,1,15000.0,0,1,0,middle class,0.5614045221710208
0,0,0,0,0,12000.0,0,0,1,upper class,0.5459111878739242
2,2,5,1,1,11000.0,1,1,0,upper class,0.6178115829185272
3,3,5,3,1,10000.0,0,1,0,upper class,0.6900696335241753
1,0,0,0,0,17000.0,1,1,0,upper class,
2,2,1,2,0,10000.0,1,1,0,upper class,0.6620369030712681
1,1,2,1,1,16000.0,0,0,1,poverty,0.2942081165547001
2,2,0,3,0,12000.0,0,1,0,upper class,0.7744583614588328
1,1,0,4,1,13000.0,1,0,0,upper class,0.5932764113109901
2,2,1,0,0,10000.0,1,1,0,upper class,
1,1,1,0,0,15000.0,0,1,1,working class,0.4131181464759037
2,2,1,2,0,14000.0,1,1,0,middle class,0.5871553381197856
2,2,3,1,0,14000.0,0,1,0,middle class,0.3962202743551265
2,2,3,2,0,12000.0,1,1,0,upper class,0.6744237039305945
1,1,0,0,0,16000.0,0,1,1,poverty,0.4179968937506797
0,0,0,0,0,9000.0,0,0,1,working class,
2,0,0,0,0,9000.0,0,1,0,middle class,0.6787681469910648
2,2,1,4,1,12000.0,0,1,0,upper class,0.5064172047172271
3,3,7,3,0,11000.0,1,1,0,upper class,0.6906991567211531
1,1,0,0,0,12000.0,0,1,0,working class,0.427473042131671
0,0,0,0,0,13000.0,0,1,1,working class,0.4439992458560763
0,0,0,0,0,8000.0,0,0,1,poverty,0.371813066706245
0,0,0,0,0,21000.0,0,0,1,poverty,0.4814900180091189
3,3,5,4,1,11000.0,0,1,0,upper class,0.6547958229179276
2,1,3,3,2,11000.0,1,1,0,upper class,0.5362740945253154
1,1,1,1,0,6000.0,0,0,1,working class,0.588337216849703
2,2,2,4,1,12000.0,0,1,0,middle class,0.5125204353330771
1,1,1,1,0,17000.0,0,1,0,poverty,0.2307192677794806
2,1,0,4,0,10000.0,0,0,0,poverty,0.4057523426788669
2,2,0,0,0,14000.0,1,1,0,upper class,0.6852761423207604
0,0,0,0,0,12000.0,0,0,1,middle class,0.5535496501307879
2,2,2,2,0,13000.0,0,1,0,upper class,0.6540567904445873
3,0,0,0,0,9000.0,0,1,0,upper class,0.7431654508072568
2,2,2,7,0,12000.0,1,1,0,upper class,0.4614531851675966
2,2,1,4,0,10000.0,1,1,0,upper class,0.5007565863468161
0,0,0,0,0,13000.0,0,1,0,working class,0.527302248297344
3,2,3,3,2,12000.0,0,0,0,middle class,0.5571626888981205
0,0,0,0,0,15000.0,0,0,1,poverty,0.5075828928455902
3,3,2,0,1,16000.0,1,1,0,upper class,
1,1,2,1,0,17000.0,1,0,0,poverty,0.3373971578506312
3,0,0,0,0,14000.0,1,1,0,upper class,0.6180232418322302
3,3,3,0,2,12000.0,0,1,0,upper class,0.5708790194853859
2,2,2,1,1,15000.0,0,1,0,middle class,0.4716399096490579
3,3,0,1,1,12000.0,0,1,0,working class,0.6056339486090861
1,1,0,2,0,9000.0,0,1,0,poverty,0.3797179437274305
3,0,0,0,0,12000.0,0,1,1,upper class,0.6943393878817111
2,1,2,2,0,7000.0,1,1,0,upper class,0.58306031835725
3,2,0,4,1,9000.0,0,1,0,upper class,0.4882145204143449
1,1,3,3,0,9000.0,0,1,0,upper class,
2,1,1,1,0,9000.0,0,0,1,middle class,0.5428697966105621
1,1,4,2,0,10000.0,0,1,0,working class,0.4572646204776518
2,2,1,1,0,12000.0,1,0,0,upper class,0.5488939939280708
1,0,0,0,0,11000.0,0,0,1,upper class,0.5345576129748951
1,0,0,0,0,13000.0,1,1,0,upper class,0.6523304062782493
0,0,0,0,0,13000.0,0,0,1,poverty,0.3863880207638034
2,2,1,3,0,12000.0,0,1,0,middle class,0.4505384577546662
3,3,3,10,1,9000.0,0,1,1,upper class,0.4167486425392473
1,1,0,0,0,17000.0,0,0,1,poverty,
3,1,1,1,1,8000.0,0,0,1,upper class,0.6021047353408335
3,2,4,2,1,13000.0,0,1,0,upper class,0.5491678163041861
0,0,0,0,0,11000.0,1,1,0,working class,0.5219565746594471
2,2,4,2,0,15000.0,1,0,0,middle class,0.6028335988480005
2,1,1,4,0,7000.0,1,1,0,upper class,0.5678186917072966
3,2,2,2,0,9000.0,0,1,0,upper class,0.6949200720707026
1,0,0,0,0,13000.0,0,1,0,middle class,0.7004281824636157
1,1,1,4,1,11000.0,0,0,1,middle class,0.4957048730836951
0,0,0,0,0,15000.0,0,0,1,poverty,0.4936007646121511
2,1,0,0,0,7000.0,1,1,0,middle class,0.5175180906935773
2,0,0,0,0,13000.0,0,1,1,middle class,0.4014535021639726
1,0,0,0,0,10000.0,0,0,1,middle class,0.5053902358559241
3,1,1,2,0,12000.0,0,1,0,middle class,0.6269620832137512
3,3,3,10,2,11000.0,1,1,0,upper class,0.7020880143855619
0,0,0,0,0,9000.0,0,1,1,poverty,0.1774430776316491
0,0,0,0,0,10000.0,0,0,1,poverty,0.2299027004575464
1,0,0,0,0,13000.0,1,1,0,upper class,0.5612935460191896
3,0,0,0,0,7000.0,0,0,1,upper class,0.4871216304800666
1,1,0,1,0,12000.0,0,0,1,poverty,0.3740571032388322
1,1,1,0,0,15000.0,0,1,0,poverty,0.2125402312931636
3,1,2,0,1,13000.0,1,1,0,upper class,0.5359382220542888
1,1,2,1,0,12000.0,0,1,0,upper class,0.6718568497511987
3,0,0,0,0,11000.0,1,1,0,upper class,0.6415154778803935
2,2,2,3,0,12000.0,1,1,0,middle class,0.2977468587489934
1,1,1,3,0,6000.0,1,1,0,upper class,
3,3,5,6,2,14000.0,0,1,0,middle class,0.469759362610576
0,0,0,0,0,13000.0,0,0,1,poverty,0.2757461301987848
1,1,1,3,0,12000.0,0,0,1,working class,0.5981145934451958
2,0,0,0,0,14000.0,0,1,0,middle class,0.5687434240980338
2,1,0,0,0,18000.0,0,1,0,middle class,0.5338552034439775
0,0,0,0,0,11000.0,0,0,1,poverty,0.2739856772686334
0,0,0,0,0,18000.0,0,1,0,poverty,0.4380507011715331
2,0,0,0,0,12000.0,1,1,0,upper class,0.7582172161658914
2,2,5,2,1,14000.0,0,1,0,upper class,0.5112058884078383
1,0,0,0,0,13000.0,1,0,1,upper class,0.5812026447520117
1,1,5,3,0,5000.0,0,1,0,poverty,0.3002081668900594
2,2,0,3,0,13000.0,0,1,0,upper class,0.4952958891181545
2,2,6,0,0,9000.0,0,1,0,upper class,0.4518349804466685
2,2,3,1,0,10000.0,0,0,0,middle class,0.5590663741166904
1,1,2,3,0,12000.0,1,1,0,upper class,0.5589096259275953
2,2,1,3,0,10000.0,1,1,0,upper class,0.6973301225555232
2,1,2,0,0,15000.0,1,1,0,middle class,
1,1,1,2,0,12000.0,0,0,1,poverty,0.3532201325624401
0,0,0,0,0,5000.0,0,0,1,working class,0.4961009681469475
1,1,2,7,0,8000.0,1,1,0,middle class,0.4429716029268183
1,0,0,0,0,11000.0,1,0,0,upper class,
1,1,1,1,0,15000.0,0,1,0,working class,0.4432402814745901
2,2,4,4,1,8000.0,1,0,0,upper class,0.8145502937682847
2,0,0,0,0,12000.0,1,1,0,upper class,0.6833724316979629
2,2,6,4,1,9000.0,1,1,0,upper class,
2,0,0,0,0,10000.0,0,1,1,upper class,0.4779413604921918
0,0,0,0,0,12000.0,1,1,0,poverty,0.2455327005454158
2,2,0,2,0,12000.0,1,1,0,upper class,
3,3,5,7,0,9000.0,0,1,0,upper class,
2,2,3,2,0,12000.0,1,1,0,upper class,0.4856706507522165
2,2,1,4,1,13000.0,0,0,0,middle class,0.6197015175639705
2,1,0,0,0,12000.0,0,1,0,upper class,0.6089308232085261
0,0,0,0,0,10000.0,0,0,1,working class,0.4826291669367409
3,3,1,5,0,10000.0,1,1,0,upper class,0.6131925853472315
3,3,0,6,0,11000.0,0,1,0,upper class,0.7140153403774167
0,0,0,0,0,15000.0,1,1,0,upper class,0.5764579008950959
1,1,0,1,0,13000.0,0,0,0,poverty,0.4273206157200901
1,0,0,0,0,12000.0,0,1,0,middle class,0.4601151988970682
2,1,2,0,0,12000.0,0,0,0,upper class,0.6258322983127815
1,1,2,2,0,12000.0,0,1,0,middle class,0.5522280085333927
1,0,0,0,0,14000.0,0,1,0,upper class,0.6731433661463372
2,2,0,6,0,6000.0,0,1,0,upper class,0.64826623609342
1,1,0,0,0,12000.0,0,1,0,working class,0.3678303573721413
1,1,1,1,0,10000.0,0,1,0,working class,0.5465017110800787
3,3,3,11,1,7000.0,1,1,0,upper class,0.5745716255486694
2,1,0,0,0,10000.0,1,1,0,upper class,
0,0,0,0,0,12000.0,0,0,1,poverty,0.3344023919698644
0,0,0,0,0,18000.0,0,1,1,working class,0.3264397847182172
2,2,3,3,0,11000.0,0,0,0,upper class,
0,0,0,0,0,10000.0,0,1,1,poverty,0.3092538030358533
1,1,3,2,0,13000.0,0,1,0,working class,0.4378414664614671
0,0,0,0,0,10000.0,0,0,1,poverty,0.2698257959692807
2,2,1,3,0,14000.0,1,0,0,upper class,0.7754948133696272
2,2,1,1,0,12000.0,1,1,0,upper class,0.8962994396460304
1,1,1,3,0,12000.0,0,1,0,upper class,0.6121181563110022
1,1,1,0,0,15000.0,0,0,0,middle class,0.4367305097057258
0,0,0,0,0,12000.0,0,0,1,poverty,0.3932427454412925
1,0,0,0,0,12000.0,0,1,0,poverty,0.3280344035024009
3,3,1,11,1,12000.0,0,1,1,upper class,0.7265597100432507
0,0,0,0,0,15000.0,0,0,1,poverty,0.3724255107914251
1,1,1,0,0,15000.0,0,1,1,poverty,0.4254350369606835
2,2,3,1,0,15000.0,0,1,0,upper class,
0,0,0,0,0,13000.0,0,0,0,working class,0.3817876115009899
0,0,0,0,0,8000.0,0,1,0,poverty,0.3449328776108291
3,1,1,0,0,12000.0,0,0,0,middle class,0.4208492260444822
1,0,0,0,0,11000.0,0,1,1,working class,0.546417410483119
3,1,2,0,0,10000.0,0,1,0,upper class,0.5140602918684554
2,2,0,0,0,16000.0,0,1,0,upper class,
1,0,0,0,0,11000.0,1,1,0,middle class,0.5393392181496564
3,2,5,2,0,10000.0,1,1,0,upper class,0.5811899693152835
3,1,0,0,0,8000.0,0,1,0,upper class,0.6484773433314615
1,1,1,1,0,12000.0,0,1,0,middle class,0.5737300833620145
2,1,0,0,0,14000.0,1,0,1,upper class,0.6375345691975189
3,2,6,3,2,12000.0,0,1,0,upper class,0.5998640282161689
2,2,4,1,2,10000.0,0,1,0,upper class,0.6498365562719705
1,1,0,1,0,8000.0,0,1,0,middle class,0.5949317714664302
1,0,0,0,0,10000.0,1,1,0,upper class,0.6494150842472346
1,1,2,0,1,11000.0,0,1,0,working class,0.3844651126449446
2,2,1,1,0,11000.0,0,0,0,working class,
2,1,0,0,0,13000.0,1,0,1,middle class,0.4581195186110832
1,1,2,1,0,8000.0,0,0,0,working class,0.2449353696592061
0,0,0,0,0,14000.0,0,0,1,poverty,0.3910631302545065
2,2,3,1,0,9000.0,1,1,0,upper class,0.6039352516727398
2,2,5,1,0,11000.0,0,1,0,upper class,0.5190666772069142
1,1,0,3,0,13000.0,0,1,1,poverty,0.4197341005876831
0,0,0,0,0,15000.0,1,1,1,middle class,0.6427538918131847
0,0,0,0,0,13000.0,0,0,1,poverty,0.4185559663529582
2,2,5,3,0,9000.0,0,1,0,upper class,0.5465222146897489
2,2,1,4,0,10000.0,0,0,0,middle class,0.4260354940121165
2,1,0,0,0,14000.0,1,1,0,upper class,0.6868684280913652
2,2,0,1,1,11000.0,1,1,0,upper class,
1,0,0,0,0,13000.0,1,1,0,working class,0.6027630037031885
0,0,0,0,0,18000.0,0,1,1,upper class,0.4925300820024674
1,1,2,2,0,11000.0,0,1,1,middle class,0.5463710149869366
1,1,0,3,0,14000.0,0,0,1,poverty,0.4222944935844876
1,1,0,4,0,10000.0,0,0,1,poverty,0.3226948676935375
1,1,2,0,1,13000.0,0,0,1,upper class,0.6499302827542016
2,1,0,0,1,12000.0,0,1,0,working class,0.4392108106129482
1,1,3,3,0,9000.0,1,1,0,upper class,0.6426226826757341
2,0,0,0,0,16000.0,0,1,1,working class,
1,1,1,1,0,15000.0,1,1,0,middle class,0.5985207718839584
2,1,4,4,0,12000.0,0,1,0,upper class,0.6113288178842612
1,1,2,3,0,14000.0,0,1,1,middle class,0.3838079015692067
2,2,3,2,0,12000.0,0,1,0,upper class,0.5440686984599911
0,0,0,0,0,13000.0,1,1,1,working class,0.2701780893985927
3,2,0,4,1,11000.0,1,1,1,upper class,0.5768973389326224
1,0,0,0,0,14000.0,1,1,0,upper class,
2,2,0,2,0,12000.0,1,1,0,middle class,0.6211866592060428
1,1,2,2,0,10000.0,0,1,0,upper class,0.7222973127522446
1,0,0,0,0,12000.0,0,1,1,middle class,0.6674176964471904
2,2,0,2,0,11000.0,0,1,0,middle class,
3,0,0,0,0,9000.0,0,0,1,upper class,0.7783627618389632
1,1,0,1,0,10000.0,0,1,0,upper class,
3,3,5,2,0,8000.0,0,0,0,upper class,0.6824651070901286
0,0,0,0,0,17000.0,1,1,0,middle class,
2,0,0,0,0,12000.0,0,1,0,upper class,0.6369446221406403
0,0,0,0,0,12000.0,0,1,1,poverty,0.4084367873920526
1,0,0,0,0,12000.0,1,1,0,upper class,0.7196443625175253
1,1,2,1,0,11000.0,1,1,0,upper class,0.6479770463649296
2,0,0,0,0,12000.0,1,1,0,upper class,0.626638095087831
2,2,1,3,0,14000.0,0,1,0,middle class,0.4654115935738457
0,0,0,0,0,15000.0,0,1,1,working class,0.5116263619778629
2,0,0,0,0,14000.0,0,1,0,upper class,0.5501689732279997
0,0,0,0,0,11000.0,0,0,1,poverty,0.280058952547863
1,1,0,0,0,15000.0,0,0,0,upper class,0.5986306988410685
2,2,0,3,1,10000.0,0,1,0,upper class,0.7059931135802957
0,0,0,0,0,12000.0,1,0,0,poverty,
0,0,0,0,0,8000.0,0,1,1,working class,
1,1,0,1,0,16000.0,0,0,0,working class,0.4458537521945647
2,1,2,1,0,11000.0,0,1,0,middle class,0.3394054659051099
1,1,0,0,0,14000.0,0,1,0,working class,0.6090015642772613
2,1,2,1,0,10000.0,0,1,0,upper class,0.6413439757795402
2,2,0,0,0,12000.0,1,1,0,upper class,0.5427538918056778
1,1,0,1,0,12000.0,0,0,1,poverty,0.3930211676538276
1,1,3,2,0,14000.0,0,1,0,middle class,0.6675090203223778
2,2,2,2,1,11000.0,1,0,0,working class,
0,0,0,0,0,10000.0,0,0,1,working class,0.4451567199459931
2,2,6,2,1,10000.0,0,1,0,upper class,0.5911474645962597
2,1,1,1,0,10000.0,0,0,0,upper class,0.6511049385549011
3,3,3,9,0,10000.0,1,1,0,upper class,0.5571016855346206
2,2,1,1,0,11000.0,0,1,0,upper class,
1,1,3,0,0,14000.0,0,0,1,upper class,0.4136760985676918
2,2,6,2,0,16000.0,0,0,1,working class,0.3837539233886431
3,3,7,0,0,13000.0,0,0,0,middle class,0.5075860135282544
1,0,0,0,0,16000.0,1,1,0,working class,0.5028713305704363
1,0,0,0,0,12000.0,0,1,0,middle class,0.5208708404176335
1,1,1,0,0,12000.0,0,0,0,poverty,0.3468940710806069
3,3,10,3,1,8000.0,1,0,0,upper class,0.7550240929770979
0,0,0,0,0,12000.0,0,0,1,working class,0.3780741998209805
1,1,0,0,0,13000.0,0,1,0,poverty,0.6173329268979808
0,0,0,0,0,13000.0,0,0,1,poverty,0.215443692063603
3,0,0,0,0,11000.0,0,1,0,upper class,0.5624090225859201
3,2,1,2,0,14000.0,0,1,0,upper class,0.6858763279385587
0,0,0,0,0,12000.0,0,1,0,poverty,0.2323534203469195
2,2,3,3,1,9000.0,0,1,0,middle class,0.4548693853003646
2,2,5,0,2,12000.0,0,1,0,upper class,0.4641380241105987
3,3,3,5,1,13000.0,1,1,0,upper class,0.5424386982525647
0,0,0,0,0,13000.0,0,1,0,poverty,0.2991159121054979
2,2,1,4,0,9000.0,0,1,0,upper class,
0,0,0,0,0,14000.0,1,1,0,middle class,0.4638017334660947
0,0,0,0,0,8000.0,0,1,1,middle class,0.3339164227907947
0,0,0,0,0,14000.0,0,1,1,poverty,0.4123934015169594
1,1,1,1,1,10000.0,0,1,0,middle class,0.6165924777058676
3,3,6,4,0,9000.0,0,1,0,upper class,0.6381252493051189
2,0,0,0,0,10000.0,0,1,1,upper class,0.6604404425892082
2,2,1,0,2,17000.0,1,1,0,upper class,0.5747705498222261
1,1,4,3,0,7000.0,0,1,0,upper class,0.7049701981932897
0,0,0,0,0,13000.0,0,0,1,poverty,0.2854385224065506
2,2,0,4,1,11000.0,1,1,0,middle class,0.5010614346395708
1,0,0,0,0,13000.0,0,1,1,working class,0.4074955902909253
3,3,2,6,0,13000.0,1,0,0,poverty,0.4987236862655294
0,0,0,0,0,10000.0,0,0,1,working class,0.4315947194318469
3,0,0,0,0,7000.0,1,1,0,upper class,0.5866453439244921
0,0,0,0,0,14000.0,0,1,1,poverty,0.244800637971111
1,1,1,0,0,15000.0,0,1,0,poverty,0.2964053024332111
1,0,0,0,0,5000.0,1,1,0,upper class,0.7991142457004199
3,3,2,0,0,12000.0,1,1,0,upper class,0.6260097035993797
1,1,0,2,0,9000.0,0,1,0,working class,0.5045157468657867
2,0,0,0,0,15000.0,0,0,0,poverty,0.2787200789506119
0,0,0,0,0,7000.0,0,0,1,poverty,0.3651767737128879
1,0,0,0,0,14000.0,0,0,0,middle class,
2,0,0,0,0,11000.0,0,1,1,upper class,0.6854850623381209
1,0,0,0,0,8000.0,0,0,1,poverty,0.41215124533451
0,0,0,0,0,13000.0,0,1,1,poverty,0.2991477099763047
1,1,0,3,1,16000.0,0,0,1,middle class,0.6076688719748496
3,3,4,7,2,13000.0,1,1,0,upper class,0.7387876516708358
1,1,0,0,0,14000.0,0,0,0,working class,0.4263980866133057
0,0,0,0,0,15000.0,1,1,0,working class,0.503454287259761
1,1,0,0,0,10000.0,0,1,0,working class,0.4891458193447778
2,2,2,4,0,13000.0,0,1,0,upper class,0.7154070373943805
1,1,0,0,0,16000.0,0,1,0,poverty,0.4777488822974931
1,0,0,0,0,12000.0,0,1,1,middle class,0.6177591192465319
2,2,0,1,0,12000.0,1,1,0,upper class,0.5500124561034115
2,2,2,0,0,7000.0,0,0,0,poverty,
3,3,1,4,0,10000.0,0,1,0,upper class,0.6587101106094441
2,2,0,2,0,12000.0,1,1,1,middle class,0.7005592185702892
3,2,1,0,0,7000.0,0,0,1,upper class,0.6343871687986368
2,1,2,0,0,11000.0,0,0,1,working class,0.1958165116504413
3,3,5,4,0,10000.0,0,1,0,upper class,0.7936940171873031
3,1,2,1,0,11000.0,0,1,0,upper class,
1,1,1,0,1,12000.0,0,1,0,middle class,0.4510035325239147
3,3,4,2,0,8000.0,0,0,0,middle class,0.6762708328376787
1,1,0,1,0,15000.0,0,0,1,working class,0.6361092160766116
0,0,0,0,0,11000.0,1,0,0,poverty,
3,3,2,1,2,13000.0,0,1,0,upper class,0.7060512035565447
1,1,0,0,0,14000.0,0,1,0,upper class,0.6429664823693635
1,1,4,1,0,10000.0,1,0,0,poverty,0.3617358619790349
2,2,1,5,0,10000.0,0,1,0,working class,
0,0,0,0,0,14000.0,0,0,1,working class,0.356589005878555
1,1,1,3,0,12000.0,0,1,0,middle class,0.4346641920198879
3,3,1,1,0,7000.0,0,0,0,upper class,0.5556598158902323
1,1,1,1,1,12000.0,0,1,0,middle class,0.5475625496114908
0,0,0,0,0,12000.0,0,1,0,working class,
1,1,1,0,0,12000.0,0,0,0,poverty,0.2989742861548093
1,1,3,4,1,9000.0,0,1,0,working class,
0,0,0,0,0,12000.0,0,1,0,poverty,0.4364738411452333
3,3,4,0,0,13000.0,0,1,0,upper class,0.7103579999924677
2,2,1,2,0,18000.0,0,1,0,middle class,0.5679092438827685
0,0,0,0,0,15000.0,0,1,0,working class,0.3309433924050565
1,1,0,0,0,12000.0,0,0,1,poverty,0.2513881755026152
3,0,0,0,0,13000.0,1,1,0,upper class,0.5945664258743222
0,0,0,0,0,11000.0,0,1,0,working class,0.3985080736592945
1,1,4,1,0,12000.0,0,0,1,working class,0.3669961573638322
2,2,2,0,1,11000.0,0,1,0,middle class,0.4101260599444145
1,1,0,0,0,13000.0,0,1,0,working class,0.4301818574429716
2,2,0,6,0,10000.0,0,1,0,middle class,0.5202800892709966
2,2,1,7,0,8000.0,0,0,1,middle class,0.4035809619252694
2,1,0,1,0,12000.0,0,1,0,upper class,0.72851460888228
2,2,3,5,2,10000.0,0,0,0,upper class,0.6811059027128888
1,0,0,0,0,10000.0,0,0,0,upper class,0.5895362266658405
3,1,0,0,0,12000.0,0,1,1,upper class,0.6571063914586049
3,3,4,7,0,9000.0,0,1,0,upper class,0.7309096978663604
3,1,0,0,0,13000.0,0,1,0,upper class,0.692112519652541
0,0,0,0,0,19000.0,0,0,1,poverty,
1,0,0,0,0,10000.0,0,1,1,upper class,0.6139049982758503
2,1,1,0,1,10000.0,0,1,1,upper class,0.6206126651253843
1,1,1,0,1,8000.0,0,1,0,working class,0.6097648959268609
2,0,0,0,0,13000.0,0,1,0,middle class,0.5632703768670823
0,0,0,0,0,17000.0,0,0,1,poverty,0.4633027803572463
0,0,0,0,0,19000.0,0,1,1,poverty,0.3455421925452009
2,2,0,6,0,10000.0,1,1,0,upper class,0.7898273758743399
2,2,4,3,0,7000.0,1,1,0,middle class,0.7159739637303552
2,0,0,0,0,10000.0,1,1,0,upper class,0.6706734981138612
2,0,0,0,0,13000.0,0,1,0,upper class,
3,2,4,4,0,12000.0,0,1,0,upper class,0.6465222787703624
0,0,0,0,0,12000.0,0,0,1,poverty,0.4681771221744546
1,1,5,0,0,14000.0,0,1,0,working class,0.3824578961514226
2,2,2,4,1,12000.0,1,1,0,upper class,0.6868561188620521
2,0,0,0,0,10000.0,1,1,0,upper class,
2,0,0,0,0,13000.0,1,1,0,upper class,0.5395927800248903
1,1,1,3,0,12000.0,1,1,0,upper class,0.4726774065248298
2,2,1,3,0,9000.0,0,1,0,upper class,0.5870487075202626
3,3,2,7,0,12000.0,0,1,0,upper class,0.6711872482781935
0,0,0,0,0,6000.0,0,1,1,middle class,0.5544708380887144
1,1,0,1,0,13000.0,0,1,0,middle class,
1,1,1,1,0,12000.0,0,1,0,upper class,0.4775235133805459
2,2,2,2,0,14000.0,0,1,0,upper class,0.6611710576890076
2,1,2,9,0,12000.0,0,0,1,working class,0.3299958800281384
1,0,0,0,0,13000.0,1,1,0,upper class,0.4562250485636365
3,3,1,5,1,15000.0,1,1,0,upper class,0.4780573085955254
1,1,2,0,0,15000.0,0,1,1,working class,0.3908473952780657
2,2,3,2,1,11000.0,1,1,0,working class,0.2464195848584321
0,0,0,0,0,14000.0,0,0,1,poverty,0.2062917281037285
3,3,10,6,0,8000.0,1,1,0,upper class,0.6171165743762964
3,0,0,0,0,11000.0,0,1,0,upper class,
3,0,0,0,0,9000.0,1,1,0,middle class,0.5877373478759355
2,2,2,1,1,10000.0,0,1,0,middle class,
1,1,1,3,0,16000.0,0,0,0,poverty,
3,3,2,3,1,12000.0,1,1,0,upper class,0.5775947793694496
3,3,0,0,2,11000.0,0,1,0,upper class,0.6469720725930872
0,0,0,0,0,12000.0,0,1,0,working class,
1,0,0,0,0,10000.0,0,1,0,upper class,0.5512923604855493
0,0,0,0,0,15000.0,0,0,1,middle class,0.5390647928946241
2,2,0,1,0,10000.0,1,1,0,upper class,0.7015504211745749
2,1,0,1,0,5000.0,0,1,0,upper class,0.5943351017956271
2,2,6,2,0,10000.0,1,1,0,upper class,0.58510429705876
3,1,0,0,0,12000.0,0,1,0,upper class,
2,2,0,2,0,5000.0,1,1,0,upper class,0.7256255924328835
2,0,0,0,0,12000.0,0,1,1,upper class,0.6282435604247023
0,0,0,0,0,17000.0,0,1,1,poverty,0.2690763552316749
2,2,0,1,0,10000.0,1,1,0,upper class,0.6421734254406013
1,1,1,1,0,12000.0,0,0,0,middle class,0.3850942673098896
1,1,1,1,0,14000.0,0,0,1,working class,0.4592380021150925
2,2,5,2,1,9000.0,1,1,0,upper class,0.7124790221331048
2,2,2,8,1,9000.0,0,1,0,upper class,0.8272096023085558
2,0,0,0,0,10000.0,1,1,0,upper class,0.5885286739426923
1,1,0,1,0,12000.0,1,0,1,upper class,0.416687975770655
0,0,0,0,0,8000.0,0,0,1,poverty,0.3259890202984261
2,2,5,5,0,9000.0,1,1,0,upper class,0.4403711776611202
0,0,0,0,0,14000.0,0,0,1,poverty,0.526486257961421
3,3,5,5,0,12000.0,0,1,0,upper class,0.5205437211378251
1,1,1,0,1,12000.0,1,0,0,upper class,0.7232450278094208
3,0,0,0,0,12000.0,0,1,0,upper class,0.5918399062712096
3,3,2,4,1,10000.0,1,1,0,upper class,0.5320779726945177
2,2,3,4,0,10000.0,0,1,0,working class,0.3247438305466974
1,1,0,1,0,9000.0,0,0,0,poverty,0.3070218117621243
2,2,7,6,1,12000.0,0,1,0,upper class,0.5924263144055677
3,3,5,7,0,12000.0,1,1,0,upper class,0.6885158887359731
2,2,0,0,0,17000.0,1,1,1,middle class,0.6153652606482864
0,0,0,0,0,12000.0,0,0,1,poverty,0.3422389157523673
0,0,0,0,0,9000.0,0,1,1,poverty,0.2473359219693926
2,2,0,0,0,15000.0,1,0,0,upper class,0.6218458273374082
2,2,1,1,0,19000.0,0,1,0,working class,
3,1,0,4,0,8000.0,0,1,0,middle class,0.4703998202665653
1,0,0,0,0,13000.0,0,0,1,working class,
1,1,3,0,0,11000.0,1,1,0,upper class,0.719918789869379
1,0,0,0,0,9000.0,0,1,0,working class,0.4174677051744715
1,0,0,0,0,12000.0,0,1,1,working class,
3,3,2,9,0,12000.0,1,1,0,upper class,0.6362682710000093
1,1,0,1,0,12000.0,0,1,1,middle class,0.5142590572402145
3,3,3,6,0,14000.0,1,1,0,upper class,0.6361665009084327
0,0,0,0,0,14000.0,0,0,1,working class,0.5423278808698635
0,0,0,0,0,16000.0,1,1,0,poverty,0.4784936524828958
2,2,0,2,0,12000.0,0,1,0,upper class,0.5491402858463559
2,2,1,0,1,18000.0,0,0,1,middle class,0.505099201641905
0,0,0,0,0,13000.0,0,1,1,working class,0.3705200427462645
2,2,1,1,1,16000.0,1,1,0,middle class,0.4552114357588755
0,0,0,0,0,12000.0,1,1,0,working class,0.530699754687861
1,1,2,4,1,13000.0,0,1,0,middle class,0.5711046895484534
2,0,0,0,0,15000.0,1,1,0,upper class,0.60960497937291
0,0,0,0,0,13000.0,0,0,1,poverty,0.3039855834682566
2,0,0,0,0,13000.0,1,1,1,upper class,0.5999690449995451
3,3,2,8,1,6000.0,0,1,0,upper class,0.7862531651269821
2,2,3,3,0,12000.0,0,1,0,upper class,0.7051793977761083
2,2,0,1,0,14000.0,0,0,0,middle class,0.5398156137400286
3,3,1,2,0,11000.0,1,0,0,working class,0.3256297133184671
2,0,0,0,0,6000.0,0,1,1,upper class,0.4466752233449097
2,1,0,0,0,13000.0,1,0,1,poverty,0.2447002822554663
2,1,3,3,0,12000.0,0,1,0,upper class,
1,0,0,0,0,17000.0,0,1,0,middle class,0.5610299695298051
0,0,0,0,0,17000.0,0,0,1,poverty,0.357690476762901
0,0,0,0,0,13000.0,1,0,0,working class,0.6370300180927041
2,2,2,0,0,10000.0,0,1,0,upper class,0.612433309524402
3,3,2,1,0,11000.0,1,1,0,upper class,0.6327745320998979
1,1,0,2,1,15000.0,0,0,0,middle class,0.6834511721264427
3,0,0,0,0,12000.0,0,1,1,middle class,0.5677020303309737
1,1,0,1,0,17000.0,0,0,0,middle class,0.6215692547101925
0,0,0,0,0,14000.0,0,0,1,upper class,0.6161098113990245
0,0,0,0,0,13000.0,1,0,1,working class,
2,2,0,0,2,11000.0,1,1,0,upper class,
2,1,0,0,0,11000.0,0,1,0,middle class,0.5845874404287057
0,0,0,0,0,14000.0,0,1,1,middle class,0.5731158598023448
0,0,0,0,0,18000.0,1,0,1,poverty,0.3842040037156091
2,2,1,4,0,10000.0,1,1,0,upper class,0.5700233971623834
2,1,0,3,0,10000.0,0,1,0,upper class,0.6182856014269595
2,2,1,1,0,13000.0,0,0,0,poverty,0.3955280580569708
1,0,0,0,0,12000.0,0,1,0,working class,0.2833602432791338
3,1,0,0,0,14000.0,0,1,0,upper class,0.6145719365822296
1,1,0,1,0,14000.0,0,0,0,working class,0.4723044867799925
0,0,0,0,0,13000.0,0,0,1,poverty,0.4153855425063041
1,1,1,2,0,12000.0,1,1,0,upper class,0.7184397644508588
1,1,0,0,0,13000.0,1,1,0,middle class,0.5513387192212215
3,3,1,3,0,12000.0,1,1,0,upper class,
1,1,2,0,0,12000.0,0,1,0,poverty,0.4342217990572816
0,0,0,0,0,16000.0,0,0,1,poverty,0.4566319871550529
1,1,1,2,0,14000.0,0,1,0,upper class,0.5769773254537305
1,1,0,0,1,17000.0,1,1,0,working class,0.4396116383216474
1,1,0,0,0,14000.0,0,1,0,upper class,0.5288729799351679
3,0,0,0,0,8000.0,0,1,0,working class,0.4687555409847495
2,1,0,0,1,10000.0,1,1,0,upper class,0.6671127983410179
0,0,0,0,0,14000.0,0,0,1,poverty,0.4674100456981467
2,1,1,5,0,13000.0,1,1,1,upper class,0.8196276850171244
1,1,1,1,0,14000.0,0,1,1,working class,0.3745204644095052
3,3,3,4,1,12000.0,0,1,0,upper class,0.7340918436647348
0,0,0,0,0,13000.0,0,1,1,poverty,0.3760961011420076
1,1,0,1,0,12000.0,1,1,0,upper class,0.4508257531023888
3,3,0,1,1,13000.0,0,1,0,upper class,0.6390790425446663
1,0,0,0,0,15000.0,1,0,1,working class,0.388131979866247
0,0,0,0,0,18000.0,0,0,1,poverty,0.4091030976931529
3,2,2,2,0,13000.0,1,1,0,middle class,0.4614475649214911
2,2,1,4,0,12000.0,0,0,0,middle class,0.5732018403359646
0,0,0,0,0,12000.0,0,1,1,poverty,0.362858054962891
1,1,1,0,1,18000.0,0,1,1,middle class,0.5299580050464405
0,0,0,0,0,13000.0,0,1,1,middle class,0.5509754043111912
0,0,0,0,0,10000.0,0,0,1,working class,0.5064146081732177
1,1,1,4,2,12000.0,0,0,0,working class,0.4650458561539821
3,3,4,2,0,8000.0,0,1,0,upper class,0.6493076730253869
1,1,0,2,0,14000.0,0,1,0,working class,0.3963181478273684
1,1,1,1,0,11000.0,1,1,0,upper class,0.6579598171546398
0,0,0,0,0,10000.0,0,1,0,poverty,0.3187312451367876
2,2,2,5,2,9000.0,1,1,0,upper class,0.457278601424131
1,1,2,2,0,13000.0,0,1,0,upper class,0.4786100661720618
1,0,0,0,0,12000.0,0,0,1,poverty,0.3773706451759009
2,0,0,0,0,14000.0,0,1,1,upper class,0.7113338774099593
0,0,0,0,0,17000.0,0,0,1,working class,0.4842543803924503
3,1,1,2,0,11000.0,0,1,0,upper class,0.6202806985864459
0,0,0,0,0,8000.0,0,1,1,poverty,0.331407984186196
0,0,0,0,0,9000.0,0,1,0,middle class,0.3197485541699239
3,3,3,1,0,11000.0,0,1,0,upper class,0.739856729888181
1,1,2,1,0,11000.0,1,1,0,upper class,0.6529489130496074
1,1,1,0,0,16000.0,0,0,1,poverty,0.3651316068151384
0,0,0,0,0,12000.0,0,0,1,poverty,
2,1,0,3,0,7000.0,0,0,0,upper class,0.5127156492589268
1,1,5,0,1,9000.0,0,0,0,working class,0.3286328933175813
3,0,0,0,0,12000.0,1,1,0,upper class,0.7466558621357801
2,0,0,0,0,13000.0,1,1,1,upper class,0.5444952975921098
2,1,1,0,0,12000.0,0,1,1,upper class,
1,1,2,1,0,15000.0,1,1,0,middle class,0.4552095432864814
1,0,0,0,0,10000.0,1,1,1,middle class,0.4379250670042249
1,1,0,1,0,7000.0,0,1,0,upper class,0.6935370024635639
0,0,0,0,0,13000.0,0,1,0,working class,0.3997537210680139
1,1,0,2,0,12000.0,0,1,0,middle class,0.4280016332556178
2,2,2,0,0,15000.0,0,0,0,poverty,0.1978523331797128
2,0,0,0,0,14000.0,1,1,1,upper class,0.6358597471336153
1,1,1,1,0,13000.0,0,0,0,poverty,0.3944102990052921
2,2,3,2,0,11000.0,0,1,0,upper class,0.5613073851208908
0,0,0,0,0,12000.0,0,1,0,middle class,0.5301156928395896
0,0,0,0,0,16000.0,0,0,1,poverty,0.3231935002770373
3,0,0,0,0,11000.0,0,0,1,upper class,0.5664904029172433
1,0,0,0,0,11000.0,0,1,1,upper class,0.6028387292744819
1,1,1,1,0,11000.0,1,1,0,upper class,0.6528140260579788
3,2,4,1,0,10000.0,0,1,0,upper class,0.5820319285827447
2,2,1,2,0,10000.0,0,1,0,middle class,0.4416212841608317
2,0,0,0,0,12000.0,0,1,0,working class,0.4816090098474042
2,2,1,7,0,12000.0,1,1,0,upper class,0.6878227089063427
3,2,1,6,0,11000.0,0,0,0,upper class,0.6067215769746466
1,1,2,1,1,11000.0,0,0,1,poverty,0.4626087278813787
0,0,0,0,0,11000.0,0,1,1,working class,0.5819435693706934
0,0,0,0,0,13000.0,0,1,1,poverty,0.3447214705641955
3,3,4,1,1,9000.0,1,1,0,upper class,0.4977241201605584
1,1,6,0,0,12000.0,0,1,1,middle class,0.5605659929367516
1,1,1,0,1,12000.0,0,1,1,poverty,0.4905512492204389
2,2,1,2,0,15000.0,0,1,0,upper class,0.6870212507119465
1,1,0,1,0,13000.0,1,1,0,upper class,0.5342378134576791
3,2,2,2,0,11000.0,0,1,0,upper class,0.7676855180298198
2,2,1,0,0,12000.0,1,1,0,upper class,0.654942816500423
0,0,0,0,0,13000.0,0,0,1,middle class,0.41480763135074
1,1,1,5,0,9000.0,0,1,0,upper class,0.6238595839166803
2,0,0,0,0,12000.0,0,1,0,middle class,0.4680292913926392
1,0,0,0,0,18000.0,0,1,1,middle class,0.5074008408508591
1,1,0,1,0,19000.0,0,1,0,working class,0.3164716661126049
1,1,0,1,0,11000.0,0,1,0,working class,0.4883662031691745
1,1,1,6,1,12000.0,0,1,0,poverty,0.4406640693493965
1,1,0,1,1,10000.0,0,1,0,middle class,0.5267589722950471
0,0,0,0,0,9000.0,0,0,1,working class,0.4834977826092593
2,2,0,3,1,12000.0,1,1,0,upper class,0.6528006340664879
3,0,0,0,0,10000.0,1,1,0,upper class,0.5499953205668339
1,1,1,3,0,9000.0,0,0,1,poverty,0.2372563014926556
2,1,1,2,0,11000.0,1,1,0,upper class,0.6744817474906067
1,1,2,2,0,13000.0,1,0,0,middle class,0.4248440726698839
1,1,1,2,0,13000.0,1,1,0,middle class,0.4925770222071778
1,1,2,1,0,14000.0,0,0,0,poverty,0.4865883085074041
1,0,0,0,0,8000.0,0,1,0,poverty,0.4431854239918825
0,0,0,0,0,17000.0,0,0,1,poverty,
1,1,1,0,0,10000.0,0,0,0,middle class,0.3471405536397861
3,0,0,0,0,11000.0,0,1,0,upper class,0.4917783269031488
1,0,0,0,0,12000.0,0,0,1,poverty,0.4863356551428036
1,1,1,1,0,11000.0,0,0,0,working class,0.5054014188775956
2,2,0,2,1,11000.0,0,1,0,upper class,0.8242392308473437
2,1,4,3,0,8000.0,0,1,0,upper class,0.5313585770595843
0,0,0,0,0,14000.0,0,1,1,working class,0.3777147276110605
2,1,2,1,0,7000.0,1,1,0,upper class,0.6764409759079514
0,0,0,0,0,12000.0,1,1,1,poverty,
2,2,1,1,0,10000.0,0,1,0,upper class,
2,1,2,0,0,15000.0,0,1,0,upper class,0.4554149588279552
2,2,1,6,0,9000.0,0,0,0,upper class,0.7167482471850147
1,0,0,0,0,11000.0,1,0,1,upper class,
2,2,0,2,0,8000.0,1,0,0,upper class,0.6356549784727117
1,1,0,1,0,10000.0,0,1,0,middle class,0.5449753837822652
3,0,0,0,0,9000.0,0,0,1,upper class,0.6194783739193893
2,1,1,5,0,12000.0,1,1,0,upper class,
2,2,5,7,1,9000.0,0,0,0,working class,
1,1,1,0,0,12000.0,1,1,0,middle class,0.5907652800948157
3,0,0,0,0,14000.0,0,0,1,working class,0.4116977364125221
3,1,0,3,0,12000.0,1,1,0,upper class,
2,0,0,0,0,12000.0,0,1,1,upper class,0.5785928814180488
0,0,0,0,0,13000.0,0,1,1,upper class,0.6545601347417324
1,1,1,2,0,12000.0,0,0,0,poverty,0.2906128603527876
3,1,3,0,0,9000.0,1,1,0,upper class,0.6749652735613098
2,2,2,2,0,13000.0,1,1,0,upper class,0.6365452038481185
2,2,1,4,2,7000.0,0,1,0,upper class,0.5307622793835239
3,3,1,10,0,11000.0,1,1,0,upper class,0.5825871192541117
2,1,0,1,0,10000.0,1,1,0,upper class,0.5668524545458234
1,0,0,0,0,8000.0,0,0,1,working class,0.4754655248707664
0,0,0,0,0,8000.0,0,0,1,poverty,0.4368782604550723
0,0,0,0,0,11000.0,0,1,1,working class,0.6053700521644583
0,0,0,0,0,10000.0,0,0,1,poverty,0.3447260205156397
2,1,1,1,1,19000.0,0,1,1,upper class,0.6114863840559009
1,1,0,3,0,6000.0,0,0,0,poverty,0.292752440609447
1,1,2,0,0,14000.0,0,1,0,upper class,0.6310710282783221
1,1,1,1,0,13000.0,1,1,0,middle class,0.4749628788875642
3,2,1,1,1,15000.0,0,0,0,middle class,0.4386800328335077
1,1,0,0,0,10000.0,0,1,0,upper class,0.6919818981488954
2,1,1,1,0,15000.0,0,1,0,upper class,0.5258122890796684
2,2,0,1,3,13000.0,0,1,0,poverty,0.2419678099526762
2,2,1,2,1,12000.0,1,1,0,middle class,
0,0,0,0,0,15000.0,0,1,1,poverty,
2,2,0,2,0,9000.0,1,0,0,upper class,0.6101114489797282
1,0,0,0,0,14000.0,1,1,0,upper class,0.4966414602056878
1,0,0,0,0,6000.0,0,1,1,working class,0.3177746157661034
1,1,0,0,0,11000.0,0,0,0,middle class,0.5625420927020848
2,0,0,0,0,9000.0,1,1,0,upper class,0.5753697596133064
2,2,1,3,0,4000.0,1,0,0,upper class,0.6260824844126037
1,0,0,0,0,8000.0,0,0,0,working class,
2,2,1,4,0,8000.0,0,1,0,upper class,0.579613604777953
1,1,0,0,0,12000.0,0,1,0,poverty,0.4988020070215582
1,1,0,0,0,10000.0,0,1,0,middle class,0.4928317497912149
0,0,0,0,0,9000.0,1,1,0,working class,0.3489358689840792
1,1,0,1,0,14000.0,0,0,1,poverty,0.2715958688606358
1,0,0,0,0,10000.0,0,0,0,middle class,0.4475817236304154
1,1,1,7,0,6000.0,0,0,1,upper class,0.7175963040548891
3,3,3,6,0,12000.0,1,1,0,upper class,0.5279775076783684
2,2,1,1,0,13000.0,0,0,0,working class,0.5646016008340309
2,1,0,2,0,13000.0,0,0,1,middle class,0.6694575152378006
1,1,1,0,0,16000.0,0,1,0,working class,0.5669224482583299
0,0,0,0,0,14000.0,0,0,1,working class,0.3981410019830886
1,0,0,0,0,10000.0,0,1,1,upper class,0.5920744431449214
3,3,2,7,0,7000.0,0,1,0,upper class,0.5486713813706487
1,1,3,2,0,8000.0,0,1,0,middle class,0.4665051457220289
2,2,4,4,0,11000.0,0,1,0,middle class,0.7009768656819415
2,1,0,1,0,10000.0,1,1,0,upper class,0.7203760616486813
3,3,7,3,0,9000.0,1,1,0,upper class,0.6404227538536423
1,1,0,1,0,11000.0,0,1,0,middle class,0.5393486705753785
0,0,0,0,0,15000.0,0,0,0,poverty,0.3261357349177448
0,0,0,0,0,17000.0,0,0,1,poverty,
0,0,0,0,0,12000.0,0,0,1,poverty,0.4850689156287118
2,2,0,1,0,8000.0,0,0,0,upper class,0.6822991723890577
3,3,2,9,3,10000.0,1,1,0,upper class,0.4877128748047643
0,0,0,0,0,12000.0,0,1,1,working class,0.4023083383913712
1,1,0,1,0,17000.0,0,1,1,upper class,0.6197971712851519
3,3,3,3,1,14000.0,0,1,0,upper class,0.693324860926029
1,1,1,0,0,12000.0,0,0,0,working class,0.4042087080511602
3,0,0,0,0,11000.0,1,1,0,upper class,0.643831742884168
1,1,0,2,1,12000.0,0,1,1,poverty,0.3008940984336004
2,1,0,4,0,11000.0,1,1,0,upper class,0.5140519835356001
2,2,6,4,1,14000.0,1,1,0,upper class,0.6076010361513239
2,2,4,2,0,10000.0,0,0,0,upper class,0.5606472181250814
3,3,5,10,1,10000.0,1,1,0,upper class,0.5410420482192485
1,1,0,1,0,17000.0,0,1,1,poverty,0.4343425302586593
1,0,0,0,0,12000.0,0,1,1,upper class,0.6930352236326813
2,1,1,3,2,10000.0,0,1,0,upper class,0.5219898989080595
0,0,0,0,0,15000.0,0,0,1,poverty,0.3456556232967087
1,1,2,1,0,13000.0,0,1,0,working class,0.3184456295189433
3,2,3,5,1,10000.0,0,1,0,upper class,0.5136368091119007
1,1,1,0,0,10000.0,1,0,0,middle class,0.6599500775694354
1,0,0,0,0,11000.0,0,1,0,poverty,0.414141530109731
2,0,0,0,0,14000.0,0,0,1,working class,
2,2,0,1,0,12000.0,1,1,1,upper class,0.6249116337335517
1,1,1,2,0,6000.0,0,1,0,upper class,0.5009739750388296
2,1,0,1,0,12000.0,0,1,0,working class,0.4916892938181081
0,0,0,0,0,15000.0,0,1,1,working class,0.3459734247812538
1,1,3,0,0,11000.0,0,0,1,poverty,0.2966851929272209
2,2,0,5,2,13000.0,0,1,0,upper class,0.7549694794813531
3,0,0,0,0,11000.0,0,1,1,upper class,0.6391931117655615
0,0,0,0,0,16000.0,0,0,1,poverty,0.3190805295725597
1,1,0,2,0,12000.0,0,1,0,working class,0.4463443759766256
0,0,0,0,0,12000.0,0,1,1,poverty,0.4895098267007148
2,1,0,1,0,9000.0,1,1,0,upper class,0.5797829400692501
2,2,2,0,0,9000.0,0,1,0,upper class,0.705327931633375
2,2,1,2,0,11000.0,0,0,0,working class,
3,2,2,6,2,11000.0,1,1,0,upper class,0.5801247496816917
0,0,0,0,0,14000.0,0,1,1,poverty,0.5011041861477193
3,0,0,0,0,16000.0,0,1,0,middle class,0.5364084591026463
1,1,0,3,0,8000.0,0,1,0,upper class,0.5223975134341897
2,1,1,0,0,12000.0,0,1,1,upper class,0.6354807022016492
0,0,0,0,0,15000.0,0,1,0,working class,0.5437966439844379
2,1,1,1,0,10000.0,0,0,1,middle class,0.6441631184817507
1,1,2,0,0,13000.0,0,1,0,middle class,
1,0,0,0,0,12000.0,0,1,0,working class,0.563520096524054
1,1,1,1,0,13000.0,0,0,1,middle class,0.5547457193004666
2,1,0,0,0,15000.0,0,1,0,upper class,0.4244342185765001
0,0,0,0,0,11000.0,0,1,0,poverty,0.4022681274949393
0,0,0,0,0,12000.0,0,1,1,poverty,0.3061140397207567
2,2,7,4,0,13000.0,0,1,0,middle class,0.4990091237901978
1,1,0,0,0,9000.0,0,0,1,working class,0.4879301463828837
0,0,0,0,0,9000.0,0,1,1,poverty,0.3607781398867616
2,2,2,0,2,18000.0,0,1,0,middle class,0.4904823185081317
0,0,0,0,0,13000.0,1,1,0,upper class,0.5614998970421214
1,1,2,2,0,11000.0,1,1,0,upper class,
1,1,0,3,1,12000.0,0,1,1,working class,0.3691163885175137
0,0,0,0,0,13000.0,0,1,1,middle class,0.430903335483273
2,2,3,1,0,13000.0,0,0,0,poverty,0.3253852143795413
1,1,2,1,0,17000.0,0,1,0,middle class,0.6509104555498728
2,2,1,4,0,13000.0,0,1,0,upper class,
1,1,1,0,0,13000.0,1,1,0,upper class,0.6079535739684157
3,2,2,3,0,12000.0,0,1,0,upper class,0.6220664431382967
0,0,0,0,0,14000.0,1,1,0,middle class,0.4602202743066808
2,2,7,6,1,9000.0,1,1,0,middle class,0.4053191024388989
0,0,0,0,0,14000.0,0,0,1,working class,0.4169011832545236
2,2,2,1,0,9000.0,0,1,0,upper class,0.740385435273135
3,0,0,0,0,13000.0,0,1,0,upper class,0.7887010854473916
1,0,0,0,0,4000.0,1,1,0,upper class,0.5691440277985789
1,1,0,1,0,13000.0,0,1,0,poverty,
1,1,0,1,1,12000.0,0,1,1,middle class,0.5656828290762365
3,3,1,3,2,14000.0,1,1,0,upper class,0.6200551852748452
0,0,0,0,0,15000.0,0,1,1,poverty,0.3244394102145492
1,0,0,0,0,19000.0,0,0,1,working class,0.3195428007274368
2,2,0,4,1,9000.0,0,1,0,upper class,0.6048941230927587
0,0,0,0,0,16000.0,0,1,1,poverty,
1,1,0,1,0,11000.0,0,1,0,poverty,0.3533941820525979
3,3,4,2,0,12000.0,0,1,0,upper class,0.5444431648117535
2,2,1,2,0,14000.0,0,0,0,middle class,0.5829767916139257
3,3,3,3,1,14000.0,0,1,0,upper class,0.7305352533802977
1,0,0,0,0,12000.0,1,0,0,poverty,0.4684196703713496
3,3,3,3,1,12000.0,1,1,0,upper class,0.4894223760260149
0,0,0,0,0,13000.0,0,0,1,poverty,0.3171710557596796
1,1,2,2,0,17000.0,0,1,0,poverty,
0,0,0,0,0,15000.0,0,0,0,poverty,0.3202923909860866
1,1,0,0,0,13000.0,0,1,0,upper class,0.3837012341538176
0,0,0,0,0,20000.0,0,0,1,poverty,0.3613831569995003
0,0,0,0,0,9000.0,0,0,1,poverty,0.4695911006478194
1,1,4,3,1,12000.0,0,0,0,middle class,
2,0,0,0,0,13000.0,0,0,1,middle class,0.3991984191620157
1,0,0,0,0,13000.0,0,0,1,working class,0.3845632614307868
1,1,1,1,0,14000.0,1,1,0,upper class,0.5693042359300508
1,1,2,2,1,13000.0,0,1,0,middle class,0.3239487927523744
3,3,1,1,0,9000.0,0,0,0,upper class,0.7576978508471267
2,0,0,0,0,12000.0,0,0,0,working class,0.4714899368262763
2,2,3,2,0,11000.0,1,1,0,upper class,0.5886053024756462
2,2,4,2,1,10000.0,1,1,0,upper class,
1,0,0,0,0,17000.0,0,1,1,poverty,0.4073259361954053
3,3,0,7,2,6000.0,1,1,0,upper class,0.5788384763002652
3,3,2,5,0,10000.0,1,1,1,upper class,0.5177781682653934
2,1,1,0,0,14000.0,0,1,0,middle class,
1,1,2,1,0,9000.0,0,1,0,middle class,0.5686069035052954
3,0,0,0,0,10000.0,1,1,1,upper class,0.654800779540333
1,1,2,0,0,9000.0,0,0,0,poverty,0.3198665683858178
0,0,0,0,0,11000.0,0,0,0,poverty,
0,0,0,0,0,17000.0,0,1,0,upper class,0.6035708014041429
1,1,1,3,0,15000.0,1,1,0,middle class,
0,0,0,0,0,16000.0,0,0,1,poverty,0.2887988483038722
3,2,2,6,3,7000.0,0,1,0,upper class,0.538136083476877
2,2,2,3,1,13000.0,0,1,0,working class,0.4660439400287874
1,1,0,1,0,13000.0,0,1,0,working class,0.4462680345127816
3,1,2,1,0,9000.0,1,1,0,upper class,0.6809430993894428
0,0,0,0,0,20000.0,0,1,1,middle class,0.3944761217596779
0,0,0,0,0,15000.0,0,1,0,working class,0.4341768489664945
1,0,0,0,0,16000.0,1,0,1,working class,0.5992673582536957
3,3,5,0,1,15000.0,0,0,0,middle class,0.449235268668988
0,0,0,0,0,10000.0,0,0,1,working class,0.3495977394363498
2,2,3,2,0,14000.0,0,1,0,upper class,0.5830542462676147
0,0,0,0,0,10000.0,0,0,1,working class,0.4602762946307643
0,0,0,0,0,14000.0,0,0,1,middle class,0.4014583064798288
0,0,0,0,0,13000.0,0,0,1,poverty,0.2808705143671906
2,0,0,0,0,12000.0,0,1,0,upper class,0.6237889131092162
3,3,1,4,1,15000.0,0,1,0,middle class,0.3796239634762667
1,1,5,0,0,15000.0,0,1,0,upper class,
1,1,0,1,0,12000.0,0,1,0,working class,0.6878963980853564
0,0,0,0,0,14000.0,0,0,1,poverty,0.2095355658756037
1,0,0,0,0,11000.0,0,1,0,middle class,0.4457246020489612
3,1,1,1,2,14000.0,0,1,0,upper class,0.5420113858437505
0,0,0,0,0,14000.0,0,0,1,poverty,0.325543397991931
0,0,0,0,0,17000.0,0,0,0,poverty,0.3136698098711777
1,1,1,2,0,11000.0,1,1,0,upper class,0.6010532063328821
1,0,0,0,0,8000.0,1,1,0,upper class,0.4284759689219815
0,0,0,0,0,12000.0,0,1,1,poverty,0.1676097239171405
1,1,0,0,0,11000.0,0,1,0,working class,0.3865534959712492
3,1,1,0,0,12000.0,0,1,0,upper class,0.7308847181141034
3,3,3,2,1,12000.0,0,1,0,upper class,0.6911491389241807
3,3,2,1,1,13000.0,0,1,0,middle class,
2,2,1,1,0,11000.0,1,0,0,upper class,0.4775157945234299
3,3,7,6,1,10000.0,1,1,0,upper class,0.6861226327517858
1,1,2,1,0,8000.0,0,1,0,working class,0.4238042048160254
1,1,0,1,0,12000.0,0,0,0,poverty,0.3625696492158224
1,1,1,1,0,11000.0,0,1,0,middle class,0.6405433467964188
3,3,7,3,0,7000.0,1,1,0,upper class,0.7139835082195871
1,0,0,0,0,14000.0,0,0,0,middle class,0.3726891290710714
3,0,0,0,0,7000.0,1,1,0,upper class,0.5060807514039187
0,0,0,0,0,12000.0,0,1,1,working class,0.4357316063417537
2,2,1,1,3,12000.0,1,1,0,middle class,0.6095007101521814
1,0,0,0,0,9000.0,1,1,1,middle class,0.5153255968906303
2,2,0,0,0,9000.0,0,1,0,upper class,0.5033082281692959
1,1,0,0,0,13000.0,0,1,0,poverty,
1,1,1,0,0,12000.0,1,1,0,middle class,0.5194150614348835
0,0,0,0,0,13000.0,0,0,1,working class,0.5089922281999854
1,1,3,6,0,8000.0,0,1,0,working class,0.5312933981918833
1,1,2,1,0,9000.0,0,0,1,working class,0.2260193423943462
2,2,2,2,1,12000.0,1,1,0,upper class,0.6833198858703784
1,1,1,2,0,13000.0,0,0,0,poverty,0.2837268352335609
0,0,0,0,0,15000.0,0,1,1,upper class,0.4530919726753057
1,0,0,0,0,10000.0,0,0,1,working class,0.4279735401567581
0,0,0,0,0,13000.0,0,1,1,middle class,0.5799325036909065
1,1,0,2,1,11000.0,0,0,0,working class,0.4464963868663439
3,1,3,2,0,11000.0,0,0,0,middle class,0.4916750670245821
1,1,0,4,0,8000.0,0,0,1,poverty,0.3988065653853319
2,2,4,8,0,4000.0,0,1,0,working class,0.4099410441027335
3,3,3,5,1,9000.0,0,0,0,working class,0.3818468667605141
3,3,3,2,0,12000.0,0,1,0,upper class,0.5139334207398141
1,0,0,0,0,9000.0,1,0,1,working class,0.4201886962009328
3,0,0,0,0,9000.0,0,1,0,upper class,0.4970074849755552
2,2,1,0,0,12000.0,1,1,0,upper class,0.7605640673271528
1,0,0,0,0,14000.0,1,0,0,upper class,0.6966064948387024
2,2,1,1,1,14000.0,0,1,0,middle class,0.5668679085048838
0,0,0,0,0,17000.0,0,1,1,working class,0.3784484074982317
0,0,0,0,0,13000.0,0,0,0,working class,0.6121340347986063
2,2,1,6,0,6000.0,1,1,0,upper class,0.6781610551812627
0,0,0,0,0,15000.0,0,1,0,working class,0.3921555900589169
3,1,2,2,0,8000.0,0,1,0,upper class,0.7840683503746512
2,2,5,5,0,11000.0,0,1,0,upper class,0.6473229117194416
2,2,3,0,0,16000.0,0,1,0,middle class,0.6460072898355432
0,0,0,0,0,13000.0,0,1,0,poverty,0.4698879863696998
2,2,0,1,0,9000.0,1,1,0,middle class,0.6033954675394301
0,0,0,0,0,9000.0,1,1,0,middle class,0.6062851093087311
3,2,3,2,2,11000.0,0,1,0,upper class,0.6575798082929756
2,0,0,0,0,13000.0,0,0,1,poverty,0.2246179542829269
0,0,0,0,0,9000.0,0,0,1,poverty,0.3548520408825502
0,0,0,0,0,14000.0,0,1,1,middle class,
1,1,0,1,0,13000.0,0,0,0,working class,
0,0,0,0,0,11000.0,1,0,1,middle class,0.5542039032649119
2,2,0,2,1,10000.0,0,1,0,middle class,0.5826768633485728
0,0,0,0,0,14000.0,0,1,0,poverty,0.2270452622025005
1,1,0,3,0,12000.0,0,0,1,poverty,0.4272432176271041
1,1,3,2,1,9000.0,0,1,0,middle class,0.615030453397865
1,1,2,0,0,8000.0,0,1,0,upper class,0.7889633807472475
2,0,0,0,0,12000.0,0,1,1,middle class,0.4324807159905321
0,0,0,0,0,12000.0,0,0,1,poverty,0.2818370783216598
0,0,0,0,0,12000.0,1,1,0,working class,0.3982778867962707
3,3,1,1,1,12000.0,0,1,0,middle class,0.4631299020210217
2,2,2,0,0,12000.0,1,1,0,upper class,0.6179059580876206
1,0,0,0,0,10000.0,1,1,1,upper class,0.5559935904541665
3,3,3,3,1,10000.0,0,1,0,upper class,0.72684786771411
0,0,0,0,0,14000.0,0,1,1,working class,0.5952200613739393
2,1,1,2,0,12000.0,1,1,0,upper class,0.4749769581771188
3,3,1,12,0,14000.0,0,1,0,upper class,0.6325632210270822
1,1,2,1,0,11000.0,0,1,1,upper class,0.487077886333249
3,3,4,2,1,14000.0,0,1,0,upper class,0.6792196784305438
2,2,1,0,0,12000.0,0,1,0,working class,0.3685388519924869
3,1,3,2,0,12000.0,0,0,0,working class,
3,1,2,1,1,8000.0,1,0,0,upper class,0.597930261239771
1,1,1,4,0,13000.0,0,1,0,working class,0.3290069975625745
1,1,1,0,0,17000.0,0,1,1,poverty,0.5720190012201976
0,0,0,0,0,15000.0,1,0,0,poverty,0.4486251557238624
3,3,0,3,0,14000.0,1,1,0,upper class,0.5636668854459116
1,1,1,0,0,12000.0,0,0,0,working class,0.5740703427625669
1,1,3,0,0,9000.0,0,0,0,middle class,0.5601355746697445
0,0,0,0,0,15000.0,1,1,0,upper class,0.5316142276694357
2,2,3,0,0,14000.0,1,1,0,upper class,0.5065479620081467
2,1,1,0,0,13000.0,0,0,0,middle class,0.4517846632422784
1,1,1,1,0,13000.0,0,0,0,middle class,0.5667507946435171
3,1,0,0,0,14000.0,1,1,0,upper class,0.7656532226479698
3,3,1,1,1,10000.0,0,1,0,upper class,0.6131527816300589
2,0,0,0,0,13000.0,0,1,0,upper class,
1,1,0,8,1,11000.0,0,0,1,working class,0.520361933319309
0,0,0,0,0,15000.0,1,0,0,poverty,0.2912171614439346
1,1,1,0,1,16000.0,0,1,0,upper class,0.6143091187985138
3,3,3,0,0,14000.0,1,1,0,upper class,0.4929097912257744
2,1,1,4,0,7000.0,1,1,1,upper class,0.5905539391443677
3,2,9,3,1,7000.0,0,1,0,upper class,0.6287561730711299
2,0,0,0,0,8000.0,1,1,0,upper class,0.6036277666982275
1,1,0,1,2,11000.0,0,0,1,working class,0.3715865728965999
0,0,0,0,0,10000.0,0,1,0,middle class,0.4881438891213016
2,1,0,1,0,11000.0,0,1,0,working class,0.5575721093560834
0,0,0,0,0,12000.0,0,0,1,poverty,0.3264579937281718
1,1,2,0,1,14000.0,0,1,0,working class,0.4258439631405441
2,2,1,1,0,12000.0,0,1,0,upper class,0.7795065148716414
0,0,0,0,0,12000.0,0,1,1,poverty,
3,2,1,4,0,13000.0,1,1,0,upper class,
1,1,1,1,0,8000.0,0,1,0,upper class,0.4846411600523535
3,1,1,4,0,6000.0,1,1,0,upper class,0.7896970696998267
0,0,0,0,0,11000.0,0,1,1,poverty,0.2424003611667906
1,0,0,0,0,11000.0,0,1,1,working class,0.1597997577289595
2,2,1,3,1,11000.0,0,1,0,upper class,0.578141860005645
0,0,0,0,0,13000.0,0,1,0,middle class,0.3891654356598959
3,0,0,0,0,12000.0,1,0,1,upper class,0.5495982093884995
2,2,1,0,1,13000.0,1,1,0,upper class,0.6347520505605626
2,2,2,0,0,14000.0,1,1,0,middle class,0.5400961168528494
3,2,1,0,0,16000.0,1,1,0,upper class,0.7337520945037399
3,0,0,0,0,15000.0,1,1,0,upper class,0.5702930111850311
2,1,1,2,0,11000.0,1,0,1,upper class,0.4731626917961498
2,0,0,0,0,14000.0,1,1,0,upper class,0.4961001371598092
0,0,0,0,0,13000.0,0,1,1,poverty,0.3814843303206452
1,1,2,0,3,12000.0,0,0,0,working class,0.506732545026241
1,0,0,0,0,14000.0,1,1,0,upper class,0.5166292248757678
1,0,0,0,0,13000.0,0,1,0,middle class,0.53871249386506
2,0,0,0,0,9000.0,0,1,1,upper class,0.7465386189361777
3,1,1,0,0,13000.0,1,1,0,upper class,0.6971250545224917
1,0,0,0,0,10000.0,0,0,1,middle class,0.6510711524615646
2,2,2,3,0,17000.0,0,0,0,middle class,0.5528164567089305
3,1,2,10,0,9000.0,0,1,1,upper class,
2,2,2,2,0,9000.0,0,1,0,upper class,0.7014907761446307
2,2,2,2,0,15000.0,0,1,0,middle class,0.5853750508670569
1,1,0,1,0,16000.0,0,1,0,working class,0.5123501239909536
2,2,2,5,0,7000.0,1,0,0,upper class,0.496045020174952
1,1,1,2,1,12000.0,0,0,1,poverty,0.3942314948079178
0,0,0,0,0,12000.0,0,0,1,poverty,0.3489212338027023
0,0,0,0,0,15000.0,0,0,1,poverty,0.4111577555058825
2,2,0,4,0,8000.0,1,1,0,upper class,
3,1,1,6,0,9000.0,0,1,1,upper class,0.5825670543060854
1,1,2,3,0,12000.0,0,1,0,upper class,0.6707447711024594
0,0,0,0,0,12000.0,0,1,1,middle class,0.5642340865253003
0,0,0,0,0,12000.0,0,0,1,poverty,
0,0,0,0,0,11000.0,0,1,0,poverty,0.4011841772135012
1,1,0,1,0,12000.0,0,0,0,working class,0.4284905011321014
1,0,0,0,0,14000.0,1,1,0,middle class,0.5054556403740585
2,2,1,2,0,14000.0,0,1,1,middle class,0.3806910508101889
3,3,1,0,1,12000.0,1,1,0,upper class,0.7576248110302851
0,0,0,0,0,14000.0,0,0,1,poverty,
1,1,0,0,1,13000.0,0,1,0,upper class,0.6945963049143813
1,1,0,2,0,11000.0,0,0,0,middle class,0.3390782143500865
1,1,0,2,0,10000.0,0,0,1,upper class,0.6344130362476522
2,2,2,2,0,8000.0,0,1,0,upper class,0.560313721776477
2,2,6,4,0,13000.0,0,1,0,upper class,0.4576822397720842
3,2,0,8,3,11000.0,1,1,0,upper class,0.6032711170547711
2,2,0,2,1,12000.0,0,0,0,working class,0.3808724962351173
3,3,6,9,0,10000.0,1,0,0,upper class,0.5101936649397247
0,0,0,0,0,11000.0,1,1,1,upper class,0.4517428471098496
1,1,2,0,0,14000.0,0,1,0,working class,0.5265349114410769
0,0,0,0,0,9000.0,0,1,0,poverty,0.4455332144904101
2,2,0,7,1,12000.0,0,1,0,upper class,0.6998495859148368
0,0,0,0,0,12000.0,0,0,1,poverty,0.2859511282028409
3,3,0,9,2,9000.0,1,1,0,upper class,
2,2,2,3,0,10000.0,1,1,0,upper class,0.5824975869671862
3,0,0,0,0,11000.0,0,0,1,upper class,0.5073403294926696
3,1,5,2,1,9000.0,0,1,0,upper class,0.5528902169259813
1,0,0,0,0,7000.0,0,1,0,working class,0.4689000702579813
1,1,4,0,0,13000.0,0,0,0,working class,0.3259248427333523
0,0,0,0,0,16000.0,0,1,0,poverty,0.3763256814265252
1,0,0,0,0,10000.0,0,1,1,upper class,0.6428990696502471
1,1,1,0,0,10000.0,1,0,0,middle class,0.5581555362878732
1,0,0,0,0,12000.0,0,1,1,middle class,0.3884420515433392
2,0,0,0,0,9000.0,1,1,0,upper class,0.6876975534249411
2,0,0,0,0,10000.0,0,1,1,upper class,0.6694023811378864
0,0,0,0,0,12000.0,0,0,1,poverty,
2,2,3,4,1,8000.0,1,1,0,upper class,0.621404881258166
3,3,3,2,2,12000.0,1,1,0,upper class,0.5533812550894135
0,0,0,0,0,13000.0,0,1,1,poverty,0.3543835237013797
2,2,1,1,0,14000.0,0,0,0,middle class,0.3459138353587543
0,0,0,0,0,12000.0,0,1,1,poverty,0.0608666163116088
0,0,0,0,0,16000.0,0,0,1,poverty,0.4125268753132208
3,1,0,1,0,12000.0,0,1,0,upper class,0.5866381174007745
2,2,4,0,1,12000.0,0,0,0,middle class,0.5184003943552707
1,1,0,0,0,12000.0,0,1,0,working class,0.5383930458191597
2,2,5,2,0,8000.0,0,0,0,middle class,0.7001759547090198
1,0,0,0,0,14000.0,0,1,1,upper class,0.5410847412243212
0,0,0,0,0,15000.0,1,1,1,poverty,0.21872019835535
1,1,0,1,0,9000.0,0,1,0,upper class,0.6949487338611865
1,1,0,4,0,10000.0,0,1,0,working class,0.3966075387693641
3,3,4,2,1,12000.0,0,1,0,upper class,0.5645675373227422
2,2,4,0,0,9000.0,0,0,0,upper class,0.478804710369568
2,0,0,0,0,11000.0,1,0,0,middle class,0.8370332348694886
2,1,0,2,0,9000.0,0,1,0,upper class,0.5171903559665946
3,0,0,0,0,8000.0,1,1,0,upper class,0.4385062570849869
1,0,0,0,0,10000.0,0,1,0,middle class,0.417634288834272
0,0,0,0,0,14000.0,0,1,1,upper class,0.660212050784453
3,3,8,5,1,8000.0,0,1,0,upper class,0.5930830824927896
3,1,1,0,1,11000.0,1,1,0,upper class,0.6467573927310968
2,2,1,0,0,12000.0,0,1,0,middle class,0.5535601281630852
1,1,0,0,0,14000.0,1,0,1,poverty,0.4394514155216835
1,1,1,0,1,15000.0,0,0,1,upper class,
2,2,1,2,0,13000.0,1,1,0,upper class,
3,3,4,7,2,11000.0,0,1,0,upper class,0.6346912841631321
1,1,1,1,0,18000.0,0,1,0,middle class,0.5488353569488432
0,0,0,0,0,17000.0,0,0,1,middle class,0.4121428969073713
1,0,0,0,0,13000.0,0,1,1,upper class,0.6758723453150435
3,3,12,6,0,5000.0,0,1,0,upper class,0.6438163735226072
1,1,0,1,2,6000.0,0,1,0,upper class,
2,1,0,1,0,9000.0,0,1,1,working class,0.4242643876306988
0,0,0,0,0,12000.0,0,0,1,poverty,0.2469181726215315
2,0,0,0,0,15000.0,1,1,0,middle class,
3,1,1,0,1,12000.0,0,1,0,upper class,
3,3,0,2,0,12000.0,1,1,0,upper class,0.6138910760024067
1,0,0,0,0,11000.0,0,1,1,working class,0.4549298945653736
0,0,0,0,0,12000.0,0,0,1,poverty,0.3758859383803031
0,0,0,0,0,15000.0,0,1,0,middle class,0.4782850721464217
2,2,2,13,0,4000.0,0,1,0,upper class,0.5370148267220706
0,0,0,0,0,17000.0,0,1,1,middle class,0.3820569054258049
2,2,2,3,0,11000.0,0,1,0,middle class,0.3802025577639479
0,0,0,0,0,8000.0,1,1,0,middle class,0.6057513265918287
3,2,4,3,0,13000.0,0,1,0,upper class,0.7123218578450321
2,2,0,1,0,15000.0,0,1,0,upper class,0.6727438741294436
2,0,0,0,0,11000.0,1,1,0,upper class,0.4822812248557766
0,0,0,0,0,12000.0,1,0,1,working class,0.3791073032178336
1,1,1,0,0,14000.0,0,1,1,upper class,0.7806924095404089
2,2,2,10,0,12000.0,1,1,0,upper class,0.7612274339265259
2,2,0,1,0,7000.0,1,1,0,upper class,0.6731139341682015
2,2,2,5,0,12000.0,0,0,0,upper class,0.6752004195481843
0,0,0,0,0,13000.0,0,0,1,poverty,0.6503507350622071
2,2,1,0,0,10000.0,0,1,0,upper class,0.7099480194463043
1,1,0,0,0,13000.0,0,1,0,upper class,0.7454201673636555
2,2,2,4,0,3000.0,0,1,0,working class,0.4690905208181935
2,2,1,1,0,11000.0,0,1,0,upper class,0.6644962988533755
3,3,1,2,1,7000.0,1,1,0,middle class,0.4633068402079281
0,0,0,0,0,12000.0,0,1,1,middle class,0.5216683640376003
2,1,0,3,0,9000.0,1,1,0,upper class,0.6125447655033714
2,1,3,2,1,8000.0,1,1,0,upper class,0.5290549281347546
2,1,1,2,0,10000.0,0,1,0,upper class,0.4880032225572524
3,3,3,5,1,8000.0,0,1,0,upper class,0.6038175577620729
0,0,0,0,0,18000.0,0,0,1,working class,0.4522130268699688
1,1,0,4,0,7000.0,1,1,0,middle class,0.4252055414180356
0,0,0,0,0,12000.0,1,1,1,middle class,0.6128769381454237
1,1,0,0,1,14000.0,0,1,0,middle class,0.5975154414339057
0,0,0,0,0,13000.0,0,0,1,working class,0.3147603326369699
1,1,0,0,1,15000.0,0,0,1,poverty,0.4502587002597605
3,0,0,0,0,15000.0,1,1,0,upper class,0.6868348054365346
2,2,2,6,0,11000.0,0,1,0,middle class,
2,2,2,6,0,6000.0,0,1,0,middle class,0.5487357488819309
2,1,1,1,0,11000.0,1,0,0,working class,
1,1,0,1,0,14000.0,0,0,0,poverty,
0,0,0,0,0,12000.0,0,0,1,poverty,0.2597680122744796
3,3,2,4,0,15000.0,0,1,0,middle class,0.4401670910148754
3,3,1,9,0,8000.0,1,1,0,upper class,0.7149891993960711
3,3,2,7,0,14000.0,1,1,0,middle class,0.5353479404009623
2,2,7,1,0,11000.0,0,1,0,upper class,0.4683824152098721
3,2,4,1,0,9000.0,0,1,0,upper class,0.5076387987412974
3,2,1,7,1,11000.0,0,1,0,upper class,0.7501966025444267
2,2,3,0,0,12000.0,0,1,0,upper class,0.6927493545480369
3,0,0,0,0,11000.0,1,1,0,upper class,0.5527414519128124
2,2,0,3,0,13000.0,1,1,0,upper class,0.7284303462206944
2,2,2,2,0,13000.0,0,0,0,middle class,0.6407637923865829
1,0,0,0,0,10000.0,1,1,0,upper class,0.4897946292904909
1,1,1,1,0,12000.0,0,1,0,middle class,0.3973993818926896
0,0,0,0,0,16000.0,0,0,1,poverty,0.4455964170637228
3,1,0,4,0,7000.0,0,1,0,upper class,0.6221249967775025
1,1,3,1,0,7000.0,0,0,1,middle class,0.486139420446418
2,0,0,0,0,10000.0,0,1,1,upper class,0.6316504723118117
0,0,0,0,0,11000.0,1,1,0,middle class,
0,0,0,0,0,10000.0,0,1,1,poverty,0.3119316929779445
2,2,1,10,1,7000.0,1,1,0,upper class,0.7083899009884265
0,0,0,0,0,17000.0,0,1,1,middle class,0.4876127080154093
2,2,1,0,0,15000.0,0,1,0,poverty,0.4010924768506552
3,3,3,6,0,14000.0,0,1,0,middle class,0.4093871699095789
2,2,1,2,1,11000.0,1,0,0,middle class,
2,2,2,3,0,9000.0,0,0,0,middle class,0.4873775188543629
2,2,4,1,0,12000.0,0,1,0,middle class,0.5566161573304335
2,2,0,1,1,15000.0,0,1,0,upper class,0.6441043784151556
1,1,2,0,0,14000.0,0,0,1,poverty,
0,0,0,0,0,13000.0,0,0,1,poverty,0.1871101619206013
3,3,3,6,0,12000.0,0,1,0,upper class,0.7186881369000703
2,1,0,1,0,12000.0,0,1,0,middle class,0.3724057566439613
0,0,0,0,0,14000.0,0,1,1,working class,0.47813982139298
0,0,0,0,0,14000.0,0,0,1,working class,0.4279793547975768
1,1,4,0,1,12000.0,1,1,0,upper class,0.5604666642181956
0,0,0,0,0,11000.0,0,0,1,middle class,0.6272576469286919
1,1,1,1,0,10000.0,0,1,0,middle class,0.4487564566859073
1,0,0,0,0,12000.0,0,1,1,upper class,0.6104363791572813
2,1,0,1,1,13000.0,0,1,0,upper class,0.6711793098202495
1,1,5,1,0,13000.0,0,1,0,middle class,0.4059780291605985
0,0,0,0,0,12000.0,0,0,0,poverty,0.4535993450076283
2,0,0,0,0,14000.0,0,0,1,poverty,0.4449921214724386
0,0,0,0,0,12000.0,1,1,0,working class,0.318362716762062
2,1,1,2,0,12000.0,0,0,1,middle class,0.5018947292470292
2,0,0,0,0,12000.0,0,1,1,upper class,0.5996717553393089
1,1,4,2,0,13000.0,0,1,0,poverty,0.3475484877058563
2,2,2,2,0,17000.0,0,1,1,upper class,0.6698449508438887
3,3,3,15,0,8000.0,0,1,0,upper class,0.5266055787819602
1,1,0,0,0,16000.0,1,1,0,upper class,0.6450397790890472
3,3,1,0,1,18000.0,0,0,1,upper class,0.5284332823896081
0,0,0,0,0,9000.0,0,1,0,working class,
2,2,4,0,0,12000.0,0,1,0,upper class,0.6372144148775452
1,1,2,1,0,14000.0,0,1,0,upper class,0.5782449712652297
3,2,0,3,0,13000.0,0,1,0,middle class,0.6880561124516055
1,1,3,0,0,10000.0,0,1,0,working class,
1,1,1,2,0,10000.0,0,1,0,upper class,0.5629828267215552
3,1,0,0,0,9000.0,0,1,0,upper class,0.6742701602109986
1,1,0,1,0,12000.0,0,1,0,working class,0.5604130114765153
2,2,1,3,0,12000.0,1,1,0,middle class,0.5890776391117998
3,3,4,10,2,8000.0,0,1,0,upper class,0.7731601636776191
0,0,0,0,0,13000.0,0,1,1,working class,0.3031678648046433
2,1,1,2,0,11000.0,0,1,0,upper class,0.6018766889416584
3,3,4,4,0,12000.0,0,1,0,upper class,0.8001186923709971
1,1,1,3,0,12000.0,1,1,0,upper class,0.6960490569708759
2,2,2,2,2,15000.0,1,1,0,upper class,0.4300614131323766
3,2,0,0,0,11000.0,0,1,0,upper class,0.6070169038473983
2,2,2,1,0,13000.0,0,0,0,upper class,0.5564760604506076
2,2,2,2,1,12000.0,1,1,0,upper class,
0,0,0,0,0,9000.0,0,1,1,working class,0.4113308210947536
2,1,1,0,0,10000.0,0,1,0,middle class,0.5090772453787626
2,1,0,1,0,10000.0,1,1,1,middle class,0.5460212676387369
3,0,0,0,0,10000.0,0,1,0,upper class,0.7455090188134991
3,3,4,10,0,6000.0,1,0,0,upper class,
1,1,3,2,0,6000.0,0,0,0,upper class,0.4203287516078414
0,0,0,0,0,12000.0,1,0,1,upper class,0.6309877833728277
1,1,1,3,0,7000.0,1,1,0,upper class,0.5928095914482554
2,2,0,3,1,10000.0,0,1,0,upper class,0.5659763747070949
3,0,0,0,0,8000.0,0,1,0,middle class,0.4495356021038702
2,2,1,2,0,11000.0,1,1,0,upper class,0.7582161504203389
2,0,0,0,0,8000.0,0,1,0,middle class,0.5761628452185223
3,2,0,2,0,13000.0,1,1,0,upper class,0.7172783650284594
2,1,0,1,0,15000.0,0,1,0,upper class,0.6965068063635781
1,0,0,0,0,9000.0,0,1,1,upper class,0.6128967688651865
3,2,0,3,0,6000.0,1,1,0,upper class,0.546778256639701
2,2,1,4,1,12000.0,0,1,0,upper class,0.5049157235092349
1,1,0,2,0,13000.0,0,1,1,poverty,0.4484752808221274
2,0,0,0,0,9000.0,1,1,1,upper class,0.5935068544797836
3,1,0,3,1,6000.0,1,1,0,upper class,0.4876462562380029
1,1,0,4,0,13000.0,1,1,1,middle class,0.5629288865931877
1,1,0,1,0,13000.0,0,1,0,working class,0.6265712548186319
2,0,0,0,0,16000.0,0,1,0,middle class,0.6076229002597461
2,2,2,3,1,12000.0,0,1,0,working class,0.4380454948936881
0,0,0,0,0,11000.0,0,1,0,poverty,0.2094641847612867
0,0,0,0,0,7000.0,0,0,1,working class,0.5884194055987398
2,2,2,3,0,11000.0,0,1,0,upper class,0.6990516504418061
2,2,0,2,0,13000.0,1,1,0,upper class,0.6261086476557679
0,0,0,0,0,12000.0,0,0,1,poverty,0.3708472704797005
3,3,0,3,0,12000.0,0,1,0,upper class,0.5335402924435169
1,0,0,0,0,13000.0,0,1,0,upper class,0.6166892891021254
2,2,1,3,0,12000.0,0,1,0,working class,0.5145739221806612
1,1,1,3,0,12000.0,0,1,0,middle class,0.3740275788282017
1,1,1,0,1,15000.0,0,0,1,working class,0.4220538658043846
0,0,0,0,0,19000.0,0,0,0,poverty,0.3958447787842891
2,2,0,1,1,17000.0,0,0,0,poverty,0.1184454426595448
2,2,0,1,0,12000.0,1,1,0,upper class,0.6613391398483415
2,1,1,1,0,14000.0,0,1,0,upper class,0.5883649716073385
3,3,1,6,2,12000.0,0,0,0,upper class,0.7503572767842781
1,1,0,0,0,16000.0,0,0,0,upper class,0.7259926462960027
1,0,0,0,0,13000.0,1,1,0,upper class,0.6213619336621787
1,1,1,0,0,14000.0,0,0,1,poverty,0.3383543699264796
3,1,0,2,0,7000.0,0,1,0,upper class,0.5501440126091397
2,1,0,0,0,15000.0,0,1,1,upper class,0.6885787961397686
1,1,0,0,0,11000.0,0,1,0,middle class,0.5929634848648806
2,0,0,0,0,12000.0,0,1,1,middle class,0.5502550617548964
1,1,0,0,0,12000.0,0,1,0,upper class,0.6770907006539743
1,1,2,1,0,12000.0,0,0,0,working class,0.5177321441915205
1,1,3,3,0,11000.0,1,1,0,poverty,0.1696797792669734
0,0,0,0,0,14000.0,0,0,1,poverty,0.4686229631074164
0,0,0,0,0,17000.0,0,0,1,poverty,0.3195071006422301
1,0,0,0,0,11000.0,0,1,0,working class,0.5833816792751652
2,0,0,0,0,9000.0,0,1,1,upper class,0.608213559921036
1,0,0,0,0,16000.0,0,1,1,middle class,0.5722153142431586
0,0,0,0,0,12000.0,0,1,1,working class,0.5138717893886736
2,2,1,0,0,13000.0,0,1,0,middle class,0.3319360250431987
3,3,6,4,0,13000.0,1,1,0,upper class,0.6924913175032974
3,2,0,2,0,10000.0,0,1,0,upper class,0.6170012583777524
0,0,0,0,0,18000.0,0,0,1,poverty,0.4157487589912337
3,2,4,1,0,12000.0,1,1,0,upper class,0.6581143715737761
1,1,0,2,0,13000.0,0,1,0,upper class,0.64131129293442
2,2,3,4,2,11000.0,1,1,0,upper class,0.6065961554873911
0,0,0,0,0,17000.0,0,0,1,poverty,
3,3,3,3,0,11000.0,0,1,0,upper class,0.4956615644496181
2,2,4,3,0,7000.0,0,1,0,upper class,0.5040570671442238
0,0,0,0,0,15000.0,0,1,0,poverty,0.2821505605840015
2,2,5,3,1,11000.0,0,1,0,upper class,0.4718619293037006
0,0,0,0,0,13000.0,1,1,0,working class,
0,0,0,0,0,14000.0,1,0,1,working class,
0,0,0,0,0,12000.0,0,0,0,poverty,0.3074631176518368
1,1,0,3,0,14000.0,0,0,0,working class,0.4134435842957756
0,0,0,0,0,12000.0,0,1,1,working class,0.4477705017242172
3,2,4,6,0,13000.0,1,1,0,upper class,
2,2,2,1,0,10000.0,1,1,0,upper class,
3,2,3,4,0,8000.0,0,1,0,middle class,
1,1,3,1,0,13000.0,0,1,0,upper class,0.6341092889482153
3,3,5,4,1,10000.0,0,1,0,upper class,0.5202980349430921
0,0,0,0,0,9000.0,0,1,0,working class,0.4223828049555804
1,0,0,0,0,10000.0,0,1,1,middle class,0.4412263206782428
1,1,1,1,0,10000.0,0,1,0,upper class,0.6315436327083316
0,0,0,0,0,15000.0,0,1,1,poverty,0.3918635597078393
0,0,0,0,0,17000.0,0,0,1,poverty,
1,1,2,1,0,14000.0,1,1,0,upper class,0.5914525540747789
1,1,0,1,0,11000.0,0,0,1,middle class,0.5415955914632157
3,3,4,6,0,11000.0,0,0,0,upper class,0.6663281044841415
3,3,8,4,0,8000.0,0,1,0,upper class,0.6385371846477582
3,1,0,0,0,16000.0,1,1,0,upper class,0.6894318277896103
2,2,0,17,2,12000.0,0,1,0,upper class,0.5804039980827306
2,0,0,0,0,14000.0,1,1,0,upper class,0.5577143114134616
2,2,3,5,1,11000.0,1,1,0,upper class,0.5382317966431416
2,2,0,1,0,12000.0,1,1,0,upper class,
2,2,0,0,2,14000.0,0,1,0,working class,0.5221332912355521
1,1,0,0,0,15000.0,1,0,0,middle class,0.584909082765056
1,1,1,8,1,11000.0,0,1,1,upper class,0.5728456692234719
1,1,3,2,0,10000.0,0,1,0,middle class,0.5020129372313837
0,0,0,0,0,18000.0,0,1,1,working class,0.4582732935025532
3,1,0,0,0,15000.0,1,1,0,upper class,0.6329454562699235
1,1,1,3,0,12000.0,0,1,0,working class,0.3868939198714247
2,2,2,0,1,14000.0,0,1,0,upper class,0.5237618676254929
3,3,5,2,1,13000.0,0,1,0,upper class,0.6633920115683729
0,0,0,0,0,15000.0,0,1,1,poverty,0.2499444729675596
2,2,1,3,0,12000.0,1,1,0,upper class,0.5000059032357353
1,0,0,0,0,12000.0,0,0,1,working class,0.4113887944961863
3,3,4,6,1,13000.0,0,1,0,upper class,0.6570964106240255
1,1,2,2,0,16000.0,0,1,0,middle class,0.5039487280188402
3,3,2,3,1,9000.0,0,1,0,upper class,0.6560726354622702
2,2,0,0,0,13000.0,0,1,0,upper class,0.6922263720357502
2,2,1,3,1,12000.0,1,1,0,upper class,0.5073023393867552
1,1,0,1,0,15000.0,1,0,0,middle class,0.4634524846726996
1,0,0,0,0,13000.0,1,1,0,upper class,0.6314107090924993
0,0,0,0,0,13000.0,0,1,0,middle class,0.5891162336172651
2,2,0,2,0,13000.0,0,0,0,middle class,0.6022376455105858
3,3,2,9,1,12000.0,0,1,0,upper class,0.5867146248265699
1,0,0,0,0,13000.0,0,0,1,poverty,0.4366559332018472
2,2,4,1,1,8000.0,0,0,0,working class,
2,1,1,1,1,10000.0,0,1,0,working class,0.3798229504651137
1,1,3,2,0,9000.0,0,1,0,upper class,0.6491841156367637
1,1,1,0,0,13000.0,1,1,0,working class,0.5309633691519234
0,0,0,0,0,10000.0,0,0,1,poverty,0.370017847681722
0,0,0,0,0,9000.0,0,1,0,poverty,
2,0,0,0,0,9000.0,0,1,1,upper class,0.6661184119269805
1,1,2,1,0,9000.0,0,0,1,middle class,0.5960649709293704
2,2,0,0,0,13000.0,1,1,0,upper class,0.8239160079881023
2,2,0,0,0,12000.0,1,0,0,upper class,0.8224546624066171
0,0,0,0,0,14000.0,1,1,0,upper class,0.5035366080346114
0,0,0,0,0,9000.0,0,0,1,poverty,0.3842342291965312
3,1,0,2,0,13000.0,1,1,0,middle class,0.4093866302921833
2,0,0,0,0,12000.0,0,1,0,poverty,0.3211324163746242
2,0,0,0,0,5000.0,1,1,0,upper class,0.5539060613262209
2,1,0,1,0,10000.0,1,1,0,upper class,0.7539682939704174
2,2,0,0,0,14000.0,0,1,0,upper class,0.6539628846636596
3,1,0,1,1,8000.0,0,1,0,upper class,0.57331559900259
2,2,1,6,0,12000.0,0,1,0,upper class,0.654675698485059
1,1,3,3,0,12000.0,0,0,1,working class,0.4294653536972943
1,1,0,1,0,7000.0,0,1,0,upper class,0.6892867128246558
1,0,0,0,0,15000.0,0,1,1,upper class,0.7082885603982803
2,2,0,1,0,15000.0,1,1,0,upper class,0.7547893031960374
1,1,2,3,0,14000.0,1,1,0,working class,0.3581739993214865
3,3,4,5,2,9000.0,1,1,0,upper class,
2,2,6,3,1,7000.0,1,1,0,upper class,0.8598921618629106
3,1,1,1,0,11000.0,1,1,0,upper class,
3,1,0,0,0,12000.0,1,1,0,upper class,0.416048144719492
1,1,0,1,0,15000.0,1,0,0,working class,
0,0,0,0,0,15000.0,1,1,0,working class,0.3489948389471766
1,1,2,0,2,11000.0,1,1,0,middle class,
0,0,0,0,0,9000.0,0,1,0,poverty,0.252620867950833
1,0,0,0,0,9000.0,0,1,1,middle class,0.5932130010058931
0,0,0,0,0,14000.0,0,0,0,poverty,0.3621758273699106
2,1,1,3,0,9000.0,0,1,0,upper class,0.6917363286705358
3,3,2,4,0,8000.0,0,1,0,upper class,0.7149178252967803
1,1,2,0,0,17000.0,1,1,0,upper class,0.4325483359197449
0,0,0,0,0,12000.0,0,1,1,working class,0.5341366518133347
1,1,0,1,0,14000.0,0,0,0,poverty,
0,0,0,0,0,9000.0,0,1,0,upper class,0.6564208952879778
2,2,0,2,2,11000.0,0,1,0,upper class,0.7522696539225138
0,0,0,0,0,10000.0,0,0,1,poverty,0.2735775343032223
2,2,1,6,0,5000.0,1,1,0,upper class,0.5627767675870118
3,0,0,0,0,5000.0,0,1,0,upper class,0.6952950986922786
2,0,0,0,0,9000.0,0,1,1,poverty,0.3467482556316243
2,2,4,2,0,6000.0,1,1,0,middle class,0.4862118529879106
0,0,0,0,0,14000.0,0,0,1,poverty,0.2502651952740446
3,2,1,2,0,7000.0,0,1,0,upper class,0.4993612646695344
1,0,0,0,0,13000.0,0,0,1,poverty,0.3712229558963678
1,1,2,1,0,14000.0,0,1,0,middle class,0.5769913905241298
0,0,0,0,0,15000.0,0,0,1,working class,0.406241340588986
0,0,0,0,0,14000.0,0,0,1,working class,0.5432204543230971
3,0,0,0,0,12000.0,0,1,0,upper class,0.6205866952675222
2,2,4,0,1,10000.0,0,0,0,working class,0.2614768987482765
3,2,3,7,0,11000.0,1,1,0,upper class,0.6821916921731194
3,1,0,1,0,6000.0,0,1,0,upper class,0.6464929639421738
0,0,0,0,0,13000.0,0,1,1,poverty,0.1592498162888258
2,2,1,1,0,18000.0,1,1,0,upper class,0.6794200245925399
3,3,3,15,1,8000.0,1,0,0,upper class,
1,1,2,4,0,13000.0,1,1,1,upper class,0.5826918254401455
1,1,0,2,0,14000.0,0,0,1,poverty,
3,1,1,0,0,11000.0,1,1,0,upper class,0.7210323866035943
2,2,4,2,0,12000.0,0,1,0,middle class,0.4497933664600912
2,2,1,2,0,7000.0,0,1,0,upper class,
3,0,0,0,0,8000.0,0,1,1,upper class,0.5813715888213362
0,0,0,0,0,11000.0,0,1,1,upper class,0.6696207773659446
1,1,0,2,1,11000.0,1,0,0,working class,0.5461828207501663
0,0,0,0,0,16000.0,0,1,1,working class,0.355725534941864
0,0,0,0,0,13000.0,0,0,1,poverty,0.5754886558581285
2,0,0,0,0,10000.0,0,0,0,upper class,0.5861214009823864
2,0,0,0,0,13000.0,0,1,0,middle class,0.5607989400617142
3,0,0,0,0,10000.0,1,1,0,upper class,
3,0,0,0,0,12000.0,0,1,0,upper class,
2,2,3,1,0,13000.0,0,0,0,middle class,0.5497436231590613
3,0,0,0,0,10000.0,1,1,0,upper class,0.5889748836182671
1,1,1,0,0,12000.0,0,1,1,middle class,0.5833326355879223
2,2,0,0,0,14000.0,0,1,0,upper class,0.614238053624397
3,2,0,4,1,10000.0,0,1,0,upper class,0.4937823113643486
2,1,2,0,0,11000.0,0,1,0,middle class,0.4907620684055287
3,3,8,2,1,12000.0,0,1,0,upper class,0.6507924653984001
3,3,8,6,0,12000.0,1,1,0,upper class,0.5455142196510997
0,0,0,0,0,11000.0,0,1,0,working class,0.4338402932332741
2,2,0,0,0,10000.0,1,1,0,middle class,0.5411241853855807
0,0,0,0,0,17000.0,1,0,1,poverty,0.3123237413360567
0,0,0,0,0,14000.0,0,0,1,working class,0.4480698576342447
1,0,0,0,0,12000.0,1,1,0,upper class,0.7259663789079857
3,0,0,0,0,12000.0,1,0,1,upper class,0.6612778150542449
1,1,0,3,1,11000.0,0,1,1,working class,0.4797181518341167
3,2,1,0,0,13000.0,1,1,0,upper class,0.6357744178674292
2,2,0,1,1,12000.0,0,1,0,middle class,0.7103381761541934
2,1,1,3,0,12000.0,1,1,0,upper class,0.7504612840265749
0,0,0,0,0,10000.0,0,1,0,poverty,0.3752400282480185
2,2,3,1,2,14000.0,0,1,0,working class,
2,2,1,1,0,14000.0,0,0,0,upper class,0.6988973494582746
2,2,2,4,1,6000.0,0,1,0,middle class,0.5474874946645533
2,2,0,0,1,12000.0,0,1,0,upper class,0.5979422227067823
3,3,3,0,1,15000.0,1,1,0,upper class,0.5510723398453755
1,1,1,2,0,14000.0,0,1,0,upper class,0.4993490462688155
0,0,0,0,0,15000.0,0,0,1,poverty,0.4040063593706072
0,0,0,0,0,11000.0,0,0,1,poverty,0.3898857230914056
2,2,1,4,0,12000.0,0,1,0,working class,0.6108796461320719
0,0,0,0,0,11000.0,0,0,1,poverty,0.5035879779105495
1,1,0,0,0,19000.0,0,1,0,poverty,0.3689831549666999
2,2,1,1,0,15000.0,1,0,0,middle class,0.5105669130007187
1,1,2,0,0,15000.0,1,1,0,upper class,0.6613658504532371
0,0,0,0,0,12000.0,0,0,1,poverty,0.3852522850432081
0,0,0,0,0,10000.0,0,0,0,poverty,0.3908507040938473
2,2,3,9,0,9000.0,1,1,0,upper class,0.6695812394043021
0,0,0,0,0,18000.0,0,0,1,poverty,0.3853485792167635
1,1,2,4,0,14000.0,0,1,1,middle class,0.6509886415958339
2,0,0,0,0,10000.0,1,1,0,upper class,0.6452525807797564
3,2,3,4,0,12000.0,1,1,0,upper class,0.6564376596744247
3,3,3,3,0,11000.0,1,1,0,middle class,0.4610398579311485
3,2,1,5,0,10000.0,0,1,0,upper class,0.6983986189651659
3,3,5,3,0,12000.0,0,1,0,upper class,0.6633244171626496
1,1,0,0,0,13000.0,0,0,0,working class,0.33653119823799
2,2,0,0,1,12000.0,0,1,0,working class,0.5236719528069572
0,0,0,0,0,12000.0,0,0,1,poverty,0.1882012501796915
1,1,1,1,0,11000.0,0,0,0,poverty,0.3907807680773941
1,1,1,3,0,9000.0,1,1,0,middle class,0.4797374341576919
2,2,2,5,0,8000.0,0,1,0,upper class,
3,1,3,2,0,10000.0,0,1,0,middle class,0.4592947072936731
3,2,4,7,0,11000.0,1,1,0,upper class,0.6121332221514818
1,0,0,0,0,11000.0,0,0,1,poverty,0.2639219473350823
1,1,0,2,0,9000.0,1,0,1,working class,
2,1,2,1,0,8000.0,1,0,0,upper class,0.4713075957689134
0,0,0,0,0,10000.0,0,0,1,poverty,0.1584752834539108
2,0,0,0,0,14000.0,0,1,1,middle class,
3,3,7,6,0,12000.0,0,1,0,upper class,0.6747867912236135
0,0,0,0,0,17000.0,0,1,1,middle class,0.7692430345650234
1,1,0,0,0,13000.0,0,0,0,poverty,0.1566679166032045
2,1,2,2,0,11000.0,1,1,0,upper class,0.7001678884176583
1,0,0,0,0,11000.0,0,1,1,working class,0.3292572324917755
0,0,0,0,0,12000.0,0,1,1,poverty,0.3667710862253628
1,0,0,0,0,12000.0,0,0,1,middle class,0.4661226917246255
2,2,0,3,0,9000.0,0,1,0,working class,0.4365646440226504
2,2,3,4,0,4000.0,0,1,0,upper class,
2,2,2,4,0,13000.0,1,0,0,upper class,0.4406711241391632
1,1,1,1,1,12000.0,1,1,0,upper class,
0,0,0,0,0,12000.0,0,0,1,poverty,0.5017857341546831
1,1,0,0,0,8000.0,1,1,0,middle class,0.6769025087714471
0,0,0,0,0,12000.0,0,1,1,middle class,0.5141503016843973
2,1,0,2,2,11000.0,0,1,0,upper class,
2,2,4,0,0,14000.0,0,0,1,poverty,0.3531152019342156
1,1,1,1,0,14000.0,1,0,0,working class,0.3938994995924077
2,0,0,0,0,8000.0,0,1,0,upper class,0.7573467203725435
1,1,1,3,0,10000.0,0,1,0,working class,
1,1,0,1,1,11000.0,0,0,1,poverty,0.3878305984953276
3,2,1,0,0,12000.0,0,1,0,upper class,0.6148147154486039
1,0,0,0,0,11000.0,1,1,0,upper class,0.6381548492340661
1,1,0,0,0,14000.0,1,1,0,upper class,0.6129230030831353
2,1,0,1,0,14000.0,0,1,0,upper class,0.5571758435147541
3,3,6,3,1,15000.0,0,1,1,upper class,0.5848949823762891
3,2,0,1,0,12000.0,0,0,0,upper class,0.7194129790713942
2,2,3,8,1,14000.0,0,0,0,poverty,0.2712575842235906
2,2,3,7,0,6000.0,1,1,0,upper class,0.5869182091861791
1,0,0,0,0,11000.0,0,0,1,poverty,0.2511777872672904
2,0,0,0,0,9000.0,1,1,0,upper class,0.6590428828046322
1,0,0,0,0,11000.0,0,0,1,upper class,0.5542735241795821
2,1,0,2,0,13000.0,0,0,1,middle class,0.5191956219648337
0,0,0,0,0,16000.0,0,1,0,poverty,0.3472684535306251
3,3,10,7,0,8000.0,0,1,0,upper class,0.5862895695040226
1,1,0,0,0,13000.0,1,1,0,upper class,0.5532794687166666
3,0,0,0,0,12000.0,1,1,0,upper class,0.5891943934754817
1,1,0,0,2,4000.0,0,1,0,upper class,0.6696731813057892
1,1,1,4,0,12000.0,1,1,0,upper class,0.5099424987690809
1,1,2,2,1,12000.0,1,1,0,middle class,0.5927251997599887
3,3,11,1,2,10000.0,0,1,0,upper class,0.5056665401965148
0,0,0,0,0,14000.0,0,0,1,working class,0.2870429915541396
2,2,4,1,1,12000.0,1,1,0,upper class,0.6221502098127617
1,1,2,1,1,12000.0,0,1,0,poverty,0.477395849188829
2,2,4,0,0,13000.0,1,0,0,upper class,0.7046644402298989
2,0,0,0,0,10000.0,0,0,1,working class,0.524598489784185
0,0,0,0,0,12000.0,0,1,1,poverty,0.2155387479567611
1,1,0,4,1,12000.0,0,0,1,working class,0.4980840022049978
2,2,0,1,0,12000.0,0,1,0,poverty,0.2976349057535113
2,0,0,0,0,7000.0,0,1,1,middle class,0.5292908687994649
1,1,1,8,0,11000.0,0,1,0,middle class,0.6034064102814811
0,0,0,0,0,16000.0,0,0,0,middle class,
3,3,0,2,0,10000.0,0,1,0,upper class,0.7418015828442831
3,3,4,3,1,12000.0,0,1,0,upper class,0.6898209845483038
3,0,0,0,0,8000.0,1,1,0,upper class,0.6686340965793353
3,1,1,0,0,11000.0,1,0,0,upper class,0.5523052503508536
0,0,0,0,0,13000.0,0,1,1,poverty,0.3995091005589909
0,0,0,0,0,12000.0,0,0,1,poverty,0.385749223512277
2,1,2,1,0,18000.0,0,1,0,working class,0.536084231219858
1,1,1,2,0,8000.0,0,1,0,upper class,0.6742767504980904
2,0,0,0,0,13000.0,1,1,0,upper class,0.6913838574332987
0,0,0,0,0,11000.0,0,0,1,poverty,0.3331167885747105
0,0,0,0,0,15000.0,0,0,1,poverty,0.4422964763625578
3,2,0,3,0,5000.0,0,1,0,upper class,0.5799379737710262
2,2,5,3,0,9000.0,0,1,0,upper class,0.7007638931736878
3,2,5,1,1,11000.0,1,1,0,upper class,0.5150190589717486
1,1,4,1,0,10000.0,0,1,0,middle class,0.6258552121315942
1,0,0,0,0,9000.0,1,1,1,upper class,0.5061172054864829
1,1,2,1,0,9000.0,0,0,1,working class,0.3521993244486891
3,3,6,3,1,12000.0,0,1,0,upper class,0.5522411614595389
3,3,2,2,2,13000.0,1,1,0,upper class,0.5285704450718812
3,2,0,2,0,11000.0,1,1,0,upper class,0.6549348081166056
1,1,1,2,0,13000.0,1,1,0,middle class,0.3492770679966008
3,2,1,4,0,13000.0,1,1,0,upper class,0.6728516369299998
2,1,0,0,0,14000.0,0,1,1,working class,0.4412934385571406
2,1,1,1,0,11000.0,0,1,1,upper class,
3,2,0,4,0,10000.0,0,1,0,upper class,0.6916361229171694
2,2,2,1,0,17000.0,0,1,0,upper class,0.7159511255325964
0,0,0,0,0,11000.0,0,1,0,poverty,
1,0,0,0,0,12000.0,0,1,1,poverty,0.2052963796958856
3,1,0,0,0,12000.0,1,0,0,upper class,0.5229770456070741
0,0,0,0,0,14000.0,0,0,1,poverty,0.3810013357040453
3,1,0,2,0,11000.0,0,1,1,upper class,0.5957927429740651
3,0,0,0,0,10000.0,1,0,0,upper class,0.7445825708054017
2,2,1,1,0,11000.0,0,1,0,middle class,0.5923635104338953
3,3,1,2,0,12000.0,0,0,0,working class,0.5438774846141012
2,0,0,0,0,11000.0,1,1,0,upper class,0.6381265840341901
3,3,3,3,1,8000.0,0,1,0,middle class,0.5957746803092747
1,1,0,1,0,11000.0,0,1,1,poverty,0.3016306075615495
0,0,0,0,0,12000.0,0,0,1,working class,0.4894491078101466
1,1,1,2,0,9000.0,0,1,0,middle class,0.5322729390581074
3,3,3,4,0,10000.0,0,1,0,upper class,0.650428057330145
2,2,7,0,0,13000.0,1,1,0,upper class,0.413281482037438
0,0,0,0,0,10000.0,0,1,0,poverty,0.434043018731049
0,0,0,0,0,7000.0,0,0,1,poverty,0.2345646787410572
1,1,1,1,0,12000.0,1,0,0,working class,0.4963712426351531
1,1,0,0,0,14000.0,0,1,0,middle class,0.6176889058571783
3,3,1,4,0,12000.0,1,1,0,upper class,0.5995481044232972
1,1,1,3,0,11000.0,1,0,0,upper class,
2,2,1,4,0,10000.0,1,1,0,upper class,0.6251277645545463
0,0,0,0,0,10000.0,0,0,1,poverty,
0,0,0,0,0,10000.0,0,1,0,upper class,0.647457995262823
0,0,0,0,0,14000.0,0,1,0,middle class,0.574842988779269
1,1,0,4,0,10000.0,1,1,0,middle class,0.6742511483255171
2,2,1,1,0,12000.0,0,1,0,upper class,0.6190358909171273
0,0,0,0,0,15000.0,0,0,1,poverty,0.3174531702820791
3,3,7,3,0,13000.0,0,1,0,middle class,0.3341984389647198
2,2,2,2,0,12000.0,1,1,0,poverty,0.3073861049904308
2,2,3,1,0,12000.0,0,0,0,upper class,
0,0,0,0,0,6000.0,0,0,0,working class,0.3410202523605819
1,0,0,0,0,13000.0,0,1,1,middle class,0.4324717509049175
0,0,0,0,0,14000.0,0,1,1,poverty,0.4315614681673002
3,0,0,0,0,8000.0,0,1,1,upper class,0.613068136056496
3,3,6,22,0,5000.0,0,1,0,upper class,0.5701210004814511
0,0,0,0,0,13000.0,1,1,0,working class,0.5212215626562555
2,2,0,4,2,10000.0,1,1,0,upper class,0.5606888443344202
0,0,0,0,0,12000.0,0,0,1,poverty,0.4414838220962519
2,1,3,1,0,7000.0,0,0,0,middle class,
1,0,0,0,0,13000.0,0,1,1,middle class,0.5819829876249725
3,3,3,5,1,13000.0,0,1,0,upper class,0.6325573538933718
1,1,0,2,0,18000.0,0,0,1,middle class,0.514785452582132
2,0,0,0,0,12000.0,1,1,0,middle class,0.5597330436023313
1,1,3,6,0,9000.0,0,1,0,upper class,0.5221705443776188
3,3,1,5,1,11000.0,0,1,0,upper class,0.7506206417784245
1,1,0,0,0,12000.0,0,1,0,working class,0.4426958181502768
1,0,0,0,0,15000.0,0,1,1,middle class,0.5006817071845615
2,1,2,0,0,12000.0,0,0,0,upper class,0.5379105825245601
1,1,0,0,0,12000.0,0,0,1,working class,
1,0,0,0,0,9000.0,1,0,1,middle class,
3,3,8,1,1,10000.0,0,1,0,upper class,0.6218131488421985
2,2,2,1,0,13000.0,0,0,0,middle class,0.5934848352060671
1,1,1,3,0,10000.0,0,1,0,poverty,
1,1,1,0,0,15000.0,0,1,0,upper class,0.7126627570647996
1,1,1,0,0,10000.0,0,1,0,middle class,0.6729444170751255
0,0,0,0,0,14000.0,0,1,1,working class,0.5348444658226468
1,1,0,2,1,9000.0,1,1,1,upper class,0.5213848385800545
0,0,0,0,0,10000.0,0,0,1,poverty,0.3929937658877314
2,1,0,0,0,12000.0,0,0,1,upper class,
1,0,0,0,0,16000.0,0,1,0,middle class,0.5770443259903382
3,2,2,4,0,12000.0,0,1,0,upper class,0.4957059736917606
3,1,1,2,0,14000.0,0,0,1,upper class,0.5842642101593103
0,0,0,0,0,10000.0,0,1,1,middle class,0.6690974134124453
1,0,0,0,0,13000.0,0,1,0,working class,0.1717780113795827
1,0,0,0,0,11000.0,0,1,1,working class,
3,3,1,1,2,12000.0,1,1,0,upper class,
0,0,0,0,0,11000.0,0,0,1,poverty,0.2464803900521977
1,1,1,0,0,16000.0,0,1,0,middle class,0.4999899044733251
0,0,0,0,0,12000.0,1,1,0,upper class,0.6336359768401718
2,1,1,4,0,7000.0,1,1,0,upper class,0.6946986943372564
1,1,4,0,0,9000.0,0,1,0,poverty,0.3176532911030203
2,0,0,0,0,14000.0,1,0,1,upper class,0.5708800671227644
1,0,0,0,0,9000.0,0,1,1,upper class,0.5241476818484826
1,1,5,2,0,13000.0,0,1,0,middle class,0.6085378141108826
1,1,1,2,0,11000.0,1,1,0,upper class,
0,0,0,0,0,15000.0,0,0,1,middle class,0.5413828314560829
1,1,0,2,0,11000.0,0,1,1,poverty,0.2073374290521331
1,0,0,0,0,12000.0,1,1,0,upper class,0.5305232920631499
3,3,4,6,2,11000.0,0,1,0,upper class,0.6799404290421501
0,0,0,0,0,10000.0,0,0,1,poverty,0.3741765280497081
3,3,0,2,1,11000.0,1,0,0,upper class,
2,2,4,2,0,8000.0,0,1,0,upper class,0.6837353788441626
3,0,0,0,0,12000.0,0,0,1,upper class,0.6999291738284639
2,2,2,4,2,12000.0,1,0,1,upper class,0.6240705807413206
2,2,1,0,0,16000.0,1,1,0,middle class,0.7008385894147232
0,0,0,0,0,14000.0,0,0,1,poverty,0.3232024613815447
1,1,3,1,0,11000.0,0,1,0,upper class,0.7031632129143115
1,1,1,2,0,12000.0,0,0,0,middle class,0.6705389053925843
1,1,1,4,1,12000.0,0,0,1,middle class,0.5046343694798667
0,0,0,0,0,10000.0,0,0,1,poverty,
2,2,5,5,1,6000.0,0,1,0,upper class,0.4167113132566401
0,0,0,0,0,13000.0,0,1,1,middle class,0.4607789929674074
1,0,0,0,0,7000.0,0,1,1,middle class,0.435712134751946
1,0,0,0,0,13000.0,0,0,1,poverty,0.4174090833474105
2,2,5,0,0,11000.0,1,1,0,upper class,0.7096424413476642
0,0,0,0,0,14000.0,0,1,0,middle class,0.5958957289738616
0,0,0,0,0,11000.0,0,0,1,working class,0.5788724499342854
3,2,0,1,1,9000.0,1,1,0,upper class,0.7171247147685673
1,0,0,0,0,12000.0,0,1,1,upper class,0.6127229192722764
1,1,1,0,0,11000.0,0,1,0,working class,0.4471403217193705
1,1,1,0,0,13000.0,0,1,0,working class,0.2389675485310191
1,1,1,2,0,13000.0,0,1,0,upper class,
2,0,0,0,0,12000.0,1,1,0,upper class,0.7774126671135292
2,0,0,0,0,11000.0,0,1,1,upper class,0.3564497918738667
3,3,0,2,0,11000.0,0,1,0,upper class,0.5172531591870946
2,0,0,0,0,6000.0,0,1,0,middle class,0.6447587660746779
2,2,1,0,0,16000.0,1,1,0,upper class,
2,2,2,3,0,11000.0,1,1,0,upper class,
0,0,0,0,0,12000.0,0,0,1,poverty,0.3497914271952428
3,3,3,4,0,12000.0,0,1,0,middle class,0.4516310746402034
1,0,0,0,0,13000.0,0,1,0,middle class,0.5491390596700176
2,2,1,3,1,15000.0,1,1,0,upper class,0.8022747025074329
3,3,3,11,0,12000.0,0,1,0,upper class,0.6072654635365045
2,2,3,0,0,9000.0,0,1,0,upper class,0.5120469755291743
0,0,0,0,0,11000.0,0,1,0,middle class,0.5471451700228858
2,2,6,1,0,10000.0,0,1,0,working class,0.3563305303139126
3,1,1,1,0,12000.0,0,1,0,upper class,0.7594636399904836
0,0,0,0,0,13000.0,0,0,1,poverty,0.549060545969748
2,2,1,4,1,15000.0,1,1,0,upper class,0.6819438863043162
1,1,0,1,0,12000.0,1,1,0,upper class,0.7497062309709136
1,1,0,2,0,11000.0,0,1,0,working class,
0,0,0,0,0,16000.0,0,1,1,poverty,0.3088204583369244
3,3,6,1,0,15000.0,1,0,0,upper class,
0,0,0,0,0,18000.0,0,0,1,middle class,0.4656737871227648
3,0,0,0,0,9000.0,1,1,0,upper class,0.5623645761675636
1,1,1,0,0,11000.0,1,1,0,upper class,0.5712399869625824
3,1,0,0,0,8000.0,0,1,0,upper class,0.4740231554494119
1,1,1,1,0,9000.0,0,0,1,working class,0.3241717233382823
0,0,0,0,0,9000.0,0,0,1,working class,0.4390875695816957
3,3,2,1,0,7000.0,0,1,0,upper class,0.6315201303371153
2,2,2,3,1,9000.0,0,1,0,middle class,0.4823276209848559
1,1,3,1,0,8000.0,1,1,0,upper class,0.5899381961460256
2,2,7,5,2,10000.0,1,1,0,upper class,0.6291201591283238
1,1,0,2,0,8000.0,0,0,1,middle class,
2,2,5,0,1,13000.0,0,1,0,upper class,0.5480331630473241
3,1,1,5,0,12000.0,0,1,0,upper class,
0,0,0,0,0,11000.0,1,0,1,poverty,0.3191346657246941
2,2,1,0,0,15000.0,0,0,0,working class,0.4596696849715934
2,2,2,2,0,13000.0,1,1,0,upper class,0.6262214631614371
1,0,0,0,0,15000.0,0,1,0,middle class,0.5874184253702303
1,0,0,0,0,7000.0,0,0,1,middle class,0.4858430304580926
0,0,0,0,0,10000.0,0,0,1,poverty,0.3917113434432538
1,1,4,0,1,10000.0,0,0,0,working class,0.5969845868186797
0,0,0,0,0,9000.0,1,1,0,poverty,0.1795257577369365
0,0,0,0,0,16000.0,0,0,1,working class,0.415256215230192
2,2,1,8,0,13000.0,0,0,0,working class,0.4561623935940197
1,1,2,0,0,15000.0,0,1,0,working class,0.5598110118573779
3,3,3,1,0,14000.0,0,1,0,upper class,0.5948618009485456
3,3,0,16,1,9000.0,1,1,0,upper class,0.6942976880573949
1,1,0,2,0,12000.0,0,0,1,poverty,0.282273794626197
3,2,1,1,1,12000.0,1,1,0,upper class,0.7008414313988571
1,1,0,1,1,8000.0,0,1,0,upper class,0.6796795210746808
3,3,2,3,1,12000.0,0,0,0,upper class,0.6772216106455591
1,1,0,1,0,12000.0,1,1,0,upper class,0.7610937205892397
0,0,0,0,0,15000.0,0,1,1,poverty,
0,0,0,0,0,15000.0,0,0,1,poverty,0.4029123672351339
1,1,3,3,0,12000.0,0,0,1,middle class,0.453831326463914
2,2,2,0,1,13000.0,0,1,0,poverty,0.2348220668046484
2,0,0,0,0,13000.0,0,0,1,working class,0.4096777740824082
0,0,0,0,0,11000.0,1,1,0,working class,0.4190926685040132
0,0,0,0,0,14000.0,1,1,0,middle class,0.6385274992879552
1,0,0,0,0,12000.0,1,1,0,middle class,0.6533210896931927
1,1,2,1,0,14000.0,1,1,0,middle class,0.6129982612414817
1,0,0,0,0,12000.0,0,1,1,upper class,0.5512477948171206
2,2,3,4,0,6000.0,0,0,0,middle class,
3,1,0,1,0,9000.0,0,0,1,upper class,0.5891133562997476
1,1,1,1,1,12000.0,0,1,0,middle class,0.4336159091212449
1,1,3,0,0,13000.0,1,1,0,middle class,0.5088732820883513
3,3,2,4,0,10000.0,0,1,0,upper class,0.5736999632835609
2,2,0,8,0,11000.0,0,1,0,working class,0.3001128559473954
0,0,0,0,0,16000.0,0,1,1,middle class,0.5460081125127539
2,2,0,1,1,12000.0,1,1,0,upper class,0.6904046054483357
2,2,0,0,0,9000.0,1,1,0,upper class,0.4040573373941219
3,3,4,8,0,9000.0,1,1,0,upper class,
3,0,0,0,0,9000.0,1,1,0,upper class,0.5944077812909544
1,1,2,2,0,11000.0,0,0,0,poverty,0.4080588882044432
1,1,2,3,0,9000.0,0,0,0,working class,0.5201252464788421
2,0,0,0,0,12000.0,0,1,1,upper class,0.7361277512283749
1,1,2,2,0,12000.0,0,1,0,upper class,0.5776968059272862
2,0,0,0,0,11000.0,1,0,1,upper class,0.6515844199466503
2,0,0,0,0,13000.0,0,1,1,middle class,0.474268089698893
1,1,0,4,0,7000.0,0,1,0,upper class,0.5230480012727448
1,1,1,0,0,16000.0,0,0,1,working class,0.5551470568015777
0,0,0,0,0,12000.0,0,1,1,poverty,0.3755467226111664
2,2,0,1,1,13000.0,0,1,0,upper class,
0,0,0,0,0,14000.0,0,1,1,poverty,0.4284872507567927
1,1,1,3,0,10000.0,1,1,0,upper class,0.5945312836311137
1,1,0,2,0,13000.0,0,0,1,upper class,0.3965402180526839
0,0,0,0,0,11000.0,0,0,1,poverty,0.5783055758634648
1,0,0,0,0,13000.0,0,1,1,upper class,0.6332752601054172
3,3,6,3,1,12000.0,0,1,0,upper class,0.7796486256384334
0,0,0,0,0,9000.0,0,0,1,poverty,0.2850244312975464
2,1,4,0,0,11000.0,0,0,0,upper class,0.5097640526667242
3,3,0,3,0,12000.0,1,1,0,upper class,0.6180942194818548
0,0,0,0,0,15000.0,1,1,0,middle class,0.5111034151493276
0,0,0,0,0,11000.0,1,1,0,poverty,0.2176539374362534
0,0,0,0,0,14000.0,0,0,1,working class,0.3951198748076121
1,1,2,1,0,15000.0,0,1,0,middle class,0.4671708784919541
0,0,0,0,0,19000.0,0,1,1,middle class,0.4674824622624675
3,3,0,3,1,12000.0,1,1,0,upper class,0.7139680839498174
1,1,1,1,0,13000.0,0,0,1,poverty,0.4087794996268769
1,1,1,1,0,11000.0,1,1,0,middle class,0.6617250781451144
1,1,0,0,1,13000.0,0,0,0,poverty,0.3542937522701511
2,2,2,2,0,15000.0,1,1,0,upper class,0.6733585804719299
2,2,2,1,0,14000.0,0,1,0,upper class,0.7179187814569136
3,1,1,4,0,9000.0,1,1,0,upper class,0.6851658903740393
3,3,2,3,0,12000.0,1,1,0,upper class,0.7083031547322626
2,2,2,7,0,8000.0,1,1,0,upper class,0.5255285623050104
0,0,0,0,0,15000.0,1,0,1,upper class,0.5473642510587787
2,1,3,0,0,12000.0,0,1,0,upper class,
1,0,0,0,0,12000.0,1,1,0,upper class,0.6031446757716761
2,2,3,5,0,6000.0,0,1,0,upper class,0.6566356054649077
2,1,0,0,0,14000.0,1,1,0,upper class,0.6650004005676565
2,1,2,1,0,12000.0,0,1,1,upper class,0.6828299097090305
1,1,1,1,0,14000.0,0,1,1,middle class,0.4023758068648589
1,1,0,1,0,12000.0,0,0,1,poverty,0.3693925027985697
0,0,0,0,0,11000.0,0,1,1,working class,0.327952643057383
0,0,0,0,0,17000.0,0,1,0,poverty,0.2355287564483676
0,0,0,0,0,11000.0,0,1,1,poverty,0.3071234228183608
1,1,0,1,1,13000.0,0,1,0,working class,0.4895334733760352
1,1,0,3,2,10000.0,0,0,1,poverty,0.3279444003378442
0,0,0,0,0,14000.0,0,1,1,poverty,0.1992925327715535
2,2,2,3,0,12000.0,1,1,0,upper class,0.6097913428078408
1,1,0,3,0,11000.0,0,1,1,poverty,0.4148068461721208
1,1,1,0,1,14000.0,0,0,0,poverty,0.3095910627747428
2,2,2,5,1,8000.0,0,1,0,upper class,0.6946175864900386
1,1,0,4,1,11000.0,0,1,1,working class,0.395973250414594
2,2,1,2,0,10000.0,1,1,0,middle class,0.4063355209264818
3,1,0,1,0,10000.0,0,1,0,upper class,0.6687322499159413
1,0,0,0,0,9000.0,1,1,0,working class,0.556325642994001
2,2,0,2,0,15000.0,0,0,0,working class,0.2826105779013921
3,3,6,1,1,12000.0,1,1,0,upper class,0.7319619815022766
1,1,0,0,0,12000.0,0,0,0,poverty,0.5198745727528531
1,0,0,0,0,12000.0,0,0,0,working class,0.3391035506129656
2,2,1,4,1,15000.0,1,1,0,middle class,0.6988472211428242
0,0,0,0,0,9000.0,0,0,0,poverty,0.5001587138540445
1,1,3,2,2,5000.0,1,1,0,upper class,0.6193529102850036
3,3,5,1,0,12000.0,1,1,0,upper class,
1,1,0,1,0,15000.0,0,1,0,poverty,
0,0,0,0,0,9000.0,0,0,1,poverty,0.4127247075639231
3,1,1,0,0,13000.0,0,1,1,poverty,0.3528607941087657
0,0,0,0,0,15000.0,0,0,1,working class,0.3864007509634245
2,0,0,0,0,9000.0,1,1,0,upper class,0.6041196855543386
1,1,0,0,0,12000.0,0,1,1,working class,0.4491222842625798
0,0,0,0,0,14000.0,0,1,1,upper class,0.4453608620470372
0,0,0,0,0,11000.0,0,0,1,poverty,0.3622944202387752
1,1,2,4,1,11000.0,0,1,1,upper class,0.7055175137381444
2,0,0,0,0,7000.0,0,1,0,upper class,
2,1,0,4,0,12000.0,0,1,0,middle class,0.516384473351425
0,0,0,0,0,15000.0,0,0,1,poverty,0.367127679419884
2,2,3,2,0,13000.0,0,1,0,upper class,0.5582628652213335
2,1,2,1,0,8000.0,0,1,0,upper class,0.4858537578944799
2,2,2,9,1,8000.0,0,0,1,upper class,0.5456710879974237
3,3,3,5,0,11000.0,1,1,0,upper class,0.6433895953751307
2,2,1,1,0,12000.0,0,1,0,working class,0.4205455735957423
3,2,2,1,0,11000.0,0,1,0,middle class,0.5738687131057614
0,0,0,0,0,15000.0,0,1,1,working class,0.424374684873639
2,2,0,0,1,18000.0,0,1,0,middle class,0.5968167221333639
1,1,2,2,0,6000.0,1,1,0,upper class,0.6993598226115749
3,2,2,3,0,12000.0,0,1,0,upper class,
0,0,0,0,0,15000.0,1,1,0,middle class,
1,1,0,0,0,14000.0,0,0,0,working class,0.3511104702009341
0,0,0,0,0,13000.0,0,0,1,poverty,0.3732682349655257
1,1,1,1,0,13000.0,1,1,0,poverty,0.0996552260693457
3,3,1,1,0,14000.0,0,1,0,upper class,0.6070594144828729
1,1,0,1,0,14000.0,0,1,0,middle class,0.4228114208579283
1,1,1,3,0,11000.0,0,0,1,poverty,0.2888526087578408
1,1,1,0,0,12000.0,0,1,0,working class,0.3381122329748914
2,0,0,0,0,13000.0,0,1,0,working class,0.6161387381357157
0,0,0,0,0,14000.0,0,1,0,working class,0.3719040650727546
3,3,2,3,0,11000.0,0,1,0,upper class,0.4449969496947683
0,0,0,0,0,17000.0,0,1,0,poverty,0.3134341026539473
1,0,0,0,0,11000.0,0,1,1,poverty,0.4517129984575386
2,1,0,4,1,11000.0,0,1,0,upper class,0.6431850078229727
2,2,2,2,0,14000.0,0,1,0,middle class,0.5520606278186667
3,3,2,1,0,14000.0,0,1,0,upper class,0.5148280086531872
1,0,0,0,0,17000.0,0,1,1,working class,0.4478258160136167
0,0,0,0,0,15000.0,0,0,1,poverty,
3,3,4,4,1,6000.0,0,1,0,upper class,
3,0,0,0,0,11000.0,1,0,1,middle class,0.3782370465113373
3,2,4,6,1,11000.0,0,1,0,upper class,0.6681364777157869
2,1,1,0,1,10000.0,0,0,0,working class,0.5679245364161877
3,2,6,0,2,11000.0,0,1,0,upper class,0.574600081580805
0,0,0,0,0,9000.0,1,1,0,poverty,0.2941079069830408
3,3,1,11,0,10000.0,1,1,0,upper class,0.5987565032533735
3,0,0,0,0,10000.0,0,0,1,upper class,0.6884061990645639
3,0,0,0,0,14000.0,1,1,0,upper class,0.5938397667961058
3,3,4,4,1,11000.0,1,1,0,upper class,0.507556856864905
0,0,0,0,0,10000.0,0,0,1,poverty,0.4505980694614075
1,1,0,4,0,11000.0,0,0,1,working class,0.4591351231195594
3,1,1,1,0,13000.0,0,1,1,upper class,0.7214523872045429
2,2,0,6,0,8000.0,1,1,0,upper class,
1,1,1,2,2,11000.0,0,1,0,working class,0.3736858066241806
2,2,3,0,0,12000.0,1,0,0,upper class,0.5189911675461039
1,1,1,2,1,13000.0,1,1,0,upper class,
2,2,1,4,2,13000.0,1,1,0,middle class,0.4338164827342213
1,1,0,1,0,10000.0,1,1,0,upper class,
1,1,1,0,1,17000.0,1,0,0,poverty,0.2654492785421727
2,2,2,6,0,12000.0,0,1,1,upper class,
1,1,1,5,0,7000.0,1,1,0,upper class,0.679193931828913
1,1,1,3,1,8000.0,1,1,0,middle class,0.4522821598671521
0,0,0,0,0,17000.0,0,1,1,working class,0.5778112043517166
1,1,2,0,0,10000.0,0,1,0,middle class,0.5861052744855212
2,0,0,0,0,9000.0,1,1,0,upper class,0.6664669737742385
0,0,0,0,0,15000.0,0,0,1,poverty,
0,0,0,0,0,11000.0,1,0,1,middle class,0.4294014793588944
1,1,1,1,0,13000.0,0,1,0,upper class,0.4563461760361606
2,2,9,2,0,7000.0,0,1,0,middle class,0.4266656103620529
2,2,3,2,1,10000.0,1,1,0,upper class,0.485035104868301
0,0,0,0,0,12000.0,0,1,0,working class,0.4707666573162489
1,1,1,3,2,11000.0,0,0,1,poverty,
3,3,0,3,0,11000.0,0,1,1,upper class,0.5963709500427482
1,1,1,1,0,15000.0,0,1,0,working class,0.4019744122192817
0,0,0,0,0,14000.0,0,0,1,working class,0.4294508663165374
0,0,0,0,0,17000.0,0,0,1,poverty,0.4731902812069089
3,3,1,4,0,9000.0,0,1,0,upper class,0.6706090184518513
1,0,0,0,0,14000.0,0,1,1,upper class,0.4657986319958903
2,2,2,1,0,8000.0,0,0,0,middle class,0.5177748800671672
0,0,0,0,0,19000.0,0,0,1,working class,0.6344512638692333
0,0,0,0,0,18000.0,0,0,1,poverty,0.3602106622711334
0,0,0,0,0,14000.0,0,0,1,poverty,0.2624461172696224
0,0,0,0,0,13000.0,0,1,1,poverty,0.4131038499681497
3,3,4,1,0,11000.0,0,0,0,upper class,0.5673271728407454
2,2,0,3,1,13000.0,0,1,0,upper class,0.6059529595714276
1,1,0,0,0,10000.0,0,0,0,working class,
3,0,0,0,0,10000.0,0,0,0,upper class,0.5669251291741684
2,1,0,1,1,8000.0,0,1,0,upper class,0.7182979156578958
0,0,0,0,0,15000.0,0,0,0,working class,0.5040825425639249
0,0,0,0,0,15000.0,0,1,1,working class,0.414583629702858
2,1,1,1,0,12000.0,1,1,0,middle class,0.5879247174379107
1,1,0,2,1,12000.0,0,0,1,working class,0.5541543351280077
2,2,1,0,0,12000.0,0,0,0,upper class,0.6653609832878233
0,0,0,0,0,17000.0,0,1,0,upper class,0.6413551856342549
1,0,0,0,0,14000.0,0,0,1,poverty,0.3881372119136716
2,2,1,0,0,13000.0,0,0,0,working class,0.4695582997527488
2,2,0,1,0,13000.0,0,0,0,working class,0.5712859067059686
2,2,0,4,0,6000.0,1,1,0,upper class,0.66684636364073
1,1,1,0,0,13000.0,1,1,0,middle class,
0,0,0,0,0,6000.0,0,0,1,poverty,0.3454662054878971
1,1,1,1,0,14000.0,0,1,0,middle class,0.4089790797336115
2,1,1,0,1,14000.0,0,1,0,middle class,0.4801161911770376
1,1,0,0,0,15000.0,0,0,0,poverty,0.507382750269999
3,2,4,2,0,11000.0,1,1,0,upper class,0.4435994543180462
2,0,0,0,0,14000.0,0,1,1,middle class,0.6033502273025647
3,2,0,2,0,11000.0,0,1,1,upper class,0.7530509465119786
3,1,0,4,0,12000.0,0,1,0,upper class,
3,3,2,0,0,14000.0,0,1,0,upper class,
0,0,0,0,0,16000.0,0,0,1,working class,0.4970978553728039
2,2,4,4,0,8000.0,0,0,0,middle class,0.709246871000109
2,2,7,7,0,10000.0,0,1,0,upper class,0.5989586078364366
0,0,0,0,0,12000.0,0,1,1,middle class,0.4904718137305706
3,2,1,4,2,11000.0,1,1,0,upper class,0.5970651727630523
1,1,2,3,0,10000.0,1,1,0,middle class,0.4860117951932568
1,0,0,0,0,12000.0,1,1,0,middle class,0.5010350861435451
1,1,0,0,0,12000.0,0,1,1,working class,0.5097097414863175
0,0,0,0,0,11000.0,1,0,1,working class,0.3829919329501808
1,0,0,0,0,12000.0,0,1,0,middle class,0.582616606286407
2,1,0,1,0,11000.0,1,1,0,middle class,0.3947955577150353
0,0,0,0,0,9000.0,0,1,0,poverty,
1,0,0,0,0,8000.0,0,0,1,working class,0.411584472058809
3,2,3,1,0,15000.0,0,1,0,middle class,0.7197700650360803
1,1,1,8,1,9000.0,0,0,1,poverty,0.4077655174920378
0,0,0,0,0,17000.0,0,0,1,poverty,0.4923020945955718
2,2,2,7,0,12000.0,1,0,0,upper class,0.6867780428907985
3,3,5,5,0,7000.0,1,1,0,upper class,0.4876341775612865
0,0,0,0,0,13000.0,0,0,1,working class,
3,3,0,1,1,13000.0,0,1,0,upper class,0.4809572482965536
0,0,0,0,0,13000.0,0,0,1,poverty,0.3692475828312713
3,3,3,3,0,8000.0,1,0,0,upper class,0.6129390900576029
2,2,1,11,0,8000.0,0,1,0,upper class,0.6693697824531121
3,0,0,0,0,13000.0,0,1,0,upper class,0.6834151508359674
1,1,1,1,0,12000.0,0,1,0,middle class,0.5302993039700095
0,0,0,0,0,17000.0,0,1,1,poverty,0.2207678295542218
2,2,2,9,1,12000.0,1,1,0,upper class,0.5994086759601819
3,3,3,8,2,10000.0,1,1,0,upper class,0.5392386183732969
3,3,0,2,1,12000.0,0,1,0,upper class,0.6945891532766414
3,3,1,5,0,14000.0,1,1,0,middle class,0.4540901453149423
1,1,3,1,0,8000.0,1,1,0,upper class,0.5623464459018445
2,2,4,3,0,10000.0,1,1,0,upper class,0.6963522638151409
2,0,0,0,0,9000.0,0,1,1,upper class,0.6052905360734651
2,2,5,0,0,11000.0,0,1,0,upper class,0.6677243826270711
1,1,0,0,0,13000.0,0,1,0,upper class,0.7022123845355849
1,1,0,0,1,12000.0,1,1,0,upper class,0.8360481279708311
2,0,0,0,0,14000.0,1,1,0,upper class,0.4966865796888583
0,0,0,0,0,13000.0,0,1,0,poverty,0.2190305713020264
1,1,1,2,0,8000.0,1,0,0,working class,0.3511178235456467
2,2,1,1,0,12000.0,0,1,0,middle class,0.6640187539505384
1,1,0,3,0,15000.0,0,1,1,poverty,0.2767468279372657
0,0,0,0,0,16000.0,0,0,1,poverty,0.2934315430100153
2,0,0,0,0,12000.0,0,1,0,working class,0.2922031438159564
3,1,0,1,0,12000.0,1,1,0,upper class,0.7156450673348295
2,0,0,0,0,7000.0,0,0,0,middle class,0.4011008652290793
0,0,0,0,0,11000.0,0,0,1,poverty,0.2311357448332433
2,0,0,0,0,13000.0,1,1,1,middle class,0.4410032673401329
2,2,2,0,0,9000.0,0,1,0,working class,0.3315895445844529
1,1,0,0,0,16000.0,0,1,1,working class,0.4852737388038857
3,3,4,5,3,7000.0,0,1,0,upper class,0.6268027196163855
3,3,10,8,1,12000.0,1,1,0,upper class,0.4698487774216746
2,2,1,1,0,12000.0,1,1,0,upper class,0.6262197215775518
3,1,0,2,0,12000.0,1,1,0,upper class,0.6601550086829506
2,2,6,3,0,8000.0,0,1,0,upper class,0.6382727825433337
0,0,0,0,0,9000.0,0,1,0,poverty,0.3062721271142176
2,2,3,1,1,12000.0,1,1,0,upper class,0.5024153597343299
1,1,2,0,0,9000.0,1,0,0,poverty,0.2527169536874629
0,0,0,0,0,20000.0,0,0,1,poverty,0.5284744290047411
1,0,0,0,0,13000.0,1,1,0,upper class,0.6095435879936103
2,2,3,1,0,14000.0,0,1,0,middle class,0.5175334318197274
2,2,2,4,0,10000.0,0,1,0,middle class,0.5600227347024963
2,2,0,1,0,12000.0,0,1,0,upper class,0.8102003352829421
1,0,0,0,0,12000.0,0,0,1,working class,0.3202152120672084
0,0,0,0,0,11000.0,0,1,1,poverty,0.3409595112027546
1,1,1,1,1,10000.0,0,1,0,upper class,0.6357436131134427
2,2,0,0,0,14000.0,0,0,0,working class,0.3237033786628938
0,0,0,0,0,14000.0,0,0,1,middle class,0.5403029099706618
1,0,0,0,0,10000.0,0,0,1,middle class,0.5629992481464454
0,0,0,0,0,17000.0,0,0,1,poverty,0.3837026150232011
0,0,0,0,0,14000.0,0,0,1,poverty,0.3053002848034926
1,1,3,3,0,8000.0,0,0,1,upper class,0.6951160488766015
1,1,1,0,0,12000.0,1,1,0,upper class,0.4863354995528417
1,1,0,0,0,14000.0,0,1,0,upper class,0.6766496014312727
2,2,1,3,0,11000.0,1,1,0,upper class,0.6190838779834634
2,1,2,1,0,11000.0,0,1,1,upper class,
1,1,0,2,0,12000.0,1,1,1,working class,0.4952110402824168
2,0,0,0,0,12000.0,0,0,1,middle class,0.5270319560976119
0,0,0,0,0,13000.0,0,1,0,poverty,0.4007546189708458
2,2,2,1,0,12000.0,0,1,0,upper class,0.5703333469354479
2,2,5,2,0,14000.0,1,1,0,upper class,0.7042622621769039
3,3,3,4,0,11000.0,0,1,0,upper class,0.7212536486635983
1,1,0,0,0,18000.0,0,1,1,middle class,0.6645243249513921
1,1,1,1,1,14000.0,0,0,0,poverty,0.3837211757870024
3,1,1,3,0,13000.0,1,1,0,upper class,0.4941094310431823
2,1,1,0,1,12000.0,0,1,1,upper class,0.5037900206930748
3,3,3,5,0,12000.0,0,1,0,upper class,0.5855486498565489
3,2,4,4,2,10000.0,0,1,0,upper class,0.6140285846347459
2,2,4,2,1,13000.0,0,1,0,upper class,0.6476211343939571
1,1,3,2,0,12000.0,0,1,0,upper class,0.7420788455412645
3,2,5,1,1,5000.0,0,1,0,upper class,0.7398845020799981
2,0,0,0,0,10000.0,0,1,1,middle class,0.444347624418146
0,0,0,0,0,12000.0,0,1,0,working class,0.4803194079693673
1,1,1,1,0,12000.0,1,1,0,upper class,
0,0,0,0,0,9000.0,1,1,0,middle class,0.5846884597070352
0,0,0,0,0,14000.0,0,0,0,working class,0.4442498526611807
1,1,0,2,0,9000.0,0,1,0,middle class,
2,2,0,2,0,17000.0,0,1,0,working class,0.5287104495212686
2,2,1,2,1,8000.0,1,1,0,upper class,0.6260941669291762
1,1,0,3,0,13000.0,0,1,0,poverty,0.4946597386069316
1,0,0,0,0,14000.0,1,1,0,working class,0.5444298156230841
1,1,2,2,2,12000.0,0,0,1,working class,0.5142651490197045
2,2,3,3,0,11000.0,0,1,0,middle class,0.6539898440065828
0,0,0,0,0,13000.0,0,1,1,poverty,0.2391781508508417
3,3,6,4,0,11000.0,0,1,0,upper class,0.4948439038756765
2,2,3,7,0,12000.0,1,1,0,upper class,
3,3,2,11,1,8000.0,0,0,0,upper class,0.6917501090394251
3,3,4,11,1,9000.0,0,1,0,upper class,0.5358338644512006
3,3,0,3,1,13000.0,1,1,0,upper class,0.4659023706226583
0,0,0,0,0,18000.0,0,0,1,poverty,0.2688557957315958
1,1,2,4,0,13000.0,0,1,0,working class,0.4331483979991403
1,1,0,0,0,7000.0,0,1,0,middle class,0.475817537772609
1,1,2,6,1,9000.0,0,1,0,middle class,0.5873798201448103
3,3,8,5,1,8000.0,0,0,0,upper class,0.5212741542242593
3,3,3,14,0,10000.0,0,1,0,upper class,0.7330454994198158
2,1,0,0,1,14000.0,0,0,1,middle class,0.6034780339603384
1,1,1,1,0,12000.0,0,1,0,upper class,0.6387587524450637
2,2,0,2,0,9000.0,1,1,0,upper class,0.8545378157755381
3,1,1,0,0,13000.0,0,1,0,upper class,0.6851295953595035
1,1,2,1,0,9000.0,1,1,0,upper class,0.63585107068878
2,2,1,3,1,11000.0,1,0,0,upper class,0.6333431961683584
2,0,0,0,0,10000.0,1,1,0,upper class,0.5988638728307288
2,1,2,2,0,12000.0,0,1,1,upper class,0.6912624129938066
3,1,1,0,0,6000.0,1,1,0,upper class,0.6273248951416136
1,1,0,1,1,5000.0,1,0,0,working class,0.5084666027665685
2,2,0,6,1,12000.0,0,1,0,middle class,0.4797713876922586
0,0,0,0,0,12000.0,0,1,1,poverty,0.3026170589503209
1,1,0,0,1,12000.0,1,1,0,working class,0.5011258301005672
2,2,1,3,1,13000.0,0,1,0,upper class,
0,0,0,0,0,15000.0,0,0,1,poverty,0.3803445345644651
0,0,0,0,0,12000.0,0,0,1,poverty,0.4578014012488603
2,2,3,1,1,10000.0,0,0,0,poverty,0.396508852675383
3,0,0,0,0,9000.0,0,1,0,upper class,0.8718205743489047
2,1,2,1,1,15000.0,0,1,0,upper class,0.6454122358942709
0,0,0,0,0,12000.0,0,0,1,poverty,0.3865718778263609
2,1,2,0,0,13000.0,0,1,0,poverty,
3,3,0,3,0,12000.0,0,0,0,middle class,0.3620511593893883
1,1,1,0,1,15000.0,1,1,0,upper class,0.7432917959513885
3,1,1,0,0,13000.0,0,1,0,upper class,0.5088474941166801
2,2,1,3,0,12000.0,0,1,0,middle class,0.6127658125044906
3,3,2,8,2,7000.0,0,1,0,upper class,0.6200744979483414
3,1,0,0,1,12000.0,1,0,0,upper class,0.6661000735280626
1,0,0,0,0,16000.0,1,1,0,middle class,0.4771355471466757
2,2,6,3,0,7000.0,0,0,0,poverty,0.4017448784262296
2,2,2,4,0,12000.0,1,1,0,upper class,
2,0,0,0,0,14000.0,1,1,0,middle class,0.5987010518306476
2,0,0,0,0,11000.0,0,0,1,middle class,0.6013332227197896
1,0,0,0,0,12000.0,0,0,1,working class,0.3918332309335529
0,0,0,0,0,12000.0,0,0,1,poverty,0.2915583574585549
1,1,2,1,0,10000.0,0,1,1,middle class,0.4085155263018246
1,1,0,4,0,6000.0,0,0,1,middle class,0.4133473491876699
3,2,1,0,0,14000.0,0,0,0,upper class,0.5370643579832145
1,0,0,0,0,11000.0,0,0,0,upper class,
3,3,0,5,3,10000.0,0,1,0,upper class,0.605936938549048
2,2,2,1,2,10000.0,0,1,0,upper class,0.7112464650975716
1,1,2,2,0,14000.0,0,0,0,poverty,0.3847356896028409
1,1,1,1,1,13000.0,1,0,1,middle class,0.4559525834279399
2,2,0,0,0,10000.0,0,1,0,working class,0.4109175056751442
1,1,0,0,0,12000.0,0,1,1,upper class,0.7087098003047069
2,0,0,0,0,14000.0,1,1,0,upper class,0.699968933390543
0,0,0,0,0,12000.0,0,1,1,poverty,0.4148190238765414
0,0,0,0,0,12000.0,0,0,1,poverty,0.2960347840578989
3,2,3,10,0,6000.0,0,1,0,upper class,0.6368800363562604
2,2,4,2,2,10000.0,1,1,0,upper class,0.6276638256137919
0,0,0,0,0,14000.0,1,0,1,poverty,0.3924064433864116
2,2,3,0,0,12000.0,0,1,0,working class,0.4933883976152035
3,2,1,8,1,9000.0,0,1,0,upper class,0.7027497391497051
0,0,0,0,0,13000.0,0,0,1,poverty,0.3196742593821075
2,2,1,4,2,13000.0,0,1,0,upper class,0.5099520181970457
3,3,5,15,1,9000.0,0,1,0,upper class,0.500294436135681
1,1,2,1,0,12000.0,0,1,0,middle class,0.3842309926323624
2,2,1,1,0,16000.0,0,1,0,middle class,0.5727980895370869
1,1,1,2,0,10000.0,1,1,0,upper class,0.65721875250877
2,2,1,2,0,16000.0,1,1,0,upper class,0.6034650389720545
2,1,0,2,0,12000.0,1,1,0,upper class,0.5171310078682555
2,2,0,2,1,14000.0,0,1,0,upper class,0.58168555413175
3,3,5,11,3,12000.0,1,1,0,upper class,0.754224490677545
1,0,0,0,0,12000.0,0,0,1,middle class,0.5091877815444962
1,1,2,3,0,12000.0,0,1,0,working class,
1,1,6,3,0,11000.0,0,0,1,working class,0.3691239528084137
1,1,2,1,0,11000.0,1,1,0,middle class,0.515748081917767
0,0,0,0,0,12000.0,0,0,1,middle class,0.4728862849963735
0,0,0,0,0,12000.0,0,0,1,poverty,0.2011687945775773
3,0,0,0,0,10000.0,1,1,1,upper class,0.6280343303085025
2,2,2,0,0,12000.0,1,1,0,upper class,0.7121946993934768
3,2,2,3,0,10000.0,1,1,0,upper class,0.6268194740895368
0,0,0,0,0,11000.0,0,0,0,poverty,0.3831616343291749
0,0,0,0,0,11000.0,1,0,0,poverty,0.1968910724089191
2,2,2,6,2,8000.0,1,1,0,upper class,0.6598529281195319
3,3,1,3,0,11000.0,1,0,0,upper class,0.6721556253961893
0,0,0,0,0,12000.0,0,0,0,working class,0.4869862166163174
3,1,3,0,0,16000.0,1,1,0,upper class,0.7322471159823747
1,1,0,0,0,13000.0,0,1,0,middle class,0.7603046768859507
1,1,2,0,0,10000.0,0,1,0,poverty,0.1565732779409757
3,3,7,2,1,10000.0,1,1,0,middle class,0.5453661684338341
2,0,0,0,0,17000.0,1,1,0,upper class,0.7136079957757449
2,1,1,3,0,11000.0,1,0,1,working class,0.4951027728901818
0,0,0,0,0,14000.0,0,1,0,poverty,0.3820993731596885
1,0,0,0,0,7000.0,1,1,0,upper class,0.6735504375698135
1,1,0,2,1,14000.0,0,0,1,middle class,0.499490214856176
1,1,1,3,1,12000.0,0,1,1,working class,0.5337959694604191
2,2,1,4,0,10000.0,0,0,0,middle class,0.6066684576577684
3,2,1,5,0,15000.0,1,1,0,upper class,0.6563902910921708
3,3,4,1,1,11000.0,1,1,0,upper class,0.4124185388649153
1,1,0,1,0,15000.0,0,1,0,middle class,0.3502643061702191
3,1,0,0,0,12000.0,0,1,0,upper class,0.7168125322882501
3,3,4,3,0,13000.0,0,1,0,upper class,0.6250937860092856
2,2,0,1,1,13000.0,1,0,0,working class,0.3811310890638264
2,2,0,5,0,9000.0,0,0,0,poverty,0.5527829603873413
2,2,0,0,0,12000.0,0,1,0,upper class,
2,0,0,0,0,9000.0,0,1,0,upper class,0.6465278405621178
2,2,1,3,0,11000.0,0,0,0,poverty,0.2990802016189651
2,2,0,2,0,7000.0,1,1,0,upper class,0.6595263330733947
3,0,0,0,0,14000.0,1,1,0,upper class,0.6744780363265831
1,1,0,1,0,9000.0,0,1,0,upper class,0.6949148906434263
2,0,0,0,0,9000.0,0,0,1,upper class,0.6762361696241946
1,1,2,1,0,16000.0,1,1,0,upper class,0.7418494314704756
0,0,0,0,0,16000.0,0,1,1,working class,0.4583882344634534
2,0,0,0,0,15000.0,0,0,1,working class,0.5083822971617667
0,0,0,0,0,13000.0,0,1,1,working class,0.6477056226267793
3,1,2,4,2,13000.0,0,1,0,upper class,0.4242385060932215
0,0,0,0,0,9000.0,0,0,1,poverty,0.3803705920207989
1,1,3,0,1,8000.0,1,1,0,upper class,0.4886390921860349
2,2,1,7,2,12000.0,1,1,0,upper class,0.5841712511451417
3,0,0,0,0,10000.0,1,1,0,upper class,0.8016635665229673
1,1,0,1,0,11000.0,0,1,0,working class,0.5821331521882249
3,3,5,4,0,14000.0,1,1,0,upper class,
1,0,0,0,0,13000.0,0,1,0,middle class,0.5079889264519122
2,0,0,0,0,10000.0,1,0,0,upper class,0.6931096743400527
0,0,0,0,0,15000.0,0,1,1,working class,0.4924001507592951
2,2,3,0,0,14000.0,0,0,1,upper class,0.6072511290882305
1,1,0,1,0,16000.0,1,1,0,upper class,
1,1,0,1,1,15000.0,0,1,0,middle class,0.5221164861977404
1,1,4,1,1,12000.0,1,1,0,upper class,0.6612070554767343
2,2,1,0,0,16000.0,0,1,0,working class,0.3864689941395288
1,1,0,0,0,13000.0,0,1,0,upper class,0.5872959217289818
2,2,4,1,1,10000.0,0,1,0,upper class,0.5144846748646044
1,1,0,1,0,9000.0,0,0,1,poverty,0.3191446331446736
0,0,0,0,0,12000.0,0,0,0,working class,0.3661258328267826
3,1,1,2,0,12000.0,0,1,0,upper class,0.6797417136012012
0,0,0,0,0,17000.0,0,1,0,poverty,0.2852396653008388
2,2,4,7,0,10000.0,1,1,0,upper class,0.5798926081940042
2,2,1,7,3,8000.0,1,1,0,upper class,0.6353628898200985
2,2,1,3,0,12000.0,0,1,0,upper class,0.6341130347959856
2,1,1,1,0,17000.0,1,1,0,upper class,0.5500308528846838
0,0,0,0,0,11000.0,0,1,0,poverty,0.283530730814583
0,0,0,0,0,11000.0,1,1,0,upper class,0.7791380392680317
0,0,0,0,0,12000.0,0,0,1,working class,
0,0,0,0,0,10000.0,0,1,0,middle class,0.5996663917766188
1,1,0,5,1,11000.0,1,1,0,upper class,
0,0,0,0,0,14000.0,0,1,1,working class,0.5069060955979555
0,0,0,0,0,17000.0,0,0,0,middle class,0.3374011594935631
1,1,1,0,0,12000.0,0,0,0,poverty,0.3708743122219038
2,2,0,4,0,8000.0,0,0,1,working class,0.6749728694535344
2,1,2,1,0,8000.0,0,1,0,upper class,0.6480905975191704
1,1,0,0,0,15000.0,0,1,0,working class,0.3934548898400073
1,1,1,0,0,16000.0,0,1,0,middle class,0.4232890032773533
0,0,0,0,0,13000.0,1,0,0,middle class,0.4718226131218329
3,3,1,1,0,12000.0,1,1,0,upper class,0.6250936326831269
1,1,1,5,0,12000.0,0,1,0,poverty,0.2776214501694235
2,2,0,1,0,13000.0,1,0,0,upper class,0.6271708896812428
3,0,0,0,0,12000.0,0,1,1,upper class,
2,2,3,5,2,6000.0,0,1,0,middle class,
2,0,0,0,0,9000.0,0,1,1,upper class,0.6821734370102701
0,0,0,0,0,14000.0,0,0,1,poverty,0.4508333570220496
2,0,0,0,0,10000.0,0,0,1,middle class,
2,2,1,2,1,12000.0,1,1,0,upper class,0.4829458100969476
3,3,2,10,1,12000.0,0,1,0,upper class,0.6109993088255848
1,0,0,0,0,11000.0,1,0,1,upper class,0.6075427182177684
0,0,0,0,0,14000.0,0,0,1,poverty,0.4798501251539698
3,0,0,0,0,14000.0,0,1,1,working class,0.2510187314845141
2,0,0,0,0,11000.0,0,0,0,upper class,0.6637738894818269
2,2,2,5,1,7000.0,0,1,1,upper class,0.7019135438098354
3,2,2,6,1,8000.0,0,0,0,middle class,0.4951140373799573
2,1,1,1,0,12000.0,0,1,0,upper class,0.5448005213296326
3,3,2,4,1,8000.0,1,1,0,upper class,0.5054690258644754
3,3,0,4,0,11000.0,1,1,0,upper class,0.8614390949319598
0,0,0,0,0,19000.0,0,1,1,working class,0.2951693937515685
1,0,0,0,0,12000.0,0,1,0,middle class,0.5020137338213905
1,1,1,0,0,15000.0,0,1,0,middle class,0.5580648027506954
2,2,1,8,1,11000.0,0,0,0,middle class,0.6173525184383479
0,0,0,0,0,14000.0,0,1,1,poverty,0.203690934418108
3,0,0,0,0,14000.0,1,0,0,upper class,0.5630339027045643
3,3,1,2,2,11000.0,0,1,0,upper class,0.6438294985996167
1,1,1,1,0,13000.0,1,1,0,working class,0.6897285195206259
2,2,2,3,1,12000.0,0,1,0,middle class,0.5765165342081642
0,0,0,0,0,11000.0,0,0,1,poverty,0.3844042013469977
3,3,2,3,1,14000.0,0,1,0,upper class,0.4840611142135751
1,1,0,1,0,14000.0,0,1,0,working class,0.3148223445270154
0,0,0,0,0,12000.0,0,0,1,working class,0.4862577533981535
2,2,1,4,0,10000.0,0,1,0,upper class,0.6674075473242187
1,1,1,3,1,8000.0,0,1,0,poverty,0.3079420139581581
1,1,1,0,0,11000.0,0,0,1,middle class,0.4413910443823693
1,1,1,2,0,14000.0,0,1,0,middle class,0.5504725756139147
1,1,0,0,0,14000.0,0,1,1,middle class,0.4594468638715299
2,2,5,6,0,9000.0,0,1,0,upper class,
3,3,3,6,1,11000.0,0,1,0,middle class,0.4998196522603397
2,0,0,0,0,14000.0,0,1,1,working class,
0,0,0,0,0,14000.0,0,0,1,poverty,0.1693395631005956
2,2,8,1,0,12000.0,1,1,0,working class,0.4156474181321521
1,1,2,0,0,8000.0,0,1,0,middle class,0.5394884672858902
3,3,1,0,0,8000.0,0,1,0,upper class,0.7059986204130669
2,2,1,3,0,10000.0,0,0,0,middle class,0.4076694944679065
2,0,0,0,0,7000.0,1,0,1,upper class,0.6866898782442349
3,1,0,1,0,9000.0,1,1,0,upper class,0.7039604437932803
2,2,3,3,0,16000.0,0,0,0,poverty,
2,2,2,0,1,16000.0,1,1,0,upper class,0.4903766586426402
2,2,0,6,2,10000.0,0,0,0,poverty,0.1695337483643942
3,3,1,1,0,11000.0,1,1,0,upper class,0.5537983802002591
1,0,0,0,0,14000.0,1,1,1,middle class,0.5723042659254788
3,3,2,5,2,12000.0,0,1,0,upper class,
1,1,2,1,0,13000.0,1,1,0,poverty,0.2892824820314365
2,2,5,2,0,9000.0,0,0,0,middle class,0.5828436603843743
1,1,2,0,0,11000.0,0,0,0,middle class,0.4549949320497572
0,0,0,0,0,12000.0,0,1,0,poverty,0.4982558877052364
0,0,0,0,0,13000.0,0,0,1,poverty,0.5028991268615003
1,1,0,2,0,12000.0,1,1,0,middle class,0.4888693493568546
0,0,0,0,0,19000.0,0,0,1,poverty,
1,0,0,0,0,13000.0,0,1,1,middle class,0.5363660064970701
0,0,0,0,0,12000.0,0,1,1,middle class,0.6030758483342629
0,0,0,0,0,16000.0,0,1,1,poverty,0.4143119502240556
2,2,1,5,0,10000.0,1,1,0,middle class,0.5928411353633745
2,2,4,5,1,8000.0,0,1,0,middle class,0.6347359863750631
1,1,0,1,0,11000.0,0,0,1,middle class,0.7059712753304102
2,1,0,0,0,13000.0,0,0,0,working class,0.3746628744647363
0,0,0,0,0,13000.0,0,1,0,working class,0.405982992760327
3,1,2,1,0,7000.0,1,1,0,upper class,
2,1,0,2,0,12000.0,0,1,0,upper class,0.8197927862511347
3,3,2,6,1,6000.0,0,1,0,upper class,0.426949153464342
3,3,8,4,0,10000.0,1,1,0,upper class,0.5524704477115191
2,0,0,0,0,13000.0,1,1,0,upper class,0.6870544048107581
3,3,1,6,0,10000.0,0,1,0,upper class,0.6354537452847215
1,1,2,1,2,13000.0,1,1,0,upper class,0.7062826762241365
0,0,0,0,0,13000.0,0,1,1,poverty,0.2971507114749279
2,2,3,2,0,14000.0,1,1,0,upper class,0.5180075154458785
2,0,0,0,0,12000.0,1,1,0,upper class,
3,3,4,5,0,12000.0,0,1,0,upper class,
2,1,1,3,2,11000.0,0,1,0,upper class,0.7669166300311827
2,2,1,4,0,14000.0,0,1,0,middle class,0.4611964118866654
0,0,0,0,0,16000.0,1,0,0,working class,0.5130513448731446
3,1,2,0,0,12000.0,0,1,0,upper class,0.7059601788520873
2,0,0,0,0,12000.0,0,1,0,upper class,0.7768649537018191
1,0,0,0,0,15000.0,1,1,0,middle class,0.5549260660639774
3,2,1,3,0,13000.0,1,1,0,upper class,0.7198619716146959
2,2,1,2,0,15000.0,0,1,0,upper class,0.61711569009981
1,1,1,3,0,2000.0,1,1,0,upper class,0.586404603348796
0,0,0,0,0,13000.0,0,0,1,poverty,
2,1,4,0,0,13000.0,0,1,1,poverty,
2,2,1,4,0,10000.0,0,0,0,working class,0.5152516178220097
1,1,1,0,0,15000.0,0,0,0,upper class,0.5156581144811223
0,0,0,0,0,15000.0,0,0,1,poverty,0.2949139906887392
0,0,0,0,0,11000.0,0,0,1,poverty,
2,2,6,3,1,9000.0,0,1,0,working class,0.4188505030192071
2,2,2,4,2,14000.0,0,0,0,poverty,0.2651149490079868
2,2,3,9,0,7000.0,1,1,0,upper class,0.5848863739254324
0,0,0,0,0,11000.0,1,1,0,poverty,
3,1,1,0,1,8000.0,0,1,0,upper class,0.5777773930114681
0,0,0,0,0,8000.0,0,1,1,poverty,0.2360778705139137
1,1,1,0,1,20000.0,1,1,1,upper class,0.6074493976689813
0,0,0,0,0,5000.0,0,1,1,working class,0.2975222670804213
2,2,4,2,0,12000.0,0,1,0,upper class,0.7053790428997995
3,3,5,4,1,8000.0,0,1,0,upper class,0.5397957091782065
0,0,0,0,0,11000.0,1,0,1,middle class,0.4096793306908929
0,0,0,0,0,19000.0,0,0,1,poverty,0.4047838394434597
0,0,0,0,0,13000.0,0,0,0,poverty,0.2925649739369065
3,0,0,0,0,12000.0,0,1,1,upper class,
1,1,0,0,0,10000.0,0,1,0,upper class,0.5176109753939993
2,2,1,2,1,11000.0,1,1,0,upper class,0.6843057449427008
0,0,0,0,0,12000.0,0,0,1,poverty,0.160804993390916
2,1,1,0,0,14000.0,1,1,0,upper class,0.4966637484954918
1,1,2,2,0,14000.0,1,0,0,middle class,0.4373732557265739
0,0,0,0,0,11000.0,0,0,1,poverty,0.2981062600049791
3,3,6,5,2,12000.0,1,1,0,upper class,0.6215417562731184
2,2,2,7,1,12000.0,1,0,0,middle class,0.3793189651475524
1,1,1,0,1,11000.0,1,1,0,middle class,0.4612920066454204
2,2,0,2,0,15000.0,0,1,0,middle class,0.6220122192292971
3,0,0,0,0,12000.0,1,1,1,upper class,0.6461274657541123
3,0,0,0,0,13000.0,0,1,0,upper class,0.6123770267013434
0,0,0,0,0,14000.0,1,0,1,working class,0.5682353281583452
0,0,0,0,0,13000.0,1,1,0,upper class,0.7614794486972251
2,2,2,3,0,15000.0,0,1,0,upper class,0.5054418873908815
3,3,1,3,1,10000.0,1,1,0,upper class,0.6598897809583361
3,3,1,4,0,10000.0,1,1,0,upper class,0.6576152572911192
2,2,1,1,0,13000.0,1,1,0,upper class,0.6432436735838899
1,1,0,2,0,11000.0,0,1,0,poverty,0.2685463644384508
2,2,1,4,1,10000.0,0,1,0,middle class,0.5870584176189222
1,1,0,0,0,14000.0,0,1,0,middle class,0.5657336640140133
2,1,1,0,0,10000.0,0,1,0,working class,0.5032936022589767
2,2,3,4,3,12000.0,1,0,0,upper class,0.5760219348282631
2,1,0,0,0,13000.0,1,1,0,upper class,0.6980850959681614
0,0,0,0,0,15000.0,1,1,1,middle class,0.4659323519404982
0,0,0,0,0,16000.0,0,1,1,poverty,0.4367595647248347
1,1,1,0,0,12000.0,0,1,0,middle class,0.5984971836466728
3,0,0,0,0,11000.0,0,0,1,poverty,0.2783488243388086
2,1,1,1,0,13000.0,0,1,0,middle class,0.5492598792249295
1,0,0,0,0,9000.0,1,1,1,middle class,0.583189088445011
0,0,0,0,0,11000.0,0,1,1,middle class,0.2522075844607468
0,0,0,0,0,15000.0,0,0,1,poverty,0.3719180738581397
2,0,0,0,0,12000.0,0,0,0,middle class,0.6157018388948191
3,0,0,0,0,6000.0,1,1,0,upper class,0.6300561111086315
1,1,1,0,0,12000.0,0,1,0,poverty,0.2852883968859366
0,0,0,0,0,19000.0,0,1,1,working class,0.5098426949978853
1,1,1,4,0,16000.0,0,1,0,middle class,0.5871049082496026
0,0,0,0,0,17000.0,0,0,1,poverty,0.3445196502827017
1,0,0,0,0,10000.0,0,0,1,middle class,
2,1,3,1,1,12000.0,0,1,1,middle class,0.4433984296773094
1,1,2,0,1,11000.0,0,1,0,working class,0.4569985464911789
2,2,3,5,0,11000.0,0,1,0,upper class,0.6222134145985511
3,2,2,2,0,9000.0,1,1,0,upper class,0.7600708582551507
2,2,0,2,1,5000.0,1,1,0,upper class,0.6140851562528803
3,0,0,0,0,9000.0,1,1,0,upper class,0.6268200008479333
2,1,0,4,0,9000.0,0,1,0,upper class,0.5456914757249995
0,0,0,0,0,15000.0,0,0,1,working class,0.4220740438928461
1,1,1,2,0,14000.0,0,0,1,working class,
2,0,0,0,0,12000.0,1,1,0,upper class,0.5183805671406626
1,1,1,1,0,15000.0,1,1,0,upper class,0.5723844051742781
0,0,0,0,0,12000.0,0,1,1,poverty,
2,1,2,3,0,10000.0,1,1,0,upper class,0.5200692854198916
2,2,0,1,1,15000.0,0,0,0,upper class,0.4584207429474131
1,1,0,0,0,15000.0,0,1,1,upper class,0.4887594391545332
1,1,3,2,1,10000.0,0,1,0,working class,0.2910017108300862
2,2,6,1,0,5000.0,0,0,0,upper class,0.6602852682401062
1,1,1,0,0,9000.0,0,1,0,middle class,0.5530951841884917
1,1,0,0,0,12000.0,1,1,0,middle class,0.6090185106289574
0,0,0,0,0,14000.0,0,0,1,poverty,
3,1,2,1,0,8000.0,0,1,0,upper class,0.7807289784606327
3,1,1,3,0,8000.0,0,0,1,upper class,0.6553239523326291
2,1,2,1,1,12000.0,1,0,1,upper class,0.5330426957734821
2,2,2,3,0,15000.0,1,1,0,upper class,0.3727670428960929
1,1,2,1,0,12000.0,1,1,0,upper class,0.6014565461344432
0,0,0,0,0,13000.0,0,0,1,poverty,0.5142351891507717
1,0,0,0,0,13000.0,1,1,0,upper class,
2,1,0,0,0,17000.0,0,1,0,upper class,0.5825670748368198
1,1,0,1,0,19000.0,0,0,1,poverty,0.4247312177162875
3,1,0,0,0,11000.0,1,1,0,upper class,0.5749926364495455
0,0,0,0,0,10000.0,0,0,1,working class,0.3430986453172294
3,1,1,0,0,12000.0,0,1,0,upper class,0.5360088834656744
3,3,3,6,1,12000.0,1,1,0,upper class,0.6343763728642138
2,2,3,1,0,10000.0,0,1,0,upper class,0.5109045610544121
3,1,1,0,0,9000.0,1,0,0,upper class,0.5887804243446704
3,3,1,2,0,12000.0,0,1,0,upper class,0.5895248990773833
3,3,3,1,0,18000.0,1,1,0,upper class,
3,3,3,0,0,13000.0,1,0,0,upper class,0.5092249411062658
0,0,0,0,0,11000.0,0,1,0,poverty,0.2163227821008397
1,0,0,0,0,7000.0,0,0,0,poverty,0.3290046035884444
0,0,0,0,0,15000.0,0,0,1,poverty,0.2699928074692025
2,2,1,3,1,8000.0,0,1,0,upper class,0.5370649528312461
3,3,0,1,0,15000.0,1,0,0,upper class,0.5401560059503686
2,2,1,6,0,12000.0,0,0,0,poverty,0.3022901934726792
1,1,0,0,0,12000.0,0,0,0,poverty,0.3649909855025003
3,1,0,2,0,12000.0,0,1,0,upper class,0.5737444547772249
1,1,1,0,0,17000.0,1,1,0,upper class,0.7485370561868364
2,0,0,0,0,7000.0,0,1,0,upper class,0.5393607235471423
0,0,0,0,0,13000.0,0,0,1,poverty,0.2736237659745527
3,1,2,1,0,13000.0,0,1,1,upper class,0.6363437668457077
1,1,0,2,0,9000.0,0,1,0,upper class,0.8011892267006169
1,1,1,0,0,14000.0,0,1,0,middle class,0.6322144690931132
0,0,0,0,0,11000.0,0,1,0,working class,0.5365600590231839
2,2,0,1,0,13000.0,0,1,0,upper class,0.6239669002821674
2,0,0,0,0,12000.0,1,1,0,upper class,0.6949795160925676
0,0,0,0,0,16000.0,0,1,1,poverty,0.3694398200128026
0,0,0,0,0,14000.0,0,0,1,poverty,0.2938573098141227
3,3,0,5,3,19000.0,0,1,1,upper class,0.6269835326688734
0,0,0,0,0,12000.0,0,1,1,middle class,0.5859684928964123
0,0,0,0,0,13000.0,0,0,1,working class,0.2381061042528282
0,0,0,0,0,11000.0,0,1,1,poverty,0.3812082678489889
1,1,2,6,1,10000.0,1,0,0,working class,0.4227591788232032
0,0,0,0,0,14000.0,0,0,1,poverty,0.2308881760595769
0,0,0,0,0,9000.0,0,0,1,middle class,0.6813259498374928
2,1,1,0,1,9000.0,1,1,0,upper class,0.6002044724831744
0,0,0,0,0,9000.0,0,0,1,poverty,0.3737659567144641
1,1,5,0,0,12000.0,0,1,0,middle class,0.4306485099701296
0,0,0,0,0,12000.0,0,1,1,poverty,0.2742570556762941
1,1,1,2,0,18000.0,0,0,0,poverty,0.3182232760655374
1,1,1,1,0,11000.0,0,0,1,working class,0.4143625447711384
2,2,2,2,1,14000.0,0,1,0,upper class,0.5226425668570025
3,1,1,0,0,13000.0,0,1,0,upper class,0.6589085636355084
1,1,1,1,0,17000.0,1,1,0,middle class,0.4811607655495461
3,3,2,4,1,10000.0,0,1,0,upper class,0.7806887558807013
3,0,0,0,0,11000.0,1,1,0,upper class,0.7071334487701648
2,0,0,0,0,9000.0,0,1,1,upper class,0.5993671538682122
2,2,0,3,1,8000.0,0,1,0,upper class,0.8455758523974766
3,3,2,3,1,14000.0,1,1,0,middle class,0.5175445789955794
0,0,0,0,0,12000.0,0,1,0,poverty,0.4041085457217009
0,0,0,0,0,22000.0,0,0,1,middle class,0.5520217727595058
1,1,0,0,0,18000.0,0,1,1,middle class,
1,1,0,0,0,17000.0,0,0,1,working class,
1,0,0,0,0,18000.0,0,1,0,upper class,0.4607932766617084
3,0,0,0,0,12000.0,0,1,0,upper class,0.6004262983834184
1,1,0,0,0,14000.0,0,0,1,poverty,0.3296157987427046
0,0,0,0,0,15000.0,0,0,1,working class,0.2763445973341886
1,1,5,2,0,12000.0,0,1,0,working class,0.5169697706865926
2,2,3,4,0,11000.0,0,0,0,middle class,0.5582199294909035
1,1,1,5,0,12000.0,0,1,1,middle class,
0,0,0,0,0,11000.0,0,1,0,poverty,0.3188544980703689
2,2,1,2,1,13000.0,1,1,0,upper class,0.6992028342229414
2,0,0,0,0,13000.0,1,1,0,upper class,
2,0,0,0,0,9000.0,0,1,1,working class,0.2722632602313453
1,1,0,0,0,10000.0,0,0,0,middle class,0.6390800755821244
1,0,0,0,0,14000.0,0,1,1,poverty,0.4461119645548444
2,2,4,1,0,12000.0,1,1,0,upper class,0.527389827404154
3,3,3,7,1,8000.0,1,1,0,upper class,0.6452281772841094
0,0,0,0,0,13000.0,1,0,1,working class,0.4295831983974316
3,1,1,0,0,11000.0,1,1,0,upper class,0.7435175604250973
1,1,0,0,0,22000.0,0,0,1,working class,0.53999019786775
3,3,3,7,1,13000.0,1,1,0,upper class,0.4245151278139132
2,2,1,0,0,15000.0,1,1,0,upper class,0.5479998013492653
2,2,0,4,1,11000.0,0,1,0,working class,0.4516222015627826
1,1,0,0,0,12000.0,0,0,0,upper class,0.6609209294591889
3,3,6,4,0,8000.0,0,1,0,upper class,
1,0,0,0,0,13000.0,0,1,1,working class,0.3254641557828133
2,1,3,2,0,10000.0,1,1,0,upper class,0.5242439136712345
1,1,2,3,0,12000.0,0,0,1,working class,0.3393553417556129
3,3,1,3,1,7000.0,0,1,0,upper class,
1,1,0,1,0,17000.0,0,1,1,poverty,0.4475562405871088
1,0,0,0,0,10000.0,0,0,1,working class,0.592974630453278
0,0,0,0,0,18000.0,0,0,1,middle class,0.4556778904786274
1,1,1,0,0,12000.0,1,1,0,middle class,0.6570315274617065
2,2,3,0,1,11000.0,1,1,0,upper class,0.747822677654212
3,3,11,6,0,14000.0,0,1,0,middle class,0.4880664264907637
2,1,3,1,0,9000.0,0,1,0,middle class,0.6542072923919743
3,3,3,10,4,9000.0,1,1,0,upper class,0.6683556972839072
0,0,0,0,0,15000.0,0,0,1,poverty,0.2104283800148802
2,0,0,0,0,13000.0,0,0,1,upper class,
1,0,0,0,0,8000.0,0,1,0,working class,0.3470241678863912
0,0,0,0,0,12000.0,0,0,1,poverty,0.3901451713079541
2,2,6,0,0,12000.0,1,1,0,upper class,0.4829275280531687
1,0,0,0,0,11000.0,0,0,1,middle class,0.5693585841350143
3,0,0,0,0,13000.0,0,1,0,upper class,0.6498380486598201
1,1,1,2,0,10000.0,0,1,0,middle class,0.5078802543183951
0,0,0,0,0,14000.0,1,0,1,working class,0.3849121649655199
3,3,3,2,1,10000.0,1,1,0,upper class,0.4965930614089602
1,1,4,2,0,12000.0,0,0,0,working class,0.2976116302421179
3,3,1,1,0,11000.0,0,1,0,upper class,0.7145464974005755
3,3,1,1,0,14000.0,1,1,0,upper class,0.6428133273417873
1,0,0,0,0,13000.0,0,0,1,working class,0.4592153331489896
1,1,0,1,0,14000.0,0,1,0,middle class,0.5189486334933664
2,1,1,5,0,4000.0,0,1,0,middle class,0.6266718632022068
1,1,0,0,0,13000.0,0,1,0,poverty,0.4037421193885848
2,2,0,3,0,9000.0,0,1,0,working class,0.5531146144818443
2,1,0,1,0,12000.0,0,0,1,poverty,0.3099040749817078
3,0,0,0,0,12000.0,1,1,0,upper class,0.5737489246895384
3,3,4,6,2,12000.0,1,1,0,upper class,0.4171313477376379
1,1,0,1,0,12000.0,1,1,0,middle class,0.5301684741477407
2,2,0,2,0,8000.0,1,1,0,upper class,0.5616308094276051
0,0,0,0,0,11000.0,0,1,1,middle class,0.5660004305873472
0,0,0,0,0,12000.0,0,0,1,poverty,0.2890272674683476
2,1,1,1,0,12000.0,0,1,0,upper class,0.6776807976678804
1,1,1,2,0,15000.0,0,1,0,middle class,0.5010729015505729
3,1,2,3,1,9000.0,1,1,0,upper class,0.5639881890141439
2,2,1,2,0,12000.0,0,1,0,upper class,0.5599667453093222
1,1,1,6,0,12000.0,0,1,0,upper class,0.5873112212945992
3,0,0,0,0,9000.0,1,1,0,upper class,
3,1,2,2,0,12000.0,0,1,1,upper class,0.5546030942377342
2,1,0,1,0,11000.0,0,1,0,middle class,0.6218093450295321
2,2,0,0,0,18000.0,0,1,0,working class,0.337665529526617
1,1,3,0,1,11000.0,0,1,0,middle class,0.6640911967203269
1,1,1,2,0,14000.0,0,0,1,middle class,0.6485681228268269
2,2,1,0,0,14000.0,0,1,0,middle class,0.6902244174812119
1,1,1,0,0,12000.0,0,0,1,working class,0.3645356612084071
0,0,0,0,0,17000.0,0,0,1,poverty,0.2877497137309024
2,2,4,1,0,10000.0,1,1,0,upper class,0.5632175676044759
0,0,0,0,0,18000.0,0,1,1,working class,0.3460717429448234
3,3,1,0,0,15000.0,1,1,1,upper class,0.7064255559004173
2,1,0,0,0,10000.0,0,1,0,middle class,0.4323039303974849
0,0,0,0,0,14000.0,0,0,1,poverty,
2,1,1,0,0,11000.0,0,1,1,upper class,0.6496919076415565
1,1,0,1,1,16000.0,1,1,0,working class,0.3195548615459186
1,1,2,1,0,10000.0,1,0,0,working class,0.3566916562731372
0,0,0,0,0,11000.0,0,0,1,poverty,0.3880366808421414
1,1,2,0,0,9000.0,0,1,0,working class,0.4514135164643635
1,0,0,0,0,14000.0,0,1,0,working class,0.6024604843195884
2,2,3,2,0,10000.0,1,1,0,upper class,0.5231613440500279
2,0,0,0,0,10000.0,0,1,0,upper class,0.7725922199928316
3,3,4,11,0,8000.0,0,1,0,upper class,0.6794180781959268
0,0,0,0,0,15000.0,0,1,1,poverty,0.3954574650744874
2,2,1,3,1,14000.0,0,0,0,working class,0.3377072597027285
0,0,0,0,0,15000.0,1,1,1,middle class,0.452800791981105
0,0,0,0,0,9000.0,0,0,0,poverty,0.3734099349230161
3,3,0,5,1,12000.0,0,1,0,upper class,0.5197631166283038
2,0,0,0,0,11000.0,0,1,1,working class,0.466873796227501
3,3,3,13,2,12000.0,1,1,0,upper class,0.4945003577077254
0,0,0,0,0,14000.0,0,0,1,poverty,0.438596842291891
2,1,3,0,0,10000.0,0,1,0,upper class,0.6003122405160969
0,0,0,0,0,17000.0,0,1,1,poverty,0.438476101317694
3,3,1,6,0,15000.0,0,1,0,upper class,0.7053100623823324
1,1,1,1,0,11000.0,0,1,1,middle class,0.4988151332890585
1,1,2,3,0,10000.0,1,0,0,poverty,0.4473204004669769
1,0,0,0,0,12000.0,0,1,0,poverty,0.3553145629188305
2,2,1,5,3,6000.0,1,1,0,upper class,
0,0,0,0,0,12000.0,0,0,1,poverty,0.3522158955995118
1,1,1,0,1,17000.0,0,0,1,poverty,0.3847001936056115
2,0,0,0,0,12000.0,0,0,1,middle class,0.5441752593021895
1,1,1,0,0,14000.0,0,1,0,poverty,0.3659826288949173
3,3,1,1,0,14000.0,1,1,0,upper class,0.7024600947399469
0,0,0,0,0,9000.0,0,1,0,poverty,0.3038993974171593
1,0,0,0,0,12000.0,0,1,0,middle class,0.5847023883755701
2,1,1,0,0,12000.0,1,0,0,middle class,0.6081552315522438
1,1,1,0,0,15000.0,0,1,1,middle class,
2,0,0,0,0,12000.0,0,1,0,upper class,0.7866596748148922
0,0,0,0,0,12000.0,0,0,1,poverty,0.2850064669711417
0,0,0,0,0,16000.0,1,0,1,working class,0.4948182190512221
1,1,0,1,1,14000.0,0,1,0,middle class,0.5861477732391167
3,0,0,0,0,10000.0,1,1,0,upper class,0.6313865803936844
1,1,1,5,0,11000.0,0,0,1,poverty,0.3194477087217343
3,3,2,5,0,13000.0,1,1,0,upper class,
0,0,0,0,0,12000.0,0,0,1,poverty,0.3051565612258199
1,1,1,1,0,12000.0,1,1,0,upper class,0.5341932257971566
3,3,4,3,1,11000.0,0,1,0,upper class,0.5986072426122816
2,1,1,2,1,12000.0,0,0,1,working class,0.3086161858723703
0,0,0,0,0,12000.0,1,1,0,working class,0.6402884225427362
2,2,3,2,1,13000.0,0,0,0,poverty,
3,3,0,3,0,10000.0,0,1,0,upper class,0.5780130942742782
1,0,0,0,0,14000.0,0,0,1,poverty,0.3565970805276302
2,2,0,0,1,12000.0,1,1,0,upper class,0.5928413131762896
0,0,0,0,0,13000.0,0,0,1,middle class,0.5690936735151916
1,1,0,3,0,13000.0,0,0,1,working class,0.3699504040930104
1,1,0,0,0,12000.0,1,1,0,middle class,0.6931833751647888
3,2,0,1,1,14000.0,0,1,0,upper class,0.4945717566225205
1,0,0,0,0,12000.0,1,0,1,upper class,0.6264201182661311
2,1,0,0,0,18000.0,0,0,1,upper class,0.6507167441556007
0,0,0,0,0,10000.0,0,1,1,middle class,
3,1,0,1,0,12000.0,1,1,0,upper class,0.7540373655219297
3,2,1,5,0,11000.0,1,1,0,upper class,0.5756563312970334
0,0,0,0,0,14000.0,0,0,1,working class,0.4106819499455472
2,2,1,0,1,15000.0,1,1,0,working class,0.3936059091805015
1,1,1,2,1,11000.0,0,0,1,poverty,0.4479815391901505
0,0,0,0,0,13000.0,0,0,1,poverty,0.4283491258451956
3,3,0,2,0,8000.0,1,1,0,upper class,0.6038764581247468
1,1,0,0,0,14000.0,0,1,1,middle class,0.5817502371285453
2,0,0,0,0,13000.0,1,0,1,upper class,0.6391504458264309
1,1,4,1,0,11000.0,0,1,0,middle class,0.4728694285326513
2,2,3,7,0,13000.0,0,1,0,working class,
1,1,0,0,0,12000.0,1,1,0,working class,0.4983825512750024
0,0,0,0,0,12000.0,0,1,1,working class,0.5494739604537581
3,3,2,7,0,11000.0,1,1,0,upper class,
1,1,1,0,0,12000.0,0,1,0,upper class,0.5860487718632954
3,3,1,11,2,9000.0,0,1,0,upper class,
2,2,1,9,0,8000.0,0,1,1,working class,0.5303186918349816
1,1,0,0,0,16000.0,0,0,1,working class,0.3456724459578565
1,1,0,3,0,7000.0,0,0,0,poverty,0.4293141074058123
1,1,4,0,0,14000.0,0,1,0,working class,0.3665421414020521
2,2,1,1,1,8000.0,0,0,0,poverty,0.3246316705166622
1,1,1,3,0,9000.0,1,0,0,upper class,0.7035164163775831
3,2,0,2,0,10000.0,0,1,0,upper class,0.6426470824074021
3,1,4,0,2,10000.0,0,1,0,middle class,0.4602898126412031
2,2,5,1,1,11000.0,1,1,0,upper class,
2,1,1,1,0,12000.0,0,1,0,middle class,0.3619059454802407
1,0,0,0,0,12000.0,0,0,1,poverty,0.4452510516887963
1,0,0,0,0,12000.0,0,1,0,working class,0.4691015417651202
1,1,0,1,1,11000.0,0,1,0,middle class,0.5458036378825034
1,0,0,0,0,14000.0,0,1,1,poverty,0.1747592446844146
1,0,0,0,0,7000.0,0,0,1,middle class,0.4280803263315709
1,1,1,1,0,17000.0,0,0,1,middle class,0.6357640070902488
3,3,4,5,0,10000.0,0,1,0,upper class,0.6348842997881012
1,1,1,3,0,12000.0,0,1,0,middle class,0.3327537311182371
1,1,1,2,0,9000.0,0,1,0,middle class,0.5607959096127864
2,1,0,1,0,16000.0,0,1,1,upper class,0.6333926663072394
1,1,0,1,0,17000.0,0,1,0,middle class,
3,3,6,5,0,10000.0,1,1,0,upper class,
1,1,5,2,0,9000.0,0,0,1,working class,
3,3,0,2,0,13000.0,0,1,0,upper class,0.7847313094744524
2,2,8,4,0,9000.0,1,0,0,middle class,0.502373184300184
2,2,5,4,0,10000.0,0,0,0,middle class,0.5790455925143567
2,1,1,0,0,13000.0,1,1,0,upper class,0.4163119561652089
2,0,0,0,0,6000.0,0,1,1,upper class,0.5033494923110008
3,3,4,2,0,12000.0,1,1,0,upper class,0.5797122446155127
2,2,3,1,0,10000.0,0,0,0,poverty,0.3578107712095882
1,1,1,2,0,12000.0,0,1,0,upper class,0.5803441238522453
1,1,2,4,0,4000.0,1,1,0,middle class,0.3716070361633617
0,0,0,0,0,10000.0,0,1,0,poverty,0.5026227727549983
2,2,6,4,0,8000.0,1,0,0,working class,0.3315698958207169
2,2,1,7,0,10000.0,0,1,0,working class,0.4106478219200299
1,0,0,0,0,16000.0,0,0,1,poverty,0.3265398889734201
1,1,0,0,0,12000.0,1,1,0,upper class,0.6873980372496427
2,0,0,0,0,10000.0,1,1,0,upper class,0.5586854907694557
2,2,0,4,1,7000.0,0,0,0,middle class,0.5586868246536524
1,1,0,2,0,11000.0,0,1,0,upper class,0.5494479170141523
2,1,0,2,0,14000.0,1,0,0,upper class,0.6385594983892438
1,1,0,2,1,14000.0,0,1,1,working class,0.3275191653599587
1,1,3,1,0,10000.0,0,0,1,poverty,0.3644949331821167
0,0,0,0,0,11000.0,0,0,1,middle class,0.5562364476839974
3,3,1,1,1,12000.0,1,1,1,upper class,
2,2,3,2,0,6000.0,0,1,0,working class,0.4243790496488033
3,3,2,3,3,12000.0,1,1,0,upper class,
1,1,1,5,1,10000.0,0,1,0,upper class,0.5659068388272785
3,3,0,4,0,13000.0,0,1,0,upper class,0.6366120174315458
1,1,0,0,0,15000.0,0,1,0,poverty,0.6314424296828578
2,1,2,2,0,13000.0,0,1,0,upper class,0.5887036795312252
1,1,0,0,0,13000.0,0,1,0,working class,0.4317279803449425
1,1,1,1,0,13000.0,0,0,1,poverty,0.309544084967388
1,1,0,1,0,14000.0,0,0,1,poverty,0.278515258581919
0,0,0,0,0,11000.0,0,1,0,poverty,0.4502129449544528
1,1,0,2,0,13000.0,0,1,0,middle class,
1,1,1,0,1,12000.0,0,1,0,upper class,0.5653445977259643
1,0,0,0,0,8000.0,0,1,0,working class,
1,1,0,0,0,14000.0,0,0,0,poverty,0.2467443431126002
2,2,1,0,1,8000.0,0,1,0,upper class,0.3150913735925499
0,0,0,0,0,11000.0,0,1,0,poverty,0.2988737472015075
1,1,0,0,0,13000.0,0,0,0,poverty,0.3574223756379198
3,1,0,0,1,12000.0,0,1,0,upper class,0.7659449187209201
3,2,2,1,0,11000.0,0,1,0,middle class,0.5575296374004653
1,1,1,2,0,12000.0,0,1,1,middle class,0.5185963629820975
1,1,0,2,0,12000.0,0,0,1,working class,0.4765569117393476
3,0,0,0,0,17000.0,0,1,0,middle class,0.4787607562159499
1,1,0,0,0,11000.0,0,1,0,middle class,0.5796139767878029
1,0,0,0,0,12000.0,0,0,1,working class,0.5496517545256305
1,1,0,1,1,10000.0,0,0,1,working class,0.340487271230772
0,0,0,0,0,11000.0,0,0,0,poverty,0.3257441628940749
2,2,3,4,0,10000.0,0,1,0,middle class,0.4723758873069391
1,1,0,1,0,12000.0,1,0,1,upper class,
1,1,0,3,0,12000.0,0,0,1,poverty,0.2050783981630432
0,0,0,0,0,15000.0,0,0,1,middle class,
0,0,0,0,0,21000.0,0,0,1,poverty,0.3322138418525682
1,1,0,0,0,12000.0,1,1,0,upper class,0.6201057970476747
0,0,0,0,0,12000.0,1,0,0,working class,0.506784718345531
2,2,2,3,0,14000.0,0,1,0,middle class,0.5132334127423354
1,1,3,2,0,10000.0,0,1,0,middle class,0.5349884671528741
1,0,0,0,0,12000.0,0,1,1,poverty,0.3026918294911012
0,0,0,0,0,16000.0,0,0,1,middle class,0.5597041766607177
3,1,2,2,0,6000.0,1,1,0,upper class,0.6742942378613556
1,1,0,0,0,16000.0,1,1,0,middle class,0.5179824926082389
2,2,3,1,0,13000.0,1,1,0,upper class,0.6790743157695509
2,2,2,0,0,12000.0,1,1,0,upper class,0.8716754519747764
1,1,0,2,0,12000.0,0,0,1,working class,0.4702398425987656
2,2,1,1,0,11000.0,1,1,0,upper class,0.5608185568639399
0,0,0,0,0,10000.0,0,0,0,poverty,0.280709199210687
1,1,2,5,1,6000.0,0,1,0,middle class,0.5246026119203341
0,0,0,0,0,15000.0,0,0,1,poverty,0.3696161164331113
2,2,2,2,0,14000.0,0,1,0,middle class,0.5451437806503545
1,1,1,3,0,14000.0,0,0,0,poverty,0.3623503508134301
1,1,0,0,0,14000.0,0,1,0,poverty,0.376447450727611
1,1,0,1,0,8000.0,0,1,0,middle class,0.5082648586128609
1,0,0,0,0,11000.0,0,1,1,upper class,0.6500288224298764
3,3,0,1,0,18000.0,1,1,0,upper class,0.5516940308397089
1,1,1,0,0,17000.0,0,0,1,working class,0.4992473095659585
3,3,3,7,0,9000.0,1,1,0,upper class,0.6610762676374178
1,0,0,0,0,16000.0,1,1,0,upper class,
0,0,0,0,0,16000.0,0,0,1,working class,0.5153737310088504
3,3,4,13,3,10000.0,0,0,0,upper class,0.6541335058481387
2,1,2,0,0,8000.0,0,1,0,upper class,0.7545042422001754
0,0,0,0,0,14000.0,1,0,1,working class,0.4270894906116969
2,2,3,2,1,13000.0,0,1,0,working class,0.4113950457940554
0,0,0,0,0,16000.0,0,0,1,working class,0.4780304585238096
2,1,0,0,1,9000.0,0,1,0,upper class,0.5661345272733707
3,3,1,7,0,8000.0,1,1,0,upper class,0.6374775023150789
3,3,2,7,1,10000.0,1,1,0,upper class,0.5160063409111967
1,1,4,4,0,11000.0,0,0,1,poverty,0.4252810991974105
1,1,0,1,0,11000.0,0,0,0,poverty,0.5838207652461093
1,1,0,1,0,14000.0,0,1,0,middle class,
3,3,1,0,1,10000.0,0,1,0,upper class,0.8740353092791097
1,0,0,0,0,7000.0,0,1,0,working class,0.2484790445851948
2,0,0,0,0,12000.0,1,1,0,upper class,0.7317146581904098
0,0,0,0,0,12000.0,1,1,0,middle class,0.4158556700365416
3,1,2,1,0,9000.0,0,1,0,upper class,0.4575461359722819
0,0,0,0,0,12000.0,0,0,1,poverty,0.2569172447028157
2,0,0,0,0,7000.0,0,0,0,upper class,0.6921224140879649
1,1,1,2,0,17000.0,1,1,0,middle class,0.6007318760872948
2,2,1,2,0,12000.0,1,1,0,upper class,0.4823905980577475
3,3,4,8,0,9000.0,0,1,0,upper class,
2,1,1,1,1,12000.0,0,1,0,upper class,0.5550182125854487
2,0,0,0,0,8000.0,0,1,1,upper class,
2,2,0,1,0,9000.0,1,1,0,upper class,0.6057987169966054
1,1,1,3,0,9000.0,0,0,0,working class,0.3630729611932537
1,1,0,0,0,13000.0,1,1,0,upper class,0.7049684535618943
1,1,1,1,2,10000.0,0,1,0,upper class,0.6859577669209735
1,1,0,0,0,10000.0,0,1,1,working class,0.3987734843619067
3,3,5,3,0,14000.0,0,1,0,upper class,0.6024400464824318
1,1,1,0,0,12000.0,1,1,0,upper class,0.5830570827041357
2,1,1,0,0,10000.0,0,0,0,middle class,0.5543805221976611
1,1,0,2,0,9000.0,1,0,0,upper class,0.7088267106506023
1,1,2,6,1,6000.0,0,0,1,working class,
1,0,0,0,0,11000.0,0,0,1,middle class,
1,1,3,0,0,17000.0,1,0,1,upper class,0.5306907794687229
2,2,1,7,0,8000.0,0,0,0,middle class,0.4595883640126887
3,3,2,2,1,12000.0,1,1,0,upper class,0.5908404008481608
2,2,2,5,1,10000.0,1,1,0,working class,0.4102665150087055
0,0,0,0,0,12000.0,0,0,1,poverty,
1,1,2,1,0,9000.0,0,0,0,upper class,0.4551906174369074
0,0,0,0,0,12000.0,0,0,1,poverty,0.3071675485719073
3,3,1,2,1,11000.0,1,1,0,upper class,0.7098761776305509
0,0,0,0,0,17000.0,0,0,1,working class,0.4892944608830924
1,1,0,0,0,12000.0,0,0,0,poverty,0.2989351518802512
0,0,0,0,0,11000.0,0,1,1,upper class,0.6228238061137384
1,1,2,2,0,15000.0,0,1,0,upper class,0.5131865923206594
3,3,0,5,0,11000.0,0,1,0,upper class,0.5211882527975447
1,1,0,1,0,10000.0,1,1,0,upper class,0.6583413033058965
1,1,0,0,0,13000.0,0,0,0,middle class,0.5007084666652974
1,1,1,0,0,14000.0,1,1,0,upper class,0.6135902058261472
2,0,0,0,0,13000.0,0,0,1,poverty,0.319759225886556
2,2,3,3,1,8000.0,1,1,0,upper class,0.5279419675810371
0,0,0,0,0,13000.0,0,1,1,poverty,0.4655695496844555
1,1,1,0,0,12000.0,0,1,0,middle class,0.4542549282321106
0,0,0,0,0,12000.0,0,0,1,poverty,0.4062797278517027
0,0,0,0,0,7000.0,0,0,1,poverty,0.4778373788755218
1,1,0,2,1,10000.0,0,1,0,working class,0.4942532128201403
2,2,2,2,1,7000.0,1,1,0,upper class,0.5067499385354194
2,2,0,2,0,7000.0,1,1,0,upper class,0.5950951738824286
0,0,0,0,0,10000.0,0,1,0,middle class,0.441195993391473
3,0,0,0,0,11000.0,1,1,0,upper class,0.7089001773362056
2,0,0,0,0,10000.0,0,0,1,working class,
1,1,1,0,0,16000.0,0,0,0,working class,0.522098674864146
2,2,4,1,1,10000.0,1,1,0,upper class,0.7322235004923803
3,3,2,2,1,6000.0,1,1,0,upper class,0.6786403603279013
1,0,0,0,0,18000.0,0,1,1,middle class,0.5652729741450446
2,1,0,2,0,11000.0,1,1,0,middle class,0.4399022478242083
1,0,0,0,0,7000.0,0,0,1,poverty,0.2986870416019631
2,2,4,3,1,9000.0,0,1,0,upper class,0.6603743820067427
1,0,0,0,0,14000.0,0,0,1,poverty,0.3655378886767161
3,3,6,0,0,10000.0,1,0,0,upper class,0.6337566630002706
1,1,0,1,0,13000.0,1,1,0,upper class,0.5053107318393695
0,0,0,0,0,12000.0,0,1,1,poverty,0.3205571034873443
1,1,1,1,1,8000.0,0,1,0,working class,0.5299963882834899
2,0,0,0,0,12000.0,0,1,0,middle class,0.3751186939784581
1,0,0,0,0,11000.0,0,1,0,working class,0.2521707685650617
1,1,7,2,0,15000.0,0,0,1,working class,
1,1,0,2,1,14000.0,0,0,0,working class,0.2820028291007944
3,3,3,4,0,12000.0,1,1,0,upper class,0.5749335383278651
1,1,0,5,0,11000.0,1,0,0,upper class,0.6061011914225082
2,2,0,3,0,14000.0,1,1,0,upper class,0.5744525583313149
2,0,0,0,0,12000.0,0,1,1,upper class,0.5122350994336328
2,2,0,2,1,8000.0,0,1,0,upper class,0.6081458907931849
3,3,3,5,0,15000.0,1,1,0,upper class,0.7247783269501132
2,1,0,1,1,12000.0,1,1,1,upper class,
1,1,0,2,0,11000.0,0,1,0,working class,0.3455897322871251
1,0,0,0,0,9000.0,1,1,0,middle class,0.4633403265073366
0,0,0,0,0,10000.0,0,0,1,poverty,0.42358667858558
0,0,0,0,0,12000.0,0,0,1,poverty,0.3651934455267515
2,1,0,0,0,13000.0,0,1,0,upper class,0.5704986254553546
2,1,1,5,1,9000.0,1,1,0,upper class,0.6679094697665665
1,1,0,0,0,11000.0,0,0,0,working class,0.4381134264030172
3,0,0,0,0,10000.0,0,1,1,upper class,0.5773758027184908
3,1,0,2,1,13000.0,0,1,0,upper class,0.6217872786505623
1,1,0,0,0,15000.0,0,1,0,working class,0.5749290207818821
2,0,0,0,0,12000.0,0,1,1,upper class,0.5825627902526094
2,0,0,0,0,10000.0,0,1,0,working class,
0,0,0,0,0,15000.0,0,1,0,working class,0.3333941329651983
2,2,5,9,1,8000.0,0,1,0,upper class,0.6691530531126268
3,2,3,5,2,13000.0,0,1,0,upper class,
2,2,2,2,2,12000.0,0,0,0,upper class,0.7231074522488872
0,0,0,0,0,11000.0,0,1,0,working class,0.5534060133115282
2,1,1,2,0,11000.0,0,0,0,working class,0.4239258564525829
3,3,1,3,0,9000.0,1,1,0,upper class,0.6136611904125681
2,0,0,0,0,14000.0,1,1,0,upper class,0.6877309573983202
0,0,0,0,0,17000.0,0,0,1,poverty,0.5099604407566505
0,0,0,0,0,14000.0,0,1,1,middle class,0.454706753385369
3,3,2,5,1,10000.0,0,0,0,upper class,
2,1,0,2,0,13000.0,0,1,0,working class,0.3292438617147633
0,0,0,0,0,12000.0,0,0,1,working class,0.3334226544363537
2,2,1,3,0,8000.0,1,1,0,upper class,0.6389962247265721
0,0,0,0,0,18000.0,1,0,0,poverty,0.2767363423760941
0,0,0,0,0,16000.0,0,0,1,poverty,0.3916823983118692
0,0,0,0,0,17000.0,0,0,1,poverty,0.3944032269600474
0,0,0,0,0,12000.0,0,0,1,poverty,0.3006915304811576
2,2,2,3,0,13000.0,0,0,0,poverty,0.2525512961252093
3,3,9,2,1,10000.0,1,1,0,upper class,0.7460409552282369
3,0,0,0,0,12000.0,1,1,0,upper class,0.6221966088425328
1,1,2,2,1,12000.0,0,1,1,middle class,0.6524011797659252
1,1,0,1,0,14000.0,0,1,0,poverty,0.3948546303528014
1,0,0,0,0,12000.0,0,1,0,middle class,0.4775125533241901
0,0,0,0,0,14000.0,0,1,1,working class,0.3702272987877715
3,1,2,1,0,14000.0,0,1,0,upper class,0.7714942553691423
1,1,0,7,1,6000.0,0,0,1,middle class,0.6556774245078967
3,0,0,0,0,13000.0,1,1,1,upper class,0.6879374825561041
2,0,0,0,0,13000.0,0,1,0,upper class,0.6214077529147503
0,0,0,0,0,11000.0,0,1,1,middle class,0.3506626683042913
3,3,2,10,1,10000.0,1,0,0,middle class,0.3986971485935842
0,0,0,0,0,17000.0,0,0,1,poverty,
0,0,0,0,0,13000.0,0,0,1,poverty,0.3517128768422053
0,0,0,0,0,12000.0,0,1,0,poverty,0.2500989126223822
1,1,1,0,0,16000.0,0,0,0,poverty,0.3223945911843885
2,0,0,0,0,10000.0,1,1,1,working class,0.5689590158642488
0,0,0,0,0,10000.0,0,0,1,poverty,
3,2,3,3,0,10000.0,1,1,0,upper class,0.6720803402235543
3,3,2,2,0,10000.0,1,1,0,middle class,0.4248798436479023
0,0,0,0,0,15000.0,0,0,1,working class,0.4457678862819977
1,1,2,1,1,12000.0,0,1,0,working class,0.4216870681134181
2,2,3,1,0,13000.0,0,1,0,middle class,0.5898784608432502
1,1,0,4,0,9000.0,0,1,0,working class,0.4630266033182837
1,0,0,0,0,17000.0,0,1,1,poverty,0.3435164732655145
1,1,0,1,0,12000.0,0,1,1,middle class,0.432893532501654
2,2,1,1,0,7000.0,1,1,0,upper class,0.6518470006507582
1,1,0,1,0,11000.0,0,1,0,working class,0.4284473775577626
2,2,1,3,0,9000.0,1,1,0,middle class,0.4253780943003336
1,1,0,1,2,12000.0,0,1,1,middle class,
2,2,3,4,0,12000.0,0,1,0,working class,0.4042657038387842
2,2,1,3,1,12000.0,0,1,0,upper class,0.5226753851810169
3,0,0,0,0,15000.0,0,1,0,upper class,
1,1,2,1,0,12000.0,0,1,1,middle class,0.4653683361890466
2,2,2,6,0,9000.0,0,1,0,middle class,0.5334854542420271
0,0,0,0,0,13000.0,0,1,0,poverty,0.4109841035528671
1,1,0,0,0,17000.0,0,1,0,working class,0.3686683909632152
3,3,0,5,1,9000.0,0,1,0,upper class,0.5695778332027078
3,3,7,5,0,12000.0,1,1,0,upper class,0.6720439176179812
0,0,0,0,0,16000.0,0,0,1,poverty,0.3630480152412506
1,1,1,2,0,9000.0,1,1,0,middle class,
2,1,1,4,0,12000.0,0,1,1,upper class,0.65319306737482
0,0,0,0,0,12000.0,1,1,0,working class,0.3017461444213115
0,0,0,0,0,12000.0,0,1,0,poverty,0.5221673143323924
1,0,0,0,0,11000.0,0,1,0,working class,0.3606520604084127
0,0,0,0,0,12000.0,0,1,1,working class,0.5329288687970777
1,1,1,0,0,9000.0,0,1,0,upper class,0.4149491483789273
0,0,0,0,0,12000.0,0,1,1,working class,0.3158874117848291
2,2,6,3,0,9000.0,0,1,0,upper class,0.5079335015243901
3,3,6,2,0,10000.0,1,1,0,upper class,0.7278245752686464
2,2,1,2,1,19000.0,0,0,1,working class,
1,1,2,0,0,14000.0,1,0,0,working class,0.3348932498220019
2,2,5,5,2,12000.0,1,0,0,upper class,0.4060539270944432
2,0,0,0,0,11000.0,1,1,0,upper class,0.5960104233894069
2,2,2,4,0,11000.0,0,1,0,upper class,0.4204131554039249
2,2,0,0,0,13000.0,0,0,0,upper class,0.6732474563540362
0,0,0,0,0,15000.0,0,0,1,poverty,0.3786146968242724
3,3,1,7,0,10000.0,0,0,0,upper class,0.6061335684664274
0,0,0,0,0,18000.0,0,0,1,working class,0.5039723126226787
2,0,0,0,0,11000.0,0,1,0,middle class,0.5685774434782941
2,0,0,0,0,9000.0,1,1,0,upper class,0.5775123120799752
2,1,2,2,0,11000.0,0,1,1,working class,0.3777495472101263
1,1,1,0,0,9000.0,1,1,0,upper class,0.631474652636391
2,2,3,12,0,7000.0,0,1,0,middle class,0.47473409858794
2,1,3,1,0,14000.0,0,1,0,working class,0.5512911331513948
2,2,0,5,2,14000.0,1,0,0,upper class,0.6753698667637223
3,0,0,0,0,6000.0,1,1,0,upper class,0.5797430615170529
3,3,8,3,0,11000.0,1,1,0,upper class,0.5750820134692359
1,1,0,0,0,11000.0,0,0,0,poverty,0.221213712163188
3,3,5,7,1,7000.0,0,1,0,upper class,0.5532059243280549
1,1,1,0,0,14000.0,0,1,0,working class,0.3870634360404613
1,1,0,0,0,10000.0,1,1,0,upper class,0.6988969859155649
1,0,0,0,0,12000.0,0,0,1,middle class,0.4561463191124842
1,1,1,0,0,10000.0,1,1,0,upper class,0.6092585539325299
1,1,0,0,0,13000.0,0,0,0,poverty,0.2837353178716667
0,0,0,0,0,15000.0,1,0,1,poverty,0.4223724934319409
2,2,2,1,0,12000.0,0,1,0,upper class,0.7337299959348762
2,2,2,1,0,12000.0,1,1,0,middle class,
3,0,0,0,0,10000.0,1,0,1,upper class,0.5986285534053452
0,0,0,0,0,12000.0,0,0,1,poverty,0.3034428524310022
2,2,1,3,0,12000.0,1,1,0,upper class,0.6196882477228701
3,0,0,0,0,8000.0,0,1,1,upper class,0.6243799247706784
1,1,0,1,0,15000.0,1,1,0,working class,0.3577836697288249
0,0,0,0,0,12000.0,0,0,1,working class,0.4527663380576861
2,1,4,1,0,8000.0,1,1,0,upper class,0.5524818711385948
1,1,3,1,1,12000.0,1,1,0,upper class,0.8728811463356361
0,0,0,0,0,12000.0,0,0,1,working class,0.3524008983182698
0,0,0,0,0,13000.0,0,1,1,poverty,
2,2,7,0,0,12000.0,0,1,0,middle class,0.5350427762293599
1,1,0,0,0,11000.0,0,1,0,middle class,0.5281785406323659
0,0,0,0,0,13000.0,1,1,0,middle class,0.4573604150719343
3,3,4,11,2,9000.0,1,1,0,upper class,0.7485343389665761
3,3,7,4,2,12000.0,1,1,0,upper class,
3,3,0,1,0,11000.0,1,1,0,upper class,0.7379541562453047
0,0,0,0,0,16000.0,0,1,0,poverty,0.1126311166194294
2,2,2,3,1,14000.0,0,1,0,middle class,0.5571845090154689
2,2,0,1,0,10000.0,1,1,0,upper class,0.6281616833147726
1,1,0,2,0,14000.0,0,0,1,working class,0.3560409251402424
1,0,0,0,0,15000.0,0,1,1,working class,
2,2,1,2,0,11000.0,0,1,0,middle class,0.5074673210144917
1,1,1,0,0,9000.0,1,1,0,middle class,0.6142580732736506
1,1,1,4,0,10000.0,1,1,0,upper class,0.7319502229827478
2,2,2,3,1,8000.0,1,0,0,upper class,0.6310092047446304
1,1,1,0,0,14000.0,0,1,0,poverty,0.4128149890162617
0,0,0,0,0,15000.0,0,1,1,poverty,0.3599976528793667
1,1,0,1,0,12000.0,0,1,1,working class,0.3650069332106529
2,1,1,2,0,12000.0,0,1,0,middle class,0.5396323415270233
1,1,1,2,0,8000.0,0,1,0,upper class,0.5220359252993572
2,1,0,0,0,13000.0,1,1,0,upper class,0.7213279029380302
2,2,0,2,1,9000.0,0,1,0,upper class,0.6511566171668921
2,2,4,3,1,11000.0,1,1,0,upper class,0.7327782539533393
1,1,2,0,0,14000.0,0,0,1,working class,
0,0,0,0,0,15000.0,0,0,1,poverty,
1,1,0,2,1,12000.0,1,1,0,middle class,0.4251164335448381
1,1,2,2,0,13000.0,0,1,1,working class,0.3847184283110903
3,2,0,3,1,8000.0,0,1,0,upper class,
2,2,8,0,2,12000.0,0,1,0,upper class,0.5147175993656143
3,0,0,0,0,9000.0,0,1,1,upper class,0.6245493379924929
1,1,0,2,1,15000.0,1,1,0,upper class,0.6205369152894323
3,3,9,3,0,9000.0,1,1,0,upper class,0.5035961534650459
1,1,1,3,1,10000.0,0,1,0,upper class,0.6060706124264509
0,0,0,0,0,9000.0,1,1,0,middle class,0.4935440240364787
3,3,5,7,0,8000.0,0,1,0,upper class,0.5927750798163787
2,1,0,0,0,11000.0,0,1,0,upper class,0.7327708095390542
3,3,1,6,0,11000.0,1,1,0,upper class,0.5414858094443581
0,0,0,0,0,12000.0,0,0,1,poverty,0.267993176420708
3,1,0,0,0,7000.0,0,1,0,upper class,0.9141168589732092
1,1,2,3,0,14000.0,1,0,0,upper class,0.5768986317766159
1,1,2,3,0,12000.0,0,0,0,middle class,0.5693098658760901
0,0,0,0,0,11000.0,0,0,1,poverty,0.3019639944771714
1,1,2,1,0,10000.0,0,0,0,working class,0.3944813850396012
1,1,3,1,0,12000.0,1,0,0,middle class,0.4682312487922276
0,0,0,0,0,11000.0,0,1,1,upper class,0.6921640187049759
1,1,3,0,0,13000.0,0,1,0,working class,0.4535986009456058
1,1,0,0,2,12000.0,0,1,0,middle class,0.3512043838828384
2,2,4,4,1,10000.0,0,1,0,upper class,0.6304271900044401
1,1,0,5,0,11000.0,0,1,0,working class,0.218951233645045
1,1,0,3,0,12000.0,0,1,0,middle class,0.3917680680723771
2,2,3,1,0,5000.0,0,1,0,middle class,
2,0,0,0,0,11000.0,0,1,0,upper class,0.6987153928508014
1,1,1,1,0,13000.0,0,1,1,working class,0.5417354184194845
0,0,0,0,0,10000.0,1,1,0,middle class,0.5632641347960722
1,0,0,0,0,8000.0,0,1,1,upper class,0.4900382180251452
2,2,1,1,0,13000.0,0,1,0,working class,0.4649583506848421
3,3,1,1,0,12000.0,1,1,0,upper class,0.7946711958481965
0,0,0,0,0,16000.0,0,1,1,middle class,0.3289473490657828
1,1,0,1,0,9000.0,1,1,0,upper class,0.5718604960976794
2,1,2,1,0,12000.0,0,1,0,middle class,0.5156245113298513
1,1,0,0,1,8000.0,0,1,0,working class,
1,1,3,4,0,10000.0,0,0,0,poverty,0.2446175328711153
1,1,0,0,0,17000.0,1,1,0,upper class,
0,0,0,0,0,10000.0,0,0,1,poverty,0.2065312321384864
2,2,2,10,4,12000.0,0,1,1,upper class,0.5147764890373373
0,0,0,0,0,16000.0,0,1,0,poverty,0.4327977014446128
1,1,1,0,0,11000.0,0,1,0,upper class,0.5784680141147303
1,1,0,2,0,16000.0,1,1,0,upper class,0.6936394752701402
2,1,1,0,1,12000.0,0,1,0,working class,0.5959348648028948
2,1,1,2,0,12000.0,0,1,0,middle class,0.3550503625572676
1,1,2,0,0,13000.0,1,1,0,middle class,0.4813564105275978
2,1,4,1,1,10000.0,0,1,0,upper class,0.4315957478314558
2,0,0,0,0,8000.0,1,1,0,upper class,0.7144415394622058
1,1,6,1,0,9000.0,0,1,0,poverty,0.3982236375077561
0,0,0,0,0,12000.0,0,1,1,poverty,0.3763711867201547
2,1,3,1,0,12000.0,0,1,0,working class,0.5177084166981522
1,1,3,2,0,14000.0,1,0,0,poverty,0.2738592348759809
1,0,0,0,0,12000.0,0,1,1,middle class,0.6203870038206979
2,0,0,0,0,13000.0,0,0,1,working class,0.5552446634739091
0,0,0,0,0,14000.0,0,1,1,poverty,0.4202663705993406
1,1,0,1,0,9000.0,0,1,0,working class,0.4973369704341458
1,0,0,0,0,13000.0,0,1,0,middle class,0.5088666651138563
0,0,0,0,0,12000.0,0,1,1,working class,0.4281752771016386
1,1,0,2,0,9000.0,0,0,1,poverty,0.1931346926606078
3,3,2,10,0,8000.0,1,1,0,upper class,0.6215520062421821
3,1,0,2,0,8000.0,0,1,0,upper class,
3,3,0,3,1,15000.0,0,1,0,upper class,0.3256331426506953
1,1,0,1,1,15000.0,0,1,0,middle class,0.5265182975837509
3,1,0,0,1,10000.0,1,1,0,middle class,0.5604078461466384
2,2,0,1,0,13000.0,0,1,0,upper class,0.7464614409921647
2,0,0,0,0,12000.0,0,1,0,upper class,0.6133135383844626
2,1,0,2,0,9000.0,0,0,1,working class,0.5490455685362805
2,0,0,0,0,11000.0,1,1,0,middle class,0.4505061921272441
3,3,3,11,0,8000.0,0,1,0,upper class,
1,0,0,0,0,12000.0,1,0,0,middle class,0.6273818133774601
0,0,0,0,0,17000.0,0,0,1,poverty,
0,0,0,0,0,9000.0,0,0,1,poverty,0.2391410461263522
3,3,4,4,2,11000.0,0,1,0,upper class,0.4116860227080717
2,2,2,3,0,12000.0,0,1,0,upper class,
1,1,0,4,0,12000.0,1,1,0,middle class,0.5349012775993369
3,1,6,3,0,9000.0,1,1,0,upper class,0.5925500417320749
2,2,3,6,0,10000.0,0,1,0,upper class,0.5153144644286148
0,0,0,0,0,15000.0,0,0,1,working class,0.4636783095824608
2,2,4,1,1,13000.0,0,0,0,middle class,0.6249859920749561
2,2,0,3,0,15000.0,1,0,0,upper class,0.5983665773949153
1,1,0,0,0,12000.0,0,1,0,middle class,0.6059139584387855
2,2,1,3,0,11000.0,0,0,0,upper class,0.5558708125526728
2,2,0,3,1,8000.0,1,1,0,upper class,0.5986280742743376
3,3,4,2,1,10000.0,0,1,0,upper class,0.5937567451172041
0,0,0,0,0,12000.0,1,1,0,middle class,0.3502694027084785
1,1,0,1,0,11000.0,0,0,0,poverty,
2,1,2,2,2,11000.0,1,1,1,upper class,0.2877153322616216
2,2,0,1,0,14000.0,1,1,0,middle class,0.5895170538383978
0,0,0,0,0,17000.0,0,1,0,middle class,0.6091693713156574
3,1,0,2,0,9000.0,1,1,0,upper class,0.6457550060669115
1,0,0,0,0,11000.0,0,1,0,poverty,
3,1,2,1,0,10000.0,0,1,0,upper class,0.5423841707891541
1,1,3,1,0,12000.0,0,1,0,poverty,0.4742852584320764
0,0,0,0,0,10000.0,0,0,1,poverty,0.2550047453401925
1,1,1,2,1,8000.0,0,1,0,working class,0.5869521215796324
0,0,0,0,0,17000.0,0,1,1,working class,0.3801157582629854
1,0,0,0,0,11000.0,0,0,1,middle class,
3,2,1,1,0,12000.0,1,1,0,upper class,0.6236973075026354
2,2,1,3,1,9000.0,0,0,0,working class,0.5730940318096671
1,1,0,1,0,18000.0,0,0,1,middle class,0.5392829793820492
1,1,1,1,0,10000.0,0,0,1,working class,0.3422896888247775
3,1,0,1,1,15000.0,1,1,0,upper class,0.8590012411373771
1,1,1,1,2,10000.0,0,1,0,working class,0.4300932167127807
3,0,0,0,0,10000.0,0,1,1,upper class,0.6281501079631089
0,0,0,0,0,16000.0,0,0,1,poverty,0.5161185977136185
2,1,1,1,1,12000.0,0,1,0,upper class,0.618652049923338
3,3,8,5,0,9000.0,1,1,0,middle class,0.5002666804669273
2,2,1,6,0,9000.0,0,1,0,upper class,0.504290459103591
1,1,0,2,0,13000.0,0,1,1,working class,0.4548048427285145
1,1,0,1,0,17000.0,1,1,0,upper class,0.7203766079759821
0,0,0,0,0,14000.0,0,1,1,working class,0.4326820822013205
0,0,0,0,0,13000.0,0,0,1,poverty,0.4636031614256214
3,3,8,4,1,12000.0,0,1,0,upper class,0.598755524847606
0,0,0,0,0,12000.0,0,0,1,working class,0.4469064435298361
2,2,0,2,0,11000.0,0,1,0,upper class,0.6114484647581202
3,3,2,4,0,15000.0,1,1,0,upper class,0.661958533171895
3,3,0,2,0,13000.0,0,1,1,middle class,0.5185590908783487
0,0,0,0,0,9000.0,0,0,1,working class,0.6075106301070271
3,3,5,11,1,12000.0,0,1,0,upper class,0.7188924365059262
3,3,3,7,1,16000.0,1,1,0,upper class,0.6007006392815524
2,2,4,2,1,13000.0,0,1,0,upper class,0.5726102177818728
2,2,3,1,1,16000.0,0,0,0,poverty,0.4087056107983309
0,0,0,0,0,12000.0,0,1,1,working class,
1,0,0,0,0,15000.0,0,0,0,middle class,0.4895382002631103
1,1,1,2,1,12000.0,1,0,0,middle class,0.6883543989986876
1,1,2,2,0,17000.0,1,0,0,upper class,
3,1,0,3,3,10000.0,0,1,0,working class,0.4196906972513701
0,0,0,0,0,9000.0,0,0,1,poverty,0.2915625919498569
2,2,2,1,0,10000.0,1,1,0,upper class,0.6795108153975999
1,0,0,0,0,8000.0,0,1,1,middle class,0.463003266668667
1,1,2,1,0,7000.0,1,1,0,upper class,0.5578239717960888
1,1,0,2,1,12000.0,0,1,1,working class,0.4138204352537412
1,1,1,1,0,9000.0,0,0,0,working class,0.5172340131467813
1,0,0,0,0,12000.0,1,1,0,upper class,0.6441370891244694
3,2,1,4,0,9000.0,0,1,0,upper class,0.5826338974357931
3,1,1,2,0,12000.0,1,1,0,upper class,0.679535593605594
2,2,7,2,0,11000.0,0,1,0,upper class,0.737481662297617
2,0,0,0,0,8000.0,0,1,0,upper class,0.5416312774019474
0,0,0,0,0,10000.0,1,1,0,upper class,0.6257021054108537
0,0,0,0,0,10000.0,0,0,1,poverty,0.321625427740078
3,3,2,8,0,12000.0,0,1,0,working class,0.3461614426192039
1,1,1,2,0,10000.0,0,0,1,working class,
1,1,1,0,0,12000.0,0,0,1,middle class,0.6094742693422459
1,0,0,0,0,11000.0,0,1,1,upper class,0.6026477596586622
2,2,3,1,0,11000.0,1,1,0,upper class,0.6150681575582413
1,1,1,2,1,10000.0,0,0,0,poverty,0.1961267039783941
3,3,3,16,0,7000.0,1,1,0,upper class,0.6302280018895937
0,0,0,0,0,11000.0,0,0,1,poverty,0.3054392923725627
1,1,2,5,0,11000.0,0,0,1,poverty,0.3435642316265703
2,2,2,5,0,9000.0,1,0,0,middle class,0.5523185354505107
1,1,0,1,0,9000.0,1,1,0,middle class,0.3347397301816484
1,1,0,0,0,17000.0,1,1,0,upper class,0.6989460331110714
2,2,1,4,0,14000.0,0,0,1,upper class,0.5734753967793681
3,1,0,1,0,10000.0,0,0,0,upper class,0.4590105215668911
2,2,3,1,1,10000.0,0,1,0,upper class,0.5541971992318356
0,0,0,0,0,15000.0,0,1,1,working class,0.4489473277904669
0,0,0,0,0,10000.0,0,1,0,middle class,0.4474047668287038
2,2,1,2,0,11000.0,1,1,0,middle class,0.7025510033929494
0,0,0,0,0,12000.0,0,0,0,poverty,0.2370144655001789
2,2,5,1,0,13000.0,0,1,0,upper class,0.5860322133857707
0,0,0,0,0,9000.0,0,0,1,poverty,0.4109938874087053
2,2,4,3,0,11000.0,0,0,0,upper class,0.5360446985709163
3,2,2,4,0,8000.0,0,1,0,upper class,0.6809375960435273
2,0,0,0,0,19000.0,0,1,1,middle class,0.4752262109815828
3,2,0,5,0,10000.0,0,1,0,upper class,0.6814407754118865
1,1,1,1,0,16000.0,0,1,0,middle class,0.4082714978911518
0,0,0,0,0,12000.0,0,0,1,poverty,0.4182087066621732
1,1,1,4,0,16000.0,1,1,0,middle class,0.5815271754016657
1,1,1,1,0,16000.0,1,0,0,upper class,0.5290295051140557
2,0,0,0,0,9000.0,0,1,0,upper class,
3,2,0,3,1,11000.0,0,1,0,upper class,0.4303924447202586
2,1,0,1,0,9000.0,1,1,0,upper class,0.5221190049628224
1,1,4,0,0,14000.0,0,0,1,working class,0.4877611163322501
1,1,1,1,1,8000.0,0,0,1,poverty,0.2586558183843642
2,2,2,2,0,11000.0,0,1,0,upper class,
1,1,2,2,0,17000.0,0,0,1,poverty,0.1615453690910059
3,3,0,12,0,8000.0,0,1,0,upper class,0.6041001478735659
2,0,0,0,0,13000.0,1,1,0,upper class,0.8473887350441124
1,1,0,0,0,14000.0,1,0,1,middle class,0.448383125023734
1,1,0,3,2,7000.0,1,0,0,middle class,0.5360271863656086
1,1,0,1,0,12000.0,0,1,0,upper class,0.512042917009909
3,3,7,12,2,5000.0,1,1,0,upper class,0.5198680132761865
3,3,4,4,0,8000.0,1,1,0,upper class,0.6222449132769979
2,2,1,1,1,12000.0,0,1,0,upper class,0.4165222280131299
3,2,0,4,0,12000.0,1,1,0,upper class,0.5922982170441012
2,2,1,3,2,7000.0,0,1,0,middle class,0.5053905994161536
3,3,7,3,0,12000.0,0,1,0,upper class,
3,1,0,1,1,9000.0,0,1,0,upper class,
1,1,0,1,1,11000.0,0,1,0,working class,
1,0,0,0,0,15000.0,0,1,1,working class,0.3911383064250576
1,0,0,0,0,11000.0,0,0,1,upper class,0.6452732829908605
1,1,1,5,0,9000.0,1,1,0,middle class,0.5302592448700141
2,2,1,1,0,12000.0,0,1,0,middle class,0.4924103959378574
0,0,0,0,0,12000.0,1,0,1,working class,0.4145847394995623
1,1,0,2,0,10000.0,0,1,0,middle class,0.4441140482434208
3,3,1,4,2,11000.0,1,1,0,upper class,0.5432644167719921
2,1,1,2,1,10000.0,0,1,0,working class,
1,0,0,0,0,12000.0,1,1,0,upper class,
1,1,0,0,0,12000.0,1,1,0,middle class,0.5221769112250697
2,1,1,3,0,11000.0,0,0,0,middle class,0.5062116529171277
3,3,3,13,6,6000.0,0,1,0,upper class,0.6487467867282103
1,1,1,0,0,16000.0,0,1,0,middle class,0.4069958243881594
0,0,0,0,0,12000.0,0,0,1,working class,0.5022869533930133
1,0,0,0,0,12000.0,0,0,1,middle class,
1,0,0,0,0,11000.0,0,0,1,middle class,0.5532659078456234
2,2,2,6,0,12000.0,1,1,0,upper class,0.6521572894862243
2,2,2,2,0,12000.0,1,1,0,upper class,0.7557590484416451
3,2,6,2,0,12000.0,0,1,0,upper class,0.5000459869796376
2,2,2,0,0,18000.0,0,0,0,middle class,0.5993749214349967
1,1,0,1,0,7000.0,0,0,1,working class,0.3646300364441638
2,2,2,3,0,12000.0,0,1,0,upper class,0.6051303442238017
3,2,2,2,0,12000.0,0,1,0,upper class,
2,0,0,0,0,7000.0,1,1,0,middle class,0.5491989032257741
0,0,0,0,0,15000.0,0,1,1,working class,0.4005849078660153
2,1,0,1,2,16000.0,1,0,1,middle class,
1,1,2,0,0,12000.0,0,0,1,poverty,0.2565912745042664
1,1,1,1,2,12000.0,0,1,0,upper class,0.680928917443575
1,1,0,2,1,9000.0,0,1,1,middle class,0.4741973179165643
2,2,3,8,0,10000.0,0,1,0,upper class,0.6027630963241031
2,1,0,3,1,16000.0,1,1,0,upper class,0.7819530183027448
1,1,4,1,0,13000.0,0,0,0,working class,
1,1,0,1,0,9000.0,0,0,1,poverty,0.4272678792680286
2,2,2,9,0,10000.0,0,1,0,upper class,0.6867141058386899
2,0,0,0,0,10000.0,1,1,0,upper class,0.4840149273174377
2,2,2,0,0,13000.0,0,1,0,upper class,0.6257870416277221
1,1,2,2,0,7000.0,0,1,0,upper class,0.5957149581490123
2,0,0,0,0,11000.0,1,1,0,upper class,0.6809131865092295
1,1,0,0,0,18000.0,0,0,0,working class,0.3065518093256519
1,1,1,2,1,9000.0,0,1,0,upper class,0.5893790042775761
2,2,1,2,2,12000.0,0,1,0,upper class,0.6016258241392335
3,0,0,0,0,7000.0,1,1,0,upper class,0.6563498838978089
1,1,1,0,0,15000.0,0,1,0,middle class,0.61535406879528
3,3,6,5,1,13000.0,1,1,0,upper class,0.6519123625904758
0,0,0,0,0,14000.0,0,0,1,poverty,0.2950906798001347
3,0,0,0,0,12000.0,1,1,0,upper class,0.6112652567938774
2,2,7,8,0,7000.0,1,0,0,upper class,0.4746294315462082
1,1,2,2,1,15000.0,0,1,1,poverty,0.0953870936940878
0,0,0,0,0,10000.0,0,1,1,poverty,0.4138170668973727
3,3,6,3,1,12000.0,1,1,0,upper class,0.6809852539465225
1,0,0,0,0,13000.0,0,1,0,upper class,0.6764783850579369
1,1,1,1,0,15000.0,0,0,0,working class,
1,0,0,0,0,9000.0,0,0,1,middle class,0.4033846274374489
1,0,0,0,0,10000.0,1,1,0,upper class,0.7040031235458382
1,0,0,0,0,9000.0,0,1,0,upper class,0.5735410704695847
2,2,4,5,0,11000.0,0,1,0,middle class,0.4879440211154682
0,0,0,0,0,8000.0,0,1,0,poverty,
2,2,0,3,0,10000.0,0,1,0,working class,
2,2,2,11,1,6000.0,0,0,1,upper class,0.6819981116362914
2,2,2,3,0,15000.0,0,1,0,working class,0.436520236197445
3,2,5,2,1,10000.0,1,1,0,upper class,0.6719249250370957
3,2,1,3,0,11000.0,0,1,0,upper class,0.4721412440122079
2,2,1,0,0,10000.0,0,0,0,working class,0.5250591110723005
0,0,0,0,0,14000.0,0,1,0,poverty,0.4490141254061794
1,1,2,1,0,12000.0,1,1,0,upper class,0.6227949196734675
2,1,1,1,0,10000.0,1,1,0,upper class,0.9608188278116948
2,2,4,3,0,10000.0,0,1,0,upper class,0.5702790141224438
1,1,1,3,0,10000.0,0,0,0,poverty,0.4144618670550359
1,0,0,0,0,14000.0,0,0,1,middle class,
3,3,4,2,0,12000.0,0,1,0,upper class,0.6060025247092775
0,0,0,0,0,9000.0,0,0,1,poverty,0.2956147179906796
0,0,0,0,0,12000.0,1,0,0,middle class,
1,1,2,1,0,10000.0,0,1,0,upper class,0.6012733666180051
1,1,1,6,0,11000.0,1,0,0,upper class,0.6467083588488515
2,1,1,3,1,12000.0,0,1,0,working class,0.3315640659194958
3,0,0,0,0,12000.0,1,1,1,upper class,0.4736061159306169
1,1,0,2,0,12000.0,0,1,1,upper class,0.6980053964165731
0,0,0,0,0,17000.0,0,0,1,poverty,0.4493988790424355
3,2,4,1,1,9000.0,1,1,0,upper class,0.5935570210616777
2,2,5,3,4,15000.0,0,1,1,upper class,0.5469528093344056
3,3,3,2,0,11000.0,0,1,0,upper class,0.6647874125137581
0,0,0,0,0,16000.0,0,0,1,poverty,0.3930304394075162
0,0,0,0,0,13000.0,0,1,1,working class,0.3104439496869316
1,1,0,0,0,17000.0,0,1,0,middle class,0.629040794332527
2,2,4,3,0,12000.0,0,1,0,middle class,0.5949942615350459
0,0,0,0,0,12000.0,0,0,1,working class,0.4136822947297669
1,0,0,0,0,13000.0,0,1,0,middle class,0.5668017602483743
0,0,0,0,0,16000.0,0,0,1,poverty,0.5574101037418253
1,1,1,0,0,9000.0,0,1,0,middle class,0.5960178820895716
0,0,0,0,0,10000.0,0,1,0,poverty,0.5653141355325579
1,0,0,0,0,12000.0,0,0,1,poverty,0.3078087184319206
2,2,0,0,0,13000.0,1,1,0,upper class,0.6720095267316407
3,1,1,2,0,9000.0,1,1,0,upper class,0.5242807123606903
3,1,0,0,0,14000.0,1,1,0,middle class,0.4630535883640802
3,2,1,4,0,13000.0,0,0,0,upper class,0.6140424540441148
3,2,0,4,3,13000.0,0,1,0,upper class,0.6453591991000591
3,1,0,1,0,11000.0,1,1,0,upper class,0.6854090454032493
1,1,2,2,0,14000.0,0,1,0,upper class,0.6670226191158176
0,0,0,0,0,13000.0,0,1,1,upper class,0.6082656962441383
2,2,5,2,0,11000.0,1,1,0,upper class,0.7216402910712306
2,2,1,0,3,13000.0,0,0,0,upper class,0.4596749902548559
2,0,0,0,0,12000.0,1,1,0,middle class,0.4900678073285606
2,0,0,0,0,7000.0,0,1,1,middle class,0.5417098412700575
0,0,0,0,0,11000.0,0,0,1,poverty,
0,0,0,0,0,9000.0,0,0,1,working class,0.4701928145539621
2,2,3,12,1,7000.0,1,1,0,upper class,0.5806195342350445
1,1,1,1,0,14000.0,1,1,0,upper class,0.8246055134031282
0,0,0,0,0,16000.0,0,0,1,poverty,0.2866241766490909
1,0,0,0,0,17000.0,0,0,0,poverty,
0,0,0,0,0,12000.0,0,0,1,working class,0.5105416142994454
1,1,2,1,0,12000.0,0,1,0,upper class,
0,0,0,0,0,10000.0,1,1,1,upper class,0.61727812187165
0,0,0,0,0,12000.0,0,0,1,poverty,0.2266204187196561
2,2,3,2,1,9000.0,1,0,0,upper class,0.4854096107116239
1,1,1,0,0,11000.0,0,0,0,working class,0.3846403721622462
2,2,1,3,0,14000.0,0,1,0,upper class,0.5610588085481812
1,1,2,5,0,9000.0,0,1,0,upper class,0.5035670239503522
1,1,1,0,0,14000.0,0,1,0,working class,0.4400170768463599
3,1,0,2,0,11000.0,1,1,0,upper class,0.6458584800209589
2,2,1,4,2,9000.0,0,1,0,upper class,0.6946223389054919
0,0,0,0,0,11000.0,0,1,0,working class,0.3673915153567661
2,1,1,0,0,9000.0,0,1,0,middle class,0.4709463634111504
3,3,1,11,1,12000.0,0,1,0,upper class,0.6780290985770019
3,3,7,5,1,9000.0,1,0,0,upper class,0.567420445945503
1,1,2,6,0,8000.0,0,1,0,upper class,0.4696695415128295
2,2,4,3,2,8000.0,0,1,0,upper class,0.6230965528779376
2,0,0,0,0,11000.0,1,0,1,upper class,0.6780115158287626
0,0,0,0,0,12000.0,1,1,0,middle class,0.6533774120556458
3,1,0,5,1,8000.0,0,1,0,upper class,0.4838848652090954
3,0,0,0,0,9000.0,1,1,0,upper class,0.6814422418900506
2,2,0,4,0,11000.0,0,1,0,upper class,0.584162066396573
3,3,2,2,0,15000.0,0,1,0,upper class,0.5968599686931912
0,0,0,0,0,11000.0,0,0,1,poverty,0.377267939245568
2,2,4,1,0,10000.0,1,1,0,upper class,0.408776432410417
1,0,0,0,0,10000.0,0,0,1,working class,0.3662098408890193
2,1,2,2,0,8000.0,1,1,0,middle class,0.5094372527074583
1,0,0,0,0,12000.0,0,0,1,middle class,0.6133896915585907
2,1,0,2,0,12000.0,1,1,0,upper class,0.6749718971794846
1,1,1,3,0,13000.0,1,0,1,upper class,0.6126814428612573
1,0,0,0,0,15000.0,0,0,1,working class,0.5275057358985888
1,1,0,1,0,15000.0,1,1,0,middle class,0.4038738668665778
2,1,1,3,1,9000.0,1,1,0,upper class,0.6522632312864586
3,1,2,3,0,11000.0,0,1,0,upper class,0.632071900431844
0,0,0,0,0,15000.0,0,0,1,poverty,
2,2,1,2,2,9000.0,0,1,0,upper class,0.7088589461787946
2,2,2,10,0,10000.0,0,0,0,upper class,0.6107452144722096
3,3,1,2,0,10000.0,1,1,0,upper class,0.4709021936145576
2,2,3,5,0,15000.0,1,1,0,upper class,0.6637272722430558
3,2,2,8,1,6000.0,1,1,0,upper class,0.6713585572774622
0,0,0,0,0,11000.0,0,1,1,working class,0.5357575590071443
1,1,3,2,0,9000.0,0,1,0,upper class,0.6609333089751197
1,1,1,4,0,10000.0,0,1,0,working class,0.2158830849082594
2,2,1,4,0,14000.0,0,1,0,working class,0.5240293740807962
3,3,3,13,1,11000.0,1,1,0,upper class,0.5846714102071112
2,2,2,2,0,9000.0,1,1,0,upper class,0.4736095690653534
2,1,2,3,0,11000.0,1,0,0,upper class,0.5064086371116839
1,1,3,4,0,13000.0,0,1,1,middle class,0.502144711398539
0,0,0,0,0,12000.0,1,1,0,middle class,0.4095777894765035
2,1,2,0,0,12000.0,0,0,1,working class,0.2778104486315901
1,1,0,1,0,12000.0,0,1,0,working class,0.6616536709828063
3,3,2,2,0,12000.0,0,1,0,upper class,0.5888889061756829
1,1,0,1,0,14000.0,1,1,0,upper class,0.5758378032781618
1,0,0,0,0,9000.0,0,1,0,upper class,0.7519971243463806
1,1,0,1,0,13000.0,1,1,0,middle class,
3,3,9,6,1,10000.0,0,1,0,upper class,0.6115255635879427
2,0,0,0,0,9000.0,0,1,0,middle class,0.6487617772165083
2,2,1,2,2,15000.0,1,1,0,upper class,0.7221845906508915
0,0,0,0,0,15000.0,0,1,1,working class,0.2983405315294405
2,2,2,2,1,12000.0,0,0,0,middle class,0.3943131593188522
2,2,3,1,0,8000.0,0,0,0,middle class,0.5010180026077341
3,3,1,3,0,12000.0,0,1,0,middle class,0.6695109646953296
1,1,0,2,0,9000.0,0,0,0,working class,0.5083268520271713
2,1,2,0,0,12000.0,1,1,0,upper class,0.730309867150182
2,2,0,2,0,7000.0,0,0,0,working class,0.4503634589093056
1,0,0,0,0,12000.0,1,1,0,middle class,0.4374226306331744
2,2,0,0,0,13000.0,0,1,0,middle class,0.5617018828890193
2,2,3,5,3,11000.0,1,1,0,upper class,0.4669035543886058
1,0,0,0,0,12000.0,0,0,1,working class,0.277330465062199
3,2,1,1,0,10000.0,0,1,0,upper class,0.6736612645600645
0,0,0,0,0,14000.0,0,1,1,poverty,0.2907696723906524
3,3,7,1,1,12000.0,0,1,0,upper class,0.7086878384235843
2,1,0,0,0,10000.0,0,1,0,upper class,0.5047539827483274
0,0,0,0,0,12000.0,0,1,1,poverty,
2,2,1,1,1,13000.0,1,1,0,upper class,0.6741173026157443
1,1,0,0,0,13000.0,0,1,0,poverty,0.3460042308900576
0,0,0,0,0,11000.0,0,0,1,poverty,0.5961511521802579
0,0,0,0,0,7000.0,0,1,1,middle class,0.5584297222497407
2,2,1,2,1,12000.0,0,1,0,middle class,0.4795650162746911
2,0,0,0,0,12000.0,0,1,0,upper class,0.5677135244725591
2,2,5,6,0,6000.0,1,1,0,upper class,
3,3,3,6,1,12000.0,1,1,0,upper class,0.7244869628614676
0,0,0,0,0,12000.0,0,1,1,working class,0.4612268925007986
2,2,3,3,1,10000.0,1,1,0,middle class,0.4596170604546482
1,0,0,0,0,6000.0,1,0,0,upper class,0.6082027648430689
3,0,0,0,0,12000.0,0,1,1,upper class,0.6848940070987218
0,0,0,0,0,8000.0,0,0,1,working class,0.4987146666985322
2,2,5,12,0,7000.0,1,1,0,upper class,0.704085650847231
0,0,0,0,0,13000.0,0,1,1,poverty,0.3292359274424569
0,0,0,0,0,15000.0,0,1,0,working class,
3,3,3,17,0,12000.0,0,1,0,upper class,0.5585866661510136
2,2,4,4,1,10000.0,1,1,1,upper class,0.6305716881715939
3,2,1,2,0,7000.0,1,1,0,upper class,0.5501302706237786
0,0,0,0,0,17000.0,0,0,1,poverty,0.0972109997290097
1,0,0,0,0,16000.0,1,0,1,middle class,0.5116467664654503
0,0,0,0,0,15000.0,0,1,1,poverty,0.3322031062528092
1,0,0,0,0,18000.0,0,0,1,working class,0.4638268843521842
2,1,1,1,0,11000.0,1,1,0,middle class,0.4107534729412132
3,3,5,1,0,11000.0,0,1,0,upper class,0.49825957406754
1,1,2,0,0,15000.0,0,0,1,poverty,0.3635155818200086
2,2,3,3,1,12000.0,0,1,0,working class,0.481567980309193
2,1,0,1,0,12000.0,0,1,0,upper class,0.6329125316171743
0,0,0,0,0,12000.0,0,1,1,poverty,0.3863765509928501
2,0,0,0,0,13000.0,0,1,1,middle class,0.6127350251833245
2,0,0,0,0,10000.0,0,0,1,working class,
1,1,3,2,0,8000.0,1,0,0,middle class,0.4948332302558839
2,2,3,0,0,14000.0,0,1,0,middle class,
1,1,0,0,0,17000.0,1,0,1,upper class,0.5681315286992283
2,2,0,3,1,13000.0,0,1,0,upper class,0.7453860538131073
2,1,1,0,0,14000.0,0,1,0,upper class,0.6027617226896056
0,0,0,0,0,15000.0,0,0,1,working class,0.3925521411624277
0,0,0,0,0,6000.0,0,1,0,middle class,0.4965338738721264
1,1,3,0,0,13000.0,0,0,1,working class,
2,2,0,3,0,13000.0,0,1,0,upper class,0.7765591455706297
2,2,1,2,0,15000.0,0,1,0,upper class,0.6182580991974427
0,0,0,0,0,12000.0,0,1,1,poverty,0.2343895342350447
1,0,0,0,0,8000.0,0,0,1,poverty,0.3505304279819008
3,3,0,3,0,5000.0,0,1,0,middle class,0.4874645595687514
2,2,1,3,0,11000.0,1,1,1,upper class,0.6695729313068942
2,2,0,1,0,12000.0,0,1,0,middle class,0.6001996811721423
0,0,0,0,0,15000.0,0,0,1,working class,0.4256430305423096
1,1,4,2,0,13000.0,0,0,1,middle class,0.4772592012898568
0,0,0,0,0,12000.0,1,0,1,working class,0.4358748607590172
1,1,4,2,1,11000.0,0,0,0,poverty,0.3930116698115786
3,2,1,1,0,12000.0,0,1,0,upper class,0.4143016805242815
0,0,0,0,0,11000.0,0,1,1,middle class,0.4699857525886301
1,1,1,3,0,12000.0,1,1,0,middle class,0.328671664213881
3,0,0,0,0,11000.0,0,1,1,upper class,
0,0,0,0,0,13000.0,0,0,1,poverty,
3,3,4,2,1,12000.0,0,0,0,upper class,0.6381004203412624
2,2,3,1,0,11000.0,0,1,0,upper class,0.6357600253126064
0,0,0,0,0,15000.0,0,1,1,poverty,0.3045477014251953
2,1,0,0,0,9000.0,0,0,1,poverty,
0,0,0,0,0,14000.0,0,0,1,poverty,
3,3,0,3,0,9000.0,0,0,0,upper class,0.6641451987815057
1,0,0,0,0,12000.0,1,1,0,upper class,0.5579951427753703
0,0,0,0,0,13000.0,0,1,0,working class,0.3699006108349729
3,3,0,4,0,13000.0,0,1,0,upper class,0.6065484983345751
1,1,1,0,0,12000.0,0,0,0,working class,0.6469238969549422
0,0,0,0,0,13000.0,1,1,1,working class,0.3977001998989168
2,1,1,1,0,12000.0,0,1,0,upper class,0.7928853742076165
3,3,2,5,0,14000.0,1,1,0,upper class,0.7042280046651094
3,3,2,0,0,11000.0,1,1,0,upper class,0.6567180218384583
3,1,2,1,1,11000.0,1,1,0,upper class,
1,1,0,2,1,9000.0,0,1,0,middle class,
1,1,0,0,0,11000.0,1,0,0,middle class,0.5938543280814313
1,1,1,0,0,17000.0,1,1,0,middle class,0.4234802054638045
1,1,0,0,0,9000.0,0,1,0,middle class,0.4118137181793745
1,1,1,2,0,8000.0,0,1,0,upper class,0.5237786428900093
1,1,2,4,1,7000.0,1,1,0,working class,0.4370059167559577
0,0,0,0,0,15000.0,1,0,0,poverty,0.26792669036558
2,2,0,3,0,16000.0,0,1,0,upper class,0.6654769083432548
1,1,0,0,0,12000.0,1,0,0,poverty,0.4352284719693461
1,1,1,0,0,10000.0,0,1,0,middle class,0.5502490277614757
1,1,1,4,0,8000.0,1,0,1,poverty,0.3549671388000978
3,1,3,0,0,12000.0,0,1,0,upper class,0.2558368788769217
1,1,1,0,0,12000.0,1,1,0,poverty,0.2701930462498648
3,0,0,0,0,8000.0,1,1,1,upper class,0.7140675054489758
1,0,0,0,0,13000.0,0,0,0,working class,0.3322173325159018
0,0,0,0,0,11000.0,0,1,1,poverty,0.3189177392150015
2,0,0,0,0,13000.0,1,1,0,upper class,0.6282607890183867
1,1,2,0,0,8000.0,0,0,0,poverty,0.3135714708801836
3,3,3,3,1,12000.0,0,0,0,upper class,0.8275166511075266
2,2,2,4,1,7000.0,1,1,0,upper class,0.6150016644670072
1,1,1,0,0,11000.0,0,1,1,poverty,0.4271866929096974
1,0,0,0,0,11000.0,0,1,1,middle class,
1,1,0,0,0,12000.0,0,1,0,upper class,0.5705957708938973
1,0,0,0,0,13000.0,1,1,0,working class,
2,2,4,3,0,14000.0,0,1,0,middle class,0.5660865838074837
3,0,0,0,0,15000.0,1,1,0,upper class,0.7246516260211215
3,1,1,3,0,12000.0,1,1,0,upper class,0.5944123555771336
1,1,1,1,0,10000.0,0,0,1,poverty,0.4157358422399237
1,1,0,0,0,12000.0,1,1,0,middle class,0.6806248475377844
2,2,2,8,2,7000.0,0,0,0,middle class,0.2281286996504181
2,0,0,0,0,5000.0,1,1,0,upper class,0.6839659624662064
2,2,2,3,0,10000.0,1,1,0,upper class,0.6476691481025054
2,2,3,0,0,13000.0,0,0,0,poverty,0.256228561983949
0,0,0,0,0,18000.0,0,1,0,working class,
1,1,1,2,0,12000.0,0,0,0,poverty,0.4076710274049052
0,0,0,0,0,11000.0,1,1,0,upper class,0.4316194342524034
1,1,1,3,0,12000.0,0,0,1,working class,
0,0,0,0,0,14000.0,0,0,0,poverty,
0,0,0,0,0,15000.0,0,0,1,working class,
1,1,0,0,1,12000.0,0,1,0,upper class,0.5365905524626464
2,2,1,0,1,15000.0,0,1,0,middle class,0.6050150174493037
2,1,2,1,0,12000.0,1,1,0,upper class,0.6890168595706068
0,0,0,0,0,14000.0,0,1,0,working class,0.3607003088952675
2,2,2,2,0,9000.0,0,1,0,upper class,0.7724106704853996
2,1,5,0,0,10000.0,1,1,0,middle class,0.5623849102205396
1,1,3,0,0,15000.0,1,0,0,upper class,0.6047903720798489
1,0,0,0,0,15000.0,0,1,0,upper class,0.6649526471177105
1,1,1,0,0,14000.0,0,1,0,poverty,0.2584986475919236
3,3,4,6,0,7000.0,1,1,0,upper class,0.6229219906418461
0,0,0,0,0,12000.0,0,0,1,poverty,0.221954566050738
1,1,2,2,0,13000.0,1,1,0,upper class,0.7338838668548553
1,1,3,3,0,12000.0,0,1,0,working class,
2,2,2,3,1,12000.0,0,1,0,upper class,0.4886968630423373
0,0,0,0,0,14000.0,0,0,1,working class,0.3974832419886633
3,3,8,3,0,7000.0,1,1,0,upper class,0.5949848654212657
1,1,2,0,1,15000.0,0,0,0,working class,
1,0,0,0,0,13000.0,0,1,0,middle class,0.5074866002249934
3,1,1,2,0,7000.0,1,1,0,upper class,0.5787321513939002
2,0,0,0,0,11000.0,1,1,0,upper class,
0,0,0,0,0,16000.0,1,0,1,working class,0.3700495619279837
2,2,2,4,1,10000.0,1,1,0,upper class,0.5209372267151192
2,0,0,0,0,11000.0,1,1,0,upper class,0.629561765194454
3,3,3,7,0,11000.0,0,1,0,upper class,0.5095099913719647
3,3,3,10,0,9000.0,0,1,0,middle class,0.6049065358383727
3,3,3,4,0,13000.0,1,1,0,upper class,0.6738113407942623
2,0,0,0,0,14000.0,0,1,0,upper class,0.6395131960576228
1,1,0,2,2,12000.0,0,0,1,poverty,0.3754060474029069
3,2,1,1,0,10000.0,0,1,0,upper class,0.6002914540131934
1,1,5,4,0,12000.0,0,0,1,poverty,0.2903776965781191
1,1,2,2,1,12000.0,1,0,0,working class,0.337763772273958
2,1,1,2,3,10000.0,1,1,0,upper class,0.6238940157264959
1,0,0,0,0,14000.0,0,0,1,poverty,0.1922339121015746
2,2,0,1,0,14000.0,1,1,0,upper class,0.6448895574873921
3,1,1,2,0,9000.0,0,1,1,middle class,0.6338098771565343
3,1,0,1,1,11000.0,0,1,0,upper class,0.582437823884746
1,1,1,0,0,12000.0,1,1,0,upper class,0.5980305580914328
2,2,2,1,0,10000.0,1,1,0,upper class,0.5489150697748575
2,2,2,7,1,11000.0,1,1,0,upper class,0.5523881323880686
1,1,0,2,0,10000.0,1,0,0,upper class,0.5095717000423156
1,0,0,0,0,13000.0,0,1,1,middle class,0.5117376349446104
3,3,2,5,0,12000.0,0,1,0,middle class,0.4628364662982673
1,0,0,0,0,10000.0,0,0,1,middle class,0.4794069219483382
3,3,6,3,0,9000.0,0,1,0,upper class,0.7123848645541435
2,2,1,1,0,8000.0,1,1,0,upper class,0.5561496317258147
0,0,0,0,0,12000.0,0,0,1,poverty,0.3372573932305708
0,0,0,0,0,14000.0,0,0,1,poverty,0.2678767803164774
2,2,1,4,3,13000.0,0,1,0,upper class,0.5239348835695834
0,0,0,0,0,12000.0,0,0,1,working class,0.5636837161034072
1,1,1,0,0,15000.0,1,1,0,middle class,0.3453572376484412
1,0,0,0,0,11000.0,0,1,0,middle class,
2,2,2,7,2,11000.0,1,1,0,upper class,0.4162840973092876
3,1,1,1,0,19000.0,0,1,1,upper class,0.6710577400351899
2,2,2,2,0,11000.0,1,0,0,upper class,0.6092538270787325
3,3,9,0,0,9000.0,1,1,0,upper class,0.6377627271910699
2,2,2,1,1,16000.0,0,0,0,working class,0.4146216328652929
1,1,1,2,0,12000.0,0,0,1,poverty,0.3359988718015389
2,2,3,5,2,15000.0,0,1,0,middle class,0.5260178391079982
3,3,6,4,1,11000.0,1,1,0,upper class,0.6079374664098495
3,3,2,1,0,12000.0,0,1,0,upper class,0.5183509849945727
0,0,0,0,0,11000.0,0,0,1,poverty,0.3795074091352928
1,1,1,2,0,14000.0,1,1,0,middle class,0.4403460315331537
2,2,0,0,2,14000.0,0,1,0,working class,0.3081124927383421
2,0,0,0,0,9000.0,1,0,0,middle class,0.5106534385283876
1,1,2,2,0,11000.0,1,1,0,upper class,0.4965554571818523
0,0,0,0,0,13000.0,0,1,0,working class,
3,1,0,0,0,15000.0,1,1,0,upper class,0.5969511707936863
3,3,3,6,0,12000.0,1,1,0,upper class,0.7445940362318062
0,0,0,0,0,16000.0,0,1,0,poverty,0.3528606512240136
1,1,0,2,0,12000.0,0,1,0,middle class,0.4725620372205885
2,2,1,3,0,7000.0,0,1,0,working class,0.5034561261777147
2,2,0,3,0,11000.0,1,1,0,upper class,0.5281279666088714
3,3,2,11,5,14000.0,0,1,0,upper class,0.5360526546947815
2,2,2,0,1,13000.0,1,1,0,upper class,0.609239430274789
1,1,0,0,0,11000.0,1,1,0,upper class,0.6119061158789385
1,1,0,1,0,14000.0,0,0,1,poverty,0.3397399692489963
3,1,4,0,0,15000.0,0,0,1,working class,0.3589212361536521
1,1,2,0,0,13000.0,0,1,0,working class,
1,1,0,0,0,16000.0,0,0,0,middle class,0.4451873369326039
2,2,5,3,0,13000.0,0,0,0,working class,0.3644164683986453
3,2,0,5,0,12000.0,0,1,0,upper class,0.5516614915267227
1,0,0,0,0,12000.0,0,0,1,poverty,0.4300619438840933
2,0,0,0,0,7000.0,1,1,0,upper class,0.6792984756022082
2,1,1,1,0,12000.0,0,1,0,middle class,
0,0,0,0,0,13000.0,0,0,1,working class,0.4454491673003073
2,2,1,2,1,11000.0,0,1,0,working class,
2,2,0,7,1,10000.0,0,0,0,working class,0.3385823952882704
2,1,1,0,0,13000.0,0,1,0,working class,0.4444563698879946
1,1,1,0,0,8000.0,1,0,1,middle class,0.5866750110603012
2,2,2,0,0,12000.0,1,1,0,upper class,0.8190662038642662
1,1,1,3,0,11000.0,0,1,0,middle class,0.5068999531345123
1,1,1,0,0,16000.0,0,1,0,middle class,0.6144328631450537
1,1,0,2,0,10000.0,0,0,1,poverty,0.4197584502477429
2,1,1,0,1,13000.0,1,1,0,upper class,
3,3,4,3,1,14000.0,1,0,0,upper class,0.6246880057231377
3,3,3,10,3,8000.0,0,0,0,middle class,0.5180098219042293
1,1,0,2,0,8000.0,1,0,0,middle class,0.6729433010805125
0,0,0,0,0,9000.0,1,1,0,upper class,0.5145625380618862
3,3,2,2,2,13000.0,1,1,0,upper class,
0,0,0,0,0,8000.0,0,0,1,poverty,0.3054214227559466
2,2,1,1,0,13000.0,0,1,0,middle class,0.4585519228538674
3,3,5,2,0,12000.0,0,1,0,upper class,0.8057389907027154
0,0,0,0,0,16000.0,0,0,0,poverty,
0,0,0,0,0,12000.0,0,1,1,poverty,0.204331080735511
2,2,2,5,1,8000.0,0,1,0,poverty,0.2868307040423252
2,2,1,3,0,11000.0,1,1,0,poverty,0.4091433162660645
2,2,6,3,2,13000.0,1,1,0,upper class,0.5196193023272175
2,1,0,2,0,14000.0,1,1,0,upper class,
3,3,2,2,0,8000.0,0,1,0,upper class,0.7041103092342212
0,0,0,0,0,15000.0,0,1,1,poverty,0.4160200997146181
2,2,5,0,0,12000.0,0,1,0,upper class,0.8103783788928026
3,3,6,3,1,13000.0,0,1,0,upper class,
0,0,0,0,0,16000.0,0,0,1,upper class,0.5975466225645271
1,1,0,0,0,12000.0,0,1,0,upper class,0.6914534434898879
1,0,0,0,0,18000.0,0,0,1,upper class,0.4525094766924492
2,0,0,0,0,12000.0,0,1,1,working class,
2,2,1,2,0,16000.0,0,1,0,working class,0.4561475020425317
1,1,0,2,0,15000.0,0,0,1,working class,0.4846708440812426
2,0,0,0,0,13000.0,1,0,0,upper class,0.6046452351091336
2,1,0,2,3,13000.0,0,1,1,upper class,
2,1,3,1,0,16000.0,0,1,0,middle class,0.4769429942150982
2,2,3,2,1,12000.0,0,1,0,upper class,0.524854140061048
0,0,0,0,0,11000.0,0,0,1,upper class,0.6155620953988491
2,2,2,0,1,13000.0,1,0,0,middle class,0.5615413060142965
1,1,2,0,0,13000.0,0,1,0,upper class,0.7233944188837503
2,2,1,0,1,16000.0,1,1,0,upper class,0.5838985964818494
0,0,0,0,0,12000.0,0,1,1,middle class,0.7041063079078885
0,0,0,0,0,10000.0,0,1,1,poverty,0.3591172399399532
2,1,0,0,0,6000.0,0,1,0,upper class,0.5203529992618114
3,1,0,0,0,9000.0,1,1,0,upper class,0.6160017518360315
1,0,0,0,0,13000.0,0,0,1,working class,0.528242677579548
2,1,2,0,1,17000.0,0,1,0,upper class,0.6686019719325447
1,1,2,1,1,9000.0,1,1,0,upper class,0.6206602298307339
2,1,0,2,0,11000.0,0,1,0,upper class,0.6094998883389061
3,1,0,0,0,12000.0,1,1,0,upper class,0.5646452920588425
1,1,0,0,0,19000.0,0,1,0,working class,0.5621951528284931
0,0,0,0,0,13000.0,0,1,0,working class,0.3869930705618757
0,0,0,0,0,16000.0,0,0,1,working class,0.4960458324575569
1,1,0,10,0,4000.0,1,1,0,upper class,0.6391903210037525
1,1,1,1,0,10000.0,0,0,1,working class,0.3786264445015992
2,0,0,0,0,10000.0,1,0,0,middle class,0.5814284168094358
1,1,1,0,0,14000.0,1,1,0,middle class,0.5141750544284054
2,2,4,8,1,12000.0,0,1,0,upper class,0.5314620230458572
3,3,0,2,1,11000.0,0,0,0,middle class,0.4457833613139871
0,0,0,0,0,13000.0,1,1,0,poverty,
2,1,1,3,0,16000.0,0,1,0,upper class,0.5719653854438522
2,2,3,2,0,12000.0,0,0,0,middle class,0.5106644777629026
0,0,0,0,0,13000.0,0,0,1,poverty,0.2288649445584185
3,1,0,2,0,12000.0,0,0,1,upper class,0.6250976480020242
1,1,1,0,0,11000.0,1,1,0,working class,
1,1,1,0,0,10000.0,1,1,0,upper class,0.5114308371949552
2,2,1,2,0,8000.0,0,1,0,upper class,0.5649422839101735
1,1,1,0,0,11000.0,0,0,1,poverty,0.4217691019197355
1,1,0,1,1,12000.0,0,1,0,middle class,0.5423099054020178
3,3,4,3,0,12000.0,0,1,0,upper class,0.7325021979209161
2,2,3,10,0,9000.0,0,1,0,upper class,
2,1,0,2,0,8000.0,0,1,0,upper class,0.6157527189496566
2,2,2,0,0,12000.0,0,1,0,upper class,
0,0,0,0,0,14000.0,0,1,1,working class,0.3391041428260977
1,1,1,2,0,18000.0,0,1,0,working class,0.5654833178038101
2,1,0,1,0,15000.0,0,0,1,middle class,0.6000945606700809
1,0,0,0,0,11000.0,0,1,1,middle class,0.4703422702789483
1,1,0,2,0,16000.0,1,1,0,middle class,0.4056368272230281
2,2,2,0,0,9000.0,0,1,0,middle class,0.4984370269017703
1,1,0,1,0,17000.0,0,0,1,poverty,0.2882323298695686
0,0,0,0,0,10000.0,0,0,1,middle class,0.4409363177864403
2,2,1,1,0,12000.0,0,1,0,upper class,0.7011043875619007
1,0,0,0,0,13000.0,0,0,1,upper class,0.5158410911068464
1,1,0,0,0,10000.0,0,1,0,middle class,0.552577033496693
3,3,1,0,0,13000.0,0,1,0,upper class,0.5571603034466789
3,3,3,2,0,8000.0,1,1,0,upper class,0.6569952345792299
0,0,0,0,0,13000.0,0,0,1,poverty,0.5190632839502705
1,0,0,0,0,13000.0,0,1,1,working class,0.5303445829334268
2,1,0,0,0,12000.0,0,1,0,upper class,0.5391586055181217
3,3,4,2,0,10000.0,1,0,0,upper class,0.7790401376827991
3,0,0,0,0,10000.0,0,1,1,upper class,0.6479245480562235
2,2,1,1,0,14000.0,0,1,0,upper class,0.5618606787810415
1,0,0,0,0,11000.0,1,1,0,upper class,0.5719660404661686
2,0,0,0,0,13000.0,0,0,1,upper class,0.6274722690901392
0,0,0,0,0,17000.0,0,0,1,poverty,0.2435755388778246
2,2,3,4,1,11000.0,0,1,0,middle class,0.6264570219896365
2,2,3,5,0,14000.0,0,0,0,working class,0.4148807310426015
2,2,0,4,0,8000.0,0,1,0,upper class,0.5209454270821574
0,0,0,0,0,8000.0,0,0,1,poverty,0.403334268295125
1,1,5,0,0,12000.0,0,1,0,upper class,0.6457728615836401
2,1,4,2,0,11000.0,0,1,1,upper class,0.5360952707429667
2,2,2,2,0,14000.0,0,1,0,middle class,0.7424417038212764
3,3,1,9,1,8000.0,1,1,0,upper class,0.5643659706366282
2,2,2,2,0,8000.0,1,1,0,upper class,0.7200397941607997
2,2,1,1,0,12000.0,0,1,0,upper class,0.748956725239477
3,0,0,0,0,11000.0,0,1,0,upper class,0.532484745593896
1,1,2,0,0,16000.0,0,0,0,poverty,0.3077483134833512
3,3,0,3,1,9000.0,0,0,0,upper class,0.8060777297210387
2,2,1,0,1,15000.0,1,1,0,upper class,0.6005077593091429
0,0,0,0,0,18000.0,0,0,1,poverty,0.4690807869675105
0,0,0,0,0,20000.0,1,1,1,middle class,0.3114923209359311
2,2,1,8,0,9000.0,0,1,1,upper class,0.6965083396535244
0,0,0,0,0,10000.0,0,1,0,middle class,0.4674816531864013
2,0,0,0,0,12000.0,1,1,0,middle class,0.5253665202662647
3,0,0,0,0,8000.0,0,1,0,upper class,0.6898585172389251
1,0,0,0,0,14000.0,0,0,1,poverty,0.3796929971731573
1,1,0,1,0,8000.0,0,1,0,working class,0.3018784742305601
1,1,1,0,0,9000.0,1,1,0,upper class,0.71583338738666
0,0,0,0,0,13000.0,0,1,0,working class,0.3682210111582465
3,3,2,4,0,17000.0,0,1,0,upper class,0.5990321238781692
2,2,1,2,0,12000.0,0,1,0,working class,0.5858943451029358
1,1,0,2,0,9000.0,0,1,0,upper class,
1,1,2,2,0,12000.0,1,1,0,working class,0.2934480144354176
0,0,0,0,0,9000.0,0,0,1,poverty,0.3418617252047898
0,0,0,0,0,10000.0,0,0,1,working class,0.5062031783903724
0,0,0,0,0,14000.0,0,1,0,poverty,0.3838624776858912
3,2,0,4,1,11000.0,0,1,0,upper class,0.7376100679194095
1,1,0,2,0,10000.0,0,1,0,poverty,0.4906366086119778
1,1,4,2,0,9000.0,1,1,0,upper class,0.6201273841736746
1,1,0,0,1,17000.0,0,0,1,working class,0.4633431868581646
0,0,0,0,0,12000.0,1,1,0,working class,0.345842800311707
3,3,4,3,0,11000.0,0,1,0,upper class,0.7498940746007671
2,2,3,2,0,17000.0,0,1,0,upper class,0.7640953328310807
3,3,6,7,0,10000.0,0,1,0,upper class,0.6373036380864049
0,0,0,0,0,13000.0,0,1,1,working class,
0,0,0,0,0,12000.0,1,1,0,upper class,0.7020436831211672
3,3,1,3,1,14000.0,1,1,0,upper class,0.6805304479389197
3,1,1,2,0,6000.0,1,1,0,upper class,0.5294385924160808
0,0,0,0,0,12000.0,0,0,1,poverty,0.3812789046566209
3,3,0,1,1,14000.0,0,1,0,upper class,0.6924197834403566
3,3,0,7,1,11000.0,0,1,0,upper class,0.6958419935317093
2,0,0,0,0,12000.0,0,0,1,working class,0.6013294710042193
2,1,3,2,1,9000.0,0,1,0,upper class,0.5496090320674443
1,1,4,0,0,14000.0,0,0,1,middle class,0.6273613390209348
0,0,0,0,0,14000.0,1,1,0,middle class,0.6041047893367332
0,0,0,0,0,17000.0,0,0,1,working class,0.4336723313868529
1,1,0,1,0,14000.0,0,0,0,poverty,0.175240246078814
0,0,0,0,0,9000.0,0,1,0,middle class,0.5589896183531635
2,2,6,6,1,7000.0,1,0,1,upper class,0.5741719727666895
2,0,0,0,0,12000.0,0,1,1,upper class,0.575674930892843
1,1,1,1,0,13000.0,0,1,0,working class,0.4440329823215972
0,0,0,0,0,12000.0,0,0,1,middle class,
1,1,0,1,0,14000.0,0,1,1,working class,0.3664626626338756
3,3,4,4,0,13000.0,0,1,0,upper class,0.4709099425273894
3,3,2,6,0,10000.0,1,1,1,upper class,
2,2,3,0,1,13000.0,0,0,0,working class,0.4558557235183332
3,1,1,2,1,13000.0,1,0,0,upper class,0.4987695160873743
2,2,0,2,0,10000.0,1,1,0,upper class,0.7059734082559136
2,2,1,3,0,12000.0,0,1,0,upper class,0.6463385410582569
2,0,0,0,0,10000.0,0,1,1,upper class,0.667599327119331
2,2,2,5,0,9000.0,0,1,0,upper class,
2,2,0,3,0,10000.0,0,1,0,middle class,0.5045174060377636
1,1,1,0,0,8000.0,0,1,0,working class,
2,0,0,0,0,8000.0,1,1,1,upper class,0.5927760862888297
1,1,2,3,0,11000.0,1,1,0,middle class,0.6320362335140304
2,0,0,0,0,12000.0,1,1,0,upper class,0.7532018978277194
2,2,2,5,0,10000.0,0,1,0,middle class,0.6056746855305867
2,2,0,2,1,16000.0,0,0,0,poverty,0.207432545579217
0,0,0,0,0,10000.0,1,0,1,poverty,0.2907925607872464
1,1,1,0,0,17000.0,1,1,0,working class,0.4755276880991208
2,2,0,3,0,12000.0,0,1,0,working class,0.2236841043640096
3,2,2,4,0,12000.0,1,0,1,upper class,0.5905495956804206
0,0,0,0,0,12000.0,0,1,1,poverty,0.3349652062752788
2,2,5,2,0,9000.0,0,1,0,middle class,0.6054304884310397
3,2,3,3,0,7000.0,0,0,0,upper class,0.6572762925654707
2,0,0,0,0,12000.0,1,0,1,middle class,0.6745695670750705
0,0,0,0,0,13000.0,0,0,1,poverty,0.3293593350870786
0,0,0,0,0,8000.0,0,0,0,poverty,
3,0,0,0,0,11000.0,0,1,1,upper class,0.7302332838693537
1,1,1,0,0,11000.0,0,1,0,middle class,0.6590533905476411
2,2,8,4,0,12000.0,0,1,0,upper class,0.6726992704345639
3,0,0,0,0,8000.0,0,1,0,upper class,0.5677656283040766
3,0,0,0,0,8000.0,1,1,0,upper class,0.5680429515686883
2,2,5,5,0,11000.0,0,1,0,middle class,0.3844230970107322
3,1,4,4,0,11000.0,0,1,0,upper class,0.674130280008358
2,1,2,3,0,15000.0,1,1,0,upper class,
2,2,3,1,0,11000.0,0,0,0,middle class,0.5911684704162853
2,0,0,0,0,9000.0,0,1,0,upper class,0.5847983429422607
2,2,5,0,0,17000.0,0,1,0,middle class,0.5963635206935238
3,3,0,6,1,10000.0,0,1,0,upper class,0.4055202478752996
3,3,8,5,1,10000.0,0,1,0,upper class,0.3016195849865694
0,0,0,0,0,13000.0,0,1,1,poverty,0.2703017296487961
1,1,0,1,0,13000.0,0,1,1,middle class,0.6011776404300165
3,3,3,12,0,10000.0,1,1,0,upper class,0.6421199758823382
1,1,2,0,0,15000.0,0,1,0,middle class,0.5821521960941056
3,2,1,0,0,15000.0,0,1,0,upper class,0.6610853789704112
3,2,3,3,0,14000.0,0,1,1,middle class,0.4870255215613069
1,0,0,0,0,13000.0,0,1,1,working class,0.453801827329586
3,0,0,0,0,11000.0,1,1,0,upper class,0.4750104979182919
1,1,0,0,0,10000.0,0,1,0,poverty,0.2594072113728965
1,1,0,2,0,11000.0,0,1,0,upper class,0.5875253220333557
2,2,5,2,1,12000.0,0,1,0,working class,0.3422852858892937
3,3,3,10,0,9000.0,0,1,0,upper class,0.6384093879267378
1,1,0,2,0,12000.0,0,0,1,poverty,0.2545088625139908
0,0,0,0,0,15000.0,0,0,1,poverty,0.4399165171368632
2,1,1,1,0,8000.0,0,1,0,upper class,0.6583325872755652
2,2,1,3,0,14000.0,0,1,0,middle class,0.4472848534938492
1,1,0,0,0,10000.0,1,1,0,upper class,0.8844095270837166
0,0,0,0,0,12000.0,1,1,0,middle class,0.6445160863822124
2,2,4,2,0,13000.0,0,0,0,upper class,0.6267468514453324
2,0,0,0,0,13000.0,0,1,1,middle class,0.5163285208384004
0,0,0,0,0,12000.0,0,0,1,poverty,0.11914479835417
2,2,1,2,0,11000.0,0,0,1,poverty,0.3769402881848251
0,0,0,0,0,14000.0,0,0,1,poverty,0.2483990423713467
1,1,2,1,0,7000.0,0,1,0,upper class,0.623464040034908
0,0,0,0,0,13000.0,0,0,0,poverty,0.3897704613316164
0,0,0,0,0,11000.0,0,0,1,poverty,0.3738686726843104
0,0,0,0,0,16000.0,0,1,1,working class,
0,0,0,0,0,16000.0,0,1,0,working class,0.3438952685308917
2,2,0,1,0,9000.0,0,1,0,working class,0.3210531693137093
1,0,0,0,0,12000.0,0,1,0,middle class,0.6830898900645607
3,3,1,1,0,7000.0,1,1,0,upper class,0.70632526395876
3,3,1,4,0,6000.0,0,1,0,upper class,0.6519445619523178
1,1,0,2,0,13000.0,0,0,0,upper class,0.5389912469775955
3,3,10,3,0,11000.0,0,0,0,upper class,0.4973317364743944
2,2,2,5,1,13000.0,0,1,0,working class,
3,0,0,0,0,10000.0,1,1,0,upper class,0.8000044065279952
0,0,0,0,0,12000.0,0,1,0,poverty,
0,0,0,0,0,16000.0,0,1,0,poverty,0.3439433692699233
1,1,0,1,0,13000.0,0,1,0,middle class,0.5642939728131308
2,1,0,0,0,11000.0,0,1,0,middle class,0.5328586307290109
2,1,1,1,0,11000.0,0,1,0,working class,0.3811525557741302
2,2,3,0,0,11000.0,0,1,0,working class,0.4194405851541745
1,0,0,0,0,10000.0,1,1,0,upper class,0.6292971341820589
2,0,0,0,0,12000.0,0,0,1,working class,0.3642655106430805
3,0,0,0,0,14000.0,0,1,1,upper class,0.5016231164587127
3,3,1,2,0,16000.0,0,1,0,upper class,0.6622512927422589
1,1,0,0,0,11000.0,0,1,0,middle class,0.5192192445150815
0,0,0,0,0,8000.0,0,0,1,poverty,0.4812921228088031
3,1,0,3,0,12000.0,0,1,0,upper class,0.6910164446960826
2,2,1,0,1,11000.0,0,1,0,upper class,0.6129293231597925
2,0,0,0,0,8000.0,0,0,1,upper class,0.7704573192127384
2,0,0,0,0,12000.0,0,1,0,upper class,
2,2,2,7,1,8000.0,0,1,0,upper class,
1,1,1,2,0,10000.0,1,0,0,poverty,0.2341980151733733
2,0,0,0,0,14000.0,1,1,0,upper class,0.7622701434360871
1,1,0,2,1,15000.0,0,1,1,middle class,0.3850924462355255
1,0,0,0,0,12000.0,0,1,0,upper class,0.6292322910830562
2,2,1,1,2,15000.0,1,1,0,upper class,0.5755767562772276
3,3,0,2,0,16000.0,1,1,0,middle class,0.5493083411849156
2,2,1,5,0,13000.0,0,1,0,upper class,0.4402775964341178
1,1,2,2,0,9000.0,1,1,0,upper class,0.5590665657067693
1,1,1,2,1,16000.0,0,1,1,poverty,0.4319144586115993
3,3,3,1,1,14000.0,0,1,0,upper class,0.5602164790133026
3,0,0,0,0,8000.0,0,1,0,upper class,0.5554677769244147
3,3,4,4,2,13000.0,1,1,0,upper class,
2,1,1,0,0,12000.0,1,1,0,upper class,0.6395575603258792
0,0,0,0,0,13000.0,0,1,0,working class,0.470818253401678
0,0,0,0,0,15000.0,0,0,1,poverty,0.4073519691002561
1,1,0,1,0,12000.0,0,0,0,working class,0.4044758799397153
0,0,0,0,0,13000.0,0,1,1,middle class,
0,0,0,0,0,15000.0,0,1,1,working class,
2,2,2,2,0,13000.0,0,0,0,middle class,0.3641696402054956
2,1,1,2,1,11000.0,0,1,0,upper class,
3,1,2,1,0,13000.0,1,1,0,upper class,0.6276026441084511
3,2,2,1,0,11000.0,1,1,0,upper class,
3,0,0,0,0,10000.0,0,1,1,upper class,0.671695481913853
1,1,1,1,0,8000.0,0,0,0,poverty,0.3687552634913043
1,1,0,2,0,12000.0,0,1,1,middle class,0.5356438028269401
1,1,2,0,0,16000.0,0,1,0,working class,0.5068153499899848
0,0,0,0,0,17000.0,0,0,1,poverty,0.277929013275103
3,1,1,2,1,13000.0,1,0,0,upper class,
0,0,0,0,0,13000.0,0,0,1,poverty,0.3038634503681253
0,0,0,0,0,10000.0,0,0,1,poverty,0.2340120129266886
1,0,0,0,0,12000.0,1,1,0,middle class,0.4003458977237905
2,2,1,0,0,17000.0,1,0,0,working class,0.6200480650967043
3,3,4,1,0,10000.0,1,1,0,upper class,0.6473828507763691
1,1,1,1,0,13000.0,0,1,0,middle class,
1,1,2,4,2,12000.0,0,0,1,working class,0.340278741649701
0,0,0,0,0,16000.0,0,0,1,working class,0.4528580085974892
3,3,5,4,1,12000.0,1,1,0,middle class,0.3354459824186667
0,0,0,0,0,14000.0,0,1,1,working class,0.5827148205827488
2,2,3,8,0,8000.0,0,0,0,middle class,0.6005527991022497
0,0,0,0,0,16000.0,0,1,1,poverty,0.2358029818579255
2,2,2,1,0,12000.0,0,1,0,upper class,
1,1,2,3,0,12000.0,0,0,1,working class,0.3418025374295406
0,0,0,0,0,14000.0,0,0,1,working class,0.5559741470409852
0,0,0,0,0,13000.0,0,1,1,working class,0.4498985939306497
1,1,1,3,0,7000.0,0,0,0,working class,
0,0,0,0,0,17000.0,0,1,0,poverty,0.3590708073054552
0,0,0,0,0,12000.0,0,0,1,middle class,0.4494733569092757
1,1,3,3,0,8000.0,1,1,0,upper class,0.6463005991456011
1,1,1,3,0,8000.0,1,1,0,middle class,0.7313646054531775
2,2,5,6,0,12000.0,1,1,0,upper class,0.5697671447610516
3,3,0,1,0,12000.0,1,1,0,upper class,
1,0,0,0,0,16000.0,0,1,1,poverty,0.3287658323985594
3,3,4,4,0,10000.0,0,1,0,upper class,0.638176098135206
1,1,0,1,1,12000.0,0,0,1,working class,
1,1,3,3,0,17000.0,0,1,0,middle class,0.6579868362422994
3,2,4,9,1,8000.0,0,1,1,upper class,0.5986520389638185
2,0,0,0,0,11000.0,1,1,0,upper class,0.5760394844845216
1,1,0,0,0,17000.0,1,0,1,middle class,0.747285655552212
1,1,0,1,0,9000.0,1,1,0,upper class,
1,1,0,0,1,8000.0,0,0,0,poverty,0.2249840281466978
2,2,0,4,0,16000.0,1,0,0,upper class,0.6799893874477569
1,1,2,1,0,13000.0,0,0,1,poverty,0.3082459199173508
0,0,0,0,0,12000.0,1,1,0,upper class,0.6536211423481199
1,1,1,0,0,17000.0,0,1,1,middle class,0.6269408658287202
0,0,0,0,0,14000.0,0,1,0,poverty,0.3211781322149683
3,1,0,0,0,14000.0,1,1,0,upper class,0.8456612147213525
3,0,0,0,0,10000.0,0,1,1,upper class,0.6508094621461856
0,0,0,0,0,11000.0,0,1,1,working class,0.3127195468087905
0,0,0,0,0,13000.0,0,0,1,poverty,0.1353164145309943
0,0,0,0,0,14000.0,0,0,1,middle class,0.5598702465735836
3,1,1,1,1,12000.0,0,1,0,upper class,0.5131771364489982
0,0,0,0,0,14000.0,1,0,0,poverty,0.3967625549479261
2,0,0,0,0,9000.0,0,1,1,middle class,0.3913038643721578
2,1,1,3,0,11000.0,1,1,0,upper class,0.5707340688945091
2,2,5,2,0,12000.0,0,0,0,upper class,0.6000246088971019
2,2,4,4,1,11000.0,0,0,1,upper class,0.7373210898498997
1,0,0,0,0,14000.0,0,0,1,upper class,0.4848886682435933
2,2,0,5,2,12000.0,0,1,0,upper class,0.6334004735306085
2,1,1,2,0,10000.0,1,1,0,upper class,0.5534831092311204
3,1,0,0,0,13000.0,1,1,0,upper class,0.4719024225308068
1,1,0,0,0,17000.0,0,1,0,working class,0.3761345289417776
1,1,1,0,0,13000.0,0,1,1,working class,0.4964384234259442
2,1,4,1,0,13000.0,0,1,0,middle class,0.6619182641114004
1,0,0,0,0,10000.0,0,1,1,middle class,0.5890046463385534
1,1,2,1,0,11000.0,0,0,0,upper class,0.5981802762565531
1,0,0,0,0,10000.0,0,1,0,upper class,0.7116785915684535
3,3,5,4,0,10000.0,0,1,0,upper class,0.6542957139295364
2,1,0,1,1,6000.0,0,1,0,middle class,0.4152593246800269
1,1,0,0,0,15000.0,0,1,0,poverty,0.3601262725864852
1,1,1,0,0,12000.0,0,1,0,upper class,0.4883840798658852
2,2,0,0,0,12000.0,0,1,0,middle class,0.4876465439464826
2,2,1,3,2,14000.0,1,0,0,upper class,0.7046155222232331
2,0,0,0,0,6000.0,1,0,1,upper class,0.5832300420155135
2,2,1,7,1,12000.0,1,0,0,upper class,0.5823393212062394
0,0,0,0,0,16000.0,1,1,0,upper class,0.7335173545721723
2,2,1,0,0,11000.0,0,0,0,upper class,0.6936100535519718
1,1,0,1,0,10000.0,0,1,0,middle class,0.4882351574275571
2,0,0,0,0,10000.0,0,1,1,upper class,0.6340536445631764
1,0,0,0,0,14000.0,1,0,1,middle class,0.4969487452557816
0,0,0,0,0,14000.0,0,1,1,poverty,0.3410406534529566
3,2,3,1,0,8000.0,1,1,0,upper class,
2,2,6,6,0,6000.0,1,1,0,upper class,0.6663660980564277
1,1,0,1,1,17000.0,0,1,0,middle class,0.4814822599879622
0,0,0,0,0,12000.0,0,1,1,middle class,
1,1,0,0,0,17000.0,0,1,1,upper class,0.7100448184688449
1,1,2,1,0,8000.0,1,0,1,working class,0.3912170956734044
3,3,0,4,1,7000.0,1,1,0,upper class,0.6511117017505379
0,0,0,0,0,13000.0,1,1,0,working class,0.5746661136667053
1,1,0,0,0,13000.0,0,0,0,working class,0.3178834027243783
2,2,2,6,0,11000.0,1,1,0,upper class,0.5297585877193907
0,0,0,0,0,11000.0,0,1,0,poverty,0.2892002918592132
0,0,0,0,0,11000.0,1,1,0,upper class,0.4480381051510975
0,0,0,0,0,16000.0,0,1,0,middle class,0.5959653319263821
2,2,2,3,0,8000.0,0,1,0,upper class,0.6396427617590215
0,0,0,0,0,11000.0,0,0,1,poverty,0.4420712939761764
2,1,0,0,0,11000.0,1,1,0,middle class,
1,1,3,0,0,8000.0,1,1,0,upper class,0.5444505055710364
1,1,0,4,0,7000.0,0,0,1,working class,0.3498143324719373
2,2,2,5,1,5000.0,0,1,0,upper class,0.5911312733018249
1,1,0,1,1,13000.0,0,1,0,middle class,0.5801466174777621
0,0,0,0,0,16000.0,0,0,1,working class,0.4773131483654282
2,1,4,1,1,11000.0,0,1,0,upper class,0.5450052865059094
3,3,3,6,1,13000.0,1,1,0,upper class,0.7038701611460187
3,3,8,6,1,6000.0,0,1,0,middle class,0.434205848653748
3,0,0,0,0,10000.0,0,1,0,upper class,0.534248147114374
1,1,2,0,0,11000.0,1,1,0,middle class,0.6303955958218301
2,1,0,0,1,11000.0,0,1,0,upper class,0.5819982323646474
3,3,4,2,0,9000.0,0,1,0,upper class,0.7059592418232604
1,1,1,2,0,17000.0,0,1,1,working class,0.5209094741954858
1,1,0,0,0,12000.0,0,0,1,working class,0.4528159473200856
3,3,6,5,1,9000.0,1,0,0,upper class,0.6213946273294794
1,1,0,2,0,9000.0,0,1,0,middle class,0.4655797196432671
0,0,0,0,0,10000.0,0,0,0,middle class,0.4935506202970006
0,0,0,0,0,15000.0,0,0,1,poverty,0.3722345754313817
1,1,1,2,0,10000.0,0,1,0,middle class,0.466890958934644
1,0,0,0,0,13000.0,0,1,1,middle class,0.5197055835934128
3,0,0,0,0,9000.0,0,0,1,working class,0.4573161379702025
1,1,1,1,0,13000.0,0,0,0,middle class,0.4591843337743866
2,2,0,4,1,7000.0,0,0,0,working class,0.3301364836409569
1,0,0,0,0,12000.0,0,0,1,poverty,0.3237797344421737
0,0,0,0,0,13000.0,0,0,1,poverty,0.4470360578482436
2,2,3,3,0,12000.0,1,1,0,middle class,0.5333430971963086
0,0,0,0,0,16000.0,0,1,1,working class,0.3931720373821237
3,3,1,4,1,11000.0,0,1,0,upper class,0.6471710025251379
1,1,0,1,0,14000.0,0,0,0,working class,0.360775239400342
1,1,4,2,0,6000.0,1,1,0,middle class,0.4541414580903294
1,1,2,0,0,8000.0,0,1,0,upper class,0.6163764224566708
3,2,4,5,0,6000.0,0,1,0,upper class,0.5702598289580935
2,2,4,6,0,13000.0,0,0,0,upper class,0.7416076470188465
2,0,0,0,0,8000.0,1,1,0,upper class,0.6094558082605162
1,1,0,2,0,14000.0,0,1,0,middle class,
3,1,1,2,1,9000.0,1,0,1,upper class,0.6046472103071925
1,0,0,0,0,8000.0,0,0,1,middle class,0.555426537808697
3,3,4,9,3,10000.0,0,1,0,upper class,0.6043395755162021
2,2,4,1,2,7000.0,0,1,0,middle class,0.5048179755636425
0,0,0,0,0,12000.0,0,1,1,middle class,0.6147395466940077
1,1,0,1,0,14000.0,0,1,0,poverty,0.3620114553841724
0,0,0,0,0,9000.0,0,0,1,poverty,0.2987359142645556
0,0,0,0,0,15000.0,0,1,1,working class,0.4395751019386749
1,0,0,0,0,10000.0,1,1,0,upper class,0.4879019932928329
1,1,0,1,0,11000.0,1,1,0,working class,0.3857779372308616
1,0,0,0,0,19000.0,0,0,1,poverty,
1,1,0,0,0,11000.0,0,1,0,working class,0.4337008084550018
3,2,2,2,0,8000.0,0,1,0,upper class,0.6210470840406783
2,0,0,0,0,14000.0,1,1,0,upper class,0.5783653558417231
1,1,0,1,0,13000.0,0,1,1,upper class,0.6748374697346479
2,2,1,1,0,13000.0,1,1,0,upper class,0.5873300928477266
2,2,2,1,0,15000.0,0,1,0,upper class,0.7173930084075173
1,1,0,0,0,13000.0,1,1,0,working class,0.3436298333031708
3,3,0,6,4,14000.0,0,1,0,working class,
2,0,0,0,0,7000.0,0,0,1,working class,0.3921684468808021
0,0,0,0,0,15000.0,0,1,0,poverty,0.3878614278319642
2,0,0,0,0,11000.0,1,1,0,upper class,
1,1,0,0,0,12000.0,0,1,0,upper class,0.4305216869024564
0,0,0,0,0,12000.0,0,1,0,working class,0.4226617173783108
1,1,1,1,0,9000.0,0,0,0,middle class,0.3396411064141317
0,0,0,0,0,9000.0,0,0,1,middle class,0.5991443379590633
1,1,0,7,0,9000.0,0,0,0,upper class,
3,1,2,3,0,12000.0,0,1,0,upper class,0.6686311631887717
1,1,0,0,0,16000.0,0,0,1,poverty,0.4055150988678491
2,0,0,0,0,14000.0,1,1,0,working class,0.4953664086528851
2,0,0,0,0,16000.0,1,1,1,upper class,0.5836705952546154
1,0,0,0,0,15000.0,1,1,0,middle class,0.6180505986472008
1,1,2,1,0,9000.0,1,1,0,upper class,0.4532321647211416
2,2,1,0,0,12000.0,0,0,0,middle class,0.5699592118675274
1,1,0,2,0,9000.0,0,0,1,middle class,0.3909750847415919
3,1,1,2,0,12000.0,1,1,0,upper class,0.7045096686066962
0,0,0,0,0,14000.0,0,1,1,poverty,0.4224837334393433
1,1,1,2,0,13000.0,0,1,0,poverty,0.4109957752574935
1,0,0,0,0,14000.0,0,1,0,poverty,0.4415673710068289
1,1,0,0,1,13000.0,0,1,0,middle class,0.5144605261762479
2,2,7,0,0,8000.0,0,1,0,upper class,0.5205575389298718
1,1,1,2,0,13000.0,0,1,0,upper class,0.5295190099246769
1,0,0,0,0,12000.0,1,1,1,middle class,0.6643746842126251
0,0,0,0,0,9000.0,0,0,1,poverty,
3,3,4,2,1,14000.0,0,1,0,upper class,0.6288688479239029
1,1,1,1,0,11000.0,1,1,0,working class,
1,1,0,1,0,14000.0,0,1,0,middle class,0.3627367243358606
3,2,0,2,0,12000.0,1,1,0,middle class,0.4983669346821314
2,2,0,0,1,16000.0,0,1,0,middle class,
3,0,0,0,0,10000.0,0,1,0,upper class,0.4630504280385862
0,0,0,0,0,10000.0,1,1,0,middle class,0.5706375251315591
1,1,1,3,1,13000.0,0,0,1,poverty,0.2236735166965698
1,1,2,1,0,11000.0,0,1,0,working class,0.3880795939145466
2,0,0,0,0,12000.0,1,0,0,upper class,0.7170835871715359
1,1,1,0,0,13000.0,1,0,0,middle class,0.5394415105389736
3,3,4,2,0,9000.0,1,1,0,upper class,0.5482918097266921
2,2,1,1,0,14000.0,0,1,0,middle class,0.6362568375561625
1,1,1,0,0,15000.0,1,1,0,working class,0.4437836280356294
2,2,0,0,0,12000.0,0,0,0,middle class,0.6735097524290821
2,1,2,1,0,9000.0,1,0,0,upper class,0.5783885461834334
3,3,14,7,1,7000.0,0,1,0,upper class,0.7390510181007927
0,0,0,0,0,8000.0,0,0,1,working class,0.3627705566964328
1,1,0,0,0,14000.0,0,1,1,upper class,0.6451295780112309
2,2,0,2,0,11000.0,0,1,0,working class,0.5048383516331792
0,0,0,0,0,16000.0,0,0,1,poverty,0.3636576200959945
1,1,0,1,0,10000.0,0,1,0,working class,0.4774916538581971
0,0,0,0,0,12000.0,0,0,0,poverty,0.2594109431729898
1,1,2,1,0,10000.0,0,1,0,working class,0.3862602749859222
1,1,0,1,0,12000.0,0,1,0,poverty,0.2062040634457388
0,0,0,0,0,12000.0,1,1,0,middle class,0.5366050453280441
1,1,0,3,0,8000.0,0,1,0,poverty,0.3378251853625473
0,0,0,0,0,14000.0,0,1,1,poverty,0.1665624379563555
0,0,0,0,0,11000.0,0,0,1,working class,0.454226741146135
1,1,0,4,0,12000.0,0,1,0,upper class,0.7198993235950351
1,1,1,0,0,15000.0,0,1,0,upper class,0.530205499379887
2,2,4,1,0,12000.0,1,1,0,upper class,0.5946924555510383
1,1,1,0,0,15000.0,0,1,1,middle class,0.4318816696292355
1,0,0,0,0,6000.0,0,1,0,upper class,0.6126661552063589
1,1,1,0,2,17000.0,1,1,0,middle class,0.7251226768154257
1,1,0,1,0,14000.0,0,1,1,middle class,0.3156366369853307
2,2,1,7,0,8000.0,1,0,0,upper class,0.7248113365935204
1,1,0,1,0,14000.0,0,1,0,middle class,0.4685045607790929
3,3,0,4,1,10000.0,0,0,0,middle class,
2,2,2,3,1,13000.0,0,0,0,poverty,
0,0,0,0,0,18000.0,0,0,1,middle class,0.4337899755378196
0,0,0,0,0,9000.0,0,1,1,working class,0.5253518870692256
3,0,0,0,0,8000.0,1,0,0,middle class,0.4053479630908377
1,1,0,0,0,12000.0,0,0,1,working class,0.5381443097678484
2,1,1,0,0,14000.0,0,1,0,poverty,0.5089660159502207
1,1,0,0,0,10000.0,0,1,0,middle class,0.5744922938547515
1,1,1,6,1,6000.0,0,1,1,working class,0.5297430054333819
3,3,2,5,1,12000.0,0,0,0,upper class,0.6322336535055987
0,0,0,0,0,12000.0,0,1,1,middle class,0.4573907349419177
2,2,4,8,0,12000.0,1,1,0,upper class,0.8564629599734954
2,2,0,1,0,14000.0,1,0,1,working class,0.4850543628205748
1,0,0,0,0,8000.0,0,0,0,working class,0.3960967930795871
3,3,9,4,0,11000.0,1,0,0,upper class,0.7093633038278796
1,0,0,0,0,9000.0,0,1,1,middle class,0.5303731375700654
2,0,0,0,0,11000.0,0,1,0,middle class,0.6018479682838411
1,1,0,3,1,14000.0,0,1,0,middle class,0.574656447660975
3,2,1,4,0,9000.0,1,0,0,working class,0.442915867586197
3,3,1,5,3,9000.0,1,1,0,middle class,0.4969585048381865
1,1,0,1,0,17000.0,0,0,1,poverty,0.3706813762670471
1,1,0,2,1,18000.0,0,1,1,working class,0.5897793467930541
1,0,0,0,0,17000.0,1,0,1,poverty,0.4003174824567489
2,2,3,2,1,10000.0,0,1,0,upper class,0.6709047276352923
1,1,1,1,3,8000.0,1,1,0,middle class,0.428984582077122
3,3,0,15,1,6000.0,1,1,0,upper class,0.8013400682716301
2,2,2,1,1,13000.0,0,1,0,working class,0.420639455981065
3,3,1,5,1,9000.0,1,1,0,upper class,
2,0,0,0,0,6000.0,1,1,0,middle class,0.6232265163604744
3,0,0,0,0,7000.0,0,1,0,upper class,0.5573745044426411
3,3,4,3,0,14000.0,0,1,0,upper class,0.565015422135134
2,2,3,2,1,9000.0,1,0,0,upper class,0.4176167529380851
0,0,0,0,0,12000.0,0,1,1,working class,0.3833208469601232
1,1,0,3,0,13000.0,0,1,0,working class,0.4921862369471247
1,1,0,4,0,14000.0,1,1,0,upper class,0.6368502910717724
2,2,4,1,0,17000.0,0,1,0,upper class,
1,0,0,0,0,16000.0,0,1,1,middle class,0.5799346731224745
2,0,0,0,0,13000.0,0,1,0,middle class,0.4546701145878793
1,1,1,0,0,15000.0,0,1,0,middle class,0.4027926355634799
3,0,0,0,0,13000.0,0,1,0,upper class,0.5979218315246748
2,1,1,3,0,9000.0,0,0,0,poverty,0.2776754527322686
1,0,0,0,0,9000.0,0,1,1,upper class,0.5715238084155025
1,1,2,0,0,12000.0,0,1,0,middle class,0.4637815381476781
0,0,0,0,0,11000.0,0,1,0,middle class,0.4678772300850685
3,0,0,0,0,13000.0,1,1,0,upper class,0.6518330966057846
3,2,0,8,0,9000.0,1,1,0,upper class,0.6018523848575179
1,1,0,1,0,10000.0,0,1,0,middle class,0.6652700956908707
1,1,2,1,0,14000.0,1,0,0,middle class,0.6063519327200592
2,2,1,1,0,15000.0,1,1,0,upper class,0.3921281906969913
1,1,2,3,1,10000.0,0,1,0,working class,0.4606261840596258
2,2,1,2,0,12000.0,0,1,0,upper class,0.6930667073982335
0,0,0,0,0,16000.0,1,0,0,poverty,0.3464732914298389
1,1,1,2,0,8000.0,1,0,0,working class,0.2816672602836219
0,0,0,0,0,10000.0,0,1,0,working class,0.3877043998415413
2,2,4,1,0,11000.0,1,1,0,upper class,0.6870748566737084
2,0,0,0,0,16000.0,0,1,1,upper class,0.5600816526587659
2,2,0,0,0,15000.0,0,1,0,poverty,
1,1,0,4,0,8000.0,1,1,0,upper class,0.518642532025159
1,1,0,2,0,13000.0,1,1,0,middle class,0.3433929329199842
1,0,0,0,0,15000.0,1,1,0,upper class,0.6706471592156179
0,0,0,0,0,12000.0,1,0,1,working class,0.4423001568608759
0,0,0,0,0,12000.0,0,1,0,working class,0.3532271463894319
1,0,0,0,0,10000.0,1,0,1,working class,0.4819127059705207
1,1,1,2,1,12000.0,0,1,0,middle class,0.2387166975286248
2,0,0,0,0,7000.0,1,1,0,upper class,0.6819611420152124
1,1,0,2,1,12000.0,0,0,1,working class,0.4371078057546074
2,1,1,1,0,10000.0,0,0,0,working class,0.3140534394892877
2,2,1,1,0,12000.0,0,1,0,upper class,0.5122405698589584
2,2,1,1,0,10000.0,0,0,0,middle class,0.3888188750585545
0,0,0,0,0,14000.0,0,0,0,middle class,0.4658807306555893
0,0,0,0,0,15000.0,0,1,1,poverty,
2,2,3,0,0,13000.0,0,1,0,middle class,0.4983949335821834
3,1,2,1,0,7000.0,0,0,0,upper class,0.4995787600353776
2,2,5,4,1,12000.0,0,1,0,middle class,0.4599818241108985
3,2,3,4,0,12000.0,1,1,0,upper class,0.4108603754253124
1,1,0,1,0,12000.0,0,1,0,working class,0.2799021951439587
1,0,0,0,0,10000.0,1,1,0,upper class,
0,0,0,0,0,11000.0,0,1,1,middle class,0.5122124171290788
2,1,1,0,0,20000.0,1,1,0,upper class,0.6157910390587044
1,1,1,0,0,11000.0,0,0,1,working class,0.3984060504754135
1,1,1,3,0,7000.0,0,0,1,working class,0.3046613986667242
2,2,5,4,0,14000.0,1,1,0,upper class,0.729851637656742
2,2,2,2,0,9000.0,0,1,0,poverty,0.3992512120483985
0,0,0,0,0,16000.0,1,0,1,poverty,0.2771950785800681
0,0,0,0,0,12000.0,0,0,1,poverty,0.5396039422623802
1,0,0,0,0,18000.0,0,1,1,working class,0.4141252031377662
1,1,1,2,0,12000.0,0,0,1,middle class,
2,2,0,2,0,9000.0,1,1,0,upper class,0.4754848367664985
2,0,0,0,0,11000.0,0,1,0,upper class,0.5641387945355132
2,2,3,3,0,11000.0,1,0,0,middle class,0.4913185605656244
1,1,1,4,0,10000.0,0,0,0,working class,
0,0,0,0,0,9000.0,0,1,1,poverty,0.3543730628022394
3,3,2,2,1,10000.0,0,1,0,upper class,0.5325877547051209
3,0,0,0,0,12000.0,0,1,1,upper class,0.6386945926958373
0,0,0,0,0,11000.0,0,0,1,middle class,0.4965500328738285
1,1,3,3,1,12000.0,0,1,1,working class,
2,2,2,3,1,10000.0,1,1,0,upper class,0.6430108382225219
1,1,0,0,0,12000.0,0,1,0,poverty,0.4890164051337181
1,1,2,3,0,13000.0,1,1,0,upper class,0.5416548065025522
3,0,0,0,0,11000.0,0,0,1,middle class,0.4643846739427252
3,3,2,1,0,10000.0,1,1,0,upper class,0.6189987105355627
1,1,0,1,0,11000.0,0,1,1,middle class,0.4118152950314071
2,0,0,0,0,10000.0,0,1,1,poverty,0.4847038948077335
3,3,4,7,0,10000.0,1,1,0,upper class,0.6056489554250117
1,1,0,1,0,12000.0,1,0,0,upper class,0.7661048777029625
2,2,0,0,0,13000.0,1,0,0,upper class,0.5424831086952988
1,0,0,0,0,17000.0,0,1,1,poverty,0.20843385185415
1,0,0,0,0,9000.0,0,0,1,poverty,0.3589323014822048
1,1,0,0,0,7000.0,1,1,0,upper class,0.5648598691189141
3,3,2,9,1,6000.0,1,1,0,upper class,0.4698129526772792
0,0,0,0,0,14000.0,0,1,0,poverty,0.2992029176474962
2,2,1,2,0,15000.0,0,1,0,upper class,0.5146299021154805
1,0,0,0,0,12000.0,0,1,0,poverty,0.3004827485746554
0,0,0,0,0,14000.0,0,0,1,poverty,0.2755826804934645
0,0,0,0,0,17000.0,0,0,0,working class,
2,1,3,1,0,12000.0,0,1,0,upper class,0.6408988315327818
1,1,0,1,0,11000.0,0,0,0,working class,0.4191538153599215
2,0,0,0,0,12000.0,1,1,0,working class,0.4623273594448814
2,2,1,2,0,9000.0,1,1,0,upper class,0.6229471964433024
1,1,1,1,0,9000.0,1,1,0,middle class,0.6721116714802283
3,3,0,0,0,13000.0,1,1,0,upper class,0.4988538572884064
2,0,0,0,0,10000.0,0,0,1,poverty,0.3360557592308053
3,1,1,1,0,12000.0,1,1,0,upper class,0.6178082000306055
0,0,0,0,0,11000.0,0,1,0,poverty,0.2884319488347714
1,1,1,0,0,16000.0,0,0,1,poverty,0.393470768101357
2,2,1,6,1,12000.0,1,1,0,upper class,0.6734220340248892
2,1,0,3,0,8000.0,0,1,0,upper class,0.6500573312859141
2,0,0,0,0,12000.0,0,1,1,upper class,0.6928652475914814
1,1,0,4,0,12000.0,1,1,0,middle class,0.3433187489932688
0,0,0,0,0,9000.0,0,0,1,poverty,0.2892278051746093
1,1,4,2,0,10000.0,0,0,1,poverty,0.4693145545863751
2,0,0,0,0,13000.0,0,0,0,poverty,0.3515298258250294
2,2,1,0,0,19000.0,1,1,0,upper class,0.5559890754273217
3,0,0,0,0,12000.0,1,1,0,upper class,0.6475408925470649
1,1,1,1,0,14000.0,0,1,0,poverty,0.3028088269593427
2,0,0,0,0,10000.0,1,1,1,upper class,0.6206110726170054
2,0,0,0,0,12000.0,0,1,0,upper class,0.4831898262379074
2,1,1,0,0,16000.0,1,0,0,middle class,0.588240239675542
1,1,0,0,0,12000.0,1,1,0,upper class,0.549476548718367
1,0,0,0,0,11000.0,1,1,0,upper class,0.6040525730806547
3,3,4,3,1,10000.0,0,1,0,upper class,0.6488774970733033
0,0,0,0,0,13000.0,0,0,1,poverty,0.2408585357293881
2,2,0,1,0,13000.0,0,1,0,middle class,0.5651553579174025
2,2,0,2,0,11000.0,0,1,0,middle class,0.5458549671901977
2,0,0,0,0,11000.0,1,1,0,upper class,0.6885778870930612
3,3,3,1,1,14000.0,1,1,0,upper class,0.6525524182204648
2,2,1,4,0,13000.0,1,1,0,upper class,0.7158624172055517
3,3,0,3,1,11000.0,0,1,0,upper class,0.7573618236272646
3,1,1,0,1,12000.0,1,0,0,upper class,
1,1,1,2,3,13000.0,1,1,0,upper class,0.5837297799840039
2,2,0,2,0,16000.0,0,1,0,upper class,0.6306307935993771
3,1,2,1,2,8000.0,1,1,0,upper class,0.5031840274119616
1,1,1,2,0,16000.0,0,0,0,middle class,0.565602010256281
1,0,0,0,0,9000.0,1,1,0,upper class,0.5114051425042117
1,1,0,0,0,12000.0,0,1,0,working class,0.4848242280816225
1,1,0,2,0,13000.0,0,1,0,middle class,
2,1,1,0,0,14000.0,1,1,0,upper class,
0,0,0,0,0,11000.0,1,1,0,upper class,0.6309928831750566
0,0,0,0,0,14000.0,0,1,1,working class,0.5193208260716933
0,0,0,0,0,14000.0,0,1,1,working class,0.5703941633680296
1,1,1,2,0,11000.0,0,1,0,middle class,0.4979605061732534
3,3,1,4,1,10000.0,1,1,0,upper class,0.4302488913418512
2,1,5,1,0,10000.0,0,1,0,middle class,0.5379109705719599
2,2,3,2,0,15000.0,0,1,0,working class,0.4623855547471761
0,0,0,0,0,13000.0,0,0,1,poverty,0.383696830868923
1,1,2,1,0,13000.0,1,0,0,working class,0.3770168808472885
1,1,1,1,0,12000.0,0,0,0,middle class,0.4162114507143063
0,0,0,0,0,15000.0,0,1,0,poverty,0.2932795320869824
1,1,0,0,0,11000.0,0,1,0,middle class,0.4432003644752441
3,0,0,0,0,15000.0,1,1,0,upper class,0.6391883903930788
1,1,0,3,0,14000.0,1,1,0,upper class,0.5601753532231943
3,2,2,2,0,11000.0,0,1,0,upper class,0.6920398013919037
0,0,0,0,0,10000.0,0,0,1,poverty,0.419377648649498
1,1,1,1,0,12000.0,0,0,1,middle class,
3,3,0,0,0,12000.0,1,0,0,upper class,
1,1,0,0,0,9000.0,0,1,0,middle class,0.6489500854684961
0,0,0,0,0,12000.0,0,1,0,middle class,0.5704437973204898
2,2,2,5,0,12000.0,0,1,0,upper class,0.7834688721543275
3,3,1,3,1,12000.0,1,1,0,upper class,0.6891124172848563
0,0,0,0,0,16000.0,0,0,0,upper class,0.6226579790765938
3,3,0,2,0,12000.0,1,1,0,upper class,0.6245083258338776
1,1,0,0,0,15000.0,0,0,0,working class,
0,0,0,0,0,11000.0,0,0,1,poverty,0.2865743914094195
1,1,0,2,0,12000.0,0,1,0,working class,0.4385758029647253
0,0,0,0,0,13000.0,0,1,1,poverty,0.3239704205767568
2,2,2,1,0,15000.0,0,1,0,upper class,0.6327268251967444
3,3,8,8,1,10000.0,1,1,0,upper class,0.6161772975154499
3,0,0,0,0,17000.0,0,1,1,upper class,0.6723760407246755
1,1,0,1,0,12000.0,0,1,0,middle class,0.5808830580602365
1,1,1,0,1,12000.0,1,1,0,working class,0.4477090128672145
3,2,0,0,1,14000.0,0,1,1,middle class,0.5816037415682471
1,1,1,0,1,15000.0,0,1,1,upper class,
0,0,0,0,0,10000.0,0,1,0,working class,0.4464761359856351
1,1,1,1,0,10000.0,1,1,0,upper class,0.6369224099026874
3,3,6,1,1,12000.0,0,1,0,upper class,0.5645300727892164
1,1,1,1,0,11000.0,1,1,0,middle class,0.4362221796429071
0,0,0,0,0,17000.0,0,0,1,poverty,0.3831887699575411
3,2,0,3,0,12000.0,0,1,0,upper class,0.7606390311499864
0,0,0,0,0,14000.0,0,0,1,middle class,
2,1,2,1,0,11000.0,0,1,0,upper class,0.5360846880395218
1,0,0,0,0,8000.0,1,1,0,working class,0.4270493417836966
0,0,0,0,0,18000.0,0,1,0,poverty,0.4816521872538263
1,1,0,0,0,12000.0,0,0,1,middle class,0.5840680087396983
3,1,1,2,0,11000.0,0,1,1,upper class,0.7128243408066132
0,0,0,0,0,12000.0,1,1,0,working class,0.3364689593559845
0,0,0,0,0,12000.0,0,1,1,poverty,0.2946535579379924
2,2,0,8,1,8000.0,0,1,0,upper class,0.4563708821483924
1,1,0,1,0,13000.0,1,0,0,middle class,0.5448380735082949
0,0,0,0,0,11000.0,0,0,1,poverty,
3,2,6,5,0,12000.0,0,1,0,upper class,0.5670325638533684
2,2,0,1,1,11000.0,1,0,0,upper class,0.6100105875736568
1,1,1,2,0,14000.0,0,1,0,poverty,0.2300324127860236
1,1,1,1,0,12000.0,1,1,0,upper class,0.6136255287801171
2,1,5,2,0,9000.0,0,1,0,middle class,
1,0,0,0,0,11000.0,1,1,0,upper class,0.6687110075744085
2,1,0,3,0,8000.0,0,1,0,upper class,0.6358873955472639
2,2,1,0,2,10000.0,1,1,0,upper class,0.756751214146398
0,0,0,0,0,14000.0,0,0,1,middle class,0.4772877789787569
1,1,1,1,0,14000.0,1,0,0,poverty,0.2956674592939673
1,1,0,1,0,9000.0,0,1,0,upper class,0.4944237022374067
2,2,1,1,1,13000.0,1,1,0,upper class,0.6591537948789903
2,0,0,0,0,19000.0,1,1,1,upper class,0.5976223043983767
0,0,0,0,0,12000.0,1,1,0,working class,0.451666058884765
3,2,6,4,0,10000.0,0,1,0,middle class,0.3030111934015117
1,0,0,0,0,14000.0,1,1,0,middle class,0.6266431041870515
0,0,0,0,0,8000.0,0,1,1,working class,0.5253111108305094
3,2,3,6,0,11000.0,0,1,0,upper class,0.5155666970627903
3,3,5,3,1,6000.0,0,1,0,middle class,0.7155713344900813
1,1,2,1,0,11000.0,0,1,0,middle class,0.4471073549724479
2,1,1,0,0,9000.0,0,1,0,upper class,0.6695456052299447
2,2,4,0,0,12000.0,0,1,0,upper class,0.5351397834821907
1,1,0,3,1,9000.0,0,0,1,working class,0.4016314373783455
2,2,7,1,2,12000.0,1,1,0,middle class,0.4901700630176185
1,1,2,1,0,12000.0,1,0,0,upper class,0.5958198695827401
1,1,1,1,0,12000.0,0,1,0,middle class,0.5418297585749775
1,1,1,3,0,9000.0,0,1,0,middle class,0.405137060644103
2,1,0,1,0,13000.0,1,1,0,upper class,0.5766424612518486
0,0,0,0,0,16000.0,0,0,1,poverty,0.3584014140447628
2,2,2,4,0,12000.0,0,1,0,middle class,0.4538238305384827
1,0,0,0,0,15000.0,1,1,0,upper class,0.4895004040886845
2,2,0,3,1,10000.0,0,1,0,upper class,0.5783736526432853
0,0,0,0,0,11000.0,0,0,1,poverty,0.4344338449489727
0,0,0,0,0,12000.0,0,1,0,middle class,0.5279117971505423
3,0,0,0,0,3000.0,0,1,1,upper class,0.560541352496778
2,1,2,0,0,12000.0,0,1,0,upper class,0.5963209220816913
0,0,0,0,0,11000.0,0,0,1,poverty,0.3873153451347576
2,2,0,5,0,15000.0,1,1,0,upper class,
1,1,0,5,0,13000.0,1,0,1,poverty,0.4698074742971208
0,0,0,0,0,12000.0,0,0,1,poverty,0.4676023520407617
2,0,0,0,0,12000.0,1,1,1,upper class,0.6937274220289591
2,2,1,0,0,16000.0,1,1,0,upper class,0.4317491297289276
1,0,0,0,0,8000.0,0,1,0,working class,0.3930785440575526
1,1,0,1,0,14000.0,0,1,1,middle class,0.445850120200294
1,1,5,0,1,10000.0,0,1,0,upper class,0.3857872483402234
0,0,0,0,0,14000.0,0,1,0,middle class,
2,1,3,1,0,12000.0,0,0,1,working class,0.3778730013580099
1,1,1,0,0,13000.0,0,1,0,poverty,0.250983078410022
3,3,0,6,0,9000.0,1,1,0,upper class,0.6527405676306117
1,0,0,0,0,8000.0,0,0,1,poverty,0.4171474102529754
1,0,0,0,0,6000.0,0,1,0,working class,0.4520812831975518
1,0,0,0,0,12000.0,0,1,1,poverty,0.283039766034497
1,1,0,0,0,13000.0,0,1,0,middle class,0.6300065973683402
0,0,0,0,0,12000.0,0,0,1,poverty,0.4881198548918551
3,1,0,4,0,13000.0,0,1,1,middle class,0.4654205894960517
1,1,2,0,0,16000.0,0,1,0,working class,0.5067738717891079
3,0,0,0,0,10000.0,0,1,0,upper class,0.5950136586473453
1,1,0,4,1,8000.0,0,1,1,upper class,0.3926812226186767
1,1,1,0,0,15000.0,0,1,0,middle class,0.5333875493537407
0,0,0,0,0,13000.0,0,1,1,working class,0.4554049639762782
2,2,1,0,0,11000.0,0,1,0,middle class,0.4462008751123418
3,0,0,0,0,14000.0,0,1,1,upper class,0.5166673129274945
2,2,5,5,0,11000.0,1,1,0,upper class,0.5947339120751762
0,0,0,0,0,12000.0,0,1,1,poverty,0.2387489728812516
1,1,0,0,0,16000.0,0,1,0,working class,
1,0,0,0,0,15000.0,0,0,1,poverty,0.2471184275923549
1,0,0,0,0,12000.0,0,1,1,middle class,0.4971134271243003
0,0,0,0,0,12000.0,0,0,1,poverty,0.3749356861592066
2,0,0,0,0,5000.0,1,1,0,upper class,0.7012597772312479
1,1,0,2,0,11000.0,1,1,0,upper class,0.5927026164666293
0,0,0,0,0,12000.0,0,0,1,poverty,0.3646084171276433
2,2,8,1,0,11000.0,0,1,0,middle class,0.2988735861355635
2,2,0,4,1,9000.0,0,1,1,middle class,0.473999983920113
2,2,3,5,1,14000.0,0,1,0,upper class,
1,0,0,0,0,8000.0,0,0,0,upper class,0.5851967535022294
2,2,0,2,0,13000.0,1,1,0,middle class,0.6373835703783101
2,2,3,1,1,12000.0,1,1,0,middle class,0.6941801207168878
1,1,0,0,0,17000.0,1,0,1,middle class,0.4584271899596414
0,0,0,0,0,8000.0,0,0,1,working class,0.2933097901859789
2,2,4,1,0,12000.0,0,1,0,upper class,0.4869412364076045
3,0,0,0,0,12000.0,0,0,1,upper class,0.5854859057934497
0,0,0,0,0,17000.0,0,1,1,working class,0.4762313488935269
0,0,0,0,0,16000.0,1,0,1,poverty,0.3632019260006953
3,1,2,1,0,10000.0,0,1,0,middle class,0.5923712484738105
0,0,0,0,0,7000.0,0,0,1,working class,0.4031125996087703
1,1,0,2,1,12000.0,0,1,1,poverty,0.4981216883745052
2,2,0,5,0,12000.0,0,1,0,upper class,0.6557539885646227
1,1,1,1,1,9000.0,0,1,0,middle class,0.5564465612117491
1,1,0,0,0,12000.0,0,0,0,working class,0.1999177653736918
2,1,1,0,0,14000.0,1,1,0,upper class,0.5646160302496541
2,2,0,1,1,12000.0,0,1,0,middle class,0.4345567667763654
0,0,0,0,0,12000.0,1,1,0,working class,0.3235211152170167
1,1,0,0,0,9000.0,0,1,0,poverty,0.3548328860069311
3,3,2,1,1,11000.0,0,1,0,upper class,0.4827366070309057
1,1,0,0,0,11000.0,1,1,0,middle class,0.5735528833585384
0,0,0,0,0,16000.0,0,1,1,poverty,
2,2,4,2,0,8000.0,0,1,1,upper class,0.4463351888977299
2,0,0,0,0,5000.0,1,1,0,upper class,0.4553108506467289
3,2,8,2,0,11000.0,0,1,0,middle class,0.4202318593644112
1,1,2,1,0,12000.0,0,0,0,poverty,0.2638709817862523
3,3,9,4,1,10000.0,0,1,0,upper class,0.4909724942222815
2,2,0,1,0,11000.0,0,1,0,middle class,0.4461930791702037
1,1,0,0,0,11000.0,0,1,0,poverty,0.4296243313540997
2,2,0,2,1,8000.0,1,1,0,upper class,0.5445719745347386
1,1,0,3,2,7000.0,0,0,1,upper class,0.4954896401934541
1,1,3,3,0,14000.0,0,0,1,working class,0.3898977902841324
0,0,0,0,0,17000.0,0,0,1,poverty,0.5379441036112622
2,2,1,3,0,14000.0,0,1,0,upper class,0.6516496600100005
0,0,0,0,0,11000.0,0,1,0,middle class,0.5995107478403817
2,0,0,0,0,12000.0,0,1,1,upper class,0.5270890686072889
0,0,0,0,0,9000.0,0,1,0,working class,0.508437363490692
1,1,0,2,0,14000.0,1,1,1,middle class,0.4909957303035646
3,1,1,3,0,12000.0,0,1,1,upper class,0.5893226520579675
2,1,1,2,0,9000.0,1,1,0,upper class,0.6911864135719332
0,0,0,0,0,14000.0,0,0,1,working class,0.371964912767888
2,1,1,0,0,12000.0,0,0,1,upper class,0.5979053031002317
1,1,0,1,1,15000.0,0,0,1,poverty,0.2537695780346572
0,0,0,0,0,12000.0,0,0,1,middle class,0.5443925884826565
1,1,0,2,0,13000.0,0,0,1,working class,0.5884675392032952
1,1,2,4,0,12000.0,0,0,0,working class,
2,2,2,0,2,15000.0,0,1,0,upper class,0.6984773297169328
2,1,3,0,0,10000.0,0,1,0,working class,
0,0,0,0,0,6000.0,0,1,0,middle class,0.5903723317210914
3,0,0,0,0,12000.0,1,1,0,upper class,0.5541510770211692
0,0,0,0,0,12000.0,0,1,1,poverty,0.3263605561292131
1,1,1,1,0,15000.0,0,1,1,working class,0.4494195374335477
3,3,2,10,1,10000.0,1,1,0,middle class,0.455399660620943
1,1,1,2,1,13000.0,1,0,1,working class,0.4308870003600701
2,2,3,1,0,9000.0,0,1,0,middle class,0.6442098118504562
3,3,4,4,1,9000.0,1,1,0,upper class,0.7976873586272651
2,2,1,4,0,9000.0,0,1,0,upper class,0.615117089773629
2,1,0,1,1,10000.0,1,1,0,upper class,0.6572904169685266
1,0,0,0,0,11000.0,0,1,0,upper class,0.4303346446522289
2,2,2,4,0,8000.0,1,1,0,upper class,0.7828086436792089
2,0,0,0,0,11000.0,0,1,1,middle class,0.2911508701209556
2,1,2,2,1,10000.0,0,1,0,upper class,0.7832878607386976
0,0,0,0,0,16000.0,0,1,0,poverty,0.2837731929948115
2,1,0,1,0,15000.0,0,0,0,middle class,0.5309567255397415
3,1,1,1,0,12000.0,1,1,0,upper class,0.3902936364061164
0,0,0,0,0,13000.0,0,0,1,working class,0.2996650224835762
0,0,0,0,0,10000.0,0,1,0,middle class,
1,1,0,1,0,14000.0,0,0,1,working class,0.5494459382415584
2,0,0,0,0,12000.0,1,0,0,upper class,0.640486329666487
1,1,0,0,0,11000.0,0,1,0,middle class,0.539533013674284
2,1,2,1,0,14000.0,1,0,0,upper class,0.3853517361901707
0,0,0,0,0,13000.0,0,0,1,poverty,0.3660278989452595
2,0,0,0,0,8000.0,0,1,1,upper class,0.5559326927404381
1,1,0,2,0,15000.0,0,1,0,upper class,0.5841954045163829
1,1,1,1,0,8000.0,1,1,0,upper class,0.6148706083882529
1,1,1,0,1,16000.0,0,0,1,poverty,0.3505254148618004
2,2,3,2,1,14000.0,1,1,0,middle class,0.643774905711156
1,1,0,4,0,13000.0,0,0,1,working class,
2,1,0,1,2,7000.0,0,1,1,upper class,0.4619447260307458
2,2,0,3,0,10000.0,0,0,1,upper class,0.7161298671692884
1,1,3,0,0,12000.0,0,1,0,middle class,0.5940034089231788
2,2,2,3,1,15000.0,0,0,0,upper class,0.5720686898452775
3,3,2,8,0,9000.0,0,0,0,working class,
2,2,2,2,1,9000.0,0,1,0,middle class,0.4353109432968604
1,1,1,0,0,13000.0,0,0,1,working class,0.5554123081055184
2,2,2,0,0,14000.0,1,0,0,upper class,0.5369598510872825
1,1,0,1,1,14000.0,0,1,0,poverty,0.4859030683167008
1,1,0,0,0,11000.0,0,1,0,middle class,0.4245410220847362
3,3,1,4,0,14000.0,0,1,0,upper class,0.4788215913128315
2,1,2,2,0,6000.0,1,1,0,upper class,0.6710704950139322
2,1,0,6,0,8000.0,1,1,0,upper class,0.5187253040090152
1,0,0,0,0,11000.0,0,0,1,middle class,0.5532095143612934
3,0,0,0,0,11000.0,1,1,0,upper class,0.768231230762985
0,0,0,0,0,8000.0,1,0,1,working class,0.4478875309155912
0,0,0,0,0,12000.0,0,0,1,poverty,0.364249626269686
2,0,0,0,0,13000.0,0,1,0,middle class,0.590549784536155
1,0,0,0,0,14000.0,0,0,0,upper class,0.6841915403793802
3,3,4,2,0,11000.0,1,1,0,upper class,0.5157093846916319
2,0,0,0,0,10000.0,0,0,1,middle class,0.6382596124731353
3,3,1,3,0,12000.0,1,1,0,upper class,0.5302997451862774
3,3,2,1,0,7000.0,1,1,0,upper class,0.6740414294106584
1,1,1,0,0,15000.0,0,0,1,poverty,0.5037056612882583
1,1,0,2,1,8000.0,0,1,0,middle class,0.4808607229796859
3,1,0,4,0,11000.0,1,1,0,upper class,
0,0,0,0,0,12000.0,0,1,1,poverty,0.4934823530904108
2,2,3,2,0,17000.0,0,1,0,middle class,0.8447693992802177
0,0,0,0,0,12000.0,0,1,1,poverty,0.326073298912384
2,2,0,3,0,12000.0,0,1,0,upper class,0.6033931394625662
1,0,0,0,0,9000.0,0,1,0,upper class,0.6874077602000476
2,1,0,0,0,12000.0,1,0,0,upper class,0.6240850982971254
1,0,0,0,0,6000.0,0,1,1,working class,0.3036760657982809
3,3,1,1,1,11000.0,0,1,0,upper class,0.6384093615076926
2,2,1,2,0,12000.0,0,1,1,working class,0.3389234505866029
1,1,1,1,0,13000.0,0,1,1,middle class,0.6073963264420993
0,0,0,0,0,15000.0,0,1,1,middle class,0.3843188544077816
2,1,1,2,0,12000.0,0,1,0,middle class,0.5746368950714444
1,1,1,0,0,17000.0,0,0,1,working class,0.3253458331492491
2,2,2,0,1,9000.0,0,0,0,upper class,0.7397365430996375
2,2,3,5,0,9000.0,0,1,0,working class,0.4213727899199364
0,0,0,0,0,11000.0,0,1,0,working class,0.4347263584753228
2,2,0,5,0,5000.0,0,1,0,middle class,
1,1,0,0,0,13000.0,0,0,0,poverty,0.4095635873512519
3,1,0,0,0,14000.0,0,1,0,upper class,0.6649445937643444
1,1,2,0,0,11000.0,0,1,0,poverty,0.4217761160854687
1,1,1,3,0,17000.0,1,1,0,working class,0.4363575583678381
3,3,6,4,0,8000.0,1,1,0,upper class,0.5454170837148882
2,2,5,4,0,13000.0,0,0,0,upper class,0.4725505586147925
0,0,0,0,0,9000.0,0,0,1,poverty,0.4109658882409655
1,1,0,1,1,13000.0,0,1,0,middle class,0.5362321051953783
2,2,1,1,0,13000.0,0,1,0,middle class,0.6048092117828341
0,0,0,0,0,14000.0,1,1,0,working class,0.3829703656842234
2,2,0,2,0,8000.0,0,1,0,upper class,0.610668072605521
3,3,1,10,0,11000.0,0,1,0,upper class,0.6077604581227761
1,1,0,0,0,9000.0,0,1,0,upper class,0.5501791491994638
0,0,0,0,0,15000.0,0,1,1,poverty,0.4367822925882561
3,2,0,1,0,7000.0,0,1,0,upper class,0.7226741315484707
2,2,2,2,3,11000.0,1,1,1,middle class,0.4050369649662168
2,1,3,1,0,10000.0,0,0,0,middle class,0.5546780709314852
1,1,0,1,0,11000.0,0,0,1,working class,0.4848989798873584
2,1,0,1,0,12000.0,1,1,0,upper class,0.6677167788370204
3,1,1,7,0,8000.0,1,1,0,upper class,0.5978279623546928
0,0,0,0,0,13000.0,0,0,1,working class,0.4099796451032053
3,3,3,3,1,8000.0,0,1,0,upper class,0.6520091339480983
1,1,0,1,0,12000.0,1,1,0,poverty,0.3635651402218856
2,2,5,3,0,13000.0,0,1,0,middle class,0.5684657075683763
2,2,5,4,2,13000.0,0,1,0,working class,0.4849226786837624
2,2,0,3,0,8000.0,1,1,0,middle class,
1,0,0,0,0,14000.0,0,1,1,upper class,0.5984750968198154
0,0,0,0,0,12000.0,1,0,0,poverty,0.1732536697645697
2,2,1,0,2,10000.0,0,1,0,working class,0.3658662566623807
2,0,0,0,0,10000.0,1,0,0,upper class,0.6622630915790513
0,0,0,0,0,13000.0,0,0,0,poverty,0.2964579189655135
3,1,0,3,1,14000.0,1,0,1,upper class,0.6654465106165252
0,0,0,0,0,16000.0,0,1,1,poverty,0.4598209016844733
1,0,0,0,0,13000.0,1,0,1,poverty,0.3044782230239015
2,1,2,2,1,10000.0,1,1,0,upper class,0.5540992702345708
0,0,0,0,0,12000.0,0,1,0,middle class,0.5501360144688462
0,0,0,0,0,12000.0,1,1,1,working class,0.5088152895397878
2,2,0,1,0,10000.0,0,0,0,middle class,0.5824349020421999
2,0,0,0,0,5000.0,0,1,1,upper class,0.6575109245006766
1,0,0,0,0,9000.0,0,0,1,middle class,0.5398917673832456
1,1,0,0,1,12000.0,1,1,0,upper class,0.7882455199977025
2,1,1,0,0,11000.0,1,1,0,upper class,0.3740988948900966
3,0,0,0,0,5000.0,0,0,1,working class,0.4533881137734935
2,1,1,0,0,13000.0,0,1,0,upper class,0.6236477209573313
1,1,0,0,0,14000.0,0,1,0,upper class,0.5478841635869207
0,0,0,0,0,17000.0,0,0,1,poverty,0.3430873769883655
2,2,4,2,0,13000.0,1,1,0,upper class,0.5190099503610509
2,2,8,0,1,8000.0,1,0,0,middle class,0.5673898991239938
2,2,3,2,1,10000.0,1,1,0,upper class,0.6817248270496551
1,1,3,1,1,14000.0,1,1,0,upper class,0.7049433758654299
1,0,0,0,0,9000.0,0,1,0,upper class,0.7094989381196158
0,0,0,0,0,14000.0,0,0,1,working class,0.3811504504337714
3,3,0,3,2,12000.0,1,1,0,upper class,0.7276229155679576
1,1,2,3,0,16000.0,0,1,0,working class,0.5575777399764442
2,2,2,3,0,12000.0,0,0,1,poverty,0.3655315487639938
2,2,2,2,1,10000.0,1,1,0,middle class,0.5071819273107249
2,2,1,1,0,12000.0,1,1,0,middle class,0.5109156545146275
3,3,6,6,0,11000.0,0,1,0,upper class,0.5761803776573232
1,1,0,1,0,9000.0,0,0,0,upper class,0.6722631185395288
0,0,0,0,0,17000.0,0,1,1,poverty,0.4894065022328379
3,0,0,0,0,11000.0,0,1,1,middle class,0.4547790641267574
0,0,0,0,0,14000.0,0,1,1,poverty,0.291594811098864
2,2,3,2,1,13000.0,1,1,0,middle class,0.5800044807159798
0,0,0,0,0,15000.0,0,0,1,working class,0.3341015036327409
0,0,0,0,0,14000.0,0,0,1,poverty,
3,3,4,5,1,13000.0,0,1,0,upper class,0.5965456185989815
3,2,1,3,0,12000.0,1,1,0,upper class,0.8022750062675513
1,1,0,1,0,12000.0,0,0,0,middle class,0.7119888047926283
1,1,2,1,1,14000.0,0,1,0,working class,0.4354991782885195
2,0,0,0,0,13000.0,0,0,1,working class,0.3448712040183041
2,1,0,1,0,8000.0,0,1,0,upper class,0.6352126722583398
2,0,0,0,0,8000.0,0,0,1,upper class,0.5596127262430464
3,3,1,4,0,10000.0,0,1,0,upper class,0.6002606708399577
2,2,2,0,0,14000.0,1,1,0,middle class,0.4331407796093584
2,2,4,1,2,9000.0,0,1,0,upper class,0.7606758475190687
0,0,0,0,0,15000.0,0,1,0,poverty,0.3015946476231761
1,1,0,2,2,12000.0,1,1,0,poverty,0.3057310188534765
2,1,6,0,1,7000.0,1,1,0,upper class,0.8260540255665303
0,0,0,0,0,9000.0,0,0,1,working class,0.3184578778795239
2,2,2,4,0,8000.0,1,1,0,upper class,0.6275565067436069
2,2,3,7,2,8000.0,0,1,1,upper class,0.626302284930829
3,1,0,0,0,9000.0,0,1,0,upper class,0.6361543116268411
2,2,0,1,0,11000.0,0,0,0,upper class,0.6909848919192462
2,2,1,4,0,16000.0,1,1,0,upper class,0.7588357087382602
2,2,3,1,0,11000.0,1,1,0,upper class,0.5379870992551136
1,0,0,0,0,8000.0,1,1,0,middle class,0.510119699391931
3,3,8,3,3,12000.0,1,1,0,upper class,0.4837328021662435
3,2,1,4,0,12000.0,0,1,0,upper class,0.7584150656682254
1,1,1,1,0,12000.0,1,1,0,middle class,0.5753494379068445
1,1,1,0,0,12000.0,0,0,1,poverty,0.4303926801851185
2,2,4,4,0,11000.0,0,1,0,upper class,0.577587829547039
1,0,0,0,0,12000.0,0,0,1,working class,0.3716547549804322
0,0,0,0,0,13000.0,0,0,1,poverty,0.3208233119135779
0,0,0,0,0,13000.0,1,0,0,working class,0.4577257018229154
3,1,2,1,0,8000.0,0,1,0,middle class,0.5664726020813448
2,2,7,3,0,12000.0,1,0,0,middle class,0.4514965749749725
1,1,2,3,0,11000.0,0,1,0,upper class,0.724728914359206
1,0,0,0,0,11000.0,0,1,0,working class,0.2428566469410784
0,0,0,0,0,14000.0,1,1,0,middle class,0.5790357095035605
1,0,0,0,0,9000.0,0,1,1,upper class,0.5031521219039501
2,2,1,1,0,15000.0,1,1,0,upper class,0.6944020437023601
3,3,4,5,1,13000.0,0,1,0,upper class,0.5484006628894337
2,2,4,1,0,12000.0,0,1,0,upper class,0.685731574404338
1,1,2,1,0,9000.0,1,1,0,middle class,0.4535732582122292
0,0,0,0,0,15000.0,0,0,1,working class,0.3993268713029674
3,3,6,1,1,13000.0,0,1,0,upper class,0.5389856325423991
0,0,0,0,0,15000.0,0,0,1,poverty,0.3809991021991699
1,1,1,4,0,8000.0,1,1,0,middle class,0.4912868706305165
1,1,0,0,0,15000.0,0,0,1,poverty,0.4002546121131509
3,3,5,12,2,10000.0,0,0,0,upper class,0.5883466524610836
2,2,1,3,1,5000.0,1,1,0,upper class,0.6567261474740121
0,0,0,0,0,14000.0,0,1,1,poverty,0.4618114150413273
2,2,0,3,1,16000.0,0,1,0,middle class,0.5305916910859646
0,0,0,0,0,12000.0,0,1,0,poverty,0.4188722527409649
3,0,0,0,0,10000.0,1,1,0,upper class,0.5586852733840291
2,1,0,2,0,15000.0,1,0,0,middle class,0.5712885494530485
1,1,2,0,0,15000.0,0,0,0,middle class,0.5040140874148478
2,2,1,2,2,11000.0,0,0,0,upper class,0.6243134411887635
1,1,3,0,0,13000.0,0,0,0,upper class,0.5980540897473269
1,0,0,0,0,9000.0,0,0,1,middle class,0.5168465040637632
3,3,3,1,2,11000.0,1,1,0,upper class,0.6318072663348004
1,1,0,2,0,9000.0,0,1,0,middle class,
1,0,0,0,0,16000.0,0,1,1,working class,
0,0,0,0,0,17000.0,1,1,0,poverty,0.4556290811270317
0,0,0,0,0,16000.0,0,1,1,working class,0.5290480904503615
1,1,1,4,0,11000.0,0,0,0,middle class,
2,0,0,0,0,12000.0,0,1,1,working class,0.4240467795966171
0,0,0,0,0,10000.0,0,1,1,middle class,
1,0,0,0,0,12000.0,0,1,1,upper class,
3,2,3,1,1,10000.0,1,1,0,upper class,0.8431138371829747
3,3,0,1,0,12000.0,1,1,0,upper class,0.7389244533145481
0,0,0,0,0,15000.0,0,1,1,poverty,0.3271557503951095
2,0,0,0,0,19000.0,1,0,1,middle class,
2,2,3,2,0,16000.0,1,1,1,upper class,0.639538310716876
3,3,6,7,1,11000.0,1,1,0,upper class,0.5236051452575196
2,2,6,7,0,8000.0,0,1,0,middle class,0.58690907508666
0,0,0,0,0,11000.0,0,0,1,poverty,0.3989487648696198
1,1,1,5,1,11000.0,0,1,0,middle class,0.5023390534274356
3,3,2,3,1,9000.0,0,0,0,upper class,0.6041416705286826
3,1,0,3,0,11000.0,0,1,0,upper class,0.6089410569003361
0,0,0,0,0,10000.0,0,1,0,poverty,0.2710261325234708
2,2,2,11,0,7000.0,0,1,1,upper class,0.5227680248227625
3,2,1,4,1,10000.0,1,1,0,upper class,0.5909658708909031
3,2,4,5,0,9000.0,1,1,0,upper class,0.5274739804876885
0,0,0,0,0,10000.0,0,0,1,poverty,0.3975149880913624
3,3,2,6,0,12000.0,0,0,0,upper class,0.5243323363452949
0,0,0,0,0,18000.0,1,1,1,working class,0.5188806690341378
1,1,1,1,1,9000.0,1,1,0,upper class,0.5446456259197172
1,0,0,0,0,11000.0,0,1,1,poverty,0.3554995376036597
2,2,0,1,0,12000.0,0,0,0,middle class,0.4743821369168255
2,2,2,0,1,13000.0,0,0,0,middle class,0.5445836413233465
0,0,0,0,0,11000.0,0,0,1,poverty,0.1645111021901411
2,2,1,0,1,20000.0,0,1,0,upper class,0.5761283557632871
1,1,0,2,0,12000.0,1,1,1,working class,0.2731767646218939
1,1,0,0,0,10000.0,0,1,0,middle class,0.2800767357938031
1,1,0,1,0,12000.0,0,1,0,poverty,0.3567519094094252
1,1,2,3,1,14000.0,0,0,0,middle class,0.5013761305522978
1,1,0,0,0,11000.0,0,0,1,poverty,0.2148131624897409
2,1,0,0,0,13000.0,0,1,0,upper class,0.6798570620786887
1,0,0,0,0,15000.0,1,1,0,working class,0.4464763201282089
3,3,3,8,0,13000.0,1,1,0,upper class,0.6442251421874124
2,0,0,0,0,13000.0,0,0,1,poverty,0.2930184956756164
1,1,0,0,0,12000.0,0,0,0,upper class,0.659592617889624
0,0,0,0,0,12000.0,0,0,1,poverty,0.3543265417158258
0,0,0,0,0,12000.0,0,1,0,poverty,0.3506440081264984
2,0,0,0,0,8000.0,0,1,1,middle class,0.5863448610648901
3,3,3,6,1,16000.0,0,1,0,middle class,0.5187646411369861
1,1,1,1,0,10000.0,0,0,1,working class,0.467247833928757
3,1,0,0,0,15000.0,0,1,0,upper class,0.5608678151640738
1,0,0,0,0,11000.0,0,1,0,working class,0.3236981596432245
0,0,0,0,0,11000.0,0,1,1,working class,
1,1,0,4,0,11000.0,1,1,0,upper class,0.6228724455726218
2,2,2,3,0,10000.0,0,1,0,upper class,0.6140919403501407
2,0,0,0,0,11000.0,0,1,0,middle class,
2,2,2,0,1,14000.0,0,0,1,middle class,0.3346569081343249
0,0,0,0,0,14000.0,0,0,1,poverty,0.2998921571508898
2,2,4,5,1,6000.0,1,0,0,upper class,0.6233380235253906
2,1,0,3,0,7000.0,1,1,0,upper class,0.4573296070639581
3,3,1,5,0,12000.0,0,1,0,upper class,0.6362138913724461
3,0,0,0,0,16000.0,0,0,1,upper class,0.7710060941878878
0,0,0,0,0,13000.0,1,1,0,poverty,0.3655868133054398
2,0,0,0,0,12000.0,1,1,0,upper class,0.6447543548298714
1,1,3,2,0,9000.0,0,1,0,working class,0.3603394429722148
0,0,0,0,0,13000.0,0,1,1,working class,0.4482136156530477
1,1,1,1,0,9000.0,0,0,0,upper class,0.4375346760436853
2,1,0,2,1,12000.0,1,1,0,upper class,0.6595152852697509
1,1,0,0,0,16000.0,0,1,0,middle class,0.5063790437972379
2,1,0,1,0,13000.0,0,0,1,working class,0.4538112552975969
2,2,1,2,0,14000.0,0,0,0,upper class,0.4568193088454029
0,0,0,0,0,17000.0,0,1,1,poverty,0.3290758809841991
3,1,0,0,0,14000.0,1,1,0,upper class,0.4083668306604483
1,1,0,0,0,11000.0,0,1,0,poverty,0.4007813219561278
3,3,3,6,0,8000.0,0,1,0,upper class,0.6080831076983438
2,2,0,0,0,12000.0,0,1,0,middle class,0.6539983243503333
0,0,0,0,0,13000.0,0,0,1,poverty,0.3574769583429987
3,2,0,4,0,10000.0,0,0,0,upper class,
3,1,0,0,0,8000.0,0,1,0,working class,0.4069403414695376
2,2,2,4,0,10000.0,0,1,0,upper class,0.6414858257848157
2,2,2,4,0,13000.0,0,1,0,upper class,0.6822296122171935
1,1,2,1,0,10000.0,0,1,0,middle class,0.3977828129568881
1,1,1,1,0,15000.0,1,0,0,poverty,
1,1,1,4,0,8000.0,1,0,0,middle class,0.6561107406894071
1,1,0,4,1,14000.0,0,0,1,working class,0.3131253353296388
1,1,2,1,0,10000.0,1,1,0,upper class,0.6307566300447909
3,3,1,3,0,10000.0,1,1,0,upper class,0.6510544208498562
2,2,2,4,1,12000.0,0,1,0,upper class,0.5543731682324414
1,1,0,0,1,13000.0,0,1,0,middle class,0.4297174382197994
0,0,0,0,0,15000.0,0,0,1,middle class,0.3595808431034864
2,2,5,4,0,8000.0,0,0,1,working class,0.3942077284877845
2,1,0,0,0,16000.0,1,1,0,upper class,0.6376023030196369
3,3,3,4,0,16000.0,1,1,0,upper class,0.5117106202618351
3,2,0,4,1,15000.0,1,1,0,upper class,0.6635072908618659
3,2,0,2,0,11000.0,1,1,0,upper class,0.6955131276298069
1,0,0,0,0,9000.0,0,1,0,middle class,0.3570559747929416
2,2,3,4,1,12000.0,1,1,0,middle class,0.409272797557738
2,2,2,2,0,15000.0,1,1,1,upper class,0.5392442985575833
1,1,1,2,0,12000.0,0,0,0,poverty,0.325220483581145
1,1,1,1,0,14000.0,0,1,0,poverty,0.3882388796751679
2,2,1,2,1,9000.0,0,1,1,middle class,0.6541090370826581
3,2,3,6,1,6000.0,1,1,0,upper class,0.5939283315924071
2,2,2,2,0,11000.0,1,1,0,upper class,0.6866137707225745
1,1,0,0,0,14000.0,1,0,0,upper class,
1,1,0,1,0,10000.0,1,1,0,middle class,0.4951771620582029
2,2,2,2,0,10000.0,0,1,1,middle class,0.4921288992837929
1,1,0,0,0,10000.0,0,1,0,upper class,0.5153452553479878
1,0,0,0,0,10000.0,1,1,1,upper class,0.5606439846556083
3,1,2,1,0,9000.0,1,0,0,upper class,0.5325856618172601
0,0,0,0,0,17000.0,0,0,1,poverty,0.2330574689706777
3,2,0,7,3,13000.0,0,1,0,upper class,
2,0,0,0,0,7000.0,1,1,0,upper class,0.4795818442543056
1,1,4,3,1,12000.0,0,1,1,working class,0.4739201483394298
1,0,0,0,0,12000.0,0,1,0,working class,0.4312421790255512
2,2,4,3,2,10000.0,0,0,0,working class,
3,3,5,1,1,10000.0,0,1,0,upper class,0.5936549840040478
2,2,3,2,0,14000.0,0,0,1,working class,
1,1,2,4,0,13000.0,0,1,0,upper class,0.6682771777294927
0,0,0,0,0,14000.0,0,1,0,poverty,0.5456069666031527
0,0,0,0,0,10000.0,0,0,1,poverty,0.3806951434556641
1,1,2,3,1,9000.0,0,1,0,upper class,0.7370411530461375
2,2,3,1,0,14000.0,1,1,0,upper class,0.705442773887285
0,0,0,0,0,12000.0,0,0,1,working class,0.3254558064199046
1,1,6,3,0,8000.0,1,1,0,working class,0.254887989812431
3,0,0,0,0,16000.0,0,1,1,upper class,0.7133010173890617
0,0,0,0,0,13000.0,0,0,1,poverty,0.4176123262588365
1,1,0,0,0,16000.0,1,0,0,working class,0.6158294822202137
3,3,3,3,1,13000.0,0,1,0,middle class,0.6724234394915924
2,2,3,7,2,9000.0,1,1,0,middle class,0.4143903485309901
2,0,0,0,0,9000.0,0,1,1,middle class,
3,3,1,9,0,6000.0,0,0,0,middle class,0.4696657453329445
1,1,3,0,0,11000.0,1,1,0,working class,0.5073589954159113
3,3,2,1,0,13000.0,0,0,0,upper class,0.6817662053621606
2,0,0,0,0,10000.0,0,1,0,upper class,0.5633602834787163
0,0,0,0,0,18000.0,0,1,1,poverty,0.1995060079109585
3,1,0,1,0,12000.0,0,1,1,upper class,0.6605396742125178
1,1,1,0,1,11000.0,1,1,0,middle class,0.4612698490633194
3,3,3,14,2,9000.0,1,1,0,upper class,0.5919273073990756
0,0,0,0,0,16000.0,0,1,0,middle class,0.3777896918646541
2,2,1,1,0,12000.0,0,0,0,middle class,0.7107706155314335
0,0,0,0,0,11000.0,0,0,1,poverty,0.3940558755162644
0,0,0,0,0,16000.0,0,0,1,poverty,0.2973443300516102
2,2,1,3,2,13000.0,0,0,0,middle class,0.6454167954287058
1,1,0,2,0,16000.0,1,1,0,working class,0.3526523603530174
0,0,0,0,0,7000.0,0,0,1,poverty,0.3989893200608582
2,0,0,0,0,12000.0,1,0,1,upper class,0.5920605586778718
0,0,0,0,0,14000.0,0,0,1,poverty,0.2378470311721626
2,2,1,0,0,11000.0,0,0,0,middle class,0.4890520650328538
2,2,0,5,0,9000.0,1,1,0,upper class,0.701307725246646
3,3,0,5,0,7000.0,1,1,0,upper class,
0,0,0,0,0,13000.0,0,1,1,working class,
1,1,1,2,0,11000.0,0,1,1,middle class,0.5646142055879265
1,1,0,3,0,15000.0,0,0,1,poverty,0.3575250227716036
0,0,0,0,0,14000.0,0,1,1,poverty,0.3217572388711695
3,1,2,4,0,14000.0,1,1,0,upper class,0.7030881161802514
0,0,0,0,0,14000.0,1,1,0,working class,0.2816541482491429
2,2,7,2,0,10000.0,0,0,0,poverty,
0,0,0,0,0,9000.0,0,0,1,poverty,0.3142597883561767
3,3,6,1,0,8000.0,0,1,0,upper class,0.5489201684025439
1,1,0,2,0,12000.0,0,0,1,poverty,0.3760757319012693
3,3,6,1,0,12000.0,1,1,0,middle class,0.4373130115438213
1,1,2,0,0,14000.0,1,1,0,middle class,0.4891117758987431
2,2,4,1,0,11000.0,1,0,0,middle class,0.5292516056834713
2,2,0,2,0,9000.0,1,1,0,upper class,0.6399106134584368
2,2,0,2,0,10000.0,0,1,0,upper class,0.5539636722159259
2,2,6,12,0,7000.0,0,0,0,upper class,0.5442289471637797
0,0,0,0,0,17000.0,0,0,0,poverty,0.4117494304212288
0,0,0,0,0,12000.0,0,1,0,middle class,0.5338058394661068
3,2,3,5,2,13000.0,0,1,0,upper class,0.6432273243661761
0,0,0,0,0,18000.0,0,0,1,poverty,
1,1,0,1,0,11000.0,0,0,1,working class,0.5847251950325283
2,2,1,2,0,11000.0,1,1,0,upper class,0.6714400772529375
1,1,1,3,1,9000.0,0,1,1,middle class,0.5411019949327837
1,1,2,3,0,10000.0,0,1,0,middle class,0.6928853346872015
3,3,0,3,1,6000.0,1,0,0,upper class,0.7124729144831544
0,0,0,0,0,12000.0,0,1,0,working class,0.3918436584183042
1,1,3,0,0,13000.0,1,1,0,middle class,0.6151365153398941
3,3,10,4,0,8000.0,1,1,0,upper class,0.6665129812769737
3,2,0,2,0,12000.0,0,1,0,middle class,0.5148990713513059
0,0,0,0,0,9000.0,0,0,1,poverty,0.3377975291631965
3,3,0,1,2,15000.0,0,1,0,upper class,
0,0,0,0,0,9000.0,0,0,1,poverty,0.3132295627904365
0,0,0,0,0,18000.0,1,1,0,poverty,0.472848998190567
2,2,9,4,0,11000.0,1,1,0,upper class,0.3769215797809953
2,0,0,0,0,12000.0,0,1,0,upper class,0.6943933860362672
3,3,3,0,1,13000.0,0,1,0,upper class,0.5823117228256375
2,0,0,0,0,12000.0,1,1,0,upper class,0.615640833707188
3,3,1,7,2,6000.0,1,1,0,upper class,0.5806592763837597
1,1,0,0,0,15000.0,1,1,0,upper class,0.6120598825598238
1,1,1,2,1,11000.0,0,0,1,middle class,0.4564133338636233
1,1,1,0,1,12000.0,0,1,0,middle class,0.605085077975917
2,1,0,0,0,11000.0,1,1,0,upper class,0.7081604643645906
2,2,5,2,2,15000.0,1,1,0,upper class,0.5561223336015891
2,2,3,4,0,10000.0,0,1,0,upper class,0.8118218494971065
1,1,1,4,0,7000.0,1,1,0,middle class,0.5889873080271124
2,2,0,2,1,11000.0,1,1,0,upper class,0.3896134225180453
2,1,1,4,0,11000.0,0,1,0,middle class,0.5682244079602327
0,0,0,0,0,10000.0,0,0,1,poverty,0.2584968545321721
1,1,2,5,2,6000.0,1,0,0,working class,0.2947047386390072
2,1,1,0,0,12000.0,1,1,0,upper class,0.5786532065868522
2,2,0,2,0,15000.0,0,1,0,middle class,0.5816477445927232
3,3,0,3,0,12000.0,1,1,0,upper class,0.7451887369331601
1,1,0,0,0,19000.0,0,0,1,poverty,0.3455182524386938
2,2,1,8,2,10000.0,0,1,1,upper class,0.7592246057233212
3,3,7,5,0,12000.0,0,1,0,upper class,0.7129072845038024
3,2,1,2,0,10000.0,1,1,0,upper class,0.6656943190857183
0,0,0,0,0,15000.0,0,1,1,poverty,0.2143218397025281
2,2,3,1,2,14000.0,0,1,0,upper class,0.5322275447056913
1,1,3,1,1,12000.0,0,0,1,middle class,0.6070706793944096
3,3,1,1,0,11000.0,0,1,0,upper class,0.7873718988763675
2,0,0,0,0,12000.0,0,1,1,working class,0.3168533300302581
3,2,0,0,0,12000.0,0,1,0,upper class,0.6672767293161475
3,3,2,7,2,9000.0,0,1,0,upper class,0.5448931108138844
0,0,0,0,0,11000.0,0,0,1,poverty,0.426753560052125
0,0,0,0,0,19000.0,0,0,1,poverty,0.2651500868611133
1,1,0,1,0,11000.0,0,1,0,middle class,0.4894968702736358
1,1,0,0,0,12000.0,0,1,1,upper class,0.5595005013481372
3,1,1,0,0,11000.0,0,1,0,middle class,0.548707370671817
2,0,0,0,0,8000.0,1,1,0,upper class,0.7156466831231914
0,0,0,0,0,12000.0,0,0,1,working class,0.5038859610695691
3,0,0,0,0,7000.0,1,1,1,upper class,0.6207631255663467
1,1,2,2,1,14000.0,0,1,0,upper class,0.6550291791637752
1,1,1,0,0,14000.0,0,0,0,poverty,0.2679312537590894
1,0,0,0,0,7000.0,1,1,0,upper class,0.6452619927658005
2,2,2,1,0,14000.0,0,1,0,working class,0.5599121138043932
0,0,0,0,0,13000.0,1,1,0,middle class,0.4757724890071596
2,1,0,5,0,12000.0,0,1,1,upper class,0.5283948004486256
3,3,5,7,0,13000.0,1,1,0,upper class,0.4910275416432039
0,0,0,0,0,13000.0,0,1,0,upper class,0.565050581480309
2,2,1,0,0,12000.0,1,1,0,upper class,
2,2,1,6,0,10000.0,0,1,0,upper class,0.7093014071795433
3,2,0,1,1,11000.0,1,1,0,upper class,0.6402088254944609
1,1,0,1,0,8000.0,0,0,1,poverty,0.2270518308808149
2,2,1,7,0,12000.0,0,1,0,working class,0.305441859303222
2,2,1,5,0,11000.0,0,1,0,upper class,0.6867096207951612
3,2,1,0,1,19000.0,1,1,0,upper class,0.4840411852364506
3,3,1,7,0,11000.0,0,0,0,upper class,0.5414959451391379
1,0,0,0,0,12000.0,0,1,0,working class,0.5486144093569303
2,2,4,1,0,11000.0,1,1,0,upper class,0.5519916141223832
0,0,0,0,0,14000.0,0,1,0,middle class,0.5027318515470814
2,2,2,1,0,13000.0,1,1,0,middle class,0.5767616751879808
0,0,0,0,0,13000.0,0,0,1,poverty,0.4774594881974749
2,1,0,0,1,14000.0,1,0,0,middle class,
3,3,2,4,2,7000.0,0,1,0,upper class,0.5835616627387596
1,0,0,0,0,12000.0,0,1,0,middle class,
1,1,1,0,0,16000.0,1,1,0,upper class,0.5129415095468454
3,1,0,3,1,10000.0,0,0,0,upper class,0.7111377339956674
0,0,0,0,0,15000.0,1,1,0,working class,
0,0,0,0,0,12000.0,1,1,1,poverty,0.2985441413252823
2,2,0,4,1,6000.0,0,1,0,middle class,0.5250064061586571
1,0,0,0,0,12000.0,0,0,1,middle class,0.4444947827993517
1,1,1,0,0,17000.0,0,1,0,working class,0.6152545942659315
1,1,4,2,1,10000.0,0,0,1,working class,0.2755272019603718
3,3,1,1,0,13000.0,1,1,0,upper class,0.6267008974527088
3,3,1,9,0,9000.0,1,1,0,upper class,0.5897413759981436
2,2,0,3,3,11000.0,1,1,0,upper class,0.6173695276288708
1,1,1,0,0,13000.0,0,0,0,middle class,0.556159285617245
2,2,4,5,0,13000.0,0,0,1,upper class,0.5584197570197655
1,0,0,0,0,9000.0,0,1,1,upper class,0.4295035832147298
0,0,0,0,0,15000.0,0,1,1,working class,0.4026588195311576
1,1,0,1,1,13000.0,0,1,0,upper class,
2,0,0,0,0,15000.0,1,1,0,upper class,0.7102227949180816
0,0,0,0,0,15000.0,0,0,1,poverty,0.5042733084385276
3,1,1,1,0,12000.0,1,1,0,upper class,0.6297624937989372
1,1,0,1,0,16000.0,1,1,0,upper class,0.6047259268007431
2,1,4,3,0,8000.0,1,1,0,upper class,
0,0,0,0,0,15000.0,0,1,1,middle class,
3,0,0,0,0,12000.0,1,0,0,upper class,0.7465582871215133
1,0,0,0,0,12000.0,0,1,0,working class,0.5124482329319547
0,0,0,0,0,11000.0,0,1,1,poverty,
1,1,0,1,0,12000.0,0,1,0,upper class,
2,2,2,2,2,13000.0,0,1,0,working class,0.4270750382439556
0,0,0,0,0,9000.0,0,0,1,poverty,0.1409830759792809
3,3,0,1,0,11000.0,0,1,0,upper class,
1,1,0,0,1,10000.0,0,0,0,working class,
2,1,0,0,0,12000.0,0,0,1,working class,0.4861571716311871
1,1,1,5,0,10000.0,0,1,0,middle class,
3,0,0,0,0,11000.0,0,1,0,upper class,0.5535450317966117
2,0,0,0,0,18000.0,1,1,0,upper class,0.6767378432079026
0,0,0,0,0,13000.0,0,0,1,poverty,0.2674720699974359
2,2,0,2,0,16000.0,0,0,1,poverty,0.1154024763653657
2,1,0,2,0,12000.0,0,1,0,upper class,0.4328086751781147
3,3,0,5,1,13000.0,1,1,0,upper class,0.6113315831135117
0,0,0,0,0,15000.0,0,1,1,poverty,0.2771533281319701
2,0,0,0,0,16000.0,0,0,1,middle class,0.5327435769003523
3,3,2,11,0,5000.0,0,1,0,upper class,0.5650867606006488
1,1,2,2,0,13000.0,0,1,0,upper class,0.6077725324221557
1,1,1,1,0,14000.0,1,1,0,middle class,0.5479028599793236
1,1,3,1,0,10000.0,0,1,0,middle class,0.3065351460826234
0,0,0,0,0,7000.0,0,0,1,poverty,0.4892378962741979
0,0,0,0,0,11000.0,0,0,1,working class,0.2486315634229089
0,0,0,0,0,8000.0,1,1,0,middle class,0.5174409291319024
2,2,2,4,1,9000.0,0,1,0,upper class,0.6743663126769599
0,0,0,0,0,16000.0,0,1,0,poverty,0.1501006461161934
1,1,0,0,0,14000.0,0,1,0,poverty,0.4156931175537407
1,0,0,0,0,13000.0,1,0,1,middle class,0.5523424647599732
1,0,0,0,0,10000.0,1,0,1,poverty,0.3995052055279878
2,0,0,0,0,11000.0,0,1,1,upper class,0.6627175433927833
3,1,1,2,0,11000.0,1,1,0,upper class,0.5394124481549094
3,3,1,11,2,9000.0,1,1,0,upper class,0.548152345546583
2,0,0,0,0,12000.0,1,0,0,upper class,
1,0,0,0,0,12000.0,0,0,0,working class,0.3714848614916164
2,2,3,7,0,11000.0,1,1,0,upper class,0.5660565943361106
2,1,0,1,0,13000.0,0,0,0,poverty,0.3204049009931331
1,1,0,0,0,12000.0,0,0,0,poverty,0.3489177971707855
2,2,5,2,0,7000.0,1,1,0,upper class,0.5795984164491108
0,0,0,0,0,12000.0,1,1,0,working class,0.397924048195759
1,0,0,0,0,12000.0,0,1,1,poverty,0.2835426409650666
0,0,0,0,0,14000.0,0,0,1,working class,
1,0,0,0,0,9000.0,0,0,0,poverty,
2,2,1,5,0,9000.0,1,1,1,upper class,0.6938055524522051
1,0,0,0,0,16000.0,0,1,1,middle class,0.4284715478507027
1,0,0,0,0,12000.0,1,1,0,upper class,0.6623845987368233
0,0,0,0,0,10000.0,0,1,0,poverty,0.3959623593743085
1,1,1,3,0,15000.0,0,1,1,middle class,0.4631532118209168
0,0,0,0,0,18000.0,0,1,1,middle class,0.3434317076179207
1,1,2,2,1,10000.0,0,1,0,middle class,0.4365476661894891
2,2,1,2,0,8000.0,1,1,1,upper class,0.6183041682194829
3,3,6,5,0,10000.0,1,1,0,upper class,0.6477247112953678
0,0,0,0,0,14000.0,1,0,0,poverty,0.1258955435359577
0,0,0,0,0,10000.0,0,1,0,working class,0.4880633978497586
2,2,0,2,0,12000.0,1,1,0,upper class,0.6167338888949161
3,3,1,3,0,10000.0,0,1,0,upper class,0.4611933084288743
3,3,2,9,1,8000.0,1,1,0,upper class,0.670471256855814
2,2,2,4,0,10000.0,0,1,0,middle class,0.3921151727680966
0,0,0,0,0,17000.0,1,1,0,middle class,0.6722157890469818
3,3,8,2,0,7000.0,0,0,0,upper class,0.6229898836766291
0,0,0,0,0,9000.0,0,1,1,poverty,0.1607846136059094
1,0,0,0,0,8000.0,0,0,0,upper class,
2,2,1,5,0,9000.0,1,1,0,upper class,0.5389042254220835
1,1,0,1,0,11000.0,0,0,1,poverty,0.4727403772012601
1,1,0,2,2,8000.0,1,1,0,middle class,0.5863205459035753
2,2,3,6,1,11000.0,0,1,0,upper class,0.6286701350885311
3,2,1,1,0,13000.0,1,1,0,upper class,0.7163657604015807
0,0,0,0,0,17000.0,0,0,1,poverty,0.19362266071106
2,1,1,0,0,9000.0,0,1,1,middle class,0.3313121291943192
2,2,0,0,0,8000.0,1,1,0,upper class,0.6330640745225374
2,2,1,1,1,12000.0,0,0,0,middle class,0.5272067847141099
1,1,1,3,0,15000.0,0,1,0,middle class,
2,0,0,0,0,10000.0,1,1,1,upper class,0.6195111942736158
1,1,2,1,1,20000.0,0,0,1,working class,0.4192208273550608
0,0,0,0,0,15000.0,0,1,0,working class,0.4840963357335678
1,1,0,2,0,9000.0,0,0,0,poverty,0.4782584258354346
1,0,0,0,0,15000.0,1,1,0,middle class,0.5421610427901323
2,2,0,1,0,8000.0,0,0,0,middle class,0.6031812914139848
0,0,0,0,0,10000.0,1,1,0,upper class,
2,2,5,0,0,12000.0,1,1,0,upper class,0.4628754611465063
0,0,0,0,0,15000.0,0,1,0,upper class,0.5729883714629044
3,3,6,5,0,12000.0,1,1,0,upper class,0.4807020135427639
2,2,2,1,2,15000.0,1,1,0,upper class,0.4269956172654475
0,0,0,0,0,15000.0,0,0,1,working class,0.3909000984565381
2,2,0,2,1,12000.0,1,1,0,middle class,0.3939431387052909
3,0,0,0,0,11000.0,0,1,0,upper class,0.5651781072384356
3,0,0,0,0,12000.0,0,1,1,upper class,0.599471874758125
1,1,4,0,0,14000.0,0,1,0,working class,
0,0,0,0,0,8000.0,0,1,1,middle class,0.5431353523779442
0,0,0,0,0,17000.0,0,0,1,poverty,0.4470090425194109
0,0,0,0,0,11000.0,1,1,0,working class,0.485242391843809
1,0,0,0,0,9000.0,0,0,1,poverty,0.2307432643975241
2,0,0,0,0,7000.0,0,1,1,upper class,0.6969531397597643
1,1,0,0,0,12000.0,0,1,0,middle class,0.3827525807478351
0,0,0,0,0,17000.0,0,1,0,working class,0.352470054088405
1,1,0,0,0,14000.0,0,0,0,working class,0.4535879848777584
2,2,0,5,0,10000.0,0,1,0,working class,0.4722141399816714
3,3,5,4,0,6000.0,1,1,0,upper class,0.5956938221197036
1,1,0,0,0,13000.0,0,1,0,middle class,0.5365377683863043
2,2,0,2,0,11000.0,1,0,0,upper class,0.4496756293279009
1,1,0,1,0,11000.0,0,0,0,poverty,0.5375161311706116
2,2,1,5,0,8000.0,0,1,0,upper class,0.7613578975600771
0,0,0,0,0,11000.0,0,1,0,poverty,0.3609701341564141
1,1,0,6,0,12000.0,0,1,1,working class,0.284982921718786
1,0,0,0,0,14000.0,0,1,0,upper class,0.6642204178138843
2,0,0,0,0,17000.0,0,0,1,working class,0.4167492589952589
2,2,3,2,0,8000.0,1,1,0,upper class,0.5234621609966821
1,1,0,0,0,14000.0,0,1,0,working class,0.3256224191074233
3,1,0,1,2,11000.0,1,1,0,upper class,0.6254168939329904
1,1,1,1,1,10000.0,0,0,0,poverty,0.3148456765050993
3,2,0,1,0,12000.0,1,1,0,upper class,0.5488618922373868
0,0,0,0,0,13000.0,0,0,1,working class,0.2616949116854254
0,0,0,0,0,14000.0,0,0,1,poverty,
0,0,0,0,0,9000.0,0,1,1,poverty,0.5391018376969258
1,1,0,0,0,10000.0,0,0,0,working class,0.4210314732941192
3,3,5,5,0,9000.0,1,1,0,upper class,0.6935957205432375
0,0,0,0,0,15000.0,0,1,1,working class,0.5329070177579344
3,3,6,3,1,12000.0,1,1,0,upper class,0.8682131393602728
3,2,1,0,0,12000.0,1,1,0,upper class,0.5424532094676138
2,1,1,1,0,15000.0,0,1,1,working class,0.4751662153423804
2,2,1,5,0,8000.0,1,1,0,upper class,0.523731888374134
0,0,0,0,0,17000.0,0,0,1,poverty,0.4682867324920652
1,1,0,1,0,17000.0,1,0,0,poverty,0.5468766630493245
2,1,0,0,0,16000.0,1,0,0,middle class,0.7773208236421372
1,1,0,1,0,14000.0,0,1,0,working class,0.3806338982251157
2,2,0,4,0,12000.0,0,1,1,middle class,0.4185435108671473
1,1,1,2,1,9000.0,1,0,1,upper class,0.600227475663906
0,0,0,0,0,14000.0,0,0,1,working class,
1,1,0,0,0,16000.0,0,1,1,working class,0.4048654473735125
2,2,0,1,0,8000.0,1,1,0,upper class,0.6554399817895643
0,0,0,0,0,17000.0,0,1,1,working class,0.4262030648137452
0,0,0,0,0,16000.0,0,0,1,poverty,0.267552947761664
1,1,0,0,0,14000.0,0,1,0,working class,0.4689135326636327
0,0,0,0,0,13000.0,1,0,0,upper class,0.4331758195251915
1,1,3,0,0,15000.0,0,0,1,working class,0.3992287529447922
3,3,1,2,0,12000.0,0,1,0,upper class,0.5853329533352766
3,1,1,0,0,16000.0,0,1,0,upper class,0.5084737208238376
3,3,4,4,0,10000.0,1,1,0,upper class,0.5648117834171698
1,1,0,2,0,12000.0,0,0,0,poverty,0.3704208638102152
0,0,0,0,0,13000.0,0,1,1,poverty,0.2888981487018826
1,1,1,0,0,13000.0,0,0,1,poverty,0.3406174176696211
1,1,1,1,0,7000.0,0,1,0,working class,0.4690188616884754
3,1,0,2,0,9000.0,0,1,0,upper class,0.7281374767556841
1,1,0,0,0,15000.0,0,1,0,poverty,0.4113170955084317
2,2,0,5,0,11000.0,0,1,0,upper class,
1,0,0,0,0,13000.0,1,0,1,middle class,0.4701802815309037
3,3,2,3,1,13000.0,0,1,0,upper class,0.6616362384897012
2,2,1,6,0,12000.0,0,1,0,upper class,0.6255380658356853
2,2,1,7,2,12000.0,1,1,0,upper class,0.5982141330124617
2,2,1,5,0,14000.0,1,1,0,upper class,0.6882993049868759
1,1,0,0,0,12000.0,0,1,0,working class,
1,1,0,1,0,11000.0,0,0,0,working class,0.4225677139431647
1,1,0,2,1,15000.0,0,1,1,working class,0.4809922752467239
2,2,4,1,0,9000.0,1,1,0,middle class,0.500920320199425
2,2,1,3,0,11000.0,0,1,0,upper class,0.5429711948411161
2,1,3,0,0,13000.0,0,1,0,middle class,0.4817634106317849
3,2,3,2,2,14000.0,1,0,0,upper class,0.7429578822641658
2,0,0,0,0,9000.0,0,1,1,upper class,0.7749584055423444
2,0,0,0,0,10000.0,0,1,0,upper class,0.5318404446861559
3,3,3,7,0,12000.0,1,0,0,middle class,0.5589928166993889
1,1,0,0,0,18000.0,0,0,1,poverty,0.4117578066757061
3,1,0,2,0,12000.0,1,1,0,upper class,0.5848934178934408
0,0,0,0,0,11000.0,0,1,1,working class,0.5236375573456156
1,1,0,0,0,16000.0,0,1,1,working class,0.4910380133996946
3,0,0,0,0,12000.0,1,1,0,upper class,0.6476239396059197
2,0,0,0,0,10000.0,0,0,1,middle class,0.4258932648706133
1,0,0,0,0,14000.0,0,1,1,upper class,0.4115178038031517
3,3,2,2,1,13000.0,1,1,0,upper class,0.7683773924140196
3,3,2,5,0,11000.0,0,1,0,upper class,0.6048715219768844
1,0,0,0,0,12000.0,1,1,0,upper class,0.7485600858791863
1,1,0,2,0,20000.0,0,1,1,working class,0.4548361796457958
0,0,0,0,0,11000.0,0,1,1,working class,0.4300182985819376
3,1,0,3,0,9000.0,0,1,0,upper class,0.6734804510741489
2,2,2,1,1,7000.0,1,1,0,upper class,
2,2,1,1,0,12000.0,0,1,0,upper class,0.6479272957531299
3,3,0,4,1,11000.0,1,1,0,upper class,0.6437017407265333
0,0,0,0,0,12000.0,0,0,1,poverty,0.287083955629214
3,3,4,14,4,12000.0,0,0,0,working class,0.3332341041437076
1,0,0,0,0,15000.0,0,1,0,middle class,0.4693897755686437
1,0,0,0,0,10000.0,0,0,1,middle class,0.4983124241159539
3,0,0,0,0,7000.0,0,1,1,upper class,
0,0,0,0,0,12000.0,0,1,1,middle class,0.7204678049338117
2,2,1,8,1,12000.0,0,1,0,working class,0.3802414464939111
1,1,2,2,0,13000.0,0,1,0,working class,0.4755018969121138
1,1,0,1,1,11000.0,0,0,1,poverty,
2,1,0,2,1,14000.0,1,0,0,upper class,0.6539015362424077
2,0,0,0,0,10000.0,0,0,0,working class,0.47479444427068
3,2,4,4,1,10000.0,1,1,0,upper class,0.6322209847202367
1,1,0,3,1,9000.0,0,0,1,poverty,0.5387413138779961
3,3,3,4,0,11000.0,0,1,0,upper class,0.6297590500937804
0,0,0,0,0,15000.0,0,0,1,poverty,0.2796345413054512
3,2,0,7,0,6000.0,1,1,0,upper class,0.644544390852024
2,1,1,2,0,11000.0,0,1,0,middle class,0.4572949458459679
1,1,2,0,0,11000.0,0,1,0,upper class,0.5623970196789541
1,1,1,0,0,11000.0,1,1,0,upper class,0.6703646273576891
0,0,0,0,0,13000.0,0,1,1,poverty,0.4657214299801776
0,0,0,0,0,12000.0,0,1,0,poverty,0.2834864943555186
1,0,0,0,0,12000.0,0,0,0,working class,
0,0,0,0,0,10000.0,0,0,1,poverty,0.2994278095235692
2,1,0,4,0,9000.0,1,1,0,upper class,0.7206610780215068
0,0,0,0,0,14000.0,0,0,1,poverty,0.3554378159795619
1,1,0,2,1,8000.0,1,1,0,upper class,0.7062848162701159
2,0,0,0,0,9000.0,0,1,0,middle class,0.4170662788576873
2,2,2,2,0,13000.0,0,1,0,upper class,0.5027207403958512
0,0,0,0,0,11000.0,1,0,1,poverty,0.2711130457721413
1,1,1,1,0,13000.0,0,0,1,middle class,0.499761076238171
1,0,0,0,0,11000.0,0,1,0,poverty,0.3936564898754295
2,2,3,0,1,12000.0,0,1,0,middle class,
1,1,1,2,0,10000.0,1,0,0,middle class,0.5131891962025216
2,1,5,1,1,8000.0,0,1,0,middle class,0.4979684927863103
1,1,1,6,0,5000.0,0,0,0,working class,0.4466788464013393
2,2,2,3,1,10000.0,1,1,0,upper class,0.6585671277860121
3,3,2,4,0,8000.0,1,1,0,upper class,0.6902223467065834
2,0,0,0,0,6000.0,1,0,1,upper class,0.646984546072727
0,0,0,0,0,12000.0,0,1,1,working class,0.4029648240770943
3,0,0,0,0,13000.0,0,1,0,upper class,0.5664919828432731
2,2,0,3,1,12000.0,0,1,0,upper class,0.6502646998848834
1,1,0,0,0,12000.0,1,1,0,upper class,0.6510245424450259
1,1,0,1,0,14000.0,0,1,0,middle class,0.5938877797636894
1,1,1,0,0,16000.0,0,1,0,upper class,
1,0,0,0,0,11000.0,0,1,0,poverty,
3,3,1,4,0,9000.0,1,1,0,upper class,0.6877922600474008
1,1,1,3,0,16000.0,0,1,0,middle class,0.5629583668547161
2,2,4,2,3,12000.0,0,1,0,upper class,0.6546019814740752
2,1,0,0,0,12000.0,0,1,0,upper class,0.5903082964716451
2,2,3,4,0,8000.0,0,1,0,upper class,0.5902217017469229
2,2,3,8,1,8000.0,0,1,1,middle class,0.5912145988163494
1,0,0,0,0,7000.0,0,1,1,working class,0.5330235023251753
0,0,0,0,0,9000.0,1,1,1,upper class,0.4875547200723523
2,2,1,5,0,13000.0,0,1,0,upper class,0.7588640488236418
3,1,2,6,0,4000.0,0,1,1,middle class,
1,0,0,0,0,10000.0,0,1,1,upper class,0.6705723025037389
1,1,2,5,1,8000.0,0,0,0,upper class,0.6794367277453127
2,2,3,6,2,7000.0,0,1,0,upper class,0.4960261985675978
2,1,2,1,0,12000.0,0,1,0,upper class,0.6683411524924924
0,0,0,0,0,13000.0,1,1,0,working class,
1,1,2,3,0,11000.0,0,1,0,poverty,0.2697816217222613
2,2,1,1,0,8000.0,0,1,0,upper class,0.5012161027503177
2,2,1,1,1,14000.0,1,1,1,upper class,0.6114806871138359
2,2,5,2,0,10000.0,1,0,0,middle class,0.5221630077716441
2,0,0,0,0,12000.0,0,0,1,working class,0.4193306622205509
1,1,0,7,0,4000.0,0,0,1,working class,0.3698699218943409
1,0,0,0,0,17000.0,0,1,0,middle class,0.5590017940897738
0,0,0,0,0,10000.0,0,0,1,poverty,0.3207404346890468
1,1,1,4,0,7000.0,0,1,0,working class,0.3849691710608993
1,0,0,0,0,10000.0,0,0,1,middle class,0.6394231234866508
0,0,0,0,0,18000.0,0,0,1,working class,
1,1,0,3,0,10000.0,0,1,0,poverty,0.3298050248717038
1,0,0,0,0,14000.0,0,1,0,poverty,0.4654753521335883
1,0,0,0,0,10000.0,0,1,1,middle class,0.5374556635201865
1,1,2,2,1,6000.0,1,1,0,upper class,0.4670944743476774
3,2,0,1,1,13000.0,0,1,0,upper class,0.7861047483136375
0,0,0,0,0,11000.0,0,1,0,working class,0.4879977774283266
1,1,0,1,0,13000.0,1,1,0,upper class,0.505754450734344
2,2,5,2,0,13000.0,0,1,0,working class,0.5840579701713801
2,2,0,1,0,10000.0,0,1,0,middle class,0.4762230188174785
1,1,1,0,0,9000.0,1,1,0,upper class,0.5188882562309625
0,0,0,0,0,12000.0,0,0,1,poverty,0.5207603742973385
1,1,1,0,0,10000.0,0,1,0,working class,0.6440329844790397
3,3,0,0,1,9000.0,0,1,0,upper class,0.5943375571086068
0,0,0,0,0,17000.0,1,1,1,working class,0.3260878780486413
2,2,5,4,1,12000.0,1,0,0,upper class,0.6518556832704588
0,0,0,0,0,15000.0,0,0,1,poverty,0.2083967662348418
2,0,0,0,0,10000.0,1,1,0,middle class,0.5716539504380291
3,1,1,2,1,7000.0,0,1,0,upper class,0.6234237531436093
2,2,1,2,0,13000.0,1,1,0,upper class,
1,0,0,0,0,13000.0,0,1,1,working class,
3,1,3,3,1,12000.0,0,1,0,upper class,
1,1,2,1,2,11000.0,1,1,0,upper class,0.6701415655540297
3,3,6,4,1,13000.0,1,1,0,upper class,0.6100062530166586
1,1,0,4,2,11000.0,0,1,0,working class,0.4694174843654393
2,0,0,0,0,6000.0,1,1,1,upper class,0.4718698437579043
3,3,3,1,0,7000.0,1,1,0,upper class,
1,1,0,0,0,12000.0,0,0,1,working class,0.3680351400567729
1,0,0,0,0,20000.0,0,1,1,middle class,0.4453243532193456
2,0,0,0,0,12000.0,0,1,1,upper class,0.4994438828585013
2,1,1,1,0,10000.0,1,0,0,middle class,0.3606896486687273
3,0,0,0,0,10000.0,1,1,0,upper class,0.6782368413012284
3,3,3,3,0,13000.0,1,1,0,upper class,0.5106032557850538
3,1,0,2,0,9000.0,0,1,0,middle class,0.5687019891446795
0,0,0,0,0,10000.0,0,1,1,middle class,0.4852795231118352
1,1,0,0,2,9000.0,0,1,0,upper class,0.6708348740013614
2,0,0,0,0,14000.0,1,0,1,upper class,0.575874058444159
0,0,0,0,0,8000.0,0,1,0,middle class,0.7079130110405141
2,2,6,2,0,12000.0,0,1,0,upper class,0.46994237748042
2,0,0,0,0,12000.0,0,1,0,upper class,0.6404262676947586
0,0,0,0,0,12000.0,0,1,1,middle class,0.6225215390467763
2,0,0,0,0,7000.0,0,1,1,middle class,0.3396040499784701
3,3,2,0,1,11000.0,0,1,0,upper class,0.6582218907144254
3,0,0,0,0,12000.0,1,1,0,upper class,0.6163289121884691
0,0,0,0,0,14000.0,1,1,0,middle class,0.4578330530113018
1,0,0,0,0,15000.0,0,1,1,middle class,0.5049309453099293
2,2,1,3,2,12000.0,0,0,0,upper class,0.5911186907463223
3,3,15,5,0,7000.0,1,1,0,upper class,0.4654514754475406
3,3,1,6,0,6000.0,0,1,0,upper class,0.7656372962624367
0,0,0,0,0,13000.0,0,1,1,poverty,0.359395084763826
0,0,0,0,0,13000.0,0,1,1,working class,0.4594737866500293
0,0,0,0,0,13000.0,1,1,0,middle class,0.4643593160133928
2,2,2,0,1,14000.0,0,1,0,upper class,0.5228435801363425
2,2,2,12,0,6000.0,0,1,0,upper class,0.5931025905321805
3,2,1,0,0,10000.0,1,1,0,upper class,
1,0,0,0,0,13000.0,0,0,1,middle class,0.4700051360478614
0,0,0,0,0,13000.0,0,0,1,poverty,0.4207719261909123
0,0,0,0,0,12000.0,1,1,0,middle class,0.5208472124581596
2,2,2,4,2,9000.0,0,1,0,working class,0.3489035295310353
1,1,2,2,0,11000.0,0,0,0,poverty,0.3197847735270822
2,2,5,3,0,12000.0,0,1,0,middle class,0.3714854162402074
0,0,0,0,0,17000.0,0,0,1,poverty,0.3352729190935729
3,3,5,14,0,7000.0,1,1,0,upper class,0.4694318827830418
0,0,0,0,0,12000.0,0,0,1,working class,0.5224226279932157
2,1,2,4,1,10000.0,0,1,0,middle class,0.547224530238038
1,1,1,1,0,10000.0,0,0,0,upper class,0.4646494876993852
2,2,4,3,0,9000.0,0,1,0,upper class,0.6261446378547981
3,1,2,0,0,11000.0,1,0,0,upper class,0.430980325123681
3,1,1,0,0,16000.0,0,1,0,upper class,0.7825371105736847
2,2,2,3,2,12000.0,1,1,0,upper class,0.7005824087005094
3,3,0,5,2,7000.0,1,1,0,middle class,0.5847134432997393
2,1,0,1,0,5000.0,1,1,0,upper class,
2,2,2,3,0,14000.0,0,1,0,upper class,0.48391741031277
2,2,0,0,2,15000.0,1,1,0,upper class,0.6349270821717167
3,0,0,0,0,11000.0,1,1,0,upper class,0.5545891740790019
1,1,0,3,0,14000.0,0,1,0,working class,0.3073989670619784
1,0,0,0,0,12000.0,0,0,0,middle class,0.6595476700729209
2,2,4,4,2,15000.0,0,1,0,working class,0.4379041892640281
2,2,2,2,1,12000.0,0,0,1,poverty,0.2039498393815561
2,1,0,0,0,11000.0,1,0,0,upper class,0.5397723365410408
1,1,0,7,1,11000.0,0,1,0,upper class,0.5473676447778713
1,1,0,4,0,11000.0,0,1,0,working class,0.2835499981405837
2,0,0,0,0,10000.0,0,0,1,working class,0.3849335152383037
1,1,1,2,0,11000.0,0,0,1,working class,0.4911505233399931
0,0,0,0,0,18000.0,0,1,1,middle class,0.4088759086346603
1,0,0,0,0,11000.0,0,0,1,middle class,0.4426275807536748
1,1,0,1,0,13000.0,0,0,0,middle class,
1,1,4,0,0,6000.0,0,0,1,working class,0.3779978092118555
2,2,0,12,2,12000.0,0,1,0,upper class,0.5458554706287139
0,0,0,0,0,12000.0,0,1,1,middle class,0.3680087055804523
1,1,0,1,0,11000.0,0,1,0,working class,0.5439834760370996
1,1,1,2,0,8000.0,0,1,0,upper class,0.5029447868604816
1,1,1,1,0,10000.0,0,0,0,poverty,0.3414632204431089
3,3,3,3,1,9000.0,0,1,0,middle class,0.4890026134251743
0,0,0,0,0,17000.0,0,0,1,poverty,0.3565218570875531
1,1,1,3,3,11000.0,0,0,1,poverty,0.4305272877898739
3,0,0,0,0,12000.0,1,1,0,upper class,0.7106399403376396
2,2,0,0,0,13000.0,0,1,0,upper class,0.6705928629488258
2,2,1,1,1,12000.0,1,1,0,middle class,0.4484082898494253
2,2,0,1,0,8000.0,0,1,0,poverty,0.3401464550196585
1,0,0,0,0,11000.0,0,1,0,working class,
1,1,1,5,1,11000.0,0,1,0,middle class,0.4931189360663872
2,2,2,1,0,16000.0,0,1,0,working class,0.2850027893053209
1,1,0,1,0,15000.0,0,0,1,middle class,0.6797949082598349
0,0,0,0,0,11000.0,0,1,0,working class,
2,2,5,4,0,10000.0,0,0,0,middle class,0.3460461157315677
2,2,4,4,1,10000.0,0,0,1,working class,0.2948824952892714
1,1,2,1,0,12000.0,0,0,1,poverty,
2,2,0,9,0,7000.0,0,1,0,middle class,0.6786957426697192
0,0,0,0,0,10000.0,0,1,1,working class,0.502119705029764
1,1,1,0,0,15000.0,1,1,0,upper class,0.7052284304707389
3,1,2,0,0,8000.0,0,1,0,upper class,0.542105030779762
1,1,0,4,1,11000.0,0,1,0,upper class,0.6954659685303427
1,1,2,1,0,16000.0,0,1,0,middle class,0.4543004585826299
1,1,1,0,0,16000.0,0,1,0,upper class,0.5827870696562382
1,1,0,1,0,12000.0,1,1,0,middle class,0.5222314755016938
1,0,0,0,0,14000.0,0,1,0,middle class,0.4709402314479679
1,1,1,2,0,13000.0,0,0,1,poverty,0.3641847847297929
1,0,0,0,0,13000.0,0,1,0,working class,0.4352247779429113
