AGE,DRIVING_EXPERIENCE,PAST_ACCIDENTS,SPEEDING_VIOLATIONS,DUIS,ANNUAL_MILEAGE,VEHICLE_YEAR,VEHICLE_OWNERSHIP,OUTCOME
3,0,0,0,0,12000.0,1,1,0
0,0,0,0,0,16000.0,0,0,1
0,0,0,0,0,11000.0,0,1,0
0,0,0,0,0,11000.0,0,1,0
1,1,1,2,0,12000.0,0,1,1
2,2,3,3,0,13000.0,1,1,0
3,3,3,7,0,13000.0,1,0,0
1,0,0,0,0,14000.0,1,0,1
2,2,0,0,0,13000.0,0,0,0
2,0,0,0,0,11000.0,0,1,1
3,3,7,6,2,10000.0,1,1,0
3,3,0,4,0,12000.0,1,1,0
2,2,2,4,1,8000.0,0,1,0
0,0,0,0,0,12000.0,0,1,0
1,1,1,0,2,12000.0,0,1,0
1,0,0,0,0,12000.0,1,0,0
3,3,1,10,2,12000.0,0,1,0
0,0,0,0,0,12000.0,0,0,1
1,0,0,0,0,12000.0,0,1,1
0,0,0,0,0,18000.0,0,1,1
0,0,0,0,0,17000.0,0,0,1
0,0,0,0,0,8000.0,1,1,1
2,2,1,3,1,13000.0,0,1,0
0,0,0,0,0,17000.0,0,0,0
3,3,3,13,2,7000.0,0,1,0
1,1,0,0,0,14000.0,0,1,0
2,1,0,1,1,13000.0,0,1,0
1,1,1,0,0,15000.0,0,1,0
1,1,1,0,0,17000.0,1,0,0
3,0,0,0,0,9000.0,1,1,1
2,2,1,2,0,7000.0,1,1,0
3,3,1,3,1,10000.0,0,1,0
0,0,0,0,0,9000.0,0,1,0
0,0,0,0,0,10000.0,0,1,1
1,0,0,0,0,11000.0,0,1,1
0,0,0,0,0,8000.0,1,0,1
1,1,2,3,0,17000.0,0,1,0
2,1,1,2,0,11000.0,0,1,0
3,3,5,6,0,12000.0,1,0,0
2,1,1,1,0,14000.0,0,1,0
3,3,3,5,1,10000.0,0,1,0
2,2,2,4,0,16000.0,1,1,0
2,2,0,10,2,9000.0,1,0,0
0,0,0,0,0,16000.0,0,0,1
1,1,0,1,0,13000.0,0,0,1
2,2,4,3,0,14000.0,0,0,0
3,2,5,7,0,7000.0,1,1,0
2,2,2,3,0,11000.0,1,1,0
1,1,0,1,0,12000.0,0,1,0
1,1,0,1,0,14000.0,0,0,0
2,2,2,3,0,14000.0,0,1,0
1,0,0,0,0,17000.0,0,0,1
3,2,1,9,0,7000.0,1,0,0
0,0,0,0,0,8000.0,0,0,1
0,0,0,0,0,7000.0,0,1,1
1,1,0,0,0,15000.0,1,1,0
0,0,0,0,0,9000.0,0,0,1
2,2,1,2,0,12000.0,1,0,0
2,2,0,0,0,12000.0,1,1,0
1,1,0,0,1,16000.0,0,1,0
2,2,1,3,0,12000.0,0,0,0
1,1,1,2,0,8000.0,0,1,0
2,2,0,2,0,7000.0,0,1,0
0,0,0,0,0,15000.0,0,1,1
2,2,1,1,0,12000.0,0,1,0
2,0,0,0,0,12000.0,0,1,0
2,1,0,0,0,11000.0,0,1,0
2,0,0,0,0,15000.0,0,1,1
3,2,4,4,1,5000.0,0,1,0
3,1,0,2,0,10000.0,0,1,0
3,2,7,2,1,12000.0,0,0,1
1,0,0,0,0,12000.0,1,0,1
2,2,7,5,0,12000.0,0,1,0
1,1,0,2,0,9000.0,0,1,0
0,0,0,0,0,16000.0,0,1,0
1,0,0,0,0,12000.0,0,1,0
2,0,0,0,0,14000.0,1,1,0
2,2,1,0,0,10000.0,0,1,0
2,0,0,0,0,16000.0,1,1,0
0,0,0,0,0,16000.0,0,1,1
2,1,0,0,0,14000.0,1,1,0
2,2,1,2,0,14000.0,0,0,0
0,0,0,0,0,11000.0,0,1,0
1,1,0,0,0,9000.0,1,0,0
1,1,2,1,0,13000.0,0,1,0
1,1,0,0,0,14000.0,1,1,0
0,0,0,0,0,14000.0,0,0,1
2,2,6,0,0,16000.0,0,0,0
3,1,1,3,1,9000.0,0,1,0
0,0,0,0,0,12000.0,0,1,1
3,3,3,6,1,14000.0,0,1,0
2,2,6,4,0,7000.0,1,1,0
1,0,0,0,0,12000.0,1,1,0
2,2,2,3,0,15000.0,0,0,0
2,1,0,0,0,13000.0,0,0,1
2,0,0,0,0,13000.0,0,1,0
1,1,0,2,0,15000.0,0,1,0
3,2,2,8,0,9000.0,1,1,0
2,2,2,1,0,14000.0,1,0,0
1,1,0,3,1,11000.0,1,1,0
2,2,2,1,0,11000.0,1,1,0
0,0,0,0,0,12000.0,0,1,1
0,0,0,0,0,12000.0,0,0,0
1,0,0,0,0,14000.0,0,0,0
0,0,0,0,0,11000.0,0,0,1
0,0,0,0,0,14000.0,0,0,1
1,1,1,2,0,13000.0,0,1,0
2,1,0,0,0,14000.0,1,1,0
3,3,3,4,1,10000.0,1,0,0
0,0,0,0,0,13000.0,0,1,1
3,3,2,12,2,10000.0,0,1,0
3,3,2,2,0,11000.0,0,1,0
0,0,0,0,0,15000.0,0,0,1
0,0,0,0,0,14000.0,1,1,1
0,0,0,0,0,15000.0,0,0,1
0,0,0,0,0,10000.0,0,0,1
0,0,0,0,0,9000.0,0,1,1
1,1,0,3,0,12000.0,0,1,0
2,1,1,5,0,7000.0,0,1,0
0,0,0,0,0,17000.0,0,1,1
0,0,0,0,0,11000.0,0,1,0
3,1,2,1,1,10000.0,0,1,0
3,2,7,3,1,14000.0,0,1,0
1,1,0,1,2,10000.0,0,1,0
1,1,0,2,0,12000.0,0,0,0
3,3,3,2,0,7000.0,1,1,0
0,0,0,0,0,12000.0,0,0,1
0,0,0,0,0,11000.0,0,1,1
0,0,0,0,0,10000.0,0,0,1
0,0,0,0,0,9000.0,1,1,1
3,2,2,3,0,13000.0,1,0,0
2,2,0,1,1,15000.0,0,1,0
3,3,2,4,1,9000.0,0,1,0
0,0,0,0,0,8000.0,0,0,1
0,0,0,0,0,12000.0,0,1,1
2,2,4,4,1,14000.0,1,0,0
1,1,1,0,0,12000.0,0,0,0
2,2,1,2,0,11000.0,1,1,0
1,1,1,0,0,12000.0,0,1,0
3,2,4,3,1,14000.0,1,1,0
2,2,3,6,0,12000.0,1,1,0
1,0,0,0,0,16000.0,0,0,1
2,2,1,7,1,13000.0,0,1,0
3,0,0,0,0,10000.0,0,0,1
3,0,0,0,0,13000.0,0,1,0
1,1,3,3,2,12000.0,0,0,1
3,3,5,5,1,12000.0,0,1,0
0,0,0,0,0,12000.0,0,1,1
1,1,0,0,1,16000.0,0,0,0
2,2,1,1,0,13000.0,1,1,0
3,3,4,5,2,13000.0,0,1,0
3,3,7,3,0,12000.0,1,1,0
1,0,0,0,0,10000.0,0,1,0
3,2,5,5,1,13000.0,0,1,0
3,3,1,10,0,8000.0,0,1,0
1,1,1,1,0,16000.0,0,0,0
0,0,0,0,0,14000.0,0,0,1
3,3,2,1,2,12000.0,0,1,0
2,0,0,0,0,16000.0,0,1,1
2,1,0,2,0,10000.0,0,1,0
3,3,1,3,0,12000.0,1,1,0
3,1,2,0,0,10000.0,1,1,0
0,0,0,0,0,13000.0,0,1,1
3,1,4,1,0,10000.0,0,1,0
3,3,0,2,0,11000.0,1,1,0
3,2,1,1,0,13000.0,1,1,0
1,1,1,0,0,12000.0,0,0,1
2,2,1,2,1,11000.0,1,1,0
2,1,1,0,0,13000.0,1,1,0
1,1,0,8,0,6000.0,1,0,0
2,0,0,0,0,12000.0,1,1,0
0,0,0,0,0,12000.0,0,1,0
2,1,1,0,0,11000.0,0,1,0
1,1,2,1,0,12000.0,0,1,1
1,1,0,1,0,12000.0,0,1,1
3,1,2,1,0,9000.0,1,1,0
2,2,2,2,0,12000.0,1,1,0
3,3,0,1,0,11000.0,1,1,0
0,0,0,0,0,14000.0,1,0,1
3,3,3,5,1,11000.0,1,1,0
3,3,6,13,1,10000.0,0,1,0
2,2,1,2,0,12000.0,1,1,0
1,1,1,3,0,13000.0,0,1,0
3,3,6,4,0,11000.0,0,1,0
2,2,2,1,0,12000.0,0,1,0
0,0,0,0,0,9000.0,0,0,1
3,3,0,0,0,14000.0,1,1,0
0,0,0,0,0,12000.0,0,0,1
0,0,0,0,0,13000.0,0,0,1
2,2,0,4,0,7000.0,1,1,0
2,0,0,0,0,12000.0,0,1,1
2,1,2,3,0,11000.0,1,1,0
1,1,1,1,0,8000.0,0,1,0
1,0,0,0,0,7000.0,0,0,1
1,1,1,3,0,8000.0,1,1,0
1,1,0,0,0,12000.0,0,0,1
2,0,0,0,0,12000.0,0,1,1
0,0,0,0,0,12000.0,0,0,1
2,2,0,2,1,13000.0,1,1,0
2,2,1,2,2,15000.0,0,1,0
3,3,2,5,0,12000.0,1,1,0
0,0,0,0,0,12000.0,0,1,1
0,0,0,0,0,14000.0,0,1,0
1,1,5,2,0,12000.0,0,1,1
1,1,1,1,0,13000.0,0,1,0
1,1,4,0,1,12000.0,0,1,0
3,3,8,4,0,12000.0,0,0,0
1,0,0,0,0,15000.0,0,0,1
1,1,0,1,2,12000.0,0,0,0
1,1,0,2,0,10000.0,1,1,0
0,0,0,0,0,11000.0,0,0,1
1,1,3,6,1,11000.0,0,0,1
3,0,0,0,0,11000.0,1,0,1
0,0,0,0,0,10000.0,1,1,0
1,1,1,0,0,13000.0,0,1,0
0,0,0,0,0,15000.0,0,1,1
0,0,0,0,0,11000.0,0,1,0
2,2,0,3,0,12000.0,0,1,0
1,1,0,0,1,17000.0,0,1,0
1,1,0,2,0,11000.0,0,1,0
2,2,0,2,0,11000.0,1,0,0
0,0,0,0,0,12000.0,0,0,1
2,1,2,0,0,11000.0,1,1,0
3,3,10,6,2,9000.0,1,1,0
1,1,0,0,0,11000.0,0,1,1
1,1,1,1,0,14000.0,0,0,1
2,2,0,2,0,13000.0,0,1,0
2,2,4,1,0,10000.0,0,1,0
0,0,0,0,0,12000.0,0,0,1
2,2,0,5,0,12000.0,0,1,0
0,0,0,0,0,17000.0,0,0,1
0,0,0,0,0,15000.0,0,1,1
2,2,2,3,1,13000.0,0,1,0
3,3,5,1,0,13000.0,0,1,0
2,2,5,2,0,15000.0,0,1,0
2,0,0,0,0,11000.0,1,1,0
0,0,0,0,0,9000.0,0,1,1
3,2,2,2,0,11000.0,0,1,0
2,2,0,3,1,7000.0,0,1,0
3,3,0,2,0,8000.0,0,1,0
2,2,1,1,0,8000.0,1,1,0
1,1,1,1,0,16000.0,0,1,0
3,0,0,0,0,17000.0,1,1,0
2,1,0,3,0,10000.0,0,1,0
0,0,0,0,0,12000.0,0,0,1
2,2,1,3,1,7000.0,0,0,0
0,0,0,0,0,13000.0,0,0,1
0,0,0,0,0,11000.0,0,0,1
3,0,0,0,0,9000.0,1,1,0
0,0,0,0,0,14000.0,0,1,0
1,1,0,0,1,13000.0,0,0,1
0,0,0,0,0,15000.0,0,0,1
1,0,0,0,0,12000.0,1,0,0
2,2,0,2,0,12000.0,1,1,0
2,0,0,0,0,11000.0,0,0,1
1,1,0,1,0,12000.0,0,1,0
3,3,5,8,0,9000.0,1,1,0
0,0,0,0,0,15000.0,0,0,0
0,0,0,0,0,13000.0,0,1,0
1,0,0,0,0,12000.0,0,1,0
0,0,0,0,0,14000.0,0,0,1
0,0,0,0,0,15000.0,0,1,1
2,2,0,5,0,14000.0,0,1,0
1,0,0,0,0,12000.0,0,1,1
1,0,0,0,0,12000.0,1,1,0
0,0,0,0,0,11000.0,0,0,1
2,1,2,4,0,10000.0,1,1,0
2,1,1,1,0,13000.0,1,1,0
2,2,4,1,0,17000.0,0,1,0
0,0,0,0,0,17000.0,0,0,0
3,3,4,5,0,9000.0,0,1,0
0,0,0,0,0,11000.0,1,0,0
3,3,3,5,0,11000.0,0,0,0
3,0,0,0,0,13000.0,0,1,0
0,0,0,0,0,10000.0,0,0,0
0,0,0,0,0,13000.0,0,0,1
2,2,1,7,0,7000.0,0,1,1
2,2,3,2,0,10000.0,0,1,0
1,0,0,0,0,8000.0,0,1,0
0,0,0,0,0,17000.0,0,0,1
2,1,0,0,1,13000.0,1,1,0
1,1,1,2,0,12000.0,0,0,0
0,0,0,0,0,12000.0,0,0,0
3,3,2,4,1,9000.0,1,1,0
1,1,0,0,1,14000.0,0,1,0
3,3,5,11,1,11000.0,1,1,0
0,0,0,0,0,16000.0,0,1,1
1,1,3,0,2,5000.0,0,0,1
3,1,1,2,0,10000.0,0,1,0
3,3,3,2,0,11000.0,0,1,0
2,2,1,0,1,11000.0,1,1,0
2,2,1,3,0,12000.0,1,0,0
1,0,0,0,0,13000.0,0,0,1
2,0,0,0,0,10000.0,0,0,1
0,0,0,0,0,14000.0,0,1,1
0,0,0,0,0,12000.0,0,0,1
1,1,1,1,0,15000.0,1,1,0
1,1,1,6,0,12000.0,0,1,0
0,0,0,0,0,18000.0,0,0,0
3,2,2,5,0,11000.0,1,1,0
1,1,2,0,0,5000.0,0,0,0
1,1,0,0,0,12000.0,0,0,0
1,1,2,0,1,9000.0,0,0,1
0,0,0,0,0,10000.0,0,0,1
2,2,1,5,0,15000.0,0,1,0
0,0,0,0,0,16000.0,0,0,1
0,0,0,0,0,13000.0,1,0,0
0,0,0,0,0,13000.0,0,1,1
1,0,0,0,0,14000.0,0,0,1
3,3,6,6,1,9000.0,0,1,0
2,2,4,5,1,7000.0,0,1,0
2,2,0,1,0,16000.0,0,1,1
2,2,0,5,0,11000.0,1,0,0
2,0,0,0,0,13000.0,1,1,0
3,3,4,2,1,12000.0,1,1,0
2,2,0,2,1,13000.0,0,0,0
2,0,0,0,0,9000.0,1,1,0
3,3,1,2,0,12000.0,1,1,0
3,3,0,7,0,15000.0,0,1,0
0,0,0,0,0,10000.0,1,1,0
1,1,1,1,0,10000.0,0,1,1
0,0,0,0,0,12000.0,0,0,1
1,1,2,1,0,12000.0,0,1,0
3,3,3,1,1,14000.0,0,1,0
3,0,0,0,0,12000.0,0,1,0
1,0,0,0,0,12000.0,0,1,1
1,1,0,0,0,16000.0,0,0,1
0,0,0,0,0,11000.0,0,0,1
1,1,0,0,0,13000.0,1,1,0
2,1,0,0,0,12000.0,0,1,0
3,3,7,2,0,12000.0,1,1,0
2,2,2,1,0,10000.0,0,1,0
3,1,4,3,1,7000.0,1,1,0
2,1,1,0,0,13000.0,0,0,0
2,0,0,0,0,11000.0,0,0,1
2,2,3,4,0,7000.0,0,0,0
1,0,0,0,0,12000.0,0,1,0
3,0,0,0,0,11000.0,0,0,1
2,2,4,3,2,12000.0,0,1,0
2,2,2,4,1,9000.0,0,1,0
0,0,0,0,0,12000.0,0,0,1
0,0,0,0,0,11000.0,0,1,1
1,1,1,2,0,13000.0,1,1,0
1,0,0,0,0,14000.0,0,0,1
2,2,1,5,0,9000.0,0,0,0
3,3,0,1,0,15000.0,1,1,1
1,1,1,1,0,17000.0,0,0,0
1,1,0,2,0,13000.0,0,1,1
1,0,0,0,0,14000.0,0,0,1
2,2,1,1,1,9000.0,1,1,0
3,0,0,0,0,13000.0,1,1,0
0,0,0,0,0,13000.0,0,1,1
2,2,4,2,0,7000.0,1,1,0
2,1,1,2,0,10000.0,0,1,0
2,1,1,2,1,12000.0,0,0,0
2,2,1,1,0,12000.0,1,1,0
1,1,0,1,0,6000.0,0,1,0
0,0,0,0,0,12000.0,0,0,1
3,3,4,5,0,9000.0,1,1,0
3,3,4,2,0,12000.0,0,1,0
1,1,1,5,0,10000.0,0,1,0
1,1,4,0,0,14000.0,1,1,0
1,1,0,0,0,12000.0,0,1,0
1,1,2,3,0,9000.0,1,1,0
1,0,0,0,0,10000.0,1,1,0
3,0,0,0,0,13000.0,0,1,0
2,2,3,0,0,14000.0,0,1,0
1,1,1,0,0,14000.0,0,0,0
0,0,0,0,0,12000.0,0,0,1
3,1,0,0,0,11000.0,1,1,0
3,3,7,3,1,11000.0,1,1,0
0,0,0,0,0,16000.0,0,1,1
1,1,1,0,0,12000.0,1,0,0
2,2,0,2,0,13000.0,1,1,0
1,0,0,0,0,13000.0,0,0,1
1,1,0,1,0,14000.0,0,1,0
0,0,0,0,0,12000.0,0,0,1
2,0,0,0,0,11000.0,0,1,0
1,1,0,3,0,11000.0,1,1,0
0,0,0,0,0,11000.0,1,1,0
0,0,0,0,0,13000.0,0,1,1
2,0,0,0,0,12000.0,0,1,0
2,2,1,0,0,15000.0,1,1,0
2,2,1,0,0,12000.0,1,1,0
1,0,0,0,0,11000.0,0,0,1
3,3,1,6,1,6000.0,1,1,0
2,0,0,0,0,10000.0,0,1,0
2,0,0,0,0,12000.0,1,1,0
1,1,4,1,0,11000.0,0,1,0
1,0,0,0,0,12000.0,1,1,1
2,0,0,0,0,9000.0,1,1,0
1,1,0,0,0,12000.0,1,0,0
2,2,3,2,0,11000.0,0,0,0
3,3,5,8,0,7000.0,0,1,0
3,1,0,0,0,8000.0,0,1,0
1,1,2,1,0,11000.0,1,1,0
1,1,4,0,0,10000.0,0,0,0
2,1,2,2,0,13000.0,0,0,1
1,1,1,2,0,17000.0,1,0,0
1,1,1,2,0,15000.0,1,1,0
1,1,0,2,0,14000.0,0,1,0
1,1,0,0,0,12000.0,1,0,0
1,1,1,3,0,11000.0,0,0,0
3,0,0,0,0,9000.0,0,1,1
2,2,1,0,0,15000.0,0,1,0
0,0,0,0,0,9000.0,0,0,0
2,1,3,1,1,10000.0,0,1,0
2,2,2,1,0,12000.0,0,1,0
1,1,1,1,0,12000.0,1,0,0
2,2,0,1,0,12000.0,0,1,0
1,1,1,4,1,12000.0,0,1,1
3,1,0,2,0,8000.0,0,1,0
3,0,0,0,0,10000.0,0,0,1
3,3,6,4,1,9000.0,0,1,0
1,1,0,0,2,14000.0,0,1,0
1,1,1,3,0,12000.0,1,0,1
1,1,0,2,0,16000.0,0,0,1
3,3,0,1,1,16000.0,0,1,0
3,3,5,5,1,12000.0,0,0,0
0,0,0,0,0,16000.0,1,1,0
2,0,0,0,0,12000.0,0,0,0
2,2,0,3,0,12000.0,1,1,0
0,0,0,0,0,14000.0,0,0,1
1,1,1,2,0,9000.0,0,0,1
0,0,0,0,0,12000.0,0,1,1
1,1,0,0,0,10000.0,0,0,0
1,1,0,3,0,13000.0,0,0,0
3,0,0,0,0,14000.0,0,0,1
3,2,0,2,1,13000.0,1,1,0
2,2,4,1,0,10000.0,1,1,0
2,2,2,1,0,12000.0,0,1,0
1,0,0,0,0,15000.0,0,0,1
2,2,1,1,1,9000.0,1,1,0
3,0,0,0,0,12000.0,0,1,1
2,0,0,0,0,12000.0,0,1,1
2,2,4,4,0,15000.0,1,1,0
2,1,2,0,0,12000.0,0,1,0
2,2,1,4,1,9000.0,0,0,0
1,1,2,5,0,12000.0,1,1,0
1,1,1,3,0,13000.0,1,1,0
2,1,0,0,1,12000.0,0,1,0
2,1,0,2,1,14000.0,1,0,0
2,1,3,1,0,9000.0,1,0,0
2,2,3,4,0,10000.0,0,0,0
2,0,0,0,0,7000.0,0,1,0
2,1,0,0,0,15000.0,0,1,0
1,1,0,3,0,12000.0,1,0,0
3,2,3,1,0,10000.0,0,1,0
3,3,3,3,1,13000.0,0,1,0
1,1,0,2,0,11000.0,0,1,0
2,2,0,1,0,7000.0,1,1,0
2,1,1,3,1,9000.0,0,1,0
0,0,0,0,0,11000.0,0,1,1
3,3,1,13,0,10000.0,0,1,0
0,0,0,0,0,8000.0,0,0,1
3,3,7,3,1,8000.0,0,1,0
1,1,2,1,0,14000.0,1,0,0
1,1,1,2,0,15000.0,0,0,0
2,2,2,1,0,12000.0,0,1,1
3,2,1,4,0,12000.0,0,1,0
1,1,3,0,0,16000.0,0,0,1
1,0,0,0,0,13000.0,1,1,0
3,3,2,2,1,12000.0,0,1,0
1,0,0,0,0,13000.0,0,1,0
1,1,2,1,0,12000.0,0,0,0
0,0,0,0,0,13000.0,0,0,1
2,2,4,2,0,12000.0,0,0,0
3,3,2,5,1,12000.0,1,1,0
2,0,0,0,0,10000.0,0,1,0
2,0,0,0,0,16000.0,0,0,1
1,0,0,0,0,9000.0,0,0,1
2,2,3,3,0,15000.0,0,1,0
1,1,0,2,0,12000.0,0,0,0
0,0,0,0,0,10000.0,0,0,1
1,0,0,0,0,12000.0,0,0,1
3,1,1,2,1,13000.0,0,1,0
1,1,1,1,0,11000.0,0,1,0
0,0,0,0,0,5000.0,0,1,1
1,0,0,0,0,8000.0,1,0,1
2,2,0,3,0,12000.0,0,1,0
1,1,1,0,0,8000.0,0,1,0
1,1,0,0,0,14000.0,0,0,1
1,0,0,0,0,12000.0,1,1,0
1,1,2,1,1,11000.0,1,1,0
3,3,4,5,0,9000.0,0,1,0
0,0,0,0,0,12000.0,0,1,1
1,1,3,2,1,14000.0,0,1,0
2,1,1,0,0,14000.0,0,1,0
2,2,3,7,1,8000.0,1,1,0
0,0,0,0,0,16000.0,0,0,1
3,0,0,0,0,9000.0,1,1,0
0,0,0,0,0,14000.0,0,0,1
0,0,0,0,0,13000.0,0,1,0
3,3,1,6,1,16000.0,0,1,0
3,3,2,5,0,10000.0,0,1,0
2,0,0,0,0,12000.0,0,1,1
0,0,0,0,0,13000.0,0,1,1
0,0,0,0,0,14000.0,0,1,1
1,0,0,0,0,14000.0,1,0,1
3,2,2,1,2,10000.0,0,0,0
0,0,0,0,0,13000.0,0,1,1
1,1,0,1,0,12000.0,0,0,0
1,1,1,1,0,15000.0,0,1,0
0,0,0,0,0,12000.0,0,0,1
2,2,0,1,0,13000.0,1,1,0
1,1,0,3,0,9000.0,0,0,1
1,1,0,1,0,10000.0,0,1,0
1,1,0,2,0,15000.0,0,1,0
0,0,0,0,0,13000.0,0,1,1
1,1,1,4,1,9000.0,0,1,1
0,0,0,0,0,15000.0,1,1,1
1,1,0,2,0,10000.0,1,1,0
1,1,1,2,0,11000.0,0,1,0
2,2,3,7,0,9000.0,0,0,0
1,0,0,0,0,14000.0,0,0,1
2,2,2,1,0,9000.0,1,1,0
2,0,0,0,0,10000.0,0,1,0
0,0,0,0,0,16000.0,0,0,1
2,2,0,0,1,14000.0,0,1,0
0,0,0,0,0,9000.0,0,1,0
2,2,0,1,0,13000.0,1,1,0
1,1,1,0,0,12000.0,0,1,0
1,1,2,1,0,8000.0,0,1,0
3,2,2,1,0,10000.0,0,0,0
2,2,2,7,1,12000.0,0,1,0
2,2,1,0,1,12000.0,1,1,0
1,1,2,0,0,16000.0,0,1,0
1,0,0,0,0,15000.0,0,0,1
0,0,0,0,0,12000.0,0,0,1
2,2,3,6,0,8000.0,0,1,0
1,0,0,0,0,14000.0,0,0,1
1,1,0,1,1,14000.0,0,1,0
1,1,0,1,0,14000.0,0,1,0
3,0,0,0,0,10000.0,1,0,1
2,2,2,2,2,12000.0,0,1,0
0,0,0,0,0,15000.0,0,1,1
3,3,6,5,0,12000.0,1,1,0
2,2,8,3,1,6000.0,1,1,0
0,0,0,0,0,12000.0,1,1,0
3,3,4,3,1,12000.0,0,1,0
2,2,3,2,1,12000.0,0,1,0
1,1,0,1,0,9000.0,0,1,0
2,2,4,3,0,10000.0,1,0,0
0,0,0,0,0,13000.0,0,0,1
2,2,0,1,0,17000.0,1,1,0
1,1,0,0,0,12000.0,0,0,0
1,1,1,2,0,12000.0,0,1,1
0,0,0,0,0,15000.0,0,0,1
2,2,1,1,0,8000.0,0,1,0
0,0,0,0,0,14000.0,1,1,0
2,1,3,2,0,10000.0,0,1,0
2,1,1,3,0,12000.0,1,1,0
2,2,0,0,1,14000.0,0,1,0
1,0,0,0,0,10000.0,1,1,0
2,2,0,2,0,14000.0,0,0,0
2,2,5,3,1,12000.0,0,1,0
1,1,1,0,1,13000.0,0,0,1
0,0,0,0,0,11000.0,0,0,1
2,1,0,1,0,8000.0,1,1,0
0,0,0,0,0,11000.0,0,1,1
1,0,0,0,0,14000.0,0,1,1
1,1,4,0,0,12000.0,0,1,0
3,0,0,0,0,11000.0,1,0,0
1,1,3,3,1,12000.0,0,1,0
1,1,0,2,0,11000.0,0,1,1
3,3,5,3,0,13000.0,1,1,0
2,2,1,1,2,8000.0,1,0,0
2,2,1,3,0,9000.0,0,1,0
1,1,1,0,0,9000.0,1,1,0
2,0,0,0,0,11000.0,0,1,1
2,2,1,3,0,8000.0,1,1,0
0,0,0,0,0,13000.0,0,1,0
0,0,0,0,0,19000.0,0,0,1
2,1,1,0,0,8000.0,1,1,0
2,0,0,0,0,8000.0,1,1,0
2,1,0,2,0,12000.0,0,0,1
1,1,0,4,2,12000.0,0,1,0
1,1,1,1,0,16000.0,0,0,0
2,2,2,2,0,11000.0,0,1,0
1,1,0,2,0,11000.0,0,0,1
0,0,0,0,0,16000.0,0,1,0
0,0,0,0,0,12000.0,0,0,1
3,3,5,3,2,9000.0,0,1,0
2,2,2,4,1,13000.0,0,1,0
3,1,2,1,0,9000.0,0,1,0
0,0,0,0,0,17000.0,0,1,1
0,0,0,0,0,15000.0,1,1,0
2,2,3,0,0,15000.0,1,0,0
2,2,2,0,0,13000.0,1,1,0
3,0,0,0,0,6000.0,0,1,1
3,0,0,0,0,12000.0,0,0,1
1,1,0,3,0,14000.0,1,1,0
0,0,0,0,0,15000.0,0,0,1
1,0,0,0,0,15000.0,0,1,1
0,0,0,0,0,12000.0,1,1,0
0,0,0,0,0,11000.0,0,0,1
0,0,0,0,0,11000.0,0,1,0
2,2,3,1,0,12000.0,0,1,0
0,0,0,0,0,16000.0,0,0,1
2,0,0,0,0,10000.0,0,1,0
2,1,0,0,1,13000.0,0,0,1
0,0,0,0,0,6000.0,0,1,0
1,1,1,0,0,10000.0,0,1,0
2,0,0,0,0,9000.0,0,0,1
0,0,0,0,0,12000.0,0,1,1
3,3,0,2,0,10000.0,0,1,0
2,2,3,1,0,9000.0,0,1,0
1,1,0,1,0,13000.0,0,1,0
3,1,1,2,0,8000.0,1,1,0
0,0,0,0,0,10000.0,0,0,0
1,0,0,0,0,12000.0,0,1,1
1,1,2,0,1,8000.0,1,0,0
1,1,0,0,1,13000.0,0,0,1
0,0,0,0,0,12000.0,0,0,0
1,0,0,0,0,12000.0,0,1,0
0,0,0,0,0,15000.0,0,1,0
1,1,0,0,0,16000.0,1,1,0
0,0,0,0,0,9000.0,1,0,0
0,0,0,0,0,14000.0,0,1,0
1,0,0,0,0,9000.0,0,0,1
0,0,0,0,0,14000.0,0,0,1
2,2,1,3,0,10000.0,0,1,0
2,2,2,1,0,13000.0,0,1,0
1,0,0,0,0,9000.0,1,1,0
1,0,0,0,0,9000.0,0,1,1
2,1,0,0,1,11000.0,0,1,1
2,2,1,2,1,14000.0,0,0,0
2,0,0,0,0,7000.0,1,1,0
2,2,1,2,1,9000.0,0,1,0
2,1,3,0,0,9000.0,0,1,0
2,2,2,0,0,8000.0,0,1,0
1,1,0,0,0,11000.0,1,1,0
2,2,2,0,0,12000.0,0,1,0
3,3,1,3,0,16000.0,1,1,0
3,0,0,0,0,13000.0,1,1,0
1,1,0,0,0,13000.0,0,1,0
2,1,0,3,1,11000.0,0,1,0
3,1,0,4,1,8000.0,0,1,0
0,0,0,0,0,15000.0,0,1,1
0,0,0,0,0,12000.0,0,1,1
3,0,0,0,0,12000.0,0,1,1
3,2,0,1,0,12000.0,0,1,0
2,2,0,7,3,9000.0,1,0,0
2,2,2,1,1,16000.0,0,1,1
3,2,3,3,0,14000.0,0,1,0
1,1,3,0,0,14000.0,1,1,0
1,1,1,1,0,11000.0,0,0,1
3,2,0,8,0,12000.0,0,1,0
2,1,1,0,1,15000.0,0,1,1
1,1,3,0,0,11000.0,1,1,0
1,1,0,1,0,16000.0,1,0,0
0,0,0,0,0,11000.0,0,1,0
2,2,4,3,0,12000.0,1,1,0
2,2,1,2,0,12000.0,1,1,0
0,0,0,0,0,13000.0,0,1,1
1,0,0,0,0,14000.0,0,1,1
1,0,0,0,0,8000.0,0,1,1
0,0,0,0,0,6000.0,0,0,0
1,1,2,1,2,11000.0,0,1,0
1,1,0,0,0,12000.0,0,1,0
3,3,3,3,0,12000.0,0,1,0
3,3,1,12,1,10000.0,0,1,0
0,0,0,0,0,7000.0,0,0,1
0,0,0,0,0,16000.0,0,0,1
3,0,0,0,0,10000.0,0,1,0
1,0,0,0,0,13000.0,0,1,0
2,2,3,2,0,9000.0,0,1,0
2,0,0,0,0,12000.0,1,0,0
1,1,0,1,0,15000.0,1,0,0
2,2,6,1,0,8000.0,1,1,0
1,1,2,0,1,13000.0,0,1,0
1,1,1,1,1,12000.0,0,1,0
2,2,1,1,0,11000.0,1,1,1
0,0,0,0,0,13000.0,0,0,1
1,1,0,1,0,9000.0,0,0,1
0,0,0,0,0,16000.0,0,0,1
1,1,0,2,0,13000.0,0,0,1
0,0,0,0,0,12000.0,0,0,1
3,0,0,0,0,9000.0,1,1,0
2,2,1,2,0,12000.0,1,1,0
1,1,0,2,0,13000.0,0,0,0
1,1,2,1,0,14000.0,0,1,1
3,0,0,0,0,9000.0,1,1,0
3,3,3,1,0,11000.0,1,1,0
1,1,0,1,1,13000.0,1,0,0
2,0,0,0,0,10000.0,1,0,1
3,2,4,4,0,9000.0,0,1,0
0,0,0,0,0,16000.0,0,0,0
0,0,0,0,0,13000.0,0,0,1
1,1,2,0,0,15000.0,1,0,0
3,3,1,1,0,11000.0,1,0,0
1,1,1,1,1,15000.0,0,1,0
0,0,0,0,0,13000.0,1,1,1
2,2,3,2,0,12000.0,1,1,0
3,3,1,5,1,9000.0,0,1,0
2,2,5,3,1,12000.0,0,1,0
2,2,6,2,1,11000.0,1,1,0
2,2,2,1,0,10000.0,1,1,0
3,0,0,0,0,11000.0,0,1,0
1,0,0,0,0,14000.0,1,1,1
3,3,3,2,0,14000.0,0,0,0
2,2,1,0,1,13000.0,0,1,0
1,0,0,0,0,12000.0,0,1,1
2,2,6,1,0,10000.0,0,0,0
3,2,2,2,0,11000.0,1,0,0
0,0,0,0,0,12000.0,0,1,1
0,0,0,0,0,13000.0,0,1,0
3,2,6,6,0,9000.0,1,1,0
1,0,0,0,0,12000.0,0,1,1
3,3,5,2,0,12000.0,1,1,0
3,3,0,4,1,9000.0,0,1,0
2,0,0,0,0,11000.0,0,1,0
1,1,1,0,0,12000.0,0,1,0
2,1,0,2,0,13000.0,0,1,0
3,1,0,0,0,13000.0,1,1,0
1,1,0,0,0,13000.0,0,1,0
2,0,0,0,0,14000.0,0,1,1
1,1,1,1,0,12000.0,0,1,0
2,2,1,2,1,12000.0,1,1,0
2,1,0,2,0,11000.0,1,1,0
1,1,1,4,0,9000.0,0,1,1
2,2,0,1,0,10000.0,1,1,0
1,1,1,1,0,12000.0,0,1,0
1,1,1,1,0,14000.0,0,1,0
1,1,0,1,0,12000.0,0,1,0
2,0,0,0,0,11000.0,1,1,0
1,1,1,3,0,18000.0,0,0,1
3,3,2,1,0,12000.0,0,1,0
1,0,0,0,0,12000.0,1,1,0
3,3,1,2,0,11000.0,1,1,0
0,0,0,0,0,10000.0,0,1,1
3,0,0,0,0,11000.0,1,1,0
0,0,0,0,0,14000.0,0,0,1
0,0,0,0,0,16000.0,1,1,0
3,3,4,15,1,10000.0,0,1,0
2,2,1,1,3,12000.0,0,1,0
1,1,3,3,0,12000.0,0,0,1
0,0,0,0,0,14000.0,0,0,1
1,1,0,0,0,13000.0,1,1,0
3,3,2,0,0,18000.0,0,0,0
0,0,0,0,0,11000.0,0,1,0
1,0,0,0,0,10000.0,0,0,1
1,1,0,0,0,15000.0,0,0,1
0,0,0,0,0,14000.0,0,0,1
1,0,0,0,0,16000.0,0,0,1
1,1,0,0,0,16000.0,0,0,1
3,3,11,4,0,10000.0,1,1,0
2,2,3,5,1,11000.0,1,1,0
3,3,0,5,1,12000.0,0,1,0
2,0,0,0,0,10000.0,0,0,0
2,1,1,1,0,13000.0,1,1,0
3,3,2,1,0,13000.0,1,0,0
2,0,0,0,0,16000.0,1,1,0
2,1,0,1,0,14000.0,0,1,0
3,1,0,1,0,9000.0,0,1,0
3,0,0,0,0,11000.0,1,1,0
2,0,0,0,0,14000.0,0,1,1
2,2,3,4,0,11000.0,0,1,0
1,0,0,0,0,10000.0,0,0,1
1,0,0,0,0,11000.0,0,1,0
1,0,0,0,0,13000.0,0,0,1
2,2,3,3,0,13000.0,1,1,0
0,0,0,0,0,17000.0,0,0,1
2,0,0,0,0,10000.0,0,1,1
0,0,0,0,0,12000.0,1,0,1
1,1,1,2,0,11000.0,0,0,0
1,1,2,1,1,15000.0,1,1,0
1,1,0,0,0,11000.0,1,1,0
1,0,0,0,0,14000.0,0,1,1
1,0,0,0,0,14000.0,0,0,0
2,1,0,0,0,12000.0,0,1,0
0,0,0,0,0,16000.0,0,0,1
1,0,0,0,0,13000.0,0,0,1
1,1,1,1,0,7000.0,0,0,0
1,1,0,1,0,9000.0,0,1,0
2,1,3,2,0,14000.0,0,1,0
1,0,0,0,0,8000.0,0,0,1
0,0,0,0,0,17000.0,0,1,1
3,3,1,0,0,11000.0,1,1,0
0,0,0,0,0,13000.0,0,1,0
1,1,0,1,0,13000.0,1,1,0
1,1,1,6,0,8000.0,1,1,0
2,2,3,3,1,10000.0,1,0,0
3,1,0,0,0,11000.0,1,1,0
3,3,4,3,0,15000.0,0,1,0
1,0,0,0,0,8000.0,0,0,0
1,1,1,0,2,16000.0,0,1,0
0,0,0,0,0,12000.0,0,0,1
2,1,0,2,1,9000.0,0,0,0
3,2,2,4,0,11000.0,1,1,0
3,3,6,3,0,11000.0,0,1,0
2,2,1,4,0,13000.0,0,1,0
3,2,2,5,0,10000.0,0,1,0
3,3,2,0,0,12000.0,1,1,0
0,0,0,0,0,16000.0,1,0,1
2,2,1,0,0,7000.0,1,1,0
0,0,0,0,0,12000.0,0,1,1
3,3,5,4,1,11000.0,0,1,0
2,2,1,5,1,10000.0,0,1,0
2,2,0,3,1,9000.0,0,1,0
2,0,0,0,0,10000.0,1,0,0
2,1,1,1,0,9000.0,1,1,0
1,1,1,2,0,12000.0,0,1,0
2,1,3,1,1,10000.0,0,1,0
0,0,0,0,0,15000.0,1,1,0
3,3,1,0,1,11000.0,1,1,0
0,0,0,0,0,12000.0,0,1,0
0,0,0,0,0,12000.0,0,1,1
1,0,0,0,0,15000.0,1,1,0
0,0,0,0,0,15000.0,0,1,1
0,0,0,0,0,9000.0,1,1,1
2,2,1,1,0,7000.0,0,1,0
1,1,1,3,0,12000.0,0,1,0
1,1,0,1,0,13000.0,1,1,0
3,2,2,3,0,15000.0,1,1,0
3,3,8,5,0,12000.0,1,1,0
1,1,0,0,0,17000.0,0,0,0
1,1,0,2,1,16000.0,0,1,0
1,0,0,0,0,11000.0,0,0,1
0,0,0,0,0,7000.0,0,0,1
1,1,1,0,0,17000.0,0,0,1
1,0,0,0,0,12000.0,0,0,1
3,2,1,1,0,12000.0,1,1,0
0,0,0,0,0,12000.0,0,0,0
1,1,1,3,1,9000.0,0,1,0
1,1,2,1,1,10000.0,1,1,0
1,1,1,2,0,9000.0,0,1,0
1,1,4,1,0,14000.0,0,1,0
2,1,1,6,1,10000.0,1,1,0
2,0,0,0,0,12000.0,1,1,0
1,1,0,1,0,8000.0,0,1,0
3,3,4,6,0,13000.0,0,1,0
0,0,0,0,0,15000.0,0,0,0
3,0,0,0,0,11000.0,1,1,0
1,1,2,4,1,10000.0,0,1,1
1,0,0,0,0,12000.0,0,0,1
1,1,0,1,0,16000.0,0,0,1
2,2,4,1,0,13000.0,1,1,0
1,1,1,2,0,13000.0,1,1,0
2,2,0,0,0,12000.0,0,1,0
3,3,6,3,2,12000.0,1,1,0
0,0,0,0,0,12000.0,0,0,1
0,0,0,0,0,17000.0,0,0,1
1,1,1,0,0,14000.0,0,1,0
3,3,5,4,0,8000.0,0,1,0
1,1,0,1,1,10000.0,0,1,0
0,0,0,0,0,9000.0,0,0,1
2,2,5,1,0,12000.0,1,1,0
1,1,1,2,0,12000.0,0,1,0
1,1,1,0,1,18000.0,0,1,0
2,2,4,2,0,14000.0,1,1,0
1,1,0,4,0,11000.0,1,1,0
1,1,1,0,0,11000.0,0,0,0
1,0,0,0,0,12000.0,0,1,1
3,2,1,1,0,13000.0,1,1,0
0,0,0,0,0,15000.0,1,0,1
2,2,1,3,1,10000.0,0,1,0
2,2,1,7,0,10000.0,1,1,0
2,0,0,0,0,10000.0,0,0,1
2,2,7,3,1,14000.0,0,1,0
2,2,5,1,0,8000.0,1,1,0
1,1,1,0,0,12000.0,0,1,0
0,0,0,0,0,15000.0,0,0,1
2,0,0,0,0,10000.0,0,1,0
2,2,2,8,0,14000.0,0,0,0
0,0,0,0,0,10000.0,0,1,0
3,3,4,2,0,13000.0,1,1,0
3,1,0,0,0,18000.0,0,1,0
1,1,0,2,0,16000.0,0,0,1
3,0,0,0,0,11000.0,1,1,1
2,2,4,6,0,5000.0,0,1,0
2,0,0,0,0,12000.0,0,0,1
3,1,0,3,1,12000.0,1,1,0
1,0,0,0,0,10000.0,0,1,1
2,2,1,1,0,13000.0,0,1,0
2,1,0,1,1,16000.0,0,1,0
3,3,2,10,0,13000.0,0,1,0
0,0,0,0,0,13000.0,0,0,1
0,0,0,0,0,14000.0,0,0,0
3,3,0,3,0,12000.0,1,0,0
1,1,1,0,0,11000.0,0,0,1
1,1,0,1,0,15000.0,1,1,0
1,1,4,4,0,10000.0,0,0,0
3,1,0,1,0,13000.0,0,1,0
3,3,5,9,0,12000.0,1,1,0
2,0,0,0,0,12000.0,0,1,0
2,2,3,4,0,10000.0,0,1,0
3,0,0,0,0,12000.0,1,1,0
1,1,0,2,0,12000.0,1,1,0
3,2,0,1,2,10000.0,0,0,0
3,3,1,1,1,17000.0,1,1,0
3,3,4,5,2,10000.0,0,1,0
1,1,0,1,1,12000.0,0,1,0
0,0,0,0,0,8000.0,0,1,0
2,2,3,1,0,9000.0,1,0,0
3,3,2,7,1,11000.0,0,1,0
1,1,3,1,0,11000.0,0,1,0
1,1,0,0,0,17000.0,0,0,0
1,0,0,0,0,12000.0,1,1,0
2,2,0,6,2,11000.0,0,1,0
3,3,3,0,0,9000.0,0,0,0
0,0,0,0,0,17000.0,0,1,1
2,0,0,0,0,15000.0,1,1,0
3,3,0,0,1,9000.0,0,1,0
1,1,1,1,0,16000.0,1,1,0
2,1,1,5,0,10000.0,0,1,0
0,0,0,0,0,9000.0,0,1,1
0,0,0,0,0,11000.0,0,0,1
1,1,1,2,1,14000.0,0,1,0
1,1,0,0,1,16000.0,0,1,0
2,0,0,0,0,8000.0,1,1,0
0,0,0,0,0,11000.0,0,0,1
0,0,0,0,0,16000.0,0,0,1
3,0,0,0,0,10000.0,0,0,1
3,3,1,13,0,10000.0,1,1,0
2,1,2,3,0,9000.0,0,1,0
2,0,0,0,0,8000.0,1,1,0
2,2,3,2,0,9000.0,0,1,0
0,0,0,0,0,13000.0,0,1,1
2,1,1,1,0,10000.0,0,1,0
1,1,2,0,0,4000.0,0,1,0
3,2,1,5,2,9000.0,1,1,0
2,1,0,1,0,14000.0,0,1,0
0,0,0,0,0,10000.0,0,1,1
1,1,0,0,1,12000.0,1,1,0
2,2,2,5,0,9000.0,0,1,0
1,0,0,0,0,12000.0,0,1,0
1,1,0,0,0,17000.0,1,1,0
1,1,1,3,0,10000.0,0,1,0
0,0,0,0,0,13000.0,0,1,1
1,1,0,3,0,8000.0,1,0,0
3,3,0,1,2,11000.0,1,0,0
0,0,0,0,0,13000.0,0,1,1
3,3,5,7,0,9000.0,0,1,0
2,2,1,3,0,9000.0,1,1,0
2,2,2,1,0,11000.0,0,1,0
2,0,0,0,0,11000.0,0,1,0
0,0,0,0,0,12000.0,0,1,1
1,0,0,0,0,12000.0,0,1,0
0,0,0,0,0,10000.0,0,0,1
3,3,2,2,1,11000.0,1,1,0
3,3,2,10,0,9000.0,0,1,0
2,1,2,4,0,12000.0,1,1,0
1,1,0,5,0,15000.0,0,1,1
0,0,0,0,0,14000.0,1,1,0
2,2,0,7,0,10000.0,0,1,0
1,0,0,0,0,18000.0,0,1,1
2,1,2,0,0,14000.0,1,1,0
2,2,0,0,0,12000.0,0,0,0
2,1,0,4,0,8000.0,0,0,1
0,0,0,0,0,16000.0,0,1,0
2,1,0,5,0,11000.0,0,1,0
1,1,3,1,0,13000.0,0,0,1
1,0,0,0,0,12000.0,0,1,1
0,0,0,0,0,13000.0,0,0,1
0,0,0,0,0,10000.0,1,0,1
1,1,0,2,0,7000.0,0,1,0
2,1,2,0,0,9000.0,0,1,0
1,1,1,1,0,14000.0,1,0,0
1,1,0,4,0,12000.0,0,1,1
1,1,2,0,0,16000.0,0,1,0
0,0,0,0,0,12000.0,0,0,1
2,2,0,0,0,18000.0,0,1,0
0,0,0,0,0,12000.0,0,0,1
0,0,0,0,0,15000.0,0,1,0
2,1,0,2,0,9000.0,0,1,0
0,0,0,0,0,15000.0,0,1,0
1,1,1,1,0,15000.0,0,0,0
2,0,0,0,0,11000.0,1,1,1
3,0,0,0,0,12000.0,1,1,0
0,0,0,0,0,15000.0,0,0,1
3,3,1,0,0,14000.0,0,1,0
1,0,0,0,0,8000.0,0,0,1
1,1,0,1,0,11000.0,0,1,0
1,1,0,4,2,11000.0,0,1,1
2,0,0,0,0,5000.0,0,1,1
2,2,0,3,0,11000.0,0,1,1
0,0,0,0,0,14000.0,1,0,1
1,0,0,0,0,9000.0,0,1,1
3,0,0,0,0,12000.0,0,0,1
0,0,0,0,0,10000.0,0,1,1
3,3,5,10,0,11000.0,1,1,0
3,0,0,0,0,12000.0,0,0,1
2,1,2,0,0,13000.0,0,1,0
1,0,0,0,0,9000.0,0,1,1
3,0,0,0,0,12000.0,1,1,0
3,3,3,4,1,13000.0,1,1,0
1,1,0,1,0,17000.0,0,0,1
2,1,3,3,0,9000.0,1,1,0
1,1,0,0,0,12000.0,0,1,0
1,1,1,3,0,9000.0,1,1,0
2,2,2,2,0,14000.0,1,1,0
0,0,0,0,0,12000.0,0,1,0
0,0,0,0,0,15000.0,0,0,1
1,0,0,0,0,13000.0,0,1,1
2,2,2,4,0,12000.0,1,1,0
0,0,0,0,0,15000.0,0,0,0
2,2,2,1,0,12000.0,0,1,1
2,0,0,0,0,9000.0,0,1,1
2,1,2,3,1,10000.0,0,1,0
2,2,0,3,0,9000.0,0,1,0
3,2,5,4,0,10000.0,0,1,0
2,0,0,0,0,7000.0,0,1,1
1,0,0,0,0,9000.0,0,1,0
0,0,0,0,0,15000.0,0,0,1
3,0,0,0,0,9000.0,0,1,0
2,2,5,2,0,9000.0,0,1,0
1,1,2,0,1,15000.0,0,0,1
3,3,6,5,3,12000.0,0,1,0
2,1,0,1,0,7000.0,0,0,0
2,1,0,3,0,9000.0,1,1,0
3,3,1,7,1,9000.0,0,1,0
3,1,0,0,0,10000.0,0,1,0
1,0,0,0,0,12000.0,0,1,0
2,2,1,4,1,9000.0,0,1,0
1,1,0,0,0,8000.0,1,1,0
1,1,0,3,0,8000.0,0,0,0
2,2,1,0,1,12000.0,0,1,0
0,0,0,0,0,13000.0,0,0,1
3,3,3,3,1,13000.0,1,1,0
1,1,2,2,1,9000.0,0,1,0
1,1,0,2,0,12000.0,0,1,0
2,2,3,0,0,9000.0,1,1,0
0,0,0,0,0,11000.0,0,0,1
3,3,6,1,2,7000.0,0,1,0
1,1,1,0,0,12000.0,0,1,0
2,2,3,2,0,14000.0,0,0,1
2,2,3,3,0,14000.0,0,1,0
3,1,0,1,0,12000.0,1,0,1
1,1,0,3,1,12000.0,0,1,0
1,1,3,2,0,8000.0,0,1,0
0,0,0,0,0,12000.0,0,1,0
0,0,0,0,0,11000.0,0,1,1
1,1,0,0,1,15000.0,0,0,0
1,1,2,1,0,12000.0,0,1,1
2,1,1,4,1,9000.0,0,1,0
3,2,7,3,1,6000.0,1,1,0
1,1,1,1,0,12000.0,0,1,0
0,0,0,0,0,12000.0,0,0,1
1,1,0,1,0,17000.0,0,0,1
0,0,0,0,0,14000.0,0,1,1
1,0,0,0,0,16000.0,0,0,1
2,1,1,1,0,10000.0,0,1,0
1,1,1,2,0,8000.0,0,0,0
2,2,3,3,0,18000.0,1,1,0
2,1,1,1,0,7000.0,1,1,0
0,0,0,0,0,12000.0,0,0,1
0,0,0,0,0,14000.0,0,0,1
0,0,0,0,0,16000.0,0,0,1
3,1,1,3,0,13000.0,1,1,1
2,1,2,0,0,10000.0,0,0,0
1,1,0,2,0,14000.0,0,0,1
2,1,0,1,0,8000.0,1,1,0
2,2,3,0,0,12000.0,0,1,0
2,2,2,3,0,13000.0,0,1,0
1,0,0,0,0,14000.0,0,1,1
0,0,0,0,0,8000.0,0,1,1
2,2,0,1,0,16000.0,1,1,0
2,0,0,0,0,19000.0,0,1,1
1,1,0,0,0,11000.0,1,1,0
1,1,0,3,0,7000.0,0,1,0
1,1,0,0,0,13000.0,1,0,1
0,0,0,0,0,11000.0,0,1,0
0,0,0,0,0,12000.0,0,0,1
1,1,1,1,0,11000.0,1,1,0
3,3,1,1,2,9000.0,1,0,0
1,1,1,0,0,13000.0,0,0,1
1,1,1,0,0,12000.0,0,0,0
2,2,3,5,0,9000.0,0,1,0
1,1,0,1,1,16000.0,0,1,0
3,0,0,0,0,11000.0,1,1,0
3,3,2,4,0,15000.0,0,1,0
0,0,0,0,0,8000.0,0,0,1
3,3,3,3,2,12000.0,1,1,0
2,2,1,3,1,6000.0,1,1,0
2,2,1,1,0,13000.0,1,0,0
1,1,0,0,2,19000.0,0,1,0
0,0,0,0,0,13000.0,0,0,1
2,0,0,0,0,12000.0,0,1,0
1,0,0,0,0,13000.0,0,0,1
1,1,0,0,0,16000.0,0,1,0
3,3,3,3,0,12000.0,0,1,0
1,1,0,0,0,10000.0,0,1,0
2,2,3,0,0,12000.0,1,1,0
0,0,0,0,0,15000.0,0,0,1
3,3,4,8,0,7000.0,1,1,0
0,0,0,0,0,10000.0,0,0,0
0,0,0,0,0,12000.0,0,0,1
0,0,0,0,0,13000.0,0,0,1
3,3,2,4,0,12000.0,0,1,0
3,2,2,3,0,12000.0,1,1,0
2,2,0,2,0,12000.0,0,1,0
2,2,0,0,0,12000.0,0,1,0
2,2,4,1,0,11000.0,0,1,0
1,1,2,3,0,5000.0,1,1,0
1,1,2,0,0,15000.0,0,1,0
1,1,1,1,0,15000.0,0,1,0
1,0,0,0,0,10000.0,0,1,0
2,2,1,5,1,12000.0,1,1,0
1,1,2,2,1,15000.0,0,1,1
1,1,0,1,0,12000.0,1,0,0
0,0,0,0,0,10000.0,0,1,0
1,1,0,1,0,12000.0,0,1,1
2,0,0,0,0,12000.0,1,1,0
0,0,0,0,0,7000.0,0,1,1
2,1,1,0,0,14000.0,0,1,0
2,2,2,2,0,16000.0,0,1,0
0,0,0,0,0,15000.0,0,0,1
3,3,4,3,0,12000.0,0,1,0
1,0,0,0,0,12000.0,0,1,0
0,0,0,0,0,14000.0,1,1,0
2,2,1,0,1,12000.0,0,0,0
1,0,0,0,0,12000.0,0,1,0
1,0,0,0,0,12000.0,0,1,0
0,0,0,0,0,12000.0,0,0,1
2,2,3,1,1,18000.0,0,1,0
0,0,0,0,0,11000.0,0,1,0
1,0,0,0,0,13000.0,1,1,1
3,3,1,7,1,10000.0,1,0,0
2,0,0,0,0,10000.0,0,1,1
3,3,0,3,0,10000.0,0,0,0
2,1,0,2,0,12000.0,0,1,0
2,1,0,2,0,5000.0,0,0,1
2,2,5,0,1,14000.0,1,1,0
2,2,2,3,0,13000.0,0,0,0
3,3,0,3,1,12000.0,0,1,0
3,3,5,5,0,11000.0,1,1,0
2,2,1,4,0,10000.0,0,1,0
2,0,0,0,0,8000.0,0,1,1
0,0,0,0,0,7000.0,0,0,1
3,3,1,2,0,13000.0,0,1,0
0,0,0,0,0,11000.0,0,0,1
1,0,0,0,0,15000.0,0,1,1
3,0,0,0,0,13000.0,1,1,0
0,0,0,0,0,14000.0,0,1,1
2,2,0,1,1,9000.0,0,1,0
1,1,0,1,0,8000.0,1,1,0
3,3,2,4,0,11000.0,0,0,0
2,2,5,0,0,12000.0,0,0,0
3,2,3,5,1,4000.0,0,1,0
3,3,7,3,1,15000.0,1,0,0
0,0,0,0,0,12000.0,0,0,1
3,2,1,0,0,11000.0,1,1,0
2,2,7,4,1,11000.0,0,1,0
2,1,0,0,0,16000.0,1,1,1
3,3,11,5,0,7000.0,1,1,0
1,1,1,1,0,16000.0,0,1,0
0,0,0,0,0,15000.0,1,0,0
3,2,0,2,1,7000.0,1,1,0
3,1,2,1,1,9000.0,1,1,0
0,0,0,0,0,12000.0,0,0,1
1,1,0,2,0,12000.0,0,0,1
2,0,0,0,0,8000.0,0,1,1
2,2,3,4,1,10000.0,0,1,0
3,3,1,1,0,11000.0,1,1,0
2,2,5,0,0,12000.0,1,1,0
1,1,1,2,0,12000.0,1,0,0
2,1,0,3,0,10000.0,0,0,0
2,1,1,0,0,10000.0,0,1,0
2,2,5,0,1,13000.0,1,1,0
2,2,3,6,0,8000.0,1,1,0
3,2,2,1,0,12000.0,1,1,0
3,3,5,5,1,7000.0,0,1,0
1,0,0,0,0,16000.0,0,0,1
3,1,2,0,0,12000.0,1,1,0
0,0,0,0,0,6000.0,0,1,1
1,1,1,0,0,12000.0,0,1,0
3,3,5,9,1,12000.0,0,1,0
2,1,2,1,0,10000.0,0,0,1
2,0,0,0,0,12000.0,0,0,1
1,0,0,0,0,14000.0,0,1,1
1,1,0,1,1,12000.0,0,0,0
2,2,0,4,0,8000.0,0,1,0
3,1,1,4,0,12000.0,1,0,0
0,0,0,0,0,16000.0,0,0,1
2,0,0,0,0,11000.0,0,1,0
3,2,1,0,0,16000.0,1,1,0
1,1,0,0,1,13000.0,0,1,0
3,0,0,0,0,12000.0,0,1,1
0,0,0,0,0,14000.0,0,1,0
3,3,2,7,1,10000.0,0,1,0
0,0,0,0,0,12000.0,0,1,1
2,2,1,1,1,11000.0,1,1,0
3,3,3,2,2,12000.0,0,1,0
2,2,1,5,1,7000.0,0,0,0
0,0,0,0,0,12000.0,0,1,1
2,2,1,2,1,12000.0,0,1,0
2,1,3,2,0,8000.0,0,1,0
3,1,1,2,1,10000.0,0,0,1
0,0,0,0,0,12000.0,0,1,0
1,1,2,2,0,14000.0,0,1,0
1,1,1,1,0,10000.0,1,0,0
1,1,1,3,0,17000.0,0,0,0
3,0,0,0,0,11000.0,0,1,1
3,2,1,0,0,16000.0,1,1,0
3,0,0,0,0,14000.0,1,1,0
3,0,0,0,0,12000.0,1,1,0
2,2,2,0,1,13000.0,0,1,0
1,1,1,0,0,13000.0,0,1,0
3,3,1,2,2,12000.0,1,1,0
3,3,6,3,0,11000.0,0,1,0
3,0,0,0,0,11000.0,0,1,0
3,3,5,12,0,12000.0,0,1,0
1,1,0,0,0,13000.0,0,0,0
0,0,0,0,0,12000.0,0,1,0
1,0,0,0,0,15000.0,0,0,1
2,0,0,0,0,12000.0,1,1,0
2,1,1,2,0,10000.0,0,0,1
2,2,0,5,2,10000.0,0,1,0
3,3,5,3,1,11000.0,1,1,0
2,1,0,1,1,8000.0,0,1,0
1,1,3,0,0,15000.0,0,1,0
2,0,0,0,0,17000.0,1,1,1
0,0,0,0,0,12000.0,1,0,1
0,0,0,0,0,17000.0,0,1,1
3,0,0,0,0,9000.0,0,1,1
0,0,0,0,0,15000.0,0,1,0
3,3,0,3,0,15000.0,1,1,0
0,0,0,0,0,17000.0,0,1,1
2,2,0,0,0,14000.0,0,0,0
0,0,0,0,0,12000.0,0,0,1
1,0,0,0,0,11000.0,0,1,0
0,0,0,0,0,11000.0,1,1,1
2,2,1,0,1,14000.0,0,1,0
3,0,0,0,0,9000.0,1,0,1
2,2,6,5,1,4000.0,0,0,0
1,1,0,3,0,12000.0,0,1,1
3,1,2,2,1,9000.0,0,1,0
1,0,0,0,0,7000.0,1,1,0
3,0,0,0,0,7000.0,1,1,0
1,0,0,0,0,11000.0,0,1,1
1,1,1,0,1,12000.0,1,1,0
2,2,2,4,0,12000.0,0,1,0
1,1,1,0,0,15000.0,0,0,1
3,3,5,1,2,11000.0,0,0,0
1,1,0,4,0,10000.0,0,1,0
0,0,0,0,0,10000.0,1,1,0
2,0,0,0,0,13000.0,0,1,1
1,0,0,0,0,9000.0,0,1,0
1,1,3,2,0,8000.0,0,1,0
1,1,3,0,0,15000.0,0,1,0
1,1,0,2,0,13000.0,0,1,0
1,1,3,1,1,12000.0,0,0,1
1,0,0,0,0,15000.0,1,1,0
2,2,1,0,0,13000.0,1,1,0
1,1,5,1,0,12000.0,0,1,0
1,1,1,2,0,11000.0,1,1,0
1,0,0,0,0,13000.0,1,0,0
1,0,0,0,0,13000.0,1,1,1
3,3,6,0,0,12000.0,0,1,0
0,0,0,0,0,7000.0,0,0,1
1,0,0,0,0,10000.0,1,0,0
0,0,0,0,0,12000.0,1,0,1
3,2,2,0,0,9000.0,0,1,0
1,1,2,0,0,14000.0,1,0,0
1,1,2,1,0,14000.0,1,1,0
1,1,0,0,0,12000.0,0,0,1
1,1,2,1,0,11000.0,0,1,0
2,2,1,4,1,15000.0,0,0,0
0,0,0,0,0,13000.0,0,0,1
1,0,0,0,0,16000.0,0,1,1
2,2,1,13,3,8000.0,1,1,0
3,3,6,6,0,6000.0,1,1,0
2,2,4,4,3,14000.0,1,1,0
3,1,0,2,0,12000.0,0,1,1
1,1,1,4,0,12000.0,0,1,0
2,2,1,3,1,6000.0,1,1,0
3,3,4,2,1,10000.0,0,0,0
3,2,1,2,0,13000.0,1,1,0
3,0,0,0,0,11000.0,0,1,1
0,0,0,0,0,12000.0,0,0,1
2,1,0,1,0,15000.0,0,1,0
1,0,0,0,0,13000.0,0,1,0
1,0,0,0,0,10000.0,0,1,0
0,0,0,0,0,12000.0,0,0,1
2,0,0,0,0,7000.0,0,1,1
3,1,1,2,0,11000.0,1,1,0
2,0,0,0,0,11000.0,1,0,0
3,2,2,3,0,8000.0,0,0,0
3,3,5,0,0,9000.0,0,1,0
2,2,1,0,0,13000.0,0,1,0
2,2,2,1,1,9000.0,0,1,0
1,0,0,0,0,12000.0,0,0,0
1,1,1,0,0,12000.0,0,0,1
2,2,6,15,2,4000.0,0,1,0
1,0,0,0,0,15000.0,0,0,1
0,0,0,0,0,12000.0,1,0,0
2,2,2,12,0,11000.0,0,1,0
3,3,6,4,1,10000.0,0,1,0
1,1,1,1,0,10000.0,0,0,1
2,1,0,0,0,13000.0,0,1,0
0,0,0,0,0,8000.0,0,0,1
2,2,4,1,0,13000.0,1,1,0
1,0,0,0,0,15000.0,1,0,0
3,3,5,4,1,8000.0,1,1,0
3,2,4,8,2,8000.0,1,1,1
0,0,0,0,0,15000.0,0,0,1
1,1,1,0,0,17000.0,0,1,0
3,2,0,1,0,13000.0,0,1,0
2,2,6,2,0,12000.0,1,0,0
1,0,0,0,0,9000.0,0,1,0
1,1,0,0,0,8000.0,0,1,0
3,3,1,3,1,13000.0,1,1,0
1,1,3,1,1,12000.0,1,1,0
0,0,0,0,0,15000.0,0,0,0
0,0,0,0,0,16000.0,0,1,0
2,2,3,2,0,9000.0,0,1,0
2,0,0,0,0,8000.0,0,1,0
1,0,0,0,0,16000.0,0,1,1
2,2,2,0,1,13000.0,0,1,0
1,1,3,2,1,13000.0,1,0,0
2,2,2,1,0,19000.0,0,0,0
2,0,0,0,0,11000.0,0,1,0
3,0,0,0,0,4000.0,1,1,0
1,1,0,0,1,16000.0,0,1,0
3,3,1,6,0,11000.0,1,1,0
2,2,6,3,0,10000.0,0,1,0
0,0,0,0,0,12000.0,0,0,0
2,1,0,1,0,12000.0,0,1,0
1,1,0,1,1,14000.0,1,1,0
1,1,0,0,0,12000.0,0,1,0
1,1,1,1,0,12000.0,1,1,0
0,0,0,0,0,12000.0,0,0,1
1,1,2,1,0,10000.0,1,0,0
1,1,0,2,0,12000.0,1,1,0
3,0,0,0,0,6000.0,0,1,1
2,2,0,1,1,11000.0,1,1,0
2,2,6,9,1,6000.0,0,1,0
3,3,4,1,0,12000.0,1,1,0
2,0,0,0,0,12000.0,0,1,0
1,0,0,0,0,13000.0,0,1,1
0,0,0,0,0,7000.0,0,1,1
0,0,0,0,0,12000.0,0,1,1
2,0,0,0,0,11000.0,0,0,1
1,0,0,0,0,14000.0,1,1,0
0,0,0,0,0,16000.0,1,1,0
2,1,4,4,0,11000.0,0,1,0
1,1,0,1,0,12000.0,1,0,0
2,2,1,3,0,9000.0,1,1,0
2,2,3,2,0,12000.0,0,1,0
2,2,4,1,1,18000.0,0,1,0
1,1,1,0,0,11000.0,0,1,0
0,0,0,0,0,14000.0,0,0,1
3,3,0,0,0,13000.0,0,1,0
2,1,0,2,0,10000.0,0,1,0
3,3,0,2,0,11000.0,0,0,0
0,0,0,0,0,13000.0,0,1,0
0,0,0,0,0,11000.0,1,0,1
3,3,3,8,0,11000.0,0,1,0
3,3,1,4,0,12000.0,1,1,0
2,2,0,0,0,15000.0,1,1,0
1,0,0,0,0,15000.0,1,0,1
1,1,0,0,0,12000.0,0,1,0
3,1,0,4,1,9000.0,0,0,1
1,1,1,0,0,12000.0,0,0,0
1,0,0,0,0,9000.0,0,1,1
2,0,0,0,0,13000.0,1,0,1
1,1,2,1,0,10000.0,0,0,1
2,2,4,3,1,12000.0,0,0,0
3,3,1,5,2,10000.0,1,1,0
1,1,1,1,0,9000.0,0,0,1
3,3,1,4,1,5000.0,0,1,0
0,0,0,0,0,14000.0,0,0,1
0,0,0,0,0,16000.0,1,0,1
3,1,1,1,0,11000.0,0,1,0
2,0,0,0,0,13000.0,0,1,1
0,0,0,0,0,14000.0,0,1,1
2,1,1,1,0,13000.0,1,1,0
1,1,2,0,0,10000.0,0,1,0
0,0,0,0,0,16000.0,0,0,1
3,3,0,0,0,8000.0,0,0,0
2,2,0,2,1,14000.0,0,1,0
2,2,6,3,0,12000.0,0,0,0
2,2,0,2,0,12000.0,1,0,0
1,1,1,2,0,11000.0,1,1,0
1,1,0,1,1,8000.0,0,0,0
2,2,2,4,0,8000.0,0,1,0
3,3,3,3,0,11000.0,1,1,0
1,1,3,1,0,12000.0,0,1,0
0,0,0,0,0,14000.0,0,0,1
2,2,0,2,3,12000.0,1,1,0
3,3,0,7,2,12000.0,0,1,0
3,2,3,3,1,13000.0,0,1,0
1,0,0,0,0,15000.0,0,1,1
3,2,2,1,1,12000.0,0,1,0
1,1,0,0,1,12000.0,0,1,0
3,3,1,2,1,5000.0,1,0,0
1,1,1,0,1,9000.0,0,1,0
1,0,0,0,0,13000.0,0,1,0
2,2,0,1,0,12000.0,1,1,0
2,0,0,0,0,12000.0,1,1,0
3,1,3,4,1,9000.0,0,1,0
2,2,1,0,0,14000.0,0,0,0
0,0,0,0,0,12000.0,0,1,1
2,2,1,1,0,17000.0,0,0,0
3,3,5,10,1,9000.0,0,0,0
2,2,0,2,1,10000.0,0,1,0
0,0,0,0,0,16000.0,0,0,1
1,1,1,0,0,15000.0,0,0,1
0,0,0,0,0,12000.0,0,1,1
1,1,1,0,0,14000.0,0,1,1
3,3,0,11,1,8000.0,0,1,0
2,2,0,4,2,9000.0,0,1,0
2,0,0,0,0,15000.0,0,0,1
2,2,1,0,0,16000.0,1,1,0
3,3,0,11,2,8000.0,1,1,0
1,1,0,1,0,12000.0,0,0,1
3,0,0,0,0,13000.0,0,0,1
1,1,1,3,1,13000.0,0,0,0
0,0,0,0,0,16000.0,0,0,0
2,1,0,2,0,10000.0,0,1,0
1,1,1,1,0,12000.0,0,1,0
0,0,0,0,0,15000.0,0,1,0
0,0,0,0,0,14000.0,0,1,1
3,3,1,1,1,11000.0,1,1,0
1,1,2,1,0,7000.0,0,0,0
1,1,2,2,0,14000.0,1,1,0
1,1,1,5,0,7000.0,0,1,0
0,0,0,0,0,15000.0,0,0,1
0,0,0,0,0,15000.0,0,0,1
1,1,0,0,0,16000.0,0,1,0
0,0,0,0,0,12000.0,0,1,1
1,1,3,0,1,13000.0,0,1,0
1,0,0,0,0,12000.0,1,0,1
1,1,2,5,1,13000.0,0,0,1
0,0,0,0,0,14000.0,0,0,1
3,1,0,1,0,16000.0,0,0,1
2,0,0,0,0,13000.0,1,1,0
2,2,0,2,0,11000.0,0,1,0
2,2,0,0,0,12000.0,1,1,0
2,2,3,2,0,12000.0,0,1,0
1,1,2,2,0,12000.0,1,1,0
1,0,0,0,0,12000.0,1,0,0
3,2,3,4,0,12000.0,0,1,0
1,1,2,2,1,11000.0,1,1,0
1,1,0,0,0,13000.0,0,1,0
1,1,0,0,0,15000.0,1,1,0
1,1,1,0,0,12000.0,1,1,0
2,2,5,2,0,8000.0,1,1,0
1,1,0,0,1,16000.0,1,1,1
2,2,4,2,0,7000.0,1,1,0
1,1,0,0,0,12000.0,0,1,0
0,0,0,0,0,10000.0,0,1,1
1,1,1,0,0,12000.0,0,1,0
3,3,5,2,1,12000.0,0,0,0
3,3,2,1,1,14000.0,0,1,0
3,3,2,4,0,14000.0,0,1,0
0,0,0,0,0,12000.0,0,1,1
2,2,1,0,0,11000.0,0,1,0
0,0,0,0,0,11000.0,0,0,1
1,1,0,0,0,11000.0,0,1,0
1,1,2,0,0,16000.0,0,1,1
2,2,1,1,0,17000.0,0,1,0
2,2,4,5,0,12000.0,1,1,0
2,2,2,3,2,12000.0,0,0,0
2,1,1,1,0,9000.0,0,1,0
0,0,0,0,0,12000.0,1,1,0
3,3,3,1,0,15000.0,0,1,0
0,0,0,0,0,13000.0,0,0,1
1,0,0,0,0,10000.0,1,0,1
2,2,1,2,0,15000.0,0,1,0
1,1,0,3,0,11000.0,0,0,1
2,2,1,0,0,7000.0,0,0,0
3,1,2,1,1,9000.0,0,0,1
1,1,1,0,0,12000.0,0,0,1
1,1,1,2,0,9000.0,1,1,0
3,3,5,1,0,11000.0,0,1,0
2,2,0,1,0,9000.0,0,1,0
2,1,0,0,0,10000.0,0,0,0
2,0,0,0,0,12000.0,0,1,0
0,0,0,0,0,13000.0,0,0,1
1,0,0,0,0,11000.0,0,0,1
1,1,0,1,0,8000.0,0,1,0
1,1,1,2,0,14000.0,0,1,0
2,1,0,0,0,13000.0,1,1,0
1,1,0,0,0,14000.0,1,0,0
1,1,0,2,0,12000.0,0,0,0
2,0,0,0,0,12000.0,0,1,1
3,3,4,8,0,6000.0,0,1,0
0,0,0,0,0,12000.0,0,0,1
0,0,0,0,0,13000.0,0,1,1
2,0,0,0,0,11000.0,0,0,1
1,1,0,1,0,9000.0,0,1,0
2,1,2,1,1,12000.0,0,1,0
2,2,2,1,0,12000.0,0,0,0
3,3,8,1,1,12000.0,0,1,0
0,0,0,0,0,10000.0,0,1,1
0,0,0,0,0,14000.0,0,0,1
2,2,0,2,1,10000.0,1,1,0
1,0,0,0,0,11000.0,0,1,0
1,1,0,0,0,13000.0,0,1,0
1,1,0,0,0,10000.0,0,0,1
3,2,3,0,0,12000.0,0,1,0
2,2,2,0,0,11000.0,0,1,0
2,2,2,2,0,12000.0,0,1,0
1,1,0,2,0,13000.0,0,0,0
2,2,1,2,1,13000.0,1,1,0
2,2,1,9,1,8000.0,0,0,0
0,0,0,0,0,11000.0,1,1,0
3,1,0,0,0,11000.0,1,1,0
1,1,1,3,2,6000.0,0,0,0
1,1,1,1,2,12000.0,0,1,0
2,2,2,2,0,11000.0,0,1,0
2,2,5,1,2,8000.0,1,1,0
1,1,0,0,0,14000.0,1,1,1
2,1,1,1,1,11000.0,0,0,1
1,0,0,0,0,16000.0,1,1,0
1,1,1,0,0,17000.0,0,1,1
2,1,0,0,0,13000.0,0,0,0
2,0,0,0,0,9000.0,1,1,1
3,3,3,2,1,7000.0,0,1,0
1,1,1,1,0,11000.0,0,1,1
3,3,1,2,0,9000.0,1,1,0
3,1,4,2,0,7000.0,1,0,1
2,2,2,2,1,13000.0,0,1,0
1,1,1,0,1,12000.0,0,1,0
1,1,1,0,0,11000.0,0,1,0
3,3,2,5,2,14000.0,1,1,0
0,0,0,0,0,15000.0,0,0,1
2,1,0,1,0,9000.0,0,1,0
2,2,0,4,0,12000.0,0,1,0
0,0,0,0,0,9000.0,0,0,1
1,1,0,2,1,16000.0,1,1,0
2,1,1,2,0,9000.0,1,0,0
0,0,0,0,0,12000.0,0,1,1
0,0,0,0,0,16000.0,0,1,1
1,1,1,0,0,17000.0,1,1,0
3,3,4,3,1,14000.0,0,1,1
1,0,0,0,0,12000.0,0,1,1
1,1,2,0,1,11000.0,0,0,1
2,2,1,4,0,11000.0,1,1,0
0,0,0,0,0,10000.0,0,0,1
2,1,3,1,0,7000.0,0,0,0
3,3,2,7,0,7000.0,1,1,0
3,2,3,1,0,13000.0,0,1,0
3,3,1,2,1,13000.0,1,1,0
1,1,1,2,0,11000.0,1,1,0
2,2,0,1,1,17000.0,1,1,0
2,2,3,1,0,14000.0,0,0,0
1,1,0,1,0,16000.0,0,0,1
2,2,2,3,0,9000.0,0,0,0
2,1,0,0,0,13000.0,0,0,0
2,2,0,0,0,13000.0,1,1,0
2,0,0,0,0,14000.0,0,1,0
2,2,1,0,0,18000.0,0,1,0
2,2,0,0,0,9000.0,1,1,0
1,1,1,1,0,14000.0,0,1,0
0,0,0,0,0,13000.0,0,0,1
2,2,0,3,0,10000.0,1,1,0
2,2,2,8,1,11000.0,1,1,0
1,1,0,1,0,14000.0,0,1,0
3,0,0,0,0,14000.0,1,0,0
0,0,0,0,0,15000.0,1,0,0
1,0,0,0,0,11000.0,0,1,1
3,3,4,4,0,14000.0,0,1,0
2,2,1,1,2,12000.0,0,1,0
0,0,0,0,0,15000.0,0,1,1
0,0,0,0,0,12000.0,0,0,1
2,2,1,2,0,10000.0,0,1,0
0,0,0,0,0,7000.0,0,1,1
1,0,0,0,0,12000.0,0,0,0
1,0,0,0,0,9000.0,0,0,1
2,2,1,6,3,10000.0,0,1,0
1,1,2,3,0,8000.0,0,1,0
3,3,9,8,1,11000.0,0,0,0
1,1,0,1,0,12000.0,0,1,0
3,2,0,2,0,10000.0,0,1,1
2,2,2,9,0,10000.0,1,1,0
2,2,4,1,0,14000.0,1,1,0
1,1,0,1,0,15000.0,0,1,0
1,1,0,0,1,11000.0,0,1,0
1,1,2,3,0,12000.0,0,1,0
1,1,0,4,0,9000.0,1,1,0
1,1,0,2,1,16000.0,1,0,0
1,1,0,2,0,11000.0,0,0,1
0,0,0,0,0,12000.0,0,1,1
2,2,2,6,1,12000.0,1,1,0
3,3,2,2,0,13000.0,0,0,0
0,0,0,0,0,15000.0,0,1,0
1,1,2,3,1,12000.0,1,1,0
3,3,2,3,0,10000.0,0,1,0
1,0,0,0,0,13000.0,1,0,0
1,0,0,0,0,9000.0,1,1,0
2,2,3,4,1,11000.0,0,1,0
2,2,1,2,0,12000.0,0,1,0
0,0,0,0,0,5000.0,0,1,0
2,2,0,2,0,9000.0,0,1,0
2,2,6,5,2,13000.0,0,0,0
2,1,0,0,0,15000.0,0,1,1
1,1,1,0,0,14000.0,1,1,0
2,0,0,0,0,10000.0,0,1,0
1,0,0,0,0,13000.0,1,1,0
0,0,0,0,0,15000.0,1,0,1
1,0,0,0,0,3000.0,0,1,1
3,2,4,1,0,10000.0,1,1,0
2,2,0,4,0,7000.0,0,1,0
1,1,2,0,0,12000.0,1,0,0
2,1,1,2,0,7000.0,1,0,1
3,3,3,1,2,14000.0,1,1,0
2,0,0,0,0,8000.0,1,1,0
0,0,0,0,0,4000.0,1,1,0
2,2,2,1,3,12000.0,0,1,0
0,0,0,0,0,13000.0,0,0,1
1,1,0,1,0,12000.0,0,1,0
1,1,4,0,0,15000.0,0,0,1
2,2,0,6,0,11000.0,1,0,0
0,0,0,0,0,12000.0,0,1,1
3,3,3,10,0,3000.0,0,1,0
2,0,0,0,0,11000.0,0,1,1
2,2,1,0,1,5000.0,1,1,0
1,1,0,0,1,19000.0,0,1,0
2,0,0,0,0,13000.0,0,1,1
0,0,0,0,0,12000.0,0,1,1
0,0,0,0,0,15000.0,0,1,0
0,0,0,0,0,13000.0,0,0,1
1,1,0,0,0,14000.0,1,1,0
1,1,0,1,1,11000.0,0,1,0
1,0,0,0,0,12000.0,0,1,0
1,1,3,4,0,5000.0,0,0,1
1,1,1,2,0,9000.0,0,0,0
2,2,5,2,0,15000.0,0,1,0
3,3,4,7,0,11000.0,1,1,0
3,3,6,6,1,6000.0,0,1,0
2,1,0,2,0,12000.0,0,1,1
3,3,1,2,0,10000.0,0,1,0
2,2,2,0,0,15000.0,0,1,0
2,0,0,0,0,8000.0,1,1,0
2,2,2,1,0,13000.0,0,1,0
3,3,9,7,0,6000.0,0,1,0
3,2,1,2,1,10000.0,0,1,0
3,0,0,0,0,14000.0,0,1,1
3,3,4,4,3,9000.0,1,1,0
0,0,0,0,0,12000.0,0,1,1
1,1,3,0,1,12000.0,0,0,0
2,2,0,1,1,7000.0,0,0,0
3,3,6,3,0,12000.0,1,1,0
1,1,1,3,0,12000.0,0,1,0
1,1,0,0,0,18000.0,0,1,0
1,1,1,1,0,11000.0,0,1,0
3,3,4,3,1,13000.0,0,1,0
1,1,0,1,0,13000.0,0,1,0
1,1,1,1,0,10000.0,0,0,1
1,1,0,0,1,14000.0,1,1,0
1,1,0,1,0,15000.0,0,1,1
2,1,0,2,0,7000.0,0,1,0
0,0,0,0,0,12000.0,0,1,0
1,1,0,2,0,12000.0,0,1,1
1,1,4,0,1,8000.0,1,1,0
2,2,1,0,0,11000.0,0,1,0
1,0,0,0,0,17000.0,0,0,1
3,1,2,0,1,13000.0,0,0,0
0,0,0,0,0,14000.0,0,1,0
2,2,2,1,0,14000.0,0,1,0
1,1,3,0,1,11000.0,0,0,1
0,0,0,0,0,14000.0,0,1,0
1,1,0,3,0,12000.0,0,1,1
2,2,0,0,0,11000.0,0,1,0
2,0,0,0,0,12000.0,0,1,1
0,0,0,0,0,8000.0,0,0,0
0,0,0,0,0,18000.0,0,1,0
1,0,0,0,0,13000.0,0,0,1
3,3,7,5,0,10000.0,0,1,0
2,2,2,3,0,10000.0,0,1,0
1,1,0,2,0,17000.0,0,1,1
0,0,0,0,0,14000.0,1,0,0
3,3,2,6,0,14000.0,1,1,0
0,0,0,0,0,16000.0,0,1,1
3,3,3,8,0,11000.0,1,1,0
0,0,0,0,0,10000.0,0,0,1
3,1,0,1,0,12000.0,0,1,1
1,0,0,0,0,12000.0,0,1,0
3,3,1,1,0,16000.0,1,1,0
0,0,0,0,0,15000.0,0,1,1
1,1,2,2,0,13000.0,0,1,0
1,1,3,1,0,12000.0,0,1,1
0,0,0,0,0,15000.0,1,1,0
2,2,1,2,1,8000.0,0,0,0
3,3,5,5,2,12000.0,1,1,0
2,1,0,3,0,12000.0,0,1,0
1,1,2,2,0,14000.0,0,1,0
2,1,2,4,1,9000.0,1,1,0
0,0,0,0,0,14000.0,0,0,1
2,2,0,5,1,12000.0,1,0,0
0,0,0,0,0,12000.0,0,0,1
2,0,0,0,0,16000.0,0,0,1
1,1,2,0,0,12000.0,0,1,0
2,0,0,0,0,10000.0,0,0,1
2,0,0,0,0,12000.0,0,1,1
1,1,3,1,0,15000.0,0,0,0
3,3,6,7,1,9000.0,1,1,0
1,0,0,0,0,9000.0,0,1,0
1,1,0,0,0,13000.0,0,1,0
0,0,0,0,0,15000.0,0,1,0
0,0,0,0,0,12000.0,0,1,1
0,0,0,0,0,13000.0,0,1,0
0,0,0,0,0,11000.0,0,0,1
0,0,0,0,0,14000.0,0,0,1
1,1,0,0,1,15000.0,1,1,0
3,2,0,9,2,5000.0,1,1,0
1,0,0,0,0,10000.0,0,0,1
1,0,0,0,0,11000.0,0,0,0
2,2,0,3,1,11000.0,0,1,0
3,2,2,8,0,8000.0,1,1,0
3,3,6,2,0,7000.0,1,1,0
2,1,2,1,0,9000.0,0,1,0
2,1,0,0,0,14000.0,1,1,0
2,1,0,0,0,12000.0,1,1,0
3,0,0,0,0,14000.0,1,1,0
0,0,0,0,0,15000.0,0,1,1
0,0,0,0,0,18000.0,1,1,0
3,0,0,0,0,10000.0,0,1,1
3,2,5,3,1,6000.0,0,1,0
2,1,2,1,0,7000.0,0,0,0
2,2,1,9,0,9000.0,0,0,0
0,0,0,0,0,7000.0,0,1,0
2,2,5,2,0,8000.0,1,1,0
1,1,0,1,0,12000.0,0,0,1
3,1,0,0,0,11000.0,0,1,0
0,0,0,0,0,7000.0,0,1,0
1,1,1,0,0,13000.0,0,0,1
0,0,0,0,0,12000.0,1,1,0
1,1,0,1,0,15000.0,1,0,0
2,2,4,4,0,9000.0,0,0,0
0,0,0,0,0,11000.0,0,1,1
0,0,0,0,0,10000.0,0,0,1
1,1,0,0,0,13000.0,0,1,0
3,1,2,2,0,9000.0,0,1,0
1,1,0,1,0,17000.0,0,1,0
1,1,0,1,1,8000.0,1,1,0
3,2,0,3,1,12000.0,0,0,0
1,1,0,2,1,10000.0,0,0,0
0,0,0,0,0,13000.0,0,0,1
2,2,0,9,2,12000.0,0,1,0
0,0,0,0,0,12000.0,1,1,0
0,0,0,0,0,17000.0,0,0,1
3,3,2,2,1,11000.0,1,1,0
0,0,0,0,0,15000.0,0,0,1
2,1,2,1,0,13000.0,1,1,1
2,2,1,7,0,10000.0,0,1,0
2,0,0,0,0,12000.0,0,1,1
1,1,0,5,0,11000.0,0,1,0
2,2,1,5,0,7000.0,0,1,0
1,1,0,1,1,11000.0,1,1,0
1,1,1,0,0,13000.0,0,1,0
1,1,1,2,0,11000.0,1,0,0
3,3,0,6,0,10000.0,0,1,0
1,0,0,0,0,8000.0,0,0,1
1,1,0,0,0,14000.0,0,1,0
0,0,0,0,0,11000.0,0,1,0
0,0,0,0,0,15000.0,0,1,1
3,3,1,5,1,9000.0,1,1,0
0,0,0,0,0,14000.0,0,0,1
1,1,1,1,0,14000.0,0,1,0
1,1,1,3,0,12000.0,1,1,1
2,0,0,0,0,8000.0,0,1,1
2,2,6,2,2,11000.0,0,1,0
3,0,0,0,0,10000.0,1,1,0
2,1,2,1,2,11000.0,0,1,0
2,1,1,3,1,10000.0,0,1,0
2,2,4,6,2,9000.0,0,1,0
3,3,0,0,2,14000.0,0,1,0
2,1,1,1,0,13000.0,1,1,0
0,0,0,0,0,9000.0,0,0,1
2,2,3,2,0,13000.0,0,1,0
0,0,0,0,0,12000.0,0,1,1
0,0,0,0,0,11000.0,0,0,0
3,1,1,0,0,12000.0,0,1,0
2,2,0,4,1,7000.0,1,1,0
3,0,0,0,0,12000.0,1,1,0
2,2,0,0,0,14000.0,0,1,0
2,1,2,1,0,12000.0,0,1,0
1,1,3,3,0,7000.0,0,0,0
1,1,0,2,1,11000.0,0,1,1
0,0,0,0,0,14000.0,0,0,1
3,3,2,13,1,7000.0,1,1,0
0,0,0,0,0,14000.0,0,0,1
3,2,7,4,1,10000.0,1,1,0
0,0,0,0,0,13000.0,0,1,1
0,0,0,0,0,13000.0,0,0,1
1,0,0,0,0,13000.0,1,1,0
2,0,0,0,0,6000.0,0,0,1
2,2,5,5,0,12000.0,0,1,0
0,0,0,0,0,11000.0,0,1,1
2,2,3,1,0,10000.0,0,1,0
0,0,0,0,0,14000.0,0,1,1
0,0,0,0,0,9000.0,0,0,1
1,0,0,0,0,14000.0,0,1,1
1,0,0,0,0,15000.0,0,1,0
0,0,0,0,0,7000.0,0,1,0
0,0,0,0,0,9000.0,0,0,1
1,1,2,3,1,9000.0,0,1,0
3,1,2,1,0,14000.0,0,1,0
2,2,3,5,0,8000.0,1,1,0
1,1,1,0,0,11000.0,0,0,0
2,2,0,0,2,11000.0,1,1,0
0,0,0,0,0,11000.0,0,1,1
3,3,1,4,0,14000.0,1,1,0
2,2,1,5,0,10000.0,1,1,0
3,3,8,3,0,13000.0,1,1,0
2,2,4,2,1,8000.0,0,1,0
2,1,3,1,0,12000.0,0,0,0
2,2,3,3,1,11000.0,0,1,0
2,2,2,5,0,12000.0,1,1,0
3,1,0,0,1,13000.0,1,1,0
1,1,0,0,1,11000.0,0,1,0
3,1,1,1,0,10000.0,1,0,0
1,1,0,1,0,10000.0,0,1,0
2,2,3,3,1,7000.0,0,1,0
2,2,4,6,1,12000.0,1,1,0
3,3,1,4,3,5000.0,0,1,0
3,2,1,1,0,10000.0,0,1,0
1,1,0,1,0,12000.0,1,1,0
3,3,4,5,0,11000.0,0,1,0
2,2,2,3,1,12000.0,0,1,0
1,1,2,1,0,11000.0,0,1,0
2,1,0,0,1,13000.0,0,1,0
1,1,2,2,0,10000.0,0,0,1
1,0,0,0,0,10000.0,0,0,1
3,3,5,3,0,13000.0,0,1,0
0,0,0,0,0,10000.0,0,0,1
2,1,0,1,0,8000.0,0,1,0
1,0,0,0,0,12000.0,0,0,1
0,0,0,0,0,19000.0,0,0,1
2,2,1,1,0,11000.0,0,1,0
2,2,0,3,0,11000.0,0,1,0
0,0,0,0,0,13000.0,0,0,1
2,1,3,0,0,9000.0,1,1,0
0,0,0,0,0,10000.0,0,0,1
0,0,0,0,0,14000.0,0,0,1
1,0,0,0,0,12000.0,0,1,0
1,1,1,1,1,12000.0,0,1,0
2,2,2,1,0,11000.0,0,1,0
0,0,0,0,0,10000.0,0,0,1
1,0,0,0,0,11000.0,0,1,1
3,3,4,2,0,15000.0,1,0,0
2,1,0,2,0,9000.0,0,0,0
1,1,1,0,0,11000.0,0,0,0
2,2,0,1,0,13000.0,0,0,0
1,1,2,1,0,11000.0,0,0,1
2,0,0,0,0,10000.0,0,1,0
2,2,2,2,0,10000.0,0,1,0
2,1,0,2,0,11000.0,0,1,0
2,1,0,3,0,12000.0,0,1,1
0,0,0,0,0,11000.0,0,0,1
2,2,2,2,2,12000.0,0,1,0
1,1,1,0,0,15000.0,0,1,1
2,2,4,8,3,9000.0,0,0,1
2,2,5,1,0,12000.0,0,0,0
1,0,0,0,0,13000.0,0,1,1
1,0,0,0,0,10000.0,0,1,1
2,2,3,3,1,11000.0,1,1,0
1,0,0,0,0,10000.0,0,1,0
3,3,3,4,1,12000.0,0,0,0
3,1,2,2,0,7000.0,1,1,0
0,0,0,0,0,11000.0,0,0,1
2,2,1,1,0,10000.0,1,1,1
0,0,0,0,0,10000.0,0,1,1
3,3,5,4,1,12000.0,0,1,0
2,2,2,6,1,12000.0,0,0,0
1,1,0,2,0,13000.0,0,1,0
0,0,0,0,0,11000.0,0,0,1
3,1,1,3,0,12000.0,0,0,1
3,3,5,3,1,10000.0,0,0,0
3,3,6,6,1,8000.0,0,1,0
0,0,0,0,0,13000.0,0,1,1
2,2,0,0,0,15000.0,0,1,0
1,1,0,2,0,18000.0,0,0,0
1,1,0,0,0,16000.0,0,0,0
0,0,0,0,0,14000.0,0,0,1
2,2,0,5,0,10000.0,0,0,0
2,2,2,1,1,14000.0,0,1,0
1,1,0,0,0,12000.0,1,1,0
0,0,0,0,0,12000.0,0,1,1
2,1,4,2,0,12000.0,0,1,0
0,0,0,0,0,17000.0,0,0,1
2,0,0,0,0,14000.0,1,1,0
1,1,0,1,1,12000.0,0,1,0
1,1,0,1,0,13000.0,0,1,1
0,0,0,0,0,12000.0,0,0,1
0,0,0,0,0,13000.0,0,0,1
0,0,0,0,0,12000.0,0,0,0
2,1,1,1,0,12000.0,1,1,0
0,0,0,0,0,14000.0,0,1,1
2,2,4,5,1,10000.0,1,1,0
1,1,1,1,0,12000.0,0,1,1
1,1,1,2,0,7000.0,0,1,0
2,2,0,1,0,11000.0,1,1,0
2,2,1,1,2,4000.0,0,0,0
2,2,1,2,0,9000.0,1,1,0
0,0,0,0,0,14000.0,1,1,0
0,0,0,0,0,12000.0,0,0,1
2,2,0,3,1,12000.0,0,0,0
1,1,0,3,1,8000.0,0,1,1
0,0,0,0,0,14000.0,0,1,1
3,2,0,4,2,14000.0,0,1,0
2,1,0,2,1,10000.0,0,0,0
2,1,4,1,0,12000.0,1,1,0
1,0,0,0,0,17000.0,0,1,1
0,0,0,0,0,15000.0,0,1,0
0,0,0,0,0,14000.0,0,1,0
2,2,0,1,0,11000.0,0,1,1
0,0,0,0,0,14000.0,0,0,1
0,0,0,0,0,10000.0,1,1,0
2,2,0,4,0,14000.0,1,1,0
3,2,1,3,1,9000.0,0,1,0
0,0,0,0,0,16000.0,0,0,1
0,0,0,0,0,12000.0,0,0,1
1,1,0,1,0,13000.0,0,0,1
3,3,0,10,0,12000.0,0,0,0
0,0,0,0,0,16000.0,0,1,1
2,1,0,2,1,8000.0,0,1,0
1,1,2,3,0,12000.0,0,0,0
0,0,0,0,0,8000.0,0,0,1
2,2,4,3,1,7000.0,0,1,0
0,0,0,0,0,16000.0,0,0,1
3,0,0,0,0,10000.0,1,0,0
3,0,0,0,0,12000.0,0,1,0
3,0,0,0,0,10000.0,1,1,0
2,2,0,7,1,12000.0,0,0,1
0,0,0,0,0,14000.0,1,1,1
2,2,2,3,1,12000.0,0,0,1
1,0,0,0,0,12000.0,0,0,0
0,0,0,0,0,15000.0,0,1,0
3,3,3,1,0,15000.0,1,1,0
3,1,5,2,0,7000.0,1,1,0
2,2,0,3,0,12000.0,0,1,0
1,1,3,0,1,11000.0,0,0,0
1,1,1,0,0,12000.0,0,0,0
0,0,0,0,0,15000.0,0,0,1
2,0,0,0,0,7000.0,0,1,1
2,1,2,2,0,12000.0,0,1,0
1,1,1,6,1,9000.0,0,1,0
0,0,0,0,0,9000.0,0,1,1
1,1,3,1,0,11000.0,0,0,1
2,1,0,1,0,15000.0,1,1,0
0,0,0,0,0,10000.0,0,1,1
1,0,0,0,0,12000.0,0,1,1
1,0,0,0,0,16000.0,1,1,0
2,0,0,0,0,12000.0,0,1,1
0,0,0,0,0,13000.0,0,0,0
2,2,4,0,0,16000.0,1,0,0
0,0,0,0,0,13000.0,0,1,1
2,2,3,1,0,18000.0,0,0,1
3,1,1,2,0,8000.0,0,1,0
2,2,6,3,0,11000.0,1,1,0
3,0,0,0,0,10000.0,1,1,0
0,0,0,0,0,9000.0,0,0,1
2,2,5,2,0,10000.0,1,1,0
1,1,1,0,1,16000.0,0,0,0
2,1,1,2,0,15000.0,1,1,0
2,2,2,1,2,12000.0,0,1,0
3,3,3,4,1,17000.0,1,0,0
0,0,0,0,0,12000.0,0,1,1
0,0,0,0,0,12000.0,0,0,1
3,3,4,10,1,8000.0,1,1,0
2,2,4,1,0,11000.0,1,1,0
1,1,0,2,1,13000.0,0,1,1
3,3,5,4,0,9000.0,0,1,0
0,0,0,0,0,14000.0,0,1,1
3,3,4,4,1,11000.0,1,1,0
2,2,3,4,0,15000.0,1,1,0
3,3,4,10,3,6000.0,1,1,0
2,2,2,6,2,6000.0,1,1,0
1,1,0,1,1,9000.0,0,1,1
2,2,3,2,1,10000.0,0,1,0
1,1,0,0,1,10000.0,1,1,0
1,1,0,1,0,13000.0,0,1,1
0,0,0,0,0,13000.0,0,0,1
1,1,0,5,1,12000.0,1,1,0
3,2,3,2,0,9000.0,0,1,0
2,2,1,3,0,9000.0,0,0,0
1,0,0,0,0,15000.0,0,1,1
1,0,0,0,0,15000.0,0,0,1
2,2,5,4,0,9000.0,0,1,0
0,0,0,0,0,17000.0,0,0,1
2,2,2,4,0,13000.0,0,1,0
1,1,0,2,0,12000.0,0,1,1
1,1,0,1,0,16000.0,1,1,0
1,1,2,3,0,14000.0,0,1,0
3,0,0,0,0,8000.0,0,1,1
1,1,0,2,0,15000.0,1,1,0
2,2,0,0,1,12000.0,0,1,0
1,0,0,0,0,13000.0,1,1,0
3,1,1,3,1,11000.0,1,1,0
0,0,0,0,0,15000.0,1,0,1
2,2,1,3,0,11000.0,1,1,0
1,1,0,1,0,9000.0,0,0,0
0,0,0,0,0,11000.0,0,1,1
2,2,6,0,0,13000.0,0,1,0
1,1,0,3,2,11000.0,0,0,0
1,0,0,0,0,11000.0,0,0,0
2,2,1,1,0,11000.0,1,1,0
3,0,0,0,0,16000.0,0,0,1
2,2,0,2,1,12000.0,0,1,0
2,2,2,3,0,9000.0,1,1,0
2,2,1,3,0,16000.0,0,1,0
1,1,2,1,0,13000.0,1,0,1
3,1,0,2,0,9000.0,1,1,0
0,0,0,0,0,11000.0,0,1,0
2,2,4,3,2,12000.0,0,1,0
2,2,3,4,3,10000.0,1,0,0
0,0,0,0,0,13000.0,0,0,1
1,1,0,1,0,8000.0,0,1,0
3,3,2,5,0,9000.0,1,1,0
1,1,0,0,1,11000.0,0,0,0
3,3,2,4,1,12000.0,1,1,0
0,0,0,0,0,11000.0,1,0,1
1,1,0,2,1,14000.0,0,1,0
1,1,1,0,0,10000.0,0,0,0
0,0,0,0,0,13000.0,1,1,1
3,1,1,3,0,7000.0,0,1,0
2,2,2,2,0,14000.0,0,1,0
0,0,0,0,0,18000.0,0,1,1
2,2,0,1,0,9000.0,1,1,0
2,0,0,0,0,13000.0,0,1,0
2,2,1,3,1,12000.0,0,1,0
1,1,0,1,0,8000.0,0,1,0
1,1,1,1,0,15000.0,0,1,1
1,1,0,2,1,13000.0,0,0,1
1,1,3,0,0,14000.0,0,0,1
2,2,3,2,0,16000.0,0,0,0
1,1,0,1,0,11000.0,0,1,1
3,0,0,0,0,7000.0,0,1,1
0,0,0,0,0,12000.0,1,1,0
1,1,1,0,1,8000.0,1,1,0
1,1,3,2,0,12000.0,1,1,0
2,2,2,7,1,5000.0,0,1,0
2,2,0,3,0,11000.0,0,0,0
2,2,2,0,0,14000.0,0,1,0
2,1,0,0,1,5000.0,0,0,1
3,0,0,0,0,12000.0,1,1,0
3,3,0,3,1,12000.0,0,1,1
2,2,0,1,0,14000.0,0,1,0
2,1,0,0,0,14000.0,0,0,1
2,2,5,6,0,8000.0,1,1,0
2,2,1,3,0,11000.0,0,1,0
2,1,0,1,1,8000.0,0,0,0
1,1,0,1,0,15000.0,0,0,1
0,0,0,0,0,14000.0,1,1,1
1,1,1,0,1,11000.0,1,1,0
1,0,0,0,0,6000.0,0,1,1
3,1,0,1,0,12000.0,0,1,0
3,3,4,9,0,12000.0,0,1,0
0,0,0,0,0,12000.0,0,0,1
1,0,0,0,0,8000.0,1,1,0
0,0,0,0,0,11000.0,0,0,1
1,1,0,1,1,13000.0,0,0,0
2,2,0,0,0,16000.0,1,1,0
0,0,0,0,0,12000.0,0,1,1
3,0,0,0,0,10000.0,0,1,0
0,0,0,0,0,16000.0,0,0,1
0,0,0,0,0,14000.0,0,1,1
0,0,0,0,0,12000.0,0,1,0
2,2,2,6,0,9000.0,0,1,1
0,0,0,0,0,9000.0,0,1,0
1,1,1,1,0,11000.0,0,0,0
1,1,1,5,0,6000.0,1,0,0
1,1,1,2,0,11000.0,0,1,0
1,1,0,1,0,12000.0,0,0,1
1,1,0,3,0,12000.0,0,1,1
3,1,0,1,1,10000.0,0,1,0
2,2,0,5,0,10000.0,0,0,0
0,0,0,0,0,13000.0,0,1,1
1,1,0,2,0,9000.0,0,0,0
1,1,0,0,0,12000.0,1,1,0
1,1,0,2,0,13000.0,0,1,0
2,2,3,3,1,10000.0,1,1,0
3,1,1,1,1,10000.0,0,1,0
3,1,4,2,0,9000.0,0,1,0
1,1,0,2,0,11000.0,0,0,1
0,0,0,0,0,10000.0,1,1,0
0,0,0,0,0,15000.0,0,1,0
1,0,0,0,0,15000.0,1,1,0
0,0,0,0,0,12000.0,0,1,0
1,1,0,2,0,13000.0,1,1,0
0,0,0,0,0,13000.0,0,1,1
1,1,0,0,2,12000.0,0,1,0
0,0,0,0,0,12000.0,0,1,0
2,2,0,1,0,13000.0,0,1,0
3,0,0,0,0,15000.0,1,1,0
2,1,3,5,0,7000.0,1,1,0
2,2,1,0,0,13000.0,1,1,0
0,0,0,0,0,13000.0,0,0,1
1,0,0,0,0,13000.0,0,1,1
3,3,1,0,0,19000.0,1,1,0
1,0,0,0,0,14000.0,0,0,1
2,0,0,0,0,14000.0,1,1,0
3,0,0,0,0,10000.0,1,1,0
1,1,1,1,0,17000.0,0,0,0
0,0,0,0,0,7000.0,0,1,1
3,2,1,0,0,10000.0,0,1,0
0,0,0,0,0,15000.0,0,1,1
0,0,0,0,0,12000.0,0,1,1
3,2,2,3,0,10000.0,0,1,0
1,1,1,2,0,13000.0,0,1,1
2,2,1,1,0,12000.0,0,1,0
0,0,0,0,0,12000.0,0,0,1
2,2,1,0,2,13000.0,0,1,0
1,1,3,1,0,8000.0,0,1,0
0,0,0,0,0,16000.0,0,0,1
2,2,1,5,1,8000.0,1,1,0
0,0,0,0,0,12000.0,0,1,1
0,0,0,0,0,11000.0,1,1,0
1,1,1,0,0,14000.0,0,0,0
1,1,0,3,0,11000.0,0,0,1
0,0,0,0,0,12000.0,0,1,0
3,0,0,0,0,9000.0,0,1,0
2,2,1,5,2,12000.0,0,1,0
1,1,0,0,0,12000.0,0,1,0
1,1,4,2,0,12000.0,0,0,0
3,0,0,0,0,11000.0,1,1,0
2,2,0,0,1,13000.0,0,0,1
2,2,5,0,0,11000.0,1,1,0
1,0,0,0,0,5000.0,0,0,1
1,1,0,0,0,13000.0,0,1,0
2,1,0,2,0,8000.0,0,0,0
3,3,6,8,0,7000.0,0,1,0
0,0,0,0,0,17000.0,0,1,1
2,2,4,4,1,12000.0,1,0,0
2,1,3,1,0,11000.0,0,1,0
1,1,0,0,0,10000.0,1,1,0
2,2,2,0,2,11000.0,1,1,0
1,1,1,3,0,11000.0,0,0,1
3,3,8,9,0,6000.0,1,1,0
1,0,0,0,0,12000.0,0,1,1
3,3,6,4,0,10000.0,0,1,0
0,0,0,0,0,14000.0,0,0,1
3,2,3,3,0,12000.0,0,1,0
0,0,0,0,0,14000.0,0,1,1
2,2,0,5,0,8000.0,1,1,0
1,1,0,0,0,10000.0,0,1,0
0,0,0,0,0,15000.0,0,1,1
1,1,0,1,0,12000.0,0,1,0
2,2,1,0,0,14000.0,1,0,0
1,1,2,1,0,9000.0,0,0,0
1,1,1,1,0,10000.0,1,1,0
1,1,2,1,0,12000.0,0,1,0
0,0,0,0,0,10000.0,0,1,1
0,0,0,0,0,12000.0,0,1,0
2,2,2,1,0,13000.0,0,0,0
1,1,2,0,0,12000.0,1,1,0
1,0,0,0,0,10000.0,0,1,1
0,0,0,0,0,15000.0,1,0,1
2,0,0,0,0,11000.0,0,0,1
3,3,7,7,2,8000.0,1,1,0
2,0,0,0,0,9000.0,0,1,1
2,1,1,1,1,11000.0,1,1,0
0,0,0,0,0,14000.0,0,1,1
2,1,0,0,1,14000.0,1,0,0
3,0,0,0,0,7000.0,0,1,1
2,1,2,0,0,14000.0,0,1,0
0,0,0,0,0,13000.0,0,0,1
0,0,0,0,0,11000.0,0,0,1
3,2,2,1,0,13000.0,0,1,0
2,2,2,3,0,12000.0,0,1,0
1,0,0,0,0,13000.0,1,0,1
1,1,1,5,0,13000.0,0,1,1
2,0,0,0,0,10000.0,0,1,1
2,2,1,3,0,12000.0,0,1,0
0,0,0,0,0,7000.0,0,0,1
3,1,1,0,0,12000.0,0,1,0
1,1,2,1,0,12000.0,1,0,0
1,1,0,0,0,11000.0,1,1,0
0,0,0,0,0,13000.0,0,0,1
2,2,2,0,0,14000.0,0,0,0
1,0,0,0,0,14000.0,0,0,1
3,3,2,3,1,7000.0,1,1,0
2,2,1,1,0,11000.0,0,1,0
0,0,0,0,0,12000.0,1,1,0
3,3,4,2,0,11000.0,1,1,0
3,3,1,5,1,12000.0,0,1,0
2,1,0,4,0,13000.0,0,1,0
3,1,0,1,0,10000.0,1,1,0
3,3,2,7,0,12000.0,0,0,0
2,2,0,6,1,8000.0,1,1,0
3,0,0,0,0,4000.0,0,1,0
2,2,3,0,0,13000.0,0,1,0
2,2,1,0,1,17000.0,1,0,0
3,0,0,0,0,12000.0,0,1,0
1,1,3,2,0,11000.0,0,0,1
2,2,3,2,0,12000.0,0,1,0
3,3,3,7,0,8000.0,1,1,0
2,1,0,1,0,12000.0,1,1,0
0,0,0,0,0,16000.0,0,0,1
2,2,0,0,2,10000.0,0,1,0
0,0,0,0,0,8000.0,0,1,1
2,2,6,6,0,10000.0,1,1,0
2,2,1,0,0,15000.0,0,1,0
0,0,0,0,0,13000.0,0,0,1
1,1,0,2,0,12000.0,0,1,0
2,0,0,0,0,12000.0,0,1,1
3,0,0,0,0,8000.0,0,1,1
1,1,1,1,0,12000.0,0,1,1
2,2,2,1,1,10000.0,1,1,0
2,2,1,0,0,11000.0,0,0,0
3,1,1,1,0,12000.0,0,1,0
2,2,1,0,0,12000.0,0,1,0
0,0,0,0,0,9000.0,0,0,0
2,0,0,0,0,14000.0,0,1,1
0,0,0,0,0,13000.0,0,0,1
1,1,1,2,0,14000.0,1,0,0
1,0,0,0,0,9000.0,0,1,1
3,2,4,2,0,9000.0,1,1,0
2,2,1,1,1,9000.0,0,1,0
3,1,0,1,0,9000.0,0,1,0
1,1,0,1,0,14000.0,1,1,0
3,2,1,1,0,14000.0,0,1,0
3,3,1,1,0,7000.0,0,1,0
1,1,0,2,1,16000.0,0,1,1
2,1,0,2,0,16000.0,1,0,1
2,2,5,3,0,11000.0,1,1,0
1,1,5,0,0,13000.0,0,0,1
3,0,0,0,0,18000.0,1,1,1
1,1,0,0,0,11000.0,0,1,0
1,1,0,0,0,13000.0,0,0,1
0,0,0,0,0,16000.0,0,0,0
2,1,0,2,0,13000.0,0,1,1
3,3,3,7,2,11000.0,0,1,0
1,1,0,0,0,17000.0,1,1,0
1,1,0,3,0,12000.0,1,1,0
0,0,0,0,0,10000.0,0,1,1
2,2,4,1,1,9000.0,1,1,0
2,2,4,1,0,9000.0,0,1,0
2,0,0,0,0,7000.0,1,1,0
1,1,2,0,1,14000.0,1,1,0
1,1,4,2,0,11000.0,0,1,0
3,1,1,1,0,12000.0,1,1,0
3,1,0,0,0,10000.0,1,1,0
2,2,0,3,1,16000.0,0,0,0
2,2,2,2,0,11000.0,0,1,0
0,0,0,0,0,16000.0,0,0,1
1,1,0,0,1,12000.0,0,0,1
2,1,1,0,0,11000.0,0,1,0
1,0,0,0,0,14000.0,0,1,1
2,0,0,0,0,13000.0,0,0,1
0,0,0,0,0,13000.0,0,0,1
0,0,0,0,0,10000.0,1,1,0
1,1,1,1,0,10000.0,1,0,0
0,0,0,0,0,12000.0,0,1,1
1,1,0,0,0,15000.0,0,1,0
2,2,3,2,0,13000.0,0,1,0
2,2,6,1,0,7000.0,1,1,0
2,0,0,0,0,11000.0,1,1,0
1,1,0,1,0,10000.0,0,1,0
1,1,1,1,0,14000.0,1,1,0
0,0,0,0,0,12000.0,0,1,1
3,3,3,2,0,14000.0,0,1,0
2,2,1,1,0,11000.0,0,1,0
1,1,1,2,0,11000.0,0,0,0
2,0,0,0,0,11000.0,1,1,1
2,0,0,0,0,12000.0,0,1,0
3,3,2,3,2,17000.0,1,1,0
1,1,1,0,0,12000.0,0,0,1
0,0,0,0,0,10000.0,0,1,0
1,0,0,0,0,14000.0,1,1,0
0,0,0,0,0,12000.0,1,1,0
1,1,5,0,1,16000.0,0,0,1
1,0,0,0,0,16000.0,0,0,1
1,1,0,3,0,7000.0,0,0,1
2,2,1,5,1,12000.0,0,1,0
1,1,0,0,1,16000.0,0,1,0
2,2,2,6,1,10000.0,0,1,0
1,1,1,1,0,12000.0,0,1,0
2,2,1,3,0,12000.0,0,1,0
1,1,0,3,1,12000.0,0,1,1
3,3,3,3,0,12000.0,1,1,0
0,0,0,0,0,7000.0,0,0,1
1,1,2,0,0,12000.0,0,1,0
1,0,0,0,0,8000.0,0,1,0
0,0,0,0,0,13000.0,1,1,0
2,2,2,0,0,12000.0,0,1,1
2,1,0,0,0,12000.0,1,1,0
3,3,4,3,2,12000.0,1,1,0
2,0,0,0,0,12000.0,0,1,1
3,1,1,3,0,6000.0,1,1,0
3,2,4,1,0,13000.0,0,1,0
3,1,0,0,1,15000.0,1,1,0
1,1,0,0,0,13000.0,1,1,0
2,2,5,3,0,12000.0,0,1,0
1,0,0,0,0,14000.0,0,1,0
0,0,0,0,0,15000.0,0,0,1
2,2,0,1,0,12000.0,0,1,0
1,1,2,2,0,12000.0,0,1,0
0,0,0,0,0,12000.0,0,0,1
2,2,1,1,0,10000.0,0,1,1
0,0,0,0,0,14000.0,0,1,1
3,1,1,0,0,10000.0,0,1,0
0,0,0,0,0,15000.0,0,1,1
2,2,0,4,1,10000.0,0,1,0
0,0,0,0,0,14000.0,0,0,1
2,1,0,2,0,10000.0,0,1,1
1,1,0,1,0,18000.0,1,1,0
3,0,0,0,0,7000.0,0,1,0
3,3,2,7,1,13000.0,1,1,0
1,1,0,0,0,18000.0,0,0,1
2,1,0,1,0,14000.0,0,1,0
1,1,0,0,0,15000.0,0,1,0
2,1,0,1,0,12000.0,1,1,0
1,1,0,4,0,7000.0,0,1,1
3,2,1,3,1,6000.0,1,0,0
0,0,0,0,0,13000.0,0,0,1
2,2,1,0,0,16000.0,0,1,0
0,0,0,0,0,12000.0,0,0,1
0,0,0,0,0,12000.0,0,1,1
3,3,5,10,1,10000.0,0,1,0
3,0,0,0,0,12000.0,1,1,0
1,1,0,0,0,19000.0,0,1,0
0,0,0,0,0,10000.0,0,1,1
0,0,0,0,0,15000.0,0,0,1
1,1,1,0,0,13000.0,0,1,0
3,2,0,5,1,5000.0,0,0,0
3,3,0,0,0,16000.0,1,1,0
1,1,2,0,0,14000.0,0,1,1
1,1,0,3,1,11000.0,1,0,0
2,2,0,1,2,14000.0,0,1,0
1,1,2,0,0,12000.0,0,0,1
1,0,0,0,0,14000.0,0,1,0
1,1,1,0,1,16000.0,1,1,0
2,2,0,1,1,14000.0,1,0,1
1,1,2,1,0,12000.0,0,1,0
1,1,0,0,0,12000.0,0,0,0
0,0,0,0,0,12000.0,0,1,0
1,1,1,1,0,11000.0,0,1,0
0,0,0,0,0,12000.0,1,1,0
1,1,0,4,0,9000.0,0,0,0
1,0,0,0,0,9000.0,0,0,1
0,0,0,0,0,18000.0,0,1,0
0,0,0,0,0,11000.0,0,0,1
3,3,2,2,0,15000.0,0,1,0
1,1,1,2,0,15000.0,0,0,1
0,0,0,0,0,16000.0,0,0,1
1,1,0,3,0,10000.0,1,0,1
1,1,0,3,0,6000.0,1,1,0
0,0,0,0,0,12000.0,0,0,0
0,0,0,0,0,11000.0,0,0,1
2,2,1,4,0,8000.0,1,0,0
1,0,0,0,0,13000.0,1,1,0
1,1,3,0,2,9000.0,1,1,0
3,2,2,0,1,11000.0,1,1,0
3,3,4,5,2,8000.0,0,0,0
2,2,0,1,1,7000.0,0,0,0
1,1,0,0,1,16000.0,0,1,0
2,2,1,0,1,8000.0,0,0,1
0,0,0,0,0,12000.0,0,0,1
1,1,1,4,0,13000.0,0,1,0
1,1,0,1,0,16000.0,0,1,0
0,0,0,0,0,12000.0,0,1,0
0,0,0,0,0,12000.0,0,1,0
2,2,1,3,0,13000.0,0,1,0
0,0,0,0,0,10000.0,1,1,0
2,1,0,0,1,13000.0,0,1,0
3,3,0,2,0,15000.0,1,1,0
1,1,1,0,0,12000.0,0,0,0
2,2,0,0,0,14000.0,0,0,0
1,1,0,0,0,12000.0,0,1,0
3,0,0,0,0,8000.0,0,1,1
1,1,4,1,1,8000.0,0,1,0
1,1,1,2,0,12000.0,0,1,0
3,1,0,1,0,12000.0,0,1,0
2,1,0,0,0,10000.0,0,1,0
3,3,5,3,1,12000.0,1,1,0
0,0,0,0,0,13000.0,0,1,1
0,0,0,0,0,12000.0,0,0,1
2,2,1,4,1,13000.0,0,1,0
2,0,0,0,0,8000.0,1,1,0
2,1,0,1,0,11000.0,0,1,1
2,2,3,2,0,9000.0,0,0,0
1,1,1,0,0,10000.0,0,1,0
0,0,0,0,0,16000.0,0,1,1
3,1,2,0,0,9000.0,0,0,1
0,0,0,0,0,14000.0,0,0,0
2,0,0,0,0,12000.0,0,1,0
2,1,2,1,0,10000.0,0,1,0
1,1,3,2,0,13000.0,1,1,0
2,2,0,1,1,16000.0,1,1,0
2,2,4,2,0,12000.0,1,1,0
2,1,0,1,0,13000.0,0,1,0
3,3,4,4,0,8000.0,1,1,0
2,2,2,7,1,9000.0,0,1,0
1,1,0,2,0,11000.0,0,1,0
2,1,1,0,0,13000.0,1,1,0
0,0,0,0,0,16000.0,0,1,1
0,0,0,0,0,11000.0,0,1,1
2,1,0,2,0,9000.0,1,1,0
3,3,2,6,0,12000.0,0,1,0
1,1,1,0,0,12000.0,0,1,0
1,1,2,0,1,12000.0,0,0,1
1,1,6,2,0,12000.0,0,0,0
3,3,0,3,1,13000.0,1,1,0
3,3,9,4,2,12000.0,1,1,0
3,2,1,3,0,7000.0,1,1,0
1,1,0,0,0,13000.0,0,1,1
2,2,1,4,0,11000.0,1,0,0
3,1,0,3,0,10000.0,1,1,0
2,0,0,0,0,13000.0,0,0,1
2,2,5,1,0,7000.0,0,0,0
2,0,0,0,0,15000.0,0,0,1
3,0,0,0,0,10000.0,1,1,0
1,1,1,0,0,15000.0,1,0,0
1,1,0,2,0,14000.0,0,1,0
2,2,3,4,0,12000.0,1,1,0
1,1,3,1,0,13000.0,0,0,1
1,1,1,1,0,11000.0,0,1,0
2,0,0,0,0,10000.0,1,1,0
2,2,1,6,0,8000.0,0,1,0
1,1,3,2,0,11000.0,0,0,1
2,0,0,0,0,11000.0,0,1,1
3,3,2,3,0,9000.0,0,0,0
3,0,0,0,0,10000.0,1,0,1
1,0,0,0,0,10000.0,0,1,0
1,1,0,0,1,15000.0,0,0,0
3,1,0,2,1,12000.0,0,0,1
3,3,5,2,1,12000.0,1,1,0
2,2,4,5,0,11000.0,0,1,0
0,0,0,0,0,11000.0,0,0,1
0,0,0,0,0,15000.0,0,0,1
2,2,3,2,1,8000.0,1,1,0
2,2,3,0,1,12000.0,1,0,0
0,0,0,0,0,14000.0,0,1,1
2,2,2,3,1,11000.0,1,1,0
0,0,0,0,0,13000.0,1,0,1
0,0,0,0,0,15000.0,1,0,1
1,1,0,4,0,12000.0,0,0,1
0,0,0,0,0,14000.0,0,0,1
2,2,2,4,1,4000.0,1,0,0
2,2,1,9,0,5000.0,0,1,0
0,0,0,0,0,16000.0,0,1,1
3,0,0,0,0,10000.0,1,0,0
0,0,0,0,0,15000.0,0,1,1
1,0,0,0,0,9000.0,0,1,1
1,1,0,1,0,16000.0,0,1,0
0,0,0,0,0,8000.0,0,1,1
0,0,0,0,0,16000.0,1,1,0
3,2,0,1,0,11000.0,0,0,0
2,0,0,0,0,9000.0,1,0,0
1,0,0,0,0,14000.0,1,0,1
0,0,0,0,0,12000.0,1,1,0
2,2,3,4,0,12000.0,0,1,0
3,3,5,4,1,8000.0,0,1,0
3,3,3,7,3,7000.0,1,1,0
2,2,3,4,0,10000.0,0,1,0
1,0,0,0,0,13000.0,0,0,1
1,1,0,4,1,11000.0,0,1,0
2,1,1,5,0,6000.0,1,1,0
3,3,1,6,1,9000.0,1,0,0
2,2,6,0,0,13000.0,0,1,0
3,3,1,0,0,16000.0,1,1,0
2,2,1,4,1,12000.0,0,0,0
2,2,0,0,0,13000.0,0,1,0
2,0,0,0,0,9000.0,0,1,1
1,0,0,0,0,8000.0,1,0,1
1,1,2,0,1,16000.0,0,0,0
1,0,0,0,0,17000.0,0,1,0
2,0,0,0,0,11000.0,1,1,0
0,0,0,0,0,14000.0,1,1,0
3,1,0,0,0,13000.0,1,1,0
1,1,2,1,0,12000.0,0,1,0
3,3,6,3,1,12000.0,0,1,0
0,0,0,0,0,19000.0,0,1,1
1,1,2,1,0,10000.0,0,0,0
0,0,0,0,0,12000.0,0,0,1
3,2,1,3,0,10000.0,1,1,0
0,0,0,0,0,13000.0,0,0,1
3,3,2,3,2,11000.0,1,1,0
3,0,0,0,0,10000.0,0,1,1
2,0,0,0,0,14000.0,0,1,0
1,1,0,1,0,11000.0,1,1,0
1,1,0,0,0,14000.0,1,1,0
2,0,0,0,0,11000.0,1,1,0
3,3,5,6,1,11000.0,0,1,0
1,0,0,0,0,16000.0,0,0,1
0,0,0,0,0,17000.0,0,1,1
0,0,0,0,0,7000.0,0,0,1
1,1,3,1,0,11000.0,0,1,0
0,0,0,0,0,10000.0,0,0,1
1,1,3,5,0,11000.0,0,1,0
1,1,0,0,0,12000.0,0,1,0
0,0,0,0,0,10000.0,1,0,0
3,1,0,0,0,17000.0,1,1,0
1,0,0,0,0,14000.0,0,0,1
1,0,0,0,0,19000.0,1,0,1
3,0,0,0,0,13000.0,0,1,0
2,1,3,2,1,6000.0,1,1,0
3,0,0,0,0,14000.0,0,1,1
2,2,0,3,0,14000.0,1,1,0
1,1,2,1,0,12000.0,0,1,1
1,1,0,2,0,8000.0,0,1,0
0,0,0,0,0,12000.0,0,0,1
2,2,5,0,0,14000.0,0,1,0
2,1,1,0,0,10000.0,0,1,0
2,1,1,2,0,8000.0,1,0,0
2,2,1,5,0,12000.0,1,1,0
0,0,0,0,0,8000.0,0,1,1
1,1,0,1,0,13000.0,0,1,1
2,0,0,0,0,12000.0,0,1,1
2,2,1,0,0,12000.0,0,1,1
1,1,1,3,2,8000.0,0,1,0
0,0,0,0,0,11000.0,0,1,0
0,0,0,0,0,7000.0,0,0,1
0,0,0,0,0,13000.0,0,1,1
3,3,3,2,0,11000.0,0,1,0
2,0,0,0,0,6000.0,1,1,0
2,2,0,3,1,13000.0,1,1,0
2,1,1,0,0,11000.0,1,1,0
2,2,4,3,1,13000.0,1,1,0
3,3,2,10,0,9000.0,0,1,0
3,3,3,6,0,9000.0,0,1,0
2,1,3,0,0,13000.0,0,1,0
1,1,0,4,1,10000.0,0,0,0
1,0,0,0,0,9000.0,0,0,1
3,3,2,1,0,15000.0,0,1,0
0,0,0,0,0,14000.0,0,0,1
1,0,0,0,0,12000.0,1,0,1
2,2,3,4,1,9000.0,1,1,0
0,0,0,0,0,15000.0,0,0,1
1,1,2,1,0,17000.0,0,0,1
1,1,0,2,0,18000.0,0,0,1
1,0,0,0,0,9000.0,0,0,1
3,3,2,3,0,5000.0,1,0,0
3,0,0,0,0,9000.0,1,1,0
2,2,3,1,0,12000.0,1,1,0
1,1,1,1,1,9000.0,0,0,1
3,3,10,1,0,10000.0,0,1,0
3,3,0,0,0,14000.0,0,1,0
1,1,1,2,0,7000.0,0,0,0
2,2,1,3,0,11000.0,0,1,0
0,0,0,0,0,16000.0,1,0,1
0,0,0,0,0,11000.0,0,0,1
2,1,3,0,0,11000.0,1,1,0
2,1,0,0,0,13000.0,0,1,0
2,0,0,0,0,11000.0,0,1,1
1,1,6,0,0,10000.0,0,0,1
2,0,0,0,0,12000.0,0,0,1
3,3,8,7,0,9000.0,0,1,0
2,2,0,1,1,12000.0,1,1,0
0,0,0,0,0,16000.0,0,1,1
1,0,0,0,0,12000.0,0,0,1
1,1,2,1,0,12000.0,0,1,0
1,1,0,0,0,12000.0,0,1,0
0,0,0,0,0,16000.0,0,0,1
1,1,1,2,0,10000.0,0,1,1
1,0,0,0,0,11000.0,0,0,1
1,1,0,0,1,9000.0,0,1,0
1,0,0,0,0,15000.0,0,1,1
2,1,1,0,0,11000.0,0,1,0
2,1,0,5,0,7000.0,0,1,0
0,0,0,0,0,10000.0,0,1,1
3,3,7,10,1,9000.0,0,1,0
2,2,1,0,0,12000.0,0,0,0
2,2,0,1,0,11000.0,1,1,0
0,0,0,0,0,8000.0,0,1,1
2,2,2,6,1,10000.0,0,1,0
1,0,0,0,0,10000.0,0,0,1
1,0,0,0,0,13000.0,0,0,1
1,1,0,3,1,12000.0,1,1,0
0,0,0,0,0,11000.0,0,0,1
1,1,0,1,0,11000.0,1,1,0
1,1,0,1,0,13000.0,0,0,1
3,0,0,0,0,13000.0,0,1,0
3,3,4,15,3,7000.0,0,1,0
1,1,1,1,0,19000.0,1,1,0
0,0,0,0,0,10000.0,0,1,0
0,0,0,0,0,14000.0,0,0,1
1,1,1,1,0,11000.0,1,1,0
1,1,1,0,0,8000.0,1,1,0
2,2,1,6,0,6000.0,0,0,0
1,1,1,3,0,10000.0,0,1,1
3,3,2,3,0,12000.0,1,1,0
3,0,0,0,0,13000.0,0,1,0
3,1,1,2,0,9000.0,1,1,0
2,2,2,1,0,9000.0,0,1,0
2,2,0,1,0,10000.0,0,1,0
1,1,2,1,0,12000.0,0,1,0
1,1,1,1,0,18000.0,0,1,1
1,1,1,2,1,6000.0,0,1,0
2,0,0,0,0,10000.0,0,1,1
3,2,2,5,2,9000.0,0,1,0
3,0,0,0,0,12000.0,0,1,1
2,2,1,2,0,14000.0,1,1,0
2,1,1,2,0,13000.0,0,1,0
3,3,0,10,1,6000.0,0,0,0
3,3,2,2,0,13000.0,0,0,0
2,0,0,0,0,12000.0,1,0,1
3,0,0,0,0,12000.0,0,1,1
2,2,1,2,0,11000.0,1,1,0
2,2,1,0,1,16000.0,0,1,0
0,0,0,0,0,15000.0,0,0,1
3,3,2,2,0,15000.0,0,1,0
3,1,2,5,2,9000.0,0,1,1
0,0,0,0,0,11000.0,0,1,1
2,2,0,1,1,12000.0,0,1,0
2,0,0,0,0,10000.0,0,1,1
0,0,0,0,0,10000.0,1,1,0
2,1,0,0,0,13000.0,0,1,0
2,2,0,6,3,14000.0,1,1,0
3,2,1,4,0,14000.0,1,1,1
1,1,2,0,0,11000.0,0,0,1
1,0,0,0,0,7000.0,0,0,1
1,1,2,0,0,10000.0,0,1,0
0,0,0,0,0,12000.0,0,1,1
0,0,0,0,0,13000.0,0,0,1
1,0,0,0,0,10000.0,1,1,0
2,2,1,1,0,14000.0,1,1,0
2,1,2,5,0,12000.0,1,0,0
2,2,3,4,0,9000.0,1,1,0
2,2,6,4,2,7000.0,0,1,0
0,0,0,0,0,16000.0,0,1,1
3,3,1,12,0,2000.0,1,1,0
3,3,9,8,0,6000.0,0,1,0
1,1,0,1,0,9000.0,0,1,0
0,0,0,0,0,15000.0,1,1,0
0,0,0,0,0,9000.0,0,1,1
1,1,1,3,1,9000.0,1,1,0
1,1,2,1,1,9000.0,0,1,0
1,1,1,0,0,8000.0,0,1,0
1,0,0,0,0,6000.0,0,1,1
2,2,1,2,0,8000.0,0,1,0
1,1,1,0,0,17000.0,0,0,0
3,3,2,8,3,9000.0,1,1,0
2,0,0,0,0,10000.0,1,1,0
2,2,0,2,0,10000.0,0,0,0
2,2,6,5,2,10000.0,0,1,0
0,0,0,0,0,15000.0,0,0,1
3,3,3,3,0,14000.0,0,1,0
3,3,0,3,0,13000.0,0,1,0
1,0,0,0,0,12000.0,0,1,0
1,1,1,1,0,16000.0,0,1,1
3,0,0,0,0,12000.0,0,1,1
0,0,0,0,0,13000.0,1,1,1
0,0,0,0,0,9000.0,0,1,1
3,2,2,2,0,15000.0,0,1,0
2,1,2,0,0,13000.0,1,1,0
2,0,0,0,0,14000.0,1,1,0
1,1,2,2,0,12000.0,0,1,0
3,3,0,1,0,15000.0,0,1,0
0,0,0,0,0,7000.0,0,0,1
2,2,1,1,0,7000.0,0,1,0
2,1,0,0,0,11000.0,0,1,0
3,1,2,3,0,12000.0,1,1,0
0,0,0,0,0,16000.0,0,1,0
0,0,0,0,0,10000.0,0,0,1
2,1,0,1,0,10000.0,0,0,0
2,0,0,0,0,11000.0,0,1,0
2,2,2,0,3,12000.0,0,1,0
2,2,1,3,0,13000.0,0,1,1
1,1,1,0,2,15000.0,0,0,0
3,0,0,0,0,12000.0,0,1,0
2,1,1,1,0,13000.0,0,0,0
1,1,1,0,0,12000.0,0,1,0
3,3,8,4,1,11000.0,1,1,0
2,2,0,1,0,10000.0,0,0,0
1,1,1,4,0,12000.0,0,1,0
1,1,0,0,0,14000.0,0,1,0
1,1,1,1,0,10000.0,0,0,0
2,0,0,0,0,6000.0,1,1,0
1,0,0,0,0,15000.0,0,1,1
3,0,0,0,0,11000.0,0,1,0
2,2,6,2,0,9000.0,0,0,0
0,0,0,0,0,14000.0,0,1,1
0,0,0,0,0,13000.0,0,0,1
1,1,1,2,1,7000.0,1,1,0
1,0,0,0,0,16000.0,0,0,1
1,1,0,2,0,15000.0,1,1,0
3,1,6,2,0,10000.0,0,1,0
2,2,4,3,0,10000.0,0,1,0
1,1,0,0,0,8000.0,0,1,0
1,1,0,1,0,11000.0,1,1,0
1,1,3,1,0,10000.0,0,1,0
0,0,0,0,0,14000.0,0,1,1
0,0,0,0,0,11000.0,0,1,1
1,0,0,0,0,9000.0,0,1,1
2,2,0,2,0,14000.0,1,0,1
1,1,0,1,0,12000.0,0,1,1
2,2,1,2,0,11000.0,0,1,0
0,0,0,0,0,16000.0,0,0,1
0,0,0,0,0,17000.0,0,0,1
3,1,0,0,0,10000.0,0,1,0
2,1,2,2,0,12000.0,1,1,0
0,0,0,0,0,16000.0,0,0,1
3,3,2,2,0,17000.0,0,0,0
2,1,4,1,2,8000.0,0,1,0
2,2,2,0,0,12000.0,0,1,0
3,0,0,0,0,12000.0,0,1,1
2,0,0,0,0,12000.0,1,0,1
1,1,0,1,0,17000.0,0,1,0
0,0,0,0,0,12000.0,0,0,1
0,0,0,0,0,14000.0,0,1,1
1,1,2,0,0,13000.0,1,1,0
0,0,0,0,0,15000.0,0,0,1
0,0,0,0,0,11000.0,0,0,1
1,1,1,0,0,12000.0,1,1,0
3,3,6,1,0,12000.0,0,1,0
1,1,1,0,0,16000.0,1,1,0
1,1,0,0,0,15000.0,0,1,0
1,1,0,0,0,7000.0,0,1,0
2,0,0,0,0,15000.0,0,1,1
3,3,1,8,1,12000.0,1,1,0
2,2,3,3,0,12000.0,1,1,0
3,3,5,10,1,12000.0,0,1,0
1,1,0,0,0,16000.0,0,0,0
1,1,1,0,1,15000.0,0,1,0
3,3,2,17,2,6000.0,0,1,0
2,2,0,2,0,12000.0,1,1,0
2,1,0,0,0,12000.0,0,1,0
2,2,1,0,0,8000.0,0,1,0
3,3,4,1,0,12000.0,0,1,0
1,1,0,0,0,12000.0,0,1,0
2,1,3,1,0,9000.0,0,0,0
1,1,0,0,0,11000.0,0,0,1
3,3,1,3,0,10000.0,0,1,0
1,1,1,0,0,13000.0,0,0,1
0,0,0,0,0,10000.0,0,0,1
1,0,0,0,0,11000.0,0,1,1
0,0,0,0,0,15000.0,0,0,0
3,3,3,2,0,11000.0,1,1,0
2,2,3,1,1,11000.0,0,0,0
3,3,2,3,1,10000.0,0,1,0
2,2,2,1,0,6000.0,1,1,0
3,3,1,0,3,12000.0,1,0,0
3,3,2,5,1,11000.0,1,1,0
2,2,1,1,0,20000.0,0,1,0
1,1,0,0,0,13000.0,0,1,0
2,2,5,3,0,9000.0,0,0,0
1,1,0,1,0,11000.0,0,1,0
3,2,1,4,1,7000.0,0,1,0
1,1,0,0,0,17000.0,0,0,0
1,1,0,2,0,12000.0,0,1,0
3,2,1,3,1,7000.0,0,1,0
3,3,1,2,0,14000.0,1,1,0
0,0,0,0,0,10000.0,0,0,1
2,0,0,0,0,9000.0,0,1,0
2,2,2,0,0,14000.0,0,0,0
2,1,0,0,0,12000.0,0,0,1
3,3,1,6,2,10000.0,1,1,0
3,0,0,0,0,12000.0,1,1,0
1,1,4,2,0,8000.0,0,0,0
3,0,0,0,0,14000.0,1,1,0
2,2,0,1,0,16000.0,0,0,0
1,0,0,0,0,8000.0,0,0,1
3,3,2,4,2,12000.0,0,1,0
1,1,1,1,0,12000.0,1,0,0
1,1,0,1,0,11000.0,0,0,0
1,1,1,2,0,10000.0,1,0,0
2,0,0,0,0,17000.0,1,1,0
2,2,0,0,0,12000.0,0,1,0
1,0,0,0,0,12000.0,0,1,0
1,1,2,4,0,15000.0,1,0,1
1,1,3,1,0,9000.0,0,0,0
3,0,0,0,0,12000.0,1,1,0
0,0,0,0,0,11000.0,0,0,1
3,2,1,2,0,7000.0,1,1,0
2,0,0,0,0,12000.0,0,1,1
0,0,0,0,0,13000.0,0,0,1
0,0,0,0,0,14000.0,0,1,1
2,2,2,1,1,10000.0,0,1,0
1,1,1,1,0,13000.0,0,1,0
0,0,0,0,0,13000.0,0,0,1
2,1,1,3,0,12000.0,1,1,0
1,1,4,1,1,9000.0,0,1,0
2,0,0,0,0,11000.0,0,1,1
3,2,1,5,2,10000.0,1,1,0
0,0,0,0,0,14000.0,0,0,1
3,2,3,3,1,13000.0,0,1,0
3,1,3,0,0,11000.0,1,1,0
3,2,0,1,0,10000.0,1,1,0
0,0,0,0,0,14000.0,1,0,1
0,0,0,0,0,10000.0,1,1,1
0,0,0,0,0,17000.0,0,0,1
3,0,0,0,0,12000.0,1,1,0
1,1,1,0,0,12000.0,0,0,1
0,0,0,0,0,13000.0,1,0,1
3,0,0,0,0,12000.0,1,1,1
1,1,0,1,0,12000.0,1,1,0
0,0,0,0,0,6000.0,0,0,1
2,0,0,0,0,9000.0,1,1,0
0,0,0,0,0,15000.0,0,1,1
1,1,1,1,0,12000.0,1,1,0
3,2,0,6,0,6000.0,0,1,0
0,0,0,0,0,11000.0,0,0,1
3,3,2,4,0,9000.0,1,1,0
2,2,1,1,0,15000.0,1,1,0
3,1,3,0,0,13000.0,1,1,0
0,0,0,0,0,12000.0,0,0,1
1,0,0,0,0,8000.0,0,0,1
3,3,1,2,0,11000.0,0,1,0
3,1,2,2,0,13000.0,1,1,0
3,1,0,1,0,16000.0,1,0,0
1,0,0,0,0,12000.0,1,1,0
2,2,6,3,0,12000.0,1,1,0
0,0,0,0,0,16000.0,0,0,1
3,2,3,4,0,10000.0,0,1,0
2,2,1,13,0,7000.0,0,1,0
1,1,2,0,0,16000.0,0,1,1
1,1,2,1,0,10000.0,1,1,0
3,0,0,0,0,7000.0,1,1,0
2,2,0,2,1,13000.0,1,1,0
2,1,1,7,1,6000.0,0,1,0
0,0,0,0,0,15000.0,0,0,1
0,0,0,0,0,9000.0,0,0,0
0,0,0,0,0,14000.0,0,0,1
3,1,0,0,0,12000.0,0,1,0
2,0,0,0,0,12000.0,0,1,0
2,0,0,0,0,8000.0,0,1,1
0,0,0,0,0,10000.0,0,0,1
3,2,3,9,1,8000.0,0,1,0
1,1,3,0,0,10000.0,0,1,0
1,0,0,0,0,14000.0,0,1,1
2,1,1,4,0,10000.0,0,0,0
3,0,0,0,0,14000.0,1,1,0
1,1,0,1,0,15000.0,0,1,0
1,1,0,0,0,15000.0,1,1,0
3,3,3,4,1,10000.0,0,1,0
3,1,1,0,1,10000.0,0,1,0
1,0,0,0,0,12000.0,0,1,1
2,1,2,0,0,14000.0,0,1,1
0,0,0,0,0,12000.0,0,0,1
1,1,1,6,0,7000.0,1,1,1
0,0,0,0,0,14000.0,0,0,1
0,0,0,0,0,10000.0,0,1,1
2,2,3,9,0,9000.0,1,0,0
0,0,0,0,0,8000.0,1,0,0
1,1,2,2,0,10000.0,1,1,0
3,1,0,0,0,12000.0,1,1,0
3,1,2,0,1,12000.0,0,1,0
3,3,2,4,1,14000.0,1,1,0
2,0,0,0,0,12000.0,0,0,1
0,0,0,0,0,12000.0,0,0,1
1,1,1,2,1,13000.0,1,1,0
3,3,3,5,1,11000.0,1,1,0
1,0,0,0,0,10000.0,1,1,1
1,1,0,0,0,16000.0,0,0,1
0,0,0,0,0,12000.0,1,1,0
0,0,0,0,0,15000.0,0,0,0
2,2,5,5,0,11000.0,0,1,0
1,0,0,0,0,13000.0,1,1,0
3,3,5,7,0,10000.0,0,1,0
2,2,2,1,0,11000.0,0,0,0
3,3,3,6,1,9000.0,1,1,0
0,0,0,0,0,9000.0,0,1,0
3,3,2,3,0,15000.0,0,1,0
2,1,1,0,0,15000.0,0,1,0
2,2,1,3,0,8000.0,0,1,0
1,0,0,0,0,12000.0,0,0,1
3,3,2,2,0,10000.0,0,1,0
2,1,2,0,0,12000.0,0,1,0
1,1,1,0,0,12000.0,0,1,0
0,0,0,0,0,12000.0,0,0,1
0,0,0,0,0,12000.0,1,1,0
1,1,1,1,0,18000.0,0,0,0
1,1,0,3,0,9000.0,0,1,1
0,0,0,0,0,16000.0,0,1,0
1,0,0,0,0,11000.0,0,0,1
2,0,0,0,0,13000.0,0,1,0
0,0,0,0,0,7000.0,0,1,1
3,2,0,3,0,14000.0,1,0,0
3,0,0,0,0,10000.0,1,1,1
0,0,0,0,0,13000.0,1,0,0
3,3,3,11,0,6000.0,1,1,0
2,0,0,0,0,11000.0,0,1,1
1,1,0,5,0,12000.0,0,1,1
2,2,0,0,0,14000.0,0,1,0
2,2,2,1,1,9000.0,1,0,0
2,1,1,0,0,7000.0,1,1,0
3,1,1,1,1,12000.0,1,1,0
2,2,1,4,0,12000.0,1,1,0
1,1,2,3,0,12000.0,0,1,0
1,1,2,1,0,12000.0,1,1,0
2,2,2,2,0,11000.0,0,1,0
3,3,4,3,1,10000.0,0,1,0
1,1,0,0,0,12000.0,0,0,0
3,0,0,0,0,9000.0,0,1,1
2,1,0,0,0,14000.0,1,0,0
1,1,1,2,0,11000.0,0,0,0
0,0,0,0,0,14000.0,0,1,0
2,2,3,2,0,8000.0,0,1,0
0,0,0,0,0,10000.0,0,1,0
3,3,2,6,1,12000.0,0,1,0
0,0,0,0,0,12000.0,0,0,1
3,3,3,5,2,10000.0,0,1,0
2,2,4,6,1,8000.0,1,1,0
3,2,3,2,2,8000.0,0,1,0
2,0,0,0,0,12000.0,0,1,0
0,0,0,0,0,12000.0,0,1,1
1,1,2,1,0,13000.0,0,0,1
0,0,0,0,0,12000.0,0,1,0
0,0,0,0,0,19000.0,0,0,1
2,0,0,0,0,8000.0,1,0,1
0,0,0,0,0,13000.0,0,0,1
3,3,3,1,0,8000.0,0,1,0
3,3,2,1,0,10000.0,1,1,0
1,0,0,0,0,15000.0,0,1,0
0,0,0,0,0,15000.0,0,0,1
1,1,0,2,0,8000.0,0,0,0
1,1,0,0,0,16000.0,0,1,1
1,1,0,0,0,8000.0,0,1,0
2,2,6,1,0,12000.0,0,1,0
2,0,0,0,0,10000.0,0,1,0
3,0,0,0,0,8000.0,1,1,0
1,1,1,0,0,12000.0,0,1,0
1,1,0,0,0,12000.0,1,1,0
3,2,1,0,1,12000.0,0,1,0
2,2,0,0,0,17000.0,0,1,0
2,0,0,0,0,7000.0,0,1,0
3,3,5,2,0,9000.0,0,1,0
2,2,1,1,0,9000.0,1,0,0
0,0,0,0,0,10000.0,0,0,1
3,1,1,2,0,9000.0,0,0,0
3,3,1,2,0,8000.0,1,1,0
3,3,1,3,1,12000.0,0,1,0
0,0,0,0,0,15000.0,0,0,1
1,1,1,0,0,13000.0,1,1,0
1,1,1,2,0,14000.0,0,0,1
2,0,0,0,0,12000.0,1,1,0
2,2,1,1,1,8000.0,1,1,0
1,0,0,0,0,13000.0,0,0,1
1,1,1,0,1,14000.0,0,1,1
3,2,3,0,1,14000.0,0,1,0
3,3,2,3,1,8000.0,0,1,0
1,1,0,0,0,14000.0,0,1,0
1,1,1,1,0,11000.0,0,0,0
3,3,1,5,0,8000.0,0,1,0
0,0,0,0,0,12000.0,0,0,1
0,0,0,0,0,13000.0,0,1,0
2,2,0,0,0,13000.0,0,1,0
1,1,2,2,0,11000.0,0,1,1
3,0,0,0,0,8000.0,0,1,1
2,2,1,0,0,14000.0,0,1,0
0,0,0,0,0,12000.0,0,0,1
0,0,0,0,0,16000.0,0,1,1
1,1,0,2,0,11000.0,0,1,1
2,2,0,2,0,11000.0,1,1,0
0,0,0,0,0,15000.0,0,1,0
3,2,0,0,0,12000.0,1,0,0
2,0,0,0,0,15000.0,0,1,0
2,2,1,0,0,15000.0,1,1,0
3,1,0,0,0,9000.0,0,1,0
0,0,0,0,0,12000.0,0,1,1
3,2,2,2,1,12000.0,0,1,0
2,1,0,1,1,10000.0,0,1,0
1,0,0,0,0,11000.0,0,1,0
2,2,2,5,0,11000.0,0,1,0
2,1,2,0,0,12000.0,1,1,0
1,1,0,1,0,11000.0,0,0,0
1,1,0,0,0,11000.0,1,1,0
0,0,0,0,0,14000.0,0,0,1
0,0,0,0,0,9000.0,0,0,1
1,1,0,1,0,9000.0,1,1,0
1,1,0,1,0,8000.0,1,1,0
1,1,1,5,1,9000.0,0,1,1
3,3,3,7,1,11000.0,1,1,0
1,1,1,2,0,13000.0,1,0,0
2,0,0,0,0,11000.0,0,1,1
2,0,0,0,0,10000.0,0,1,1
1,1,0,0,0,12000.0,0,1,1
1,1,0,2,0,12000.0,1,1,0
1,1,4,3,0,13000.0,0,0,0
1,1,0,0,0,11000.0,0,1,0
3,2,1,3,0,11000.0,1,1,0
1,0,0,0,0,13000.0,0,0,1
1,1,1,0,0,9000.0,0,0,0
0,0,0,0,0,14000.0,0,0,1
2,2,0,1,0,13000.0,1,1,0
0,0,0,0,0,8000.0,0,1,1
3,3,1,11,1,6000.0,0,1,0
3,0,0,0,0,10000.0,1,1,0
3,3,3,3,0,9000.0,0,1,0
3,1,0,3,0,8000.0,0,0,1
2,2,2,3,1,12000.0,1,1,0
2,2,3,5,0,10000.0,0,1,0
2,0,0,0,0,6000.0,1,1,0
2,1,1,0,0,11000.0,0,0,0
2,2,2,3,0,10000.0,0,0,0
1,1,0,1,0,15000.0,0,1,1
3,2,3,0,1,10000.0,0,1,0
3,2,0,1,0,12000.0,0,1,0
1,1,1,1,0,8000.0,0,1,0
0,0,0,0,0,12000.0,0,1,1
1,1,0,0,0,12000.0,0,1,0
3,3,0,5,0,13000.0,0,1,0
3,3,2,2,1,13000.0,1,1,0
1,1,1,1,0,12000.0,0,0,1
1,1,2,2,0,12000.0,0,0,1
1,1,1,1,0,13000.0,0,1,0
1,1,4,1,1,12000.0,1,1,0
2,2,0,4,0,14000.0,0,1,0
0,0,0,0,0,13000.0,0,0,1
2,2,1,1,0,13000.0,0,1,0
0,0,0,0,0,14000.0,0,1,0
2,0,0,0,0,8000.0,0,1,1
2,2,2,0,1,16000.0,1,1,0
1,0,0,0,0,10000.0,0,1,0
1,1,2,0,0,17000.0,0,0,1
2,2,1,3,1,12000.0,1,1,0
3,3,1,3,2,10000.0,0,1,0
0,0,0,0,0,9000.0,0,0,1
2,0,0,0,0,10000.0,0,0,0
2,2,0,6,0,7000.0,0,0,0
1,1,4,1,0,10000.0,0,0,1
2,1,4,2,0,7000.0,1,1,0
2,2,2,4,1,8000.0,0,0,0
3,2,0,0,1,9000.0,1,0,0
0,0,0,0,0,18000.0,0,0,1
1,1,1,2,0,15000.0,0,0,1
0,0,0,0,0,10000.0,0,1,1
2,2,3,0,0,11000.0,0,1,0
2,0,0,0,0,10000.0,0,1,1
1,1,0,2,1,10000.0,0,1,0
0,0,0,0,0,13000.0,0,0,1
0,0,0,0,0,10000.0,0,0,1
1,1,1,1,0,11000.0,1,1,0
3,2,1,3,0,9000.0,0,1,0
2,2,1,1,1,14000.0,0,1,0
0,0,0,0,0,12000.0,0,1,0
0,0,0,0,0,15000.0,0,0,1
1,1,2,0,0,11000.0,0,1,0
2,0,0,0,0,9000.0,0,1,0
1,1,4,3,1,12000.0,0,0,1
0,0,0,0,0,12000.0,0,0,1
2,1,0,2,0,12000.0,1,1,0
1,1,3,4,0,8000.0,1,1,0
0,0,0,0,0,10000.0,0,0,1
2,2,7,2,0,11000.0,0,1,0
1,1,0,3,0,13000.0,0,0,1
0,0,0,0,0,14000.0,1,1,0
2,0,0,0,0,8000.0,0,1,0
2,2,2,1,0,19000.0,0,1,1
3,2,3,6,0,7000.0,0,1,0
1,1,1,2,0,13000.0,0,1,1
2,2,2,0,0,12000.0,1,1,0
0,0,0,0,0,12000.0,1,1,1
0,0,0,0,0,13000.0,0,0,1
2,2,2,2,0,12000.0,0,1,1
2,0,0,0,0,11000.0,1,1,0
2,2,1,5,1,9000.0,1,0,0
1,1,0,3,0,10000.0,0,1,0
1,1,0,2,1,11000.0,0,1,1
1,0,0,0,0,16000.0,1,1,0
0,0,0,0,0,13000.0,0,1,0
2,2,2,3,1,16000.0,1,1,0
1,1,0,0,0,10000.0,0,1,0
0,0,0,0,0,12000.0,0,0,1
1,1,1,0,0,15000.0,1,1,0
3,3,8,7,2,9000.0,0,1,0
2,1,2,2,0,12000.0,0,1,0
1,1,0,0,0,17000.0,0,0,0
0,0,0,0,0,11000.0,0,0,1
1,0,0,0,0,14000.0,0,0,1
2,1,2,3,1,12000.0,0,1,1
2,2,4,5,1,14000.0,0,1,0
2,2,2,3,1,10000.0,1,1,0
0,0,0,0,0,14000.0,0,1,1
3,2,5,1,0,11000.0,1,1,0
2,2,0,0,0,10000.0,0,1,0
0,0,0,0,0,13000.0,0,1,1
0,0,0,0,0,14000.0,1,1,0
2,2,1,3,2,12000.0,1,1,0
2,1,4,2,0,11000.0,1,0,0
2,2,2,2,0,11000.0,0,1,0
1,1,3,1,0,11000.0,0,0,1
2,2,0,3,1,14000.0,0,1,0
0,0,0,0,0,12000.0,0,1,1
3,3,1,11,1,10000.0,0,1,0
0,0,0,0,0,15000.0,0,1,0
0,0,0,0,0,14000.0,0,1,1
0,0,0,0,0,12000.0,1,1,0
1,1,0,2,1,9000.0,0,1,0
3,3,3,0,0,11000.0,0,0,0
3,3,1,5,0,6000.0,1,1,0
2,2,3,2,0,13000.0,0,1,0
0,0,0,0,0,13000.0,1,1,0
2,1,0,3,0,12000.0,1,1,0
3,1,0,1,1,14000.0,0,1,0
3,3,3,2,1,12000.0,0,1,0
1,1,1,2,0,12000.0,0,1,1
1,0,0,0,0,10000.0,0,1,0
1,1,1,2,0,11000.0,0,1,0
1,0,0,0,0,13000.0,0,1,1
1,1,1,1,0,13000.0,1,1,0
3,3,2,3,0,11000.0,1,1,0
0,0,0,0,0,15000.0,1,1,1
1,1,0,1,0,15000.0,0,0,1
0,0,0,0,0,16000.0,1,1,1
0,0,0,0,0,9000.0,0,1,1
0,0,0,0,0,13000.0,0,0,1
3,0,0,0,0,14000.0,0,1,0
1,1,2,2,0,12000.0,0,0,0
2,2,3,3,0,5000.0,0,0,0
2,1,2,2,0,8000.0,0,0,1
1,1,1,0,1,14000.0,0,1,1
2,2,3,3,0,11000.0,1,1,0
2,0,0,0,0,12000.0,1,1,0
3,3,2,4,1,12000.0,0,1,0
2,0,0,0,0,13000.0,0,1,0
0,0,0,0,0,13000.0,0,1,1
0,0,0,0,0,13000.0,0,0,1
2,0,0,0,0,10000.0,1,1,0
1,1,0,2,0,16000.0,0,1,0
0,0,0,0,0,12000.0,0,0,1
0,0,0,0,0,16000.0,0,1,1
2,2,1,1,0,13000.0,0,1,0
1,1,0,1,1,12000.0,0,0,1
3,3,1,5,0,13000.0,1,1,1
1,1,0,0,1,11000.0,0,1,0
0,0,0,0,0,13000.0,0,1,0
0,0,0,0,0,13000.0,0,1,0
1,1,1,0,1,8000.0,1,0,0
2,2,1,3,1,14000.0,0,0,0
3,2,1,3,1,8000.0,1,1,0
2,0,0,0,0,12000.0,1,1,0
2,2,2,2,0,16000.0,0,1,0
0,0,0,0,0,15000.0,0,1,0
1,1,0,2,0,17000.0,0,0,0
0,0,0,0,0,13000.0,0,0,1
0,0,0,0,0,10000.0,0,0,1
0,0,0,0,0,14000.0,0,1,1
2,2,0,2,0,10000.0,1,1,0
2,2,0,1,0,14000.0,0,0,1
3,0,0,0,0,12000.0,0,1,0
3,1,1,1,0,13000.0,1,1,0
2,2,5,1,0,8000.0,0,1,0
0,0,0,0,0,12000.0,0,1,1
1,0,0,0,0,11000.0,0,1,0
3,3,5,4,0,13000.0,1,1,0
1,1,0,2,0,15000.0,1,1,1
1,1,0,1,0,8000.0,0,1,0
3,3,0,4,1,8000.0,1,1,0
1,1,0,1,0,8000.0,0,0,0
2,2,3,7,0,9000.0,0,0,0
0,0,0,0,0,14000.0,0,1,1
2,2,2,3,1,14000.0,1,1,0
2,1,0,4,0,11000.0,0,1,1
3,1,0,0,0,14000.0,0,1,0
3,3,0,19,1,9000.0,1,1,0
1,0,0,0,0,14000.0,0,1,0
2,2,0,1,0,14000.0,1,0,0
0,0,0,0,0,12000.0,0,1,1
1,0,0,0,0,7000.0,1,1,0
3,3,5,9,1,10000.0,1,1,0
3,0,0,0,0,10000.0,1,1,0
0,0,0,0,0,8000.0,0,1,0
2,2,2,1,1,14000.0,0,0,0
1,1,2,0,0,10000.0,0,1,0
1,1,0,2,1,15000.0,0,0,1
0,0,0,0,0,13000.0,0,1,1
2,1,0,0,0,6000.0,0,0,0
2,2,0,4,0,11000.0,0,1,0
0,0,0,0,0,12000.0,0,1,1
2,0,0,0,0,10000.0,0,0,1
3,3,6,6,0,10000.0,0,1,0
1,1,1,0,0,11000.0,0,0,1
2,1,4,1,0,8000.0,0,0,0
3,3,7,8,0,10000.0,1,0,0
3,3,0,9,0,9000.0,0,0,0
1,1,1,1,1,13000.0,1,0,0
3,3,2,10,0,6000.0,1,1,0
0,0,0,0,0,10000.0,0,1,1
0,0,0,0,0,11000.0,0,1,1
1,1,0,1,0,14000.0,0,0,0
1,1,1,0,0,12000.0,0,1,0
3,1,1,2,0,10000.0,1,0,0
2,1,0,2,0,13000.0,0,0,0
3,1,2,0,0,12000.0,0,0,1
3,3,2,1,1,17000.0,1,1,0
1,0,0,0,0,14000.0,0,0,1
2,2,1,1,0,13000.0,1,1,0
3,3,4,6,1,12000.0,0,1,0
0,0,0,0,0,16000.0,0,0,1
1,1,1,2,0,10000.0,0,0,1
2,2,6,4,3,12000.0,0,1,0
2,2,5,5,1,11000.0,0,1,0
0,0,0,0,0,12000.0,0,0,1
1,1,0,0,0,13000.0,1,1,0
1,0,0,0,0,16000.0,0,1,1
1,0,0,0,0,11000.0,1,1,0
2,2,0,4,0,9000.0,1,1,0
3,0,0,0,0,11000.0,1,1,0
2,0,0,0,0,11000.0,1,0,0
2,2,0,4,0,10000.0,0,1,0
1,0,0,0,0,15000.0,1,0,1
2,2,1,3,2,14000.0,0,1,0
2,1,0,0,1,13000.0,0,0,0
0,0,0,0,0,12000.0,1,1,1
1,1,0,0,1,9000.0,0,1,0
2,1,1,0,0,14000.0,1,1,0
0,0,0,0,0,13000.0,0,0,1
1,1,1,0,0,11000.0,0,0,0
1,0,0,0,0,11000.0,1,1,0
3,3,1,1,0,11000.0,0,0,0
3,3,1,2,0,9000.0,0,1,0
1,0,0,0,0,15000.0,0,1,1
3,3,4,7,1,12000.0,0,1,0
2,1,3,1,0,10000.0,1,1,0
1,1,1,1,0,12000.0,0,1,0
3,3,4,3,1,15000.0,1,1,0
3,2,0,4,0,14000.0,0,1,0
0,0,0,0,0,8000.0,1,0,0
2,1,1,4,0,8000.0,0,1,0
1,0,0,0,0,12000.0,0,1,1
2,2,4,5,0,10000.0,0,1,0
0,0,0,0,0,11000.0,0,0,1
0,0,0,0,0,12000.0,0,0,1
1,1,3,0,0,12000.0,0,1,0
1,1,1,1,0,11000.0,0,1,0
1,1,0,1,1,13000.0,1,0,0
1,1,2,0,0,10000.0,0,0,1
1,1,1,3,1,14000.0,0,1,1
2,2,2,4,1,12000.0,0,1,0
2,2,1,9,1,10000.0,0,0,0
2,2,0,1,0,15000.0,0,1,0
0,0,0,0,0,13000.0,1,1,1
1,1,0,1,0,11000.0,1,1,0
0,0,0,0,0,16000.0,0,0,1
2,2,0,2,0,11000.0,1,1,0
1,1,1,1,1,13000.0,0,1,0
3,3,0,4,1,12000.0,1,1,0
3,1,0,2,0,5000.0,0,1,0
1,1,0,1,0,10000.0,0,0,1
2,0,0,0,0,13000.0,0,1,0
2,0,0,0,0,14000.0,1,1,0
2,2,1,0,0,12000.0,0,1,0
2,2,7,2,0,9000.0,1,1,0
0,0,0,0,0,13000.0,0,1,0
1,0,0,0,0,8000.0,1,1,0
3,0,0,0,0,13000.0,0,1,1
0,0,0,0,0,12000.0,0,0,1
1,0,0,0,0,11000.0,0,1,1
1,1,2,1,0,9000.0,0,1,1
1,1,0,0,1,13000.0,0,1,0
0,0,0,0,0,13000.0,0,0,1
1,0,0,0,0,13000.0,0,1,1
2,2,0,3,0,12000.0,1,1,0
3,0,0,0,0,10000.0,1,1,0
2,2,1,3,0,10000.0,1,1,0
2,0,0,0,0,13000.0,0,1,1
3,3,6,4,1,14000.0,1,1,0
0,0,0,0,0,10000.0,0,0,1
2,2,1,5,2,10000.0,1,1,0
2,2,5,2,0,9000.0,1,0,0
3,2,3,0,0,11000.0,1,0,0
2,0,0,0,0,18000.0,0,1,0
1,1,0,1,0,14000.0,1,1,0
1,0,0,0,0,13000.0,0,1,0
1,1,0,0,1,12000.0,0,1,0
3,3,2,1,0,12000.0,0,1,0
1,1,0,1,0,11000.0,0,1,0
2,2,7,3,0,12000.0,0,1,0
0,0,0,0,0,15000.0,1,0,1
0,0,0,0,0,13000.0,0,1,1
0,0,0,0,0,13000.0,0,0,1
0,0,0,0,0,11000.0,0,0,1
1,1,4,2,0,10000.0,0,1,0
1,1,0,1,0,6000.0,0,1,1
1,1,1,2,1,9000.0,1,1,0
2,2,0,5,0,10000.0,0,1,0
2,2,0,2,0,15000.0,0,1,1
3,3,1,1,0,12000.0,1,1,0
1,1,0,3,0,12000.0,0,0,0
2,2,1,3,1,11000.0,1,1,0
3,1,0,1,0,12000.0,0,1,0
2,2,0,2,0,12000.0,0,1,0
0,0,0,0,0,7000.0,1,1,0
1,1,1,3,0,12000.0,0,1,1
1,1,2,3,1,10000.0,0,1,0
3,3,8,5,0,12000.0,0,1,0
0,0,0,0,0,12000.0,0,0,1
2,2,1,1,0,10000.0,1,1,0
0,0,0,0,0,9000.0,1,1,0
1,1,3,1,0,13000.0,0,1,0
1,0,0,0,0,13000.0,0,1,1
1,0,0,0,0,11000.0,0,1,1
2,2,2,6,2,12000.0,1,1,0
2,2,2,3,0,12000.0,0,1,0
1,1,0,0,0,13000.0,0,0,1
0,0,0,0,0,13000.0,0,0,1
0,0,0,0,0,16000.0,0,0,1
1,1,1,0,0,16000.0,0,1,0
2,1,0,3,0,8000.0,0,0,0
0,0,0,0,0,11000.0,0,1,0
2,2,0,0,0,12000.0,1,0,0
2,0,0,0,0,12000.0,1,1,0
1,1,1,1,0,16000.0,0,1,1
1,0,0,0,0,10000.0,1,1,0
1,1,0,1,0,15000.0,0,1,1
3,3,0,2,1,10000.0,0,1,0
2,2,0,1,0,12000.0,0,1,0
3,3,2,4,0,9000.0,0,1,0
1,1,0,0,0,15000.0,0,1,0
1,1,0,4,0,12000.0,0,0,1
1,1,2,1,0,11000.0,0,1,0
1,0,0,0,0,11000.0,0,0,0
0,0,0,0,0,10000.0,0,0,1
3,3,0,8,4,8000.0,0,0,0
2,0,0,0,0,11000.0,0,1,0
2,0,0,0,0,12000.0,0,0,1
0,0,0,0,0,12000.0,1,1,0
3,1,0,0,0,11000.0,1,0,0
1,1,2,2,0,8000.0,0,0,1
1,1,1,1,0,9000.0,1,0,0
2,2,2,5,1,11000.0,1,1,0
0,0,0,0,0,17000.0,0,0,1
0,0,0,0,0,17000.0,1,1,0
2,2,0,1,1,9000.0,1,1,0
3,3,2,1,1,12000.0,0,1,0
3,3,3,4,1,9000.0,1,1,0
0,0,0,0,0,13000.0,0,1,1
0,0,0,0,0,13000.0,0,0,1
3,3,1,0,1,10000.0,0,1,0
2,2,3,4,2,9000.0,0,1,0
3,3,1,4,0,9000.0,0,1,0
0,0,0,0,0,20000.0,0,0,1
3,3,1,4,0,8000.0,1,1,0
0,0,0,0,0,12000.0,0,0,1
3,1,1,0,1,10000.0,0,1,0
3,1,1,2,0,12000.0,1,1,1
1,1,1,1,0,12000.0,1,1,0
0,0,0,0,0,6000.0,0,0,1
2,2,2,1,0,11000.0,0,1,0
2,0,0,0,0,9000.0,1,1,1
2,0,0,0,0,9000.0,1,1,0
3,3,2,1,0,12000.0,1,1,0
0,0,0,0,0,13000.0,0,0,1
0,0,0,0,0,12000.0,0,0,1
1,1,0,1,0,13000.0,0,1,0
2,2,2,6,1,9000.0,0,0,1
0,0,0,0,0,16000.0,0,0,1
2,2,2,2,0,16000.0,1,1,0
3,2,2,1,1,13000.0,0,1,1
2,2,1,0,1,9000.0,1,1,0
3,1,2,2,0,12000.0,0,1,0
1,1,1,3,0,10000.0,0,1,0
2,0,0,0,0,14000.0,0,1,1
1,0,0,0,0,16000.0,0,0,1
2,2,2,0,1,13000.0,0,0,0
1,1,0,3,0,14000.0,1,1,0
1,1,1,2,0,11000.0,0,1,0
3,3,2,10,2,8000.0,1,1,0
0,0,0,0,0,13000.0,1,0,1
0,0,0,0,0,12000.0,0,1,1
3,3,0,0,1,15000.0,0,0,0
0,0,0,0,0,11000.0,0,1,1
2,1,1,0,0,13000.0,0,1,0
0,0,0,0,0,15000.0,0,0,1
2,2,4,6,1,7000.0,0,1,0
2,2,0,5,0,9000.0,0,1,0
0,0,0,0,0,12000.0,1,0,1
2,2,1,2,1,14000.0,0,1,0
0,0,0,0,0,12000.0,0,1,1
2,2,3,0,0,12000.0,0,1,0
1,0,0,0,0,15000.0,0,1,1
0,0,0,0,0,12000.0,0,0,1
1,1,1,1,0,15000.0,0,0,1
1,1,1,0,0,13000.0,0,1,0
2,0,0,0,0,9000.0,0,1,0
3,3,2,2,0,11000.0,0,1,0
0,0,0,0,0,12000.0,0,1,1
0,0,0,0,0,15000.0,1,0,1
3,3,2,5,3,11000.0,1,1,0
3,3,3,4,0,7000.0,0,1,0
2,2,1,0,1,11000.0,1,1,0
1,1,0,2,1,9000.0,0,1,0
2,2,2,3,0,8000.0,0,0,0
0,0,0,0,0,12000.0,0,0,1
2,2,0,4,0,9000.0,1,1,0
2,0,0,0,0,12000.0,1,1,0
1,1,1,1,0,12000.0,1,1,1
1,1,3,2,1,10000.0,0,0,1
3,3,0,5,1,7000.0,0,1,0
3,2,1,3,0,12000.0,0,1,0
2,1,1,0,0,9000.0,1,1,0
3,3,5,5,0,12000.0,1,1,0
0,0,0,0,0,14000.0,0,0,1
1,1,0,1,0,12000.0,0,1,0
3,2,0,6,1,7000.0,1,1,0
2,2,1,2,1,12000.0,1,1,0
2,2,2,6,0,9000.0,1,1,0
2,2,2,2,0,12000.0,1,1,0
0,0,0,0,0,14000.0,0,1,0
3,2,2,3,0,8000.0,0,1,0
2,2,0,5,0,11000.0,0,0,0
1,1,0,1,0,12000.0,0,1,0
3,2,0,3,1,10000.0,0,1,0
2,2,0,1,1,10000.0,0,1,1
3,0,0,0,0,10000.0,1,1,0
2,2,1,2,1,12000.0,0,0,0
3,3,1,8,2,13000.0,0,0,0
2,2,0,0,2,10000.0,0,0,0
0,0,0,0,0,14000.0,1,1,0
1,1,0,0,0,14000.0,0,0,0
0,0,0,0,0,6000.0,1,1,0
2,2,2,6,0,7000.0,1,1,0
0,0,0,0,0,13000.0,0,0,0
0,0,0,0,0,14000.0,0,1,1
1,1,0,0,0,16000.0,1,1,0
0,0,0,0,0,13000.0,1,1,0
3,3,5,6,2,12000.0,1,1,0
3,1,1,5,0,9000.0,0,1,1
0,0,0,0,0,14000.0,0,0,1
1,1,1,3,0,11000.0,1,0,0
1,1,5,3,0,12000.0,1,0,0
2,1,1,0,0,17000.0,0,1,1
3,3,3,3,0,14000.0,1,1,0
2,1,0,0,0,11000.0,1,1,0
0,0,0,0,0,14000.0,0,0,1
3,1,0,1,0,11000.0,1,1,0
1,1,1,0,0,15000.0,1,1,0
3,3,1,2,0,8000.0,1,1,0
3,3,0,2,0,9000.0,0,1,0
3,3,1,1,0,11000.0,0,0,0
0,0,0,0,0,14000.0,0,0,1
3,3,4,3,0,11000.0,0,1,0
3,1,0,1,1,6000.0,1,1,0
1,1,0,2,0,10000.0,0,1,0
1,1,0,2,0,12000.0,0,1,0
2,0,0,0,0,13000.0,0,1,1
0,0,0,0,0,13000.0,1,1,1
3,1,4,2,0,9000.0,0,1,0
1,1,0,0,0,19000.0,0,0,1
3,3,0,1,1,7000.0,0,0,0
2,0,0,0,0,12000.0,0,1,1
3,3,2,0,0,9000.0,1,1,0
3,3,5,8,4,11000.0,0,0,1
0,0,0,0,0,15000.0,0,1,1
1,1,1,0,0,12000.0,0,0,0
2,2,0,1,0,9000.0,1,1,0
1,0,0,0,0,11000.0,0,0,0
1,1,2,2,0,12000.0,0,0,0
0,0,0,0,0,10000.0,0,0,1
2,2,0,2,0,11000.0,1,0,0
0,0,0,0,0,9000.0,0,1,0
2,2,2,2,0,16000.0,0,0,0
2,2,4,2,0,13000.0,0,1,0
1,0,0,0,0,12000.0,0,0,1
3,3,0,7,0,12000.0,0,1,0
1,1,1,1,0,15000.0,0,0,0
3,3,1,3,0,11000.0,0,1,0
1,1,1,0,0,10000.0,0,0,0
3,3,3,7,0,10000.0,1,1,0
2,2,1,2,0,12000.0,1,1,0
1,1,2,0,0,14000.0,1,1,0
2,2,1,0,1,15000.0,0,1,0
1,0,0,0,0,11000.0,0,1,1
2,1,1,0,0,12000.0,0,1,0
1,1,1,7,0,10000.0,1,1,0
1,1,0,1,0,11000.0,1,1,0
2,2,0,1,0,13000.0,1,1,0
0,0,0,0,0,16000.0,0,0,1
1,0,0,0,0,11000.0,0,0,0
0,0,0,0,0,8000.0,0,1,1
3,1,0,0,0,16000.0,1,0,0
1,0,0,0,0,12000.0,0,1,1
0,0,0,0,0,15000.0,0,1,1
3,0,0,0,0,12000.0,1,1,0
1,1,0,1,0,14000.0,0,0,1
0,0,0,0,0,16000.0,0,1,0
1,1,1,1,1,14000.0,0,1,0
1,0,0,0,0,13000.0,0,0,1
1,0,0,0,0,11000.0,0,0,1
1,1,2,5,0,12000.0,0,0,1
1,1,2,2,0,11000.0,0,0,1
0,0,0,0,0,16000.0,0,1,1
2,2,0,1,0,13000.0,0,1,0
1,1,2,0,0,11000.0,0,1,0
1,1,1,1,0,12000.0,1,0,0
3,3,3,3,0,10000.0,1,1,0
3,2,1,3,0,15000.0,0,1,0
0,0,0,0,0,12000.0,0,0,1
1,1,0,1,1,13000.0,0,0,1
1,1,0,2,2,18000.0,0,1,1
0,0,0,0,0,15000.0,0,0,1
2,2,0,0,0,9000.0,0,1,0
2,2,0,3,0,7000.0,0,1,0
1,1,1,0,2,16000.0,0,1,0
2,1,0,0,0,9000.0,1,1,0
1,0,0,0,0,13000.0,0,1,1
1,1,1,1,0,12000.0,0,1,0
0,0,0,0,0,10000.0,0,0,1
0,0,0,0,0,11000.0,0,0,0
2,1,0,1,0,12000.0,1,1,0
3,3,3,5,1,10000.0,0,1,0
2,2,4,4,1,15000.0,1,1,0
3,0,0,0,0,13000.0,0,1,0
1,1,0,2,3,11000.0,0,1,0
3,3,4,3,2,11000.0,0,1,0
1,1,1,0,0,12000.0,1,1,0
1,1,0,1,0,15000.0,0,1,0
1,1,2,1,0,15000.0,1,1,1
3,0,0,0,0,12000.0,1,1,0
0,0,0,0,0,17000.0,0,0,0
3,1,0,0,0,8000.0,1,1,0
2,0,0,0,0,12000.0,1,1,0
2,2,0,4,0,11000.0,0,0,0
1,1,1,0,1,16000.0,0,1,0
3,3,9,18,0,4000.0,0,1,0
1,1,0,0,0,11000.0,0,0,1
1,1,0,2,0,10000.0,0,1,0
3,0,0,0,0,10000.0,0,1,1
3,1,2,4,1,13000.0,1,1,0
3,1,0,2,0,11000.0,1,1,0
1,1,0,0,0,18000.0,0,0,1
2,2,2,1,0,11000.0,1,1,0
3,3,3,8,1,9000.0,1,1,0
0,0,0,0,0,12000.0,0,0,1
2,2,3,1,0,10000.0,0,1,0
2,2,0,4,0,10000.0,1,1,0
1,1,0,0,0,12000.0,1,1,0
1,0,0,0,0,13000.0,0,1,1
2,0,0,0,0,11000.0,1,0,0
1,0,0,0,0,11000.0,0,1,1
0,0,0,0,0,13000.0,0,1,1
0,0,0,0,0,11000.0,0,1,1
3,3,0,2,1,7000.0,0,1,0
3,3,2,1,2,13000.0,0,1,0
1,1,0,0,0,16000.0,0,1,0
3,2,0,1,0,13000.0,0,1,0
3,3,2,10,1,7000.0,0,1,0
2,2,0,0,0,15000.0,0,1,0
2,2,2,2,0,16000.0,0,0,0
2,2,1,7,1,11000.0,0,1,0
2,2,0,1,0,11000.0,1,0,0
2,1,0,2,0,8000.0,0,1,0
2,2,1,6,0,7000.0,1,1,0
0,0,0,0,0,9000.0,0,1,1
3,1,0,1,0,12000.0,1,1,0
2,2,0,5,1,14000.0,0,1,0
1,1,0,0,0,14000.0,0,1,0
1,1,0,0,0,13000.0,0,1,0
3,2,0,3,3,8000.0,0,1,0
3,2,1,3,0,13000.0,0,0,0
1,0,0,0,0,13000.0,0,1,1
3,1,1,3,0,6000.0,0,1,0
3,3,0,3,1,10000.0,1,1,0
3,3,1,3,0,12000.0,0,1,0
0,0,0,0,0,12000.0,0,1,0
2,2,0,10,0,12000.0,0,1,0
1,1,0,0,0,16000.0,0,0,1
2,2,0,1,0,11000.0,0,1,0
2,0,0,0,0,10000.0,0,1,1
1,1,1,1,0,12000.0,0,1,0
2,2,0,1,1,15000.0,1,1,0
1,1,1,1,0,11000.0,0,0,1
2,2,0,4,0,10000.0,1,1,0
1,1,0,2,1,9000.0,0,1,0
2,1,0,2,0,15000.0,1,1,0
1,1,0,0,1,13000.0,0,1,0
1,1,0,1,0,16000.0,0,1,1
3,3,4,4,0,11000.0,1,0,0
3,0,0,0,0,12000.0,1,1,0
2,2,1,6,1,10000.0,0,0,0
1,1,0,1,1,9000.0,0,0,0
2,2,1,3,1,13000.0,1,1,0
1,1,1,4,0,12000.0,0,1,0
3,1,1,6,0,9000.0,1,1,0
2,0,0,0,0,9000.0,1,1,1
3,3,4,4,0,12000.0,1,1,0
0,0,0,0,0,9000.0,0,0,1
1,1,0,2,0,9000.0,0,1,0
2,2,1,0,1,14000.0,1,1,0
1,1,3,1,0,9000.0,1,1,0
3,0,0,0,0,15000.0,0,1,0
1,1,1,0,0,13000.0,0,1,0
2,0,0,0,0,12000.0,0,1,1
1,1,1,1,0,12000.0,0,0,0
2,1,0,7,1,9000.0,0,1,0
1,1,0,2,0,12000.0,0,0,0
0,0,0,0,0,11000.0,0,1,1
1,1,1,1,0,6000.0,0,1,0
1,1,0,0,0,17000.0,0,1,0
0,0,0,0,0,15000.0,0,1,1
0,0,0,0,0,13000.0,0,0,1
2,2,0,0,1,15000.0,0,1,1
1,1,0,2,0,14000.0,0,1,0
1,1,3,6,2,7000.0,0,0,1
3,1,0,0,0,10000.0,1,1,0
2,2,1,0,0,13000.0,1,1,0
1,1,0,0,0,9000.0,0,1,0
1,1,1,7,0,10000.0,1,1,0
2,1,0,0,0,10000.0,1,1,0
0,0,0,0,0,12000.0,0,1,1
2,2,2,5,0,13000.0,1,1,0
1,1,1,1,0,10000.0,0,1,0
1,1,0,2,0,10000.0,0,1,1
3,0,0,0,0,12000.0,1,1,0
0,0,0,0,0,16000.0,0,0,1
3,3,0,2,0,8000.0,1,1,0
2,0,0,0,0,9000.0,1,1,1
3,3,0,3,3,12000.0,1,1,0
2,0,0,0,0,14000.0,0,1,0
3,3,6,1,1,12000.0,1,1,0
0,0,0,0,0,12000.0,0,0,1
2,2,2,1,0,9000.0,1,0,0
0,0,0,0,0,11000.0,0,1,1
1,1,1,0,0,12000.0,0,1,0
2,0,0,0,0,16000.0,0,1,1
1,0,0,0,0,10000.0,1,0,0
3,3,9,5,4,13000.0,0,1,0
1,0,0,0,0,13000.0,0,1,1
0,0,0,0,0,14000.0,0,0,1
2,2,0,3,1,8000.0,1,1,0
0,0,0,0,0,14000.0,0,0,1
1,1,0,0,0,10000.0,0,1,0
3,2,2,2,0,12000.0,0,1,0
1,0,0,0,0,14000.0,0,1,0
1,1,0,0,0,12000.0,0,1,1
2,1,2,10,0,5000.0,0,1,1
2,0,0,0,0,16000.0,0,1,1
3,3,0,1,0,9000.0,0,0,0
2,2,2,6,3,8000.0,0,0,0
1,1,1,5,0,9000.0,1,1,0
1,1,1,0,0,14000.0,1,0,0
2,2,6,6,1,8000.0,0,0,0
0,0,0,0,0,11000.0,1,1,0
3,3,3,3,1,12000.0,0,1,0
2,2,2,3,0,10000.0,0,1,0
0,0,0,0,0,12000.0,0,0,1
1,1,0,3,1,9000.0,0,0,1
0,0,0,0,0,10000.0,0,1,0
3,3,0,0,0,11000.0,1,1,1
3,2,3,3,1,8000.0,0,1,0
0,0,0,0,0,10000.0,0,1,0
2,1,0,2,1,12000.0,1,0,0
2,2,6,2,0,6000.0,1,0,0
0,0,0,0,0,14000.0,0,0,0
0,0,0,0,0,11000.0,1,1,0
0,0,0,0,0,12000.0,0,0,1
0,0,0,0,0,12000.0,0,1,1
2,2,1,3,0,9000.0,1,1,0
2,0,0,0,0,4000.0,0,0,1
1,1,1,0,0,6000.0,0,0,0
2,0,0,0,0,5000.0,0,1,1
1,1,3,4,1,12000.0,1,1,0
1,1,2,0,0,12000.0,0,1,0
0,0,0,0,0,17000.0,0,1,1
1,1,1,1,0,13000.0,1,1,0
2,2,1,3,0,10000.0,0,1,0
2,2,0,2,0,13000.0,0,1,0
2,0,0,0,0,6000.0,1,1,0
2,2,0,1,0,12000.0,0,1,0
2,2,0,1,2,11000.0,0,0,0
1,1,0,1,0,10000.0,0,1,0
3,0,0,0,0,12000.0,1,1,0
1,1,4,4,0,12000.0,0,1,1
1,0,0,0,0,11000.0,0,1,0
0,0,0,0,0,13000.0,0,0,1
2,0,0,0,0,15000.0,0,1,1
1,1,1,1,0,15000.0,0,1,0
2,2,1,7,3,7000.0,1,1,0
1,1,0,2,0,9000.0,0,0,0
1,1,0,2,0,9000.0,0,1,0
0,0,0,0,0,18000.0,0,1,1
0,0,0,0,0,16000.0,0,1,1
0,0,0,0,0,17000.0,0,0,1
2,2,1,3,0,13000.0,1,1,0
2,2,4,3,1,13000.0,0,1,0
1,1,0,4,1,10000.0,0,1,1
3,1,0,0,0,16000.0,1,1,0
3,2,4,1,1,12000.0,1,1,0
1,1,3,1,2,14000.0,0,1,0
3,2,6,3,0,11000.0,1,1,0
3,3,1,2,0,9000.0,1,1,0
0,0,0,0,0,18000.0,0,1,0
0,0,0,0,0,13000.0,0,1,0
0,0,0,0,0,11000.0,0,0,1
1,1,0,0,0,11000.0,0,1,0
1,1,2,1,0,9000.0,1,0,0
1,1,2,0,0,11000.0,0,0,1
1,0,0,0,0,11000.0,1,1,0
0,0,0,0,0,14000.0,0,0,1
1,1,2,4,0,7000.0,0,0,1
1,1,0,8,0,11000.0,0,1,0
3,0,0,0,0,10000.0,1,0,1
2,2,6,4,5,8000.0,0,1,0
2,2,2,0,0,11000.0,1,1,0
3,3,1,3,1,14000.0,1,1,0
0,0,0,0,0,12000.0,0,0,1
1,1,3,0,2,12000.0,1,1,0
0,0,0,0,0,13000.0,0,0,1
2,2,2,3,0,10000.0,0,1,0
1,1,1,1,0,9000.0,0,1,0
1,1,0,2,0,7000.0,1,1,0
0,0,0,0,0,8000.0,0,1,0
0,0,0,0,0,17000.0,0,0,1
2,2,1,4,0,8000.0,1,1,0
2,2,1,3,0,10000.0,0,1,0
0,0,0,0,0,12000.0,0,1,1
3,3,2,4,1,10000.0,1,1,0
1,1,1,0,0,9000.0,1,0,0
1,0,0,0,0,10000.0,1,0,0
1,1,5,1,0,9000.0,0,0,0
3,2,3,5,0,10000.0,0,1,0
2,0,0,0,0,11000.0,0,0,1
2,2,0,5,0,4000.0,0,1,0
2,2,1,7,3,11000.0,0,1,0
2,1,3,3,0,9000.0,1,1,0
1,1,0,0,0,18000.0,0,1,0
3,3,3,7,0,10000.0,1,1,0
1,1,2,2,0,15000.0,0,1,1
1,0,0,0,0,11000.0,1,1,0
0,0,0,0,0,12000.0,0,0,1
3,3,4,3,2,11000.0,0,1,0
3,3,0,2,1,16000.0,1,1,0
2,2,2,1,0,12000.0,0,1,0
0,0,0,0,0,11000.0,0,1,0
0,0,0,0,0,13000.0,0,1,1
2,2,1,5,0,13000.0,0,1,0
0,0,0,0,0,11000.0,0,1,1
2,2,2,2,0,14000.0,0,0,0
0,0,0,0,0,19000.0,0,1,1
3,3,1,0,0,9000.0,1,1,0
1,0,0,0,0,9000.0,0,1,1
2,0,0,0,0,13000.0,1,1,0
0,0,0,0,0,10000.0,0,1,0
0,0,0,0,0,19000.0,0,1,0
0,0,0,0,0,3000.0,0,0,1
3,3,8,4,0,11000.0,1,1,0
3,3,0,1,0,14000.0,1,1,0
2,2,3,2,1,10000.0,1,1,0
1,0,0,0,0,16000.0,1,0,1
2,0,0,0,0,10000.0,0,1,0
1,1,3,1,0,12000.0,0,0,1
3,2,0,3,0,8000.0,1,1,0
1,1,0,2,0,11000.0,0,1,0
3,3,5,4,0,13000.0,1,1,0
3,3,6,4,1,7000.0,1,1,0
0,0,0,0,0,15000.0,0,0,1
1,1,0,4,1,10000.0,0,1,0
1,0,0,0,0,13000.0,0,0,0
3,3,6,1,0,9000.0,0,0,0
3,1,1,0,0,9000.0,1,1,0
2,0,0,0,0,9000.0,0,0,0
2,2,3,1,1,15000.0,1,1,0
1,1,1,0,0,10000.0,0,1,0
1,0,0,0,0,13000.0,0,0,1
0,0,0,0,0,12000.0,1,1,0
0,0,0,0,0,15000.0,0,1,0
2,2,3,1,0,12000.0,0,1,0
2,2,2,3,0,10000.0,0,1,0
3,2,4,2,1,12000.0,0,1,0
2,1,2,1,0,12000.0,0,1,0
2,1,0,0,0,16000.0,0,0,0
0,0,0,0,0,14000.0,0,1,1
0,0,0,0,0,11000.0,0,1,1
3,3,6,2,0,13000.0,0,1,0
2,0,0,0,0,9000.0,1,1,0
1,0,0,0,0,15000.0,0,1,0
3,3,2,2,1,14000.0,0,0,0
0,0,0,0,0,15000.0,1,0,1
1,1,1,0,0,12000.0,0,0,1
3,1,0,1,0,16000.0,1,1,0
2,2,5,1,1,11000.0,0,1,0
3,1,0,0,1,11000.0,0,1,0
2,0,0,0,0,11000.0,1,1,1
2,2,2,5,1,8000.0,0,1,0
3,1,0,2,0,12000.0,1,1,0
2,2,1,6,4,8000.0,0,1,0
2,2,0,0,1,11000.0,0,1,0
3,3,8,4,1,10000.0,1,1,0
1,1,0,0,1,11000.0,1,0,1
3,3,1,1,0,10000.0,1,1,0
1,1,0,0,1,10000.0,0,1,1
0,0,0,0,0,13000.0,0,1,1
0,0,0,0,0,16000.0,0,1,0
3,1,1,2,0,8000.0,0,1,0
3,3,1,16,0,8000.0,0,1,0
2,2,0,1,0,14000.0,0,1,0
1,1,0,2,0,12000.0,1,1,0
0,0,0,0,0,16000.0,0,0,1
0,0,0,0,0,9000.0,0,1,0
1,1,1,1,1,12000.0,1,0,1
3,3,5,4,2,10000.0,0,0,0
2,1,0,1,0,14000.0,1,1,0
1,1,0,0,0,13000.0,0,0,1
1,1,1,0,0,16000.0,0,0,1
1,1,1,0,0,13000.0,0,1,0
3,3,11,9,2,7000.0,0,1,0
1,1,2,3,1,12000.0,0,0,0
3,1,2,2,0,11000.0,0,1,0
2,1,1,1,0,10000.0,1,1,0
1,1,0,1,0,16000.0,0,1,0
0,0,0,0,0,12000.0,0,1,0
2,2,2,3,0,12000.0,1,0,0
1,0,0,0,0,12000.0,0,0,1
1,1,0,1,0,13000.0,0,0,1
2,2,1,2,0,9000.0,1,1,0
2,2,1,3,0,9000.0,0,1,0
3,2,1,5,0,9000.0,1,1,0
3,3,2,2,1,11000.0,0,1,0
2,2,5,1,0,12000.0,1,1,0
0,0,0,0,0,15000.0,0,1,1
1,0,0,0,0,9000.0,0,1,0
2,0,0,0,0,12000.0,1,1,0
1,1,1,2,0,9000.0,0,0,1
0,0,0,0,0,13000.0,0,1,0
1,1,2,9,0,7000.0,0,1,0
1,1,1,2,0,12000.0,0,0,1
1,1,2,0,0,11000.0,1,1,0
1,1,3,1,0,10000.0,0,0,1
1,1,2,0,0,17000.0,0,1,1
2,2,0,8,1,10000.0,0,1,0
0,0,0,0,0,12000.0,1,1,0
1,0,0,0,0,16000.0,0,1,1
1,0,0,0,0,13000.0,0,0,1
3,3,1,5,0,13000.0,0,1,0
2,2,1,6,1,8000.0,1,1,0
0,0,0,0,0,12000.0,0,0,0
0,0,0,0,0,14000.0,0,0,1
1,1,1,1,0,13000.0,0,1,0
2,1,3,4,1,9000.0,0,1,0
0,0,0,0,0,10000.0,1,1,0
3,3,1,1,1,14000.0,0,1,0
0,0,0,0,0,13000.0,0,1,1
2,1,0,7,0,12000.0,1,0,0
2,2,4,1,0,12000.0,0,1,0
2,1,1,1,0,12000.0,1,1,0
1,0,0,0,0,12000.0,0,0,0
3,3,2,7,1,12000.0,1,1,0
2,2,2,9,0,10000.0,1,0,0
1,1,1,3,0,12000.0,0,1,0
3,3,1,2,0,15000.0,1,1,0
1,1,1,0,0,11000.0,0,0,0
1,0,0,0,0,10000.0,1,1,0
0,0,0,0,0,12000.0,0,0,1
3,2,2,6,1,6000.0,0,1,0
0,0,0,0,0,12000.0,0,1,1
3,0,0,0,0,11000.0,1,1,0
3,3,0,3,0,13000.0,0,1,0
3,3,1,4,0,11000.0,1,1,0
3,2,2,3,0,9000.0,0,1,0
1,1,0,1,1,9000.0,1,1,0
1,0,0,0,0,10000.0,0,0,1
1,1,0,0,0,11000.0,0,1,0
1,1,1,2,1,15000.0,0,1,1
1,0,0,0,0,12000.0,0,1,1
1,1,0,0,0,15000.0,0,1,0
3,1,1,1,0,8000.0,0,1,0
3,2,2,2,0,9000.0,1,0,0
0,0,0,0,0,14000.0,0,0,1
1,0,0,0,0,14000.0,0,0,1
2,0,0,0,0,10000.0,0,0,1
0,0,0,0,0,16000.0,0,0,1
2,2,3,0,0,15000.0,0,1,0
2,2,3,4,1,9000.0,1,1,0
2,1,1,1,0,13000.0,1,1,1
2,1,1,0,0,15000.0,1,1,0
3,3,5,11,1,10000.0,1,1,0
2,1,0,2,1,12000.0,0,1,0
1,0,0,0,0,12000.0,1,1,0
3,3,1,4,1,11000.0,0,1,0
2,2,3,4,1,10000.0,0,1,0
2,2,6,5,1,10000.0,0,1,0
2,1,3,2,0,12000.0,0,0,0
2,0,0,0,0,7000.0,0,1,1
0,0,0,0,0,6000.0,0,1,0
3,0,0,0,0,11000.0,0,1,0
3,0,0,0,0,11000.0,0,1,1
1,1,2,1,1,13000.0,1,1,0
0,0,0,0,0,14000.0,0,1,1
3,2,5,4,0,14000.0,0,1,0
2,2,2,2,2,12000.0,0,1,0
2,0,0,0,0,12000.0,1,0,0
3,2,0,3,0,12000.0,0,1,0
2,0,0,0,0,12000.0,0,1,1
3,3,4,4,0,11000.0,0,1,0
1,0,0,0,0,3000.0,0,0,1
2,2,3,1,0,10000.0,0,1,0
1,1,1,0,0,13000.0,1,1,0
2,1,0,1,0,16000.0,0,1,1
2,2,3,1,0,10000.0,0,1,0
0,0,0,0,0,14000.0,0,1,1
1,1,0,1,0,11000.0,0,1,0
0,0,0,0,0,13000.0,0,0,1
0,0,0,0,0,15000.0,0,1,1
1,1,1,0,0,15000.0,0,1,0
1,1,0,0,0,13000.0,0,1,0
3,1,1,0,0,12000.0,1,1,0
2,2,3,0,0,10000.0,0,1,0
3,3,4,5,2,12000.0,0,1,0
0,0,0,0,0,12000.0,1,1,0
3,3,8,15,2,9000.0,1,1,0
3,1,0,1,0,11000.0,1,1,0
0,0,0,0,0,12000.0,0,1,1
1,1,1,5,1,12000.0,0,1,0
2,1,1,1,0,12000.0,0,1,0
0,0,0,0,0,16000.0,1,1,0
1,1,0,0,0,13000.0,0,1,0
0,0,0,0,0,15000.0,0,1,0
2,2,0,7,1,12000.0,0,1,0
0,0,0,0,0,12000.0,0,1,0
1,1,0,0,0,17000.0,1,0,1
3,0,0,0,0,12000.0,1,1,0
1,1,3,2,0,11000.0,0,1,0
1,1,1,1,0,13000.0,0,1,0
1,1,0,0,0,11000.0,1,1,0
2,2,2,6,1,7000.0,0,1,1
3,0,0,0,0,13000.0,0,1,0
3,3,1,11,0,6000.0,1,1,0
2,0,0,0,0,7000.0,1,1,0
3,3,3,1,0,13000.0,1,0,0
1,1,4,4,1,11000.0,0,0,0
2,0,0,0,0,13000.0,1,1,0
1,0,0,0,0,11000.0,0,0,1
3,3,2,6,0,9000.0,1,1,0
2,2,4,3,1,14000.0,0,1,0
0,0,0,0,0,17000.0,0,1,1
0,0,0,0,0,13000.0,0,0,1
1,0,0,0,0,12000.0,0,1,0
2,2,8,2,0,9000.0,0,1,0
1,0,0,0,0,10000.0,0,0,1
1,1,1,0,1,12000.0,0,1,0
0,0,0,0,0,11000.0,0,0,1
0,0,0,0,0,15000.0,1,0,0
2,2,1,3,2,6000.0,0,0,0
0,0,0,0,0,12000.0,0,1,1
0,0,0,0,0,14000.0,0,1,1
3,2,1,1,2,9000.0,1,1,0
2,2,3,4,1,8000.0,0,1,0
1,1,2,0,1,11000.0,0,0,1
2,2,3,1,0,12000.0,0,1,0
2,0,0,0,0,12000.0,0,1,1
3,3,3,2,1,9000.0,0,1,0
3,1,1,1,0,9000.0,1,1,1
2,1,2,0,0,13000.0,0,1,0
1,1,0,3,0,15000.0,0,1,0
2,0,0,0,0,11000.0,0,1,1
2,0,0,0,0,15000.0,0,1,1
1,1,1,0,0,16000.0,0,1,1
1,1,0,0,0,9000.0,0,1,0
2,1,1,5,0,15000.0,0,1,0
3,3,3,8,1,10000.0,0,0,1
0,0,0,0,0,12000.0,0,1,1
0,0,0,0,0,13000.0,1,0,1
0,0,0,0,0,12000.0,0,1,1
2,2,1,2,1,6000.0,0,1,0
0,0,0,0,0,10000.0,0,0,1
1,1,1,0,0,13000.0,1,1,0
1,1,1,0,0,14000.0,0,1,0
2,0,0,0,0,8000.0,0,1,1
2,2,0,3,1,13000.0,0,1,0
1,1,3,1,0,12000.0,0,0,0
2,2,0,3,0,10000.0,0,1,0
0,0,0,0,0,12000.0,1,0,1
1,1,0,0,0,12000.0,1,1,0
2,1,0,1,0,14000.0,0,1,0
0,0,0,0,0,17000.0,0,1,1
3,3,5,4,1,12000.0,0,1,0
3,1,0,2,0,9000.0,1,1,1
0,0,0,0,0,10000.0,0,0,1
0,0,0,0,0,16000.0,1,0,1
2,0,0,0,0,12000.0,0,0,1
2,2,1,0,2,12000.0,1,1,0
1,1,2,0,0,12000.0,0,0,0
1,1,1,5,0,12000.0,0,1,0
0,0,0,0,0,10000.0,0,0,1
1,1,1,0,0,15000.0,0,1,0
2,2,0,1,0,12000.0,0,1,0
2,2,3,0,0,13000.0,0,1,1
2,2,0,0,0,10000.0,1,1,1
1,1,1,1,0,12000.0,0,0,0
2,2,5,2,0,13000.0,1,0,0
2,2,1,3,0,13000.0,1,0,0
3,3,2,2,1,11000.0,0,0,0
3,0,0,0,0,11000.0,0,1,0
3,1,2,4,0,8000.0,0,1,1
1,1,0,0,0,13000.0,1,1,0
3,3,8,7,2,7000.0,0,1,0
0,0,0,0,0,12000.0,1,0,0
0,0,0,0,0,14000.0,0,1,1
2,2,3,1,2,7000.0,1,0,0
1,1,0,1,0,10000.0,0,1,0
2,2,2,2,1,12000.0,0,1,0
1,0,0,0,0,8000.0,0,0,1
1,1,1,1,0,9000.0,1,1,0
2,0,0,0,0,11000.0,1,1,0
3,1,1,1,0,9000.0,1,1,0
2,0,0,0,0,15000.0,1,1,1
2,2,2,3,0,9000.0,0,1,0
3,3,6,3,1,10000.0,0,1,0
0,0,0,0,0,12000.0,0,1,1
1,0,0,0,0,13000.0,0,0,1
1,1,1,2,0,7000.0,1,1,0
0,0,0,0,0,14000.0,0,0,1
2,1,3,1,0,14000.0,0,0,0
1,1,0,0,0,11000.0,1,1,0
2,1,1,1,0,13000.0,1,1,0
1,1,1,1,0,6000.0,1,1,0
2,2,1,2,1,14000.0,0,1,0
2,2,1,2,1,12000.0,1,0,0
2,1,3,2,0,9000.0,0,1,0
2,1,3,0,1,12000.0,1,1,0
2,2,1,2,1,11000.0,0,1,0
1,1,2,2,0,12000.0,1,1,0
2,2,1,1,1,15000.0,1,1,0
1,1,0,2,0,12000.0,0,0,1
3,3,6,4,1,10000.0,1,1,0
0,0,0,0,0,13000.0,0,1,1
2,1,0,3,0,10000.0,1,1,0
2,0,0,0,0,11000.0,0,1,1
0,0,0,0,0,16000.0,0,1,0
0,0,0,0,0,9000.0,0,1,1
3,3,2,4,2,12000.0,0,0,0
1,1,4,0,2,8000.0,0,1,0
2,2,3,2,1,14000.0,0,1,0
0,0,0,0,0,12000.0,0,0,1
3,1,0,1,0,12000.0,1,1,0
1,1,0,1,0,12000.0,0,0,1
0,0,0,0,0,12000.0,0,0,1
1,1,0,3,2,13000.0,1,0,0
2,2,5,2,0,11000.0,0,1,0
1,1,0,5,0,7000.0,1,1,0
1,0,0,0,0,5000.0,1,1,0
2,2,2,1,0,16000.0,1,1,0
2,2,2,4,1,12000.0,0,1,0
2,1,4,1,0,9000.0,0,1,0
2,0,0,0,0,11000.0,1,1,1
3,1,1,0,0,14000.0,0,1,0
3,3,10,2,1,11000.0,1,1,0
2,0,0,0,0,14000.0,0,1,1
0,0,0,0,0,8000.0,1,0,1
0,0,0,0,0,12000.0,1,1,0
2,1,0,1,0,12000.0,1,1,1
2,2,1,3,0,10000.0,1,1,0
0,0,0,0,0,12000.0,0,0,1
0,0,0,0,0,16000.0,0,1,1
3,2,4,1,0,11000.0,1,1,0
2,2,0,7,0,12000.0,1,1,0
3,0,0,0,0,10000.0,1,1,0
1,1,2,3,0,7000.0,0,1,0
1,1,1,0,0,12000.0,0,1,0
0,0,0,0,0,10000.0,1,1,0
1,1,0,0,0,18000.0,0,0,1
2,2,0,12,0,9000.0,0,1,0
2,2,6,0,2,12000.0,0,0,0
1,1,0,4,0,11000.0,0,1,0
0,0,0,0,0,17000.0,0,1,0
3,0,0,0,0,11000.0,1,1,0
0,0,0,0,0,10000.0,1,0,1
2,2,1,3,0,11000.0,1,1,0
0,0,0,0,0,12000.0,0,1,1
3,0,0,0,0,8000.0,0,1,1
1,0,0,0,0,12000.0,0,1,0
3,1,0,0,0,12000.0,0,0,0
3,0,0,0,0,11000.0,1,1,0
1,1,1,0,0,14000.0,0,1,0
2,2,5,1,0,8000.0,1,1,0
3,3,3,4,1,9000.0,0,0,0
0,0,0,0,0,12000.0,0,0,1
2,1,3,1,0,10000.0,1,1,0
3,0,0,0,0,9000.0,1,1,0
0,0,0,0,0,16000.0,0,1,1
1,1,2,4,0,7000.0,0,0,0
1,0,0,0,0,8000.0,1,0,0
3,3,2,2,0,9000.0,1,1,0
3,3,0,0,0,12000.0,0,0,0
1,0,0,0,0,16000.0,1,1,0
2,2,0,3,0,10000.0,1,1,0
1,1,1,1,0,18000.0,1,1,0
1,0,0,0,0,9000.0,0,1,1
0,0,0,0,0,15000.0,0,1,1
2,2,2,4,2,11000.0,0,1,0
0,0,0,0,0,13000.0,0,0,1
0,0,0,0,0,16000.0,0,1,1
2,2,1,5,0,12000.0,1,1,0
2,1,0,0,0,17000.0,1,1,0
3,3,3,1,1,7000.0,1,1,0
1,1,2,2,0,16000.0,0,0,1
0,0,0,0,0,16000.0,0,1,0
0,0,0,0,0,12000.0,0,0,1
1,1,0,3,0,12000.0,0,0,0
0,0,0,0,0,11000.0,0,1,0
3,3,0,2,0,10000.0,0,1,0
2,2,3,4,0,7000.0,1,1,0
2,2,2,1,0,14000.0,1,1,0
2,2,2,0,1,9000.0,0,1,0
1,1,1,2,0,14000.0,1,0,0
2,2,1,1,0,12000.0,0,1,0
2,2,1,5,0,8000.0,0,1,0
3,3,4,7,0,10000.0,0,0,0
1,1,2,0,0,14000.0,1,0,0
3,2,3,2,0,13000.0,1,1,0
1,1,1,3,1,12000.0,0,1,0
1,1,1,2,0,12000.0,1,1,0
2,2,3,2,1,10000.0,0,1,0
1,1,1,0,0,12000.0,0,0,1
2,2,0,8,1,10000.0,0,1,0
0,0,0,0,0,10000.0,0,1,0
0,0,0,0,0,6000.0,0,0,1
1,1,0,0,0,15000.0,1,0,0
3,3,9,6,1,10000.0,1,0,0
0,0,0,0,0,11000.0,1,1,0
2,2,0,2,1,10000.0,0,1,0
1,1,1,3,0,15000.0,1,1,0
3,3,1,2,1,12000.0,1,1,0
2,2,0,2,0,12000.0,1,1,0
3,3,1,1,1,15000.0,1,1,0
1,1,0,5,0,5000.0,0,1,0
2,2,2,0,1,12000.0,0,1,1
3,0,0,0,0,11000.0,1,0,0
1,1,2,5,1,9000.0,0,0,1
2,2,3,2,0,12000.0,1,1,1
2,2,3,4,0,11000.0,0,0,0
2,2,5,4,0,7000.0,0,1,0
2,2,1,1,1,10000.0,0,1,0
1,1,0,0,0,15000.0,0,1,0
2,2,1,8,0,10000.0,0,1,0
0,0,0,0,0,16000.0,0,0,1
1,1,2,0,0,10000.0,1,1,0
1,1,2,1,0,12000.0,0,1,0
2,2,0,3,1,12000.0,0,0,0
2,2,6,11,0,6000.0,0,1,0
2,2,3,6,1,6000.0,0,0,0
0,0,0,0,0,15000.0,0,1,1
2,1,1,2,1,9000.0,0,1,0
1,1,1,2,0,16000.0,0,1,1
1,1,0,2,0,10000.0,1,1,1
1,1,1,0,0,9000.0,0,1,0
2,2,6,3,0,11000.0,0,0,0
1,1,0,0,0,12000.0,0,0,1
1,1,0,1,1,15000.0,0,0,1
3,3,2,2,1,14000.0,0,1,0
1,1,0,0,0,10000.0,0,1,0
2,0,0,0,0,14000.0,0,1,0
2,2,0,1,0,14000.0,1,1,0
0,0,0,0,0,11000.0,1,0,1
2,1,0,1,1,12000.0,1,1,0
2,1,0,0,0,9000.0,1,1,0
2,2,5,3,0,12000.0,0,1,0
0,0,0,0,0,15000.0,0,1,0
1,0,0,0,0,12000.0,0,1,1
2,0,0,0,0,9000.0,0,0,1
1,1,3,0,1,15000.0,0,1,0
0,0,0,0,0,18000.0,1,1,0
1,1,0,2,0,15000.0,0,1,0
1,1,0,0,0,12000.0,1,1,0
1,1,0,1,0,12000.0,1,1,0
3,3,4,11,2,9000.0,0,1,0
1,1,2,0,0,15000.0,0,0,0
2,0,0,0,0,10000.0,0,1,1
1,1,3,0,0,12000.0,0,1,0
1,1,1,1,0,13000.0,0,1,0
1,0,0,0,0,12000.0,1,0,1
2,1,1,1,0,8000.0,1,0,0
1,1,1,3,0,12000.0,0,1,0
2,2,0,0,0,14000.0,1,1,0
1,0,0,0,0,9000.0,0,1,1
3,0,0,0,0,12000.0,0,1,0
2,2,0,1,0,13000.0,0,1,0
3,0,0,0,0,6000.0,1,1,0
2,2,1,9,2,10000.0,0,1,0
3,3,4,5,1,10000.0,0,0,0
2,2,2,1,1,13000.0,0,1,0
1,1,3,2,0,8000.0,0,1,0
3,3,2,3,1,12000.0,1,1,0
1,1,1,0,0,13000.0,0,0,1
3,0,0,0,0,10000.0,0,0,0
1,1,3,0,0,16000.0,0,1,0
2,2,7,4,0,11000.0,1,1,0
1,0,0,0,0,9000.0,0,1,1
2,2,5,2,0,15000.0,0,1,0
2,1,0,0,0,11000.0,1,1,0
2,1,1,1,0,12000.0,0,1,1
1,1,0,1,0,10000.0,0,0,1
1,1,0,1,0,12000.0,0,1,0
1,0,0,0,0,13000.0,0,1,1
2,1,1,0,0,12000.0,1,1,0
2,1,2,3,0,8000.0,0,1,0
1,1,0,5,0,9000.0,1,1,0
0,0,0,0,0,10000.0,0,0,1
0,0,0,0,0,10000.0,0,0,0
3,2,0,6,0,13000.0,0,1,1
2,1,0,3,1,4000.0,0,0,1
3,3,2,19,0,12000.0,0,1,0
1,1,1,4,0,11000.0,1,1,1
2,1,2,0,1,12000.0,0,1,0
3,3,4,3,1,17000.0,1,1,0
1,0,0,0,0,10000.0,0,0,1
3,1,0,1,0,12000.0,0,0,1
2,2,0,3,0,10000.0,0,1,0
2,1,1,1,0,13000.0,1,1,0
2,1,2,0,0,11000.0,0,1,0
2,2,0,1,0,18000.0,1,1,0
0,0,0,0,0,14000.0,0,1,0
0,0,0,0,0,13000.0,0,0,0
2,2,3,5,0,7000.0,0,0,0
3,3,0,1,0,9000.0,1,1,0
3,3,5,1,2,8000.0,0,1,0
1,1,0,1,1,14000.0,0,1,0
2,0,0,0,0,8000.0,1,1,0
3,1,1,1,0,13000.0,0,1,1
1,0,0,0,0,12000.0,0,0,1
1,0,0,0,0,9000.0,1,1,0
0,0,0,0,0,10000.0,0,1,1
0,0,0,0,0,14000.0,0,1,1
3,3,1,4,0,8000.0,0,1,0
1,1,0,1,0,12000.0,0,0,1
3,3,0,10,2,10000.0,0,1,0
1,0,0,0,0,14000.0,1,1,0
0,0,0,0,0,11000.0,0,0,1
1,1,1,0,0,12000.0,1,1,0
0,0,0,0,0,18000.0,0,0,1
2,0,0,0,0,12000.0,0,0,1
2,0,0,0,0,12000.0,0,1,0
2,2,3,2,1,15000.0,1,1,0
0,0,0,0,0,14000.0,0,0,1
1,1,0,0,0,17000.0,0,0,1
1,1,0,5,0,10000.0,1,1,0
3,2,0,2,0,9000.0,0,1,0
1,0,0,0,0,16000.0,0,1,1
1,1,2,1,1,8000.0,0,1,0
2,0,0,0,0,9000.0,1,1,0
1,1,2,0,2,7000.0,0,1,0
2,0,0,0,0,12000.0,0,1,0
0,0,0,0,0,18000.0,0,1,0
1,1,0,1,0,14000.0,0,1,0
1,0,0,0,0,17000.0,1,0,1
3,2,0,3,1,9000.0,0,1,0
1,1,0,2,0,11000.0,1,1,0
1,1,0,0,1,13000.0,1,1,0
1,1,0,4,0,8000.0,0,1,0
1,1,0,0,1,12000.0,0,1,0
1,1,0,1,0,7000.0,0,0,0
1,1,0,0,0,14000.0,0,0,0
2,2,7,2,0,9000.0,0,1,0
1,1,2,3,1,12000.0,1,1,0
1,0,0,0,0,12000.0,0,1,0
1,0,0,0,0,11000.0,1,1,0
3,0,0,0,0,11000.0,0,1,1
1,1,1,1,0,13000.0,0,0,0
2,0,0,0,0,10000.0,1,1,0
0,0,0,0,0,12000.0,0,0,1
0,0,0,0,0,16000.0,0,0,1
3,3,4,1,0,11000.0,0,1,0
3,2,5,4,0,12000.0,1,1,0
1,1,0,0,0,11000.0,0,0,1
3,3,2,2,0,11000.0,1,1,0
1,1,0,0,0,13000.0,1,1,1
1,1,2,3,3,9000.0,0,1,0
3,2,0,3,0,11000.0,0,1,0
2,0,0,0,0,17000.0,0,1,1
2,2,2,2,0,11000.0,0,0,0
2,2,5,4,0,7000.0,1,1,0
2,1,1,1,0,13000.0,0,1,0
1,1,3,1,0,12000.0,1,1,0
0,0,0,0,0,6000.0,0,1,1
0,0,0,0,0,14000.0,0,1,1
2,1,2,1,1,9000.0,0,1,0
0,0,0,0,0,14000.0,0,0,1
0,0,0,0,0,11000.0,0,0,1
3,3,0,2,0,12000.0,0,0,0
3,3,5,7,0,12000.0,1,0,0
0,0,0,0,0,12000.0,1,1,0
2,2,4,7,0,9000.0,1,0,0
2,0,0,0,0,5000.0,0,1,1
0,0,0,0,0,16000.0,0,1,1
3,2,1,3,0,12000.0,1,1,0
2,1,0,5,1,12000.0,0,1,1
1,1,0,0,0,18000.0,0,1,0
1,0,0,0,0,12000.0,0,1,0
1,1,1,2,0,11000.0,0,1,1
2,1,3,1,0,15000.0,0,0,0
2,2,4,0,1,8000.0,0,0,0
2,0,0,0,0,11000.0,1,1,0
1,1,0,1,0,12000.0,0,1,1
3,1,2,0,0,14000.0,0,1,0
0,0,0,0,0,11000.0,1,1,0
1,1,1,2,0,8000.0,0,1,0
3,3,0,7,1,6000.0,0,0,0
0,0,0,0,0,12000.0,0,1,1
2,2,3,4,0,9000.0,0,0,0
1,1,0,2,0,10000.0,0,1,0
1,1,0,0,0,16000.0,1,1,0
0,0,0,0,0,12000.0,1,0,0
1,1,0,0,0,17000.0,0,0,1
0,0,0,0,0,11000.0,0,0,1
3,3,6,3,1,12000.0,1,1,0
2,2,2,3,0,8000.0,1,0,0
3,2,0,3,0,10000.0,0,0,0
3,3,2,11,0,7000.0,0,1,0
2,2,4,4,0,10000.0,0,1,0
1,1,0,0,1,12000.0,0,0,1
2,0,0,0,0,8000.0,0,0,1
2,2,7,6,2,13000.0,1,1,0
3,3,3,3,1,13000.0,1,1,0
3,0,0,0,0,13000.0,0,0,1
2,0,0,0,0,13000.0,1,1,0
3,1,0,0,0,15000.0,1,1,0
0,0,0,0,0,14000.0,0,0,1
1,1,1,0,0,12000.0,0,0,1
1,1,1,0,0,16000.0,1,1,0
2,2,3,10,2,10000.0,0,1,0
2,1,0,1,0,9000.0,1,1,0
3,1,0,1,0,12000.0,0,1,1
2,2,1,1,0,13000.0,1,1,0
2,2,0,4,0,8000.0,0,1,0
1,1,0,1,0,11000.0,0,1,0
1,1,0,3,0,15000.0,0,1,0
0,0,0,0,0,11000.0,0,0,1
3,2,0,4,0,11000.0,0,1,0
2,1,0,0,0,15000.0,1,1,1
2,0,0,0,0,5000.0,1,1,0
1,1,1,1,0,14000.0,0,0,0
1,0,0,0,0,8000.0,0,1,1
0,0,0,0,0,16000.0,0,1,0
2,2,2,2,1,13000.0,0,1,0
2,2,3,8,1,7000.0,0,1,0
1,1,0,3,1,11000.0,0,1,0
0,0,0,0,0,12000.0,1,1,1
1,0,0,0,0,8000.0,0,0,1
3,0,0,0,0,10000.0,1,1,0
2,1,0,1,0,10000.0,0,1,0
1,1,1,2,1,12000.0,0,1,0
3,3,2,1,0,15000.0,0,0,0
1,0,0,0,0,12000.0,0,1,0
2,2,1,1,2,15000.0,0,1,0
3,0,0,0,0,9000.0,0,0,1
3,0,0,0,0,9000.0,1,0,1
2,1,0,0,0,15000.0,1,1,0
0,0,0,0,0,12000.0,0,0,1
1,1,0,4,1,10000.0,0,1,0
1,1,0,0,1,11000.0,0,1,0
2,2,3,1,0,13000.0,1,1,0
0,0,0,0,0,11000.0,0,0,1
1,1,0,1,0,17000.0,1,0,1
0,0,0,0,0,16000.0,0,1,0
1,1,2,0,0,12000.0,0,1,0
2,2,4,8,2,5000.0,1,1,0
0,0,0,0,0,13000.0,0,1,1
1,1,1,2,1,11000.0,0,1,0
3,2,5,3,1,11000.0,0,1,0
0,0,0,0,0,11000.0,0,0,1
2,2,4,0,0,8000.0,0,1,0
1,1,3,1,0,12000.0,0,0,0
1,0,0,0,0,10000.0,0,0,1
1,1,2,1,0,12000.0,0,0,1
1,1,0,6,0,12000.0,0,0,0
3,1,2,4,0,12000.0,0,0,0
2,2,1,2,0,13000.0,0,1,0
1,1,2,1,0,12000.0,0,0,0
1,1,0,3,0,9000.0,0,0,0
1,1,0,5,1,11000.0,0,1,0
1,1,0,2,0,11000.0,1,1,0
1,0,0,0,0,12000.0,0,1,1
1,1,1,1,0,12000.0,0,1,0
1,1,0,2,0,11000.0,1,1,0
2,2,0,1,0,15000.0,0,1,0
1,1,2,0,0,15000.0,0,0,0
3,3,3,3,2,8000.0,0,1,0
1,1,0,0,0,14000.0,1,0,0
1,1,0,2,1,12000.0,0,0,1
1,0,0,0,0,11000.0,0,1,0
2,1,1,3,0,7000.0,0,0,0
3,3,3,7,1,10000.0,1,1,0
0,0,0,0,0,16000.0,0,0,1
1,0,0,0,0,9000.0,1,1,0
3,3,1,5,0,10000.0,0,1,0
3,2,1,2,0,12000.0,1,1,1
1,1,3,2,0,12000.0,0,1,0
3,3,1,1,3,9000.0,0,1,0
3,3,3,9,3,13000.0,1,1,0
0,0,0,0,0,12000.0,0,0,1
2,2,4,6,0,11000.0,1,0,0
2,1,2,0,1,11000.0,1,1,0
2,2,0,0,0,13000.0,0,0,0
1,0,0,0,0,10000.0,0,1,0
2,1,1,1,1,12000.0,0,0,0
3,3,4,2,1,13000.0,1,1,0
0,0,0,0,0,14000.0,0,1,1
3,3,5,1,2,10000.0,0,1,0
3,3,4,4,0,5000.0,0,1,0
1,1,0,0,0,10000.0,1,1,1
1,1,2,2,0,12000.0,0,1,1
0,0,0,0,0,14000.0,0,0,1
1,1,1,1,0,10000.0,0,1,0
3,0,0,0,0,12000.0,0,1,1
2,0,0,0,0,12000.0,0,1,0
1,1,1,0,0,14000.0,0,1,0
3,3,3,4,0,9000.0,0,1,0
0,0,0,0,0,12000.0,0,1,0
3,1,3,0,1,12000.0,0,1,0
1,0,0,0,0,12000.0,0,1,0
1,0,0,0,0,9000.0,0,1,1
1,1,1,4,0,11000.0,0,1,1
3,2,5,3,0,9000.0,0,1,0
3,3,5,3,0,13000.0,0,1,0
0,0,0,0,0,16000.0,0,1,0
2,0,0,0,0,12000.0,0,1,1
0,0,0,0,0,12000.0,0,1,1
2,1,0,1,0,9000.0,1,0,0
1,1,1,1,0,12000.0,0,0,0
1,1,1,2,0,10000.0,0,1,0
1,1,1,4,0,12000.0,1,1,0
3,2,6,4,1,14000.0,0,1,0
2,1,3,1,0,12000.0,0,1,0
0,0,0,0,0,18000.0,0,1,1
1,1,0,2,0,9000.0,0,0,1
3,3,3,3,0,9000.0,0,1,0
0,0,0,0,0,16000.0,1,1,0
1,1,0,1,0,17000.0,0,1,0
1,1,2,3,0,15000.0,0,0,1
0,0,0,0,0,12000.0,0,1,1
2,0,0,0,0,12000.0,0,1,1
1,0,0,0,0,12000.0,0,1,1
3,3,3,5,0,9000.0,1,1,0
2,1,0,0,0,21000.0,0,1,1
1,1,1,2,0,7000.0,0,1,0
3,2,0,3,0,12000.0,1,1,0
2,2,1,3,1,15000.0,0,0,0
1,1,1,0,0,15000.0,0,0,1
0,0,0,0,0,12000.0,0,1,1
1,1,0,0,0,14000.0,1,1,0
1,1,1,1,1,13000.0,0,1,0
1,0,0,0,0,19000.0,0,1,0
1,1,0,0,0,13000.0,0,1,0
1,1,1,1,0,12000.0,0,0,1
3,2,0,2,0,20000.0,1,1,0
1,1,0,3,0,12000.0,0,1,0
3,3,8,1,0,8000.0,0,1,0
1,1,0,0,1,17000.0,0,1,1
0,0,0,0,0,13000.0,0,0,1
1,1,0,2,0,15000.0,0,0,1
0,0,0,0,0,15000.0,0,0,1
1,0,0,0,0,3000.0,0,1,0
1,1,1,2,0,12000.0,0,1,0
3,3,3,2,0,11000.0,1,1,0
2,2,1,2,0,7000.0,1,1,0
1,1,1,3,0,11000.0,1,1,0
3,3,4,3,0,11000.0,1,1,0
1,1,0,1,0,8000.0,0,1,0
2,2,3,0,0,11000.0,1,1,0
0,0,0,0,0,11000.0,1,1,1
0,0,0,0,0,12000.0,0,0,1
3,1,1,0,0,9000.0,0,0,0
3,3,3,5,2,10000.0,0,1,0
3,3,1,3,0,12000.0,1,1,1
0,0,0,0,0,11000.0,0,1,0
0,0,0,0,0,13000.0,0,0,1
3,2,2,0,0,16000.0,0,1,0
3,0,0,0,0,6000.0,1,0,0
0,0,0,0,0,16000.0,0,1,0
0,0,0,0,0,12000.0,0,0,1
0,0,0,0,0,13000.0,0,0,1
3,2,0,5,0,8000.0,0,1,0
3,3,7,7,1,12000.0,0,0,0
2,2,4,0,1,15000.0,0,0,0
0,0,0,0,0,9000.0,0,1,1
3,1,2,0,0,12000.0,1,1,0
1,1,2,2,0,13000.0,0,1,0
3,2,4,3,1,12000.0,0,1,0
2,2,3,2,0,8000.0,0,1,0
1,1,2,1,1,7000.0,1,1,0
3,3,0,9,2,11000.0,0,1,0
0,0,0,0,0,12000.0,0,0,1
1,0,0,0,0,12000.0,0,0,1
2,2,5,3,1,15000.0,1,0,0
2,0,0,0,0,7000.0,1,0,1
0,0,0,0,0,13000.0,1,1,1
1,1,1,2,0,12000.0,1,1,0
2,1,1,3,0,11000.0,0,0,1
0,0,0,0,0,11000.0,0,1,0
0,0,0,0,0,13000.0,0,0,1
2,0,0,0,0,8000.0,0,1,0
1,1,0,0,0,11000.0,0,0,1
3,0,0,0,0,13000.0,1,1,1
3,0,0,0,0,12000.0,0,1,0
2,2,2,3,2,11000.0,0,1,0
2,1,1,3,0,11000.0,0,1,0
0,0,0,0,0,9000.0,0,0,1
0,0,0,0,0,12000.0,0,0,1
2,2,5,0,0,14000.0,0,1,0
2,2,1,1,0,12000.0,0,1,0
1,1,1,1,0,10000.0,1,1,0
1,1,1,2,0,14000.0,1,0,0
0,0,0,0,0,11000.0,0,1,1
1,1,2,0,0,11000.0,0,1,0
3,3,0,2,1,14000.0,0,1,0
0,0,0,0,0,13000.0,0,0,1
1,1,1,1,0,12000.0,0,1,0
2,0,0,0,0,13000.0,0,0,1
3,3,2,7,1,12000.0,1,1,0
2,1,0,3,0,12000.0,0,1,0
1,1,0,0,1,10000.0,0,0,1
2,2,7,7,1,7000.0,0,1,0
0,0,0,0,0,15000.0,1,1,0
2,0,0,0,0,9000.0,0,1,1
2,0,0,0,0,12000.0,0,1,1
3,0,0,0,0,7000.0,1,1,0
2,2,0,2,0,13000.0,0,1,0
2,2,4,5,0,9000.0,1,1,0
0,0,0,0,0,13000.0,0,0,1
1,0,0,0,0,12000.0,0,1,1
3,2,1,2,0,11000.0,0,1,0
1,1,0,0,0,14000.0,0,1,1
2,2,0,4,0,12000.0,0,1,0
0,0,0,0,0,14000.0,0,1,0
3,0,0,0,0,6000.0,0,0,1
3,3,3,3,1,11000.0,0,0,0
3,2,2,3,0,4000.0,1,1,0
3,2,1,1,1,8000.0,1,1,0
1,1,0,0,0,10000.0,0,1,1
1,1,2,2,0,12000.0,0,0,0
3,3,4,5,0,11000.0,1,1,0
2,2,2,5,0,10000.0,1,0,0
0,0,0,0,0,18000.0,0,0,1
2,2,1,5,0,10000.0,0,1,0
2,0,0,0,0,13000.0,1,1,0
3,3,4,1,0,9000.0,0,1,0
1,0,0,0,0,16000.0,0,0,1
2,0,0,0,0,7000.0,0,1,1
1,1,5,1,0,7000.0,0,1,0
2,2,4,2,0,15000.0,0,1,0
1,1,2,1,0,11000.0,0,0,1
2,2,1,6,3,10000.0,1,1,0
1,1,0,0,0,13000.0,0,0,0
2,2,2,4,0,10000.0,0,1,0
1,1,0,1,0,12000.0,0,1,0
3,3,0,1,0,15000.0,1,1,0
3,1,1,0,0,12000.0,0,1,0
1,1,0,0,0,14000.0,0,1,1
0,0,0,0,0,14000.0,0,0,0
0,0,0,0,0,12000.0,0,1,1
2,2,3,2,0,11000.0,0,1,0
1,1,1,2,0,11000.0,1,1,0
0,0,0,0,0,14000.0,0,1,0
2,2,0,2,0,10000.0,1,1,0
1,1,3,0,0,17000.0,0,0,1
0,0,0,0,0,19000.0,1,1,0
1,0,0,0,0,12000.0,0,1,1
0,0,0,0,0,12000.0,0,1,0
1,1,3,2,0,10000.0,0,0,1
3,0,0,0,0,8000.0,1,1,0
0,0,0,0,0,15000.0,0,1,0
2,2,1,1,0,11000.0,0,1,0
2,0,0,0,0,15000.0,0,0,1
0,0,0,0,0,12000.0,0,0,1
3,3,3,8,1,7000.0,0,1,0
3,2,6,0,1,11000.0,0,1,0
1,1,2,2,0,12000.0,0,1,0
2,2,0,0,0,13000.0,0,0,0
2,2,1,5,1,14000.0,0,0,0
2,0,0,0,0,11000.0,1,0,1
3,3,1,3,1,13000.0,1,1,0
0,0,0,0,0,10000.0,0,1,1
0,0,0,0,0,13000.0,0,0,1
0,0,0,0,0,14000.0,0,0,1
2,2,2,1,1,12000.0,0,1,0
2,1,0,2,0,4000.0,1,1,0
3,3,3,4,0,12000.0,1,0,0
0,0,0,0,0,11000.0,0,1,1
2,2,0,1,0,13000.0,1,1,0
1,1,2,3,1,9000.0,1,1,0
0,0,0,0,0,19000.0,0,0,1
0,0,0,0,0,12000.0,0,1,0
1,0,0,0,0,11000.0,0,0,1
1,1,0,1,0,14000.0,0,1,0
1,1,0,1,0,8000.0,1,1,0
2,2,2,1,2,10000.0,0,0,0
2,1,3,1,0,15000.0,0,1,0
1,1,2,5,1,9000.0,0,1,1
3,1,0,0,0,14000.0,1,1,0
0,0,0,0,0,16000.0,1,0,1
3,1,2,3,0,8000.0,0,1,0
2,2,1,5,1,11000.0,0,1,0
1,1,2,0,0,17000.0,1,0,1
2,1,0,1,0,12000.0,0,0,0
1,1,1,0,0,12000.0,0,1,1
1,1,1,0,2,15000.0,0,1,0
3,1,2,3,0,8000.0,1,1,0
2,1,0,1,1,15000.0,0,1,0
2,2,1,2,0,17000.0,0,1,0
2,2,0,0,0,12000.0,0,0,0
2,0,0,0,0,15000.0,1,0,1
0,0,0,0,0,14000.0,0,1,1
3,0,0,0,0,12000.0,1,1,0
2,2,0,1,1,10000.0,0,0,0
3,3,3,5,1,11000.0,1,1,0
1,1,1,0,0,12000.0,0,0,0
0,0,0,0,0,11000.0,0,0,1
1,1,3,1,0,12000.0,0,0,0
1,1,2,1,0,12000.0,0,1,0
0,0,0,0,0,17000.0,1,1,0
2,2,1,1,0,10000.0,0,0,0
3,3,1,1,1,14000.0,1,1,0
1,1,0,5,1,11000.0,0,1,1
2,1,0,1,0,11000.0,0,1,1
3,3,0,3,0,9000.0,1,0,0
2,1,0,5,1,12000.0,0,1,1
3,3,2,8,3,9000.0,0,0,0
1,0,0,0,0,13000.0,0,0,1
3,3,0,4,1,12000.0,0,1,0
1,1,2,0,1,14000.0,0,1,0
3,1,1,0,0,14000.0,1,1,0
2,1,2,0,0,14000.0,0,0,1
2,2,7,3,0,9000.0,1,1,0
0,0,0,0,0,15000.0,0,0,1
2,2,3,1,0,13000.0,0,1,0
3,0,0,0,0,12000.0,0,1,1
0,0,0,0,0,15000.0,0,0,1
2,2,0,2,0,13000.0,0,0,0
1,1,3,3,0,12000.0,1,1,0
1,1,2,1,0,12000.0,0,0,0
3,1,1,1,0,10000.0,0,1,0
3,3,2,2,0,10000.0,1,1,0
1,1,1,1,0,10000.0,0,1,1
2,0,0,0,0,13000.0,1,1,0
1,0,0,0,0,12000.0,0,1,1
1,1,2,0,0,11000.0,0,0,1
1,1,3,3,0,11000.0,0,1,0
3,3,1,4,1,14000.0,0,1,0
0,0,0,0,0,13000.0,1,1,0
3,3,0,1,1,14000.0,0,1,0
1,1,0,5,0,9000.0,1,0,0
3,0,0,0,0,15000.0,1,0,1
2,1,2,0,1,11000.0,0,1,0
2,1,0,4,0,7000.0,1,1,0
3,3,5,6,1,8000.0,1,1,0
2,2,5,2,0,11000.0,1,1,0
2,2,0,2,1,12000.0,1,1,0
3,3,3,10,2,14000.0,1,1,0
3,3,1,1,1,15000.0,1,1,0
1,1,1,0,0,13000.0,0,1,0
1,1,6,3,1,7000.0,1,1,0
3,3,2,3,3,6000.0,1,1,0
1,1,2,1,0,12000.0,0,1,0
0,0,0,0,0,16000.0,1,0,1
1,1,1,2,1,13000.0,0,1,0
0,0,0,0,0,12000.0,0,1,0
3,0,0,0,0,9000.0,0,1,1
1,1,1,1,0,11000.0,0,0,1
0,0,0,0,0,12000.0,0,1,1
2,2,0,1,1,14000.0,0,0,0
3,1,1,0,0,11000.0,1,1,0
3,2,2,4,0,14000.0,0,1,0
2,1,1,1,0,10000.0,1,1,1
3,1,0,0,1,5000.0,1,1,0
2,2,4,1,0,12000.0,1,1,0
3,3,6,2,1,12000.0,0,1,0
1,1,2,0,0,11000.0,0,1,0
0,0,0,0,0,12000.0,1,1,0
3,1,1,1,0,13000.0,0,0,1
3,3,5,2,0,12000.0,0,1,0
0,0,0,0,0,12000.0,0,0,1
2,0,0,0,0,10000.0,0,1,1
2,0,0,0,0,7000.0,0,1,1
0,0,0,0,0,16000.0,0,0,1
2,0,0,0,0,9000.0,0,1,1
2,2,2,3,0,10000.0,0,1,0
1,1,2,1,0,6000.0,0,1,0
1,1,0,1,0,11000.0,0,0,1
2,2,0,1,1,13000.0,1,0,0
1,1,5,5,0,9000.0,0,0,1
1,1,0,1,0,17000.0,0,0,1
2,2,4,2,1,13000.0,0,0,0
2,2,4,5,0,11000.0,0,0,0
2,1,1,2,0,9000.0,0,1,0
2,2,7,3,0,11000.0,0,0,0
1,0,0,0,0,13000.0,0,0,1
3,3,6,7,0,12000.0,0,1,0
1,0,0,0,0,12000.0,0,1,1
3,2,0,4,0,10000.0,1,1,0
0,0,0,0,0,9000.0,0,1,0
1,1,2,0,0,12000.0,0,1,0
2,2,1,3,1,9000.0,0,0,0
2,0,0,0,0,13000.0,1,1,0
3,1,3,1,0,8000.0,0,1,0
0,0,0,0,0,13000.0,0,1,1
2,0,0,0,0,10000.0,0,1,1
2,2,2,4,2,11000.0,0,1,0
1,0,0,0,0,6000.0,1,1,0
0,0,0,0,0,12000.0,0,1,0
2,0,0,0,0,9000.0,1,0,1
1,0,0,0,0,13000.0,0,0,0
2,2,0,2,2,8000.0,1,0,0
2,2,4,4,0,11000.0,1,1,0
0,0,0,0,0,16000.0,0,0,1
2,2,2,4,0,9000.0,0,1,1
1,1,0,1,0,13000.0,1,0,0
2,2,3,12,0,12000.0,1,1,0
1,1,1,0,0,15000.0,0,0,0
1,1,0,1,0,10000.0,0,0,1
0,0,0,0,0,17000.0,0,0,1
2,2,3,7,0,11000.0,0,0,0
2,2,2,6,0,7000.0,1,1,0
0,0,0,0,0,16000.0,0,1,0
3,3,11,4,0,11000.0,0,0,0
0,0,0,0,0,14000.0,1,1,1
3,3,1,7,0,8000.0,0,0,0
3,2,4,3,1,8000.0,0,1,0
3,2,7,3,0,10000.0,0,1,0
0,0,0,0,0,12000.0,1,1,0
2,0,0,0,0,8000.0,0,0,1
0,0,0,0,0,13000.0,0,1,0
0,0,0,0,0,17000.0,0,0,1
0,0,0,0,0,9000.0,0,0,1
0,0,0,0,0,14000.0,0,0,1
0,0,0,0,0,11000.0,0,1,1
2,2,2,2,0,11000.0,0,1,0
2,2,3,1,1,13000.0,0,1,0
1,1,0,0,0,14000.0,0,1,0
2,2,1,1,1,12000.0,1,1,0
2,1,1,0,0,13000.0,0,0,0
1,1,0,1,1,15000.0,0,1,0
2,2,5,1,0,13000.0,1,1,0
1,1,1,0,0,14000.0,0,1,0
1,1,1,1,0,15000.0,0,1,1
1,1,2,3,0,12000.0,0,0,0
0,0,0,0,0,17000.0,0,0,1
2,2,2,0,0,14000.0,0,1,0
2,2,2,12,0,5000.0,0,1,0
0,0,0,0,0,18000.0,0,0,1
0,0,0,0,0,10000.0,0,1,1
3,3,3,7,1,11000.0,1,0,0
1,1,0,0,0,17000.0,0,1,0
2,2,0,1,0,12000.0,1,1,0
1,1,5,1,0,11000.0,0,1,0
0,0,0,0,0,10000.0,1,1,0
2,2,0,0,1,16000.0,0,1,0
0,0,0,0,0,14000.0,0,0,1
3,3,3,2,0,10000.0,0,1,1
1,1,1,0,0,12000.0,0,1,0
2,2,2,0,2,10000.0,0,0,1
2,2,6,2,1,11000.0,1,1,0
0,0,0,0,0,12000.0,0,1,0
2,2,0,4,1,12000.0,0,0,0
2,2,2,1,0,13000.0,0,1,0
0,0,0,0,0,8000.0,0,0,1
0,0,0,0,0,10000.0,0,1,0
2,2,5,3,0,10000.0,0,1,0
2,2,0,1,1,14000.0,0,1,1
1,1,0,2,1,13000.0,1,1,0
0,0,0,0,0,12000.0,1,1,0
0,0,0,0,0,17000.0,1,1,0
3,3,2,3,0,9000.0,1,0,0
3,3,0,2,0,14000.0,1,1,0
1,1,0,3,0,11000.0,0,1,1
1,1,1,1,0,12000.0,0,0,0
0,0,0,0,0,12000.0,0,0,0
2,2,1,4,0,14000.0,1,0,0
3,3,1,4,1,14000.0,1,1,0
2,2,1,0,0,12000.0,0,1,0
1,1,3,2,0,14000.0,0,1,0
2,0,0,0,0,12000.0,0,1,1
2,2,7,2,0,8000.0,1,1,0
0,0,0,0,0,15000.0,0,1,1
2,2,0,3,0,12000.0,0,1,0
0,0,0,0,0,14000.0,0,1,1
3,1,0,2,0,5000.0,1,1,0
1,1,0,2,0,13000.0,0,0,0
0,0,0,0,0,15000.0,0,0,1
1,1,3,0,0,14000.0,0,0,1
1,0,0,0,0,10000.0,0,1,1
3,1,0,1,0,12000.0,1,0,0
1,1,1,1,0,15000.0,0,0,1
1,1,1,0,0,12000.0,0,0,1
1,1,0,1,2,15000.0,1,1,0
2,0,0,0,0,12000.0,1,1,0
0,0,0,0,0,10000.0,0,0,1
1,1,1,1,0,15000.0,1,1,0
2,0,0,0,0,11000.0,1,1,0
3,1,1,0,1,13000.0,1,0,0
2,0,0,0,0,12000.0,0,1,1
2,2,1,9,2,9000.0,0,0,0
1,1,0,1,0,11000.0,0,1,0
3,3,8,5,0,8000.0,0,0,0
1,0,0,0,0,7000.0,0,0,0
3,3,2,2,0,12000.0,1,1,0
3,3,5,3,0,12000.0,1,1,0
0,0,0,0,0,15000.0,1,1,1
3,2,0,1,0,16000.0,0,1,0
3,3,4,8,4,10000.0,0,1,0
2,2,0,1,0,16000.0,1,1,0
1,1,0,4,0,9000.0,0,1,0
1,1,1,1,0,9000.0,0,1,1
1,0,0,0,0,10000.0,1,1,0
0,0,0,0,0,10000.0,0,0,1
2,2,0,1,0,13000.0,0,1,0
0,0,0,0,0,10000.0,1,1,0
1,0,0,0,0,10000.0,1,0,1
2,2,3,8,1,3000.0,0,0,0
1,1,3,0,0,9000.0,0,1,0
2,2,3,3,1,11000.0,1,1,0
3,3,9,2,2,9000.0,1,1,0
3,3,0,2,1,16000.0,0,1,0
2,2,1,2,0,14000.0,0,1,0
1,1,3,0,0,13000.0,0,0,0
3,2,2,0,0,11000.0,1,1,0
3,2,3,1,0,12000.0,0,0,0
1,0,0,0,0,10000.0,0,0,0
1,0,0,0,0,14000.0,0,1,0
2,2,0,2,0,12000.0,0,1,0
2,1,0,1,0,9000.0,0,1,0
1,1,1,2,0,16000.0,0,0,0
1,0,0,0,0,7000.0,0,1,0
3,3,8,9,2,10000.0,1,1,0
2,2,1,3,0,14000.0,0,1,1
2,2,1,6,0,12000.0,0,0,0
3,3,3,3,0,12000.0,1,0,0
3,3,7,5,2,10000.0,1,1,0
0,0,0,0,0,14000.0,0,1,1
1,1,1,0,0,13000.0,0,1,0
1,1,0,1,0,16000.0,0,1,1
3,3,4,6,2,8000.0,0,1,0
2,2,0,2,0,9000.0,0,1,0
1,1,2,1,0,14000.0,0,1,0
3,2,5,3,1,11000.0,0,1,0
2,1,3,4,0,11000.0,1,1,0
1,1,1,0,0,13000.0,0,1,0
2,0,0,0,0,14000.0,0,0,1
1,1,1,3,0,12000.0,0,0,1
3,3,1,8,1,8000.0,1,1,0
1,1,1,3,0,6000.0,0,1,0
2,0,0,0,0,11000.0,0,1,1
0,0,0,0,0,12000.0,0,1,1
0,0,0,0,0,15000.0,0,1,0
2,0,0,0,0,12000.0,0,0,1
1,1,0,3,1,9000.0,0,1,0
0,0,0,0,0,9000.0,0,1,0
3,1,2,2,3,7000.0,0,1,1
3,2,2,4,1,12000.0,1,1,0
0,0,0,0,0,9000.0,0,1,1
0,0,0,0,0,18000.0,0,0,1
3,3,2,0,0,17000.0,1,1,0
3,3,2,3,0,15000.0,0,1,0
0,0,0,0,0,11000.0,0,1,0
1,1,1,0,0,17000.0,0,0,1
1,1,3,0,0,12000.0,0,0,1
1,0,0,0,0,15000.0,0,1,1
1,1,1,3,0,12000.0,0,1,1
2,1,0,3,0,8000.0,1,1,0
0,0,0,0,0,15000.0,0,0,0
3,3,3,3,2,17000.0,1,1,0
1,1,0,0,1,14000.0,0,1,0
0,0,0,0,0,12000.0,0,0,1
1,1,0,0,1,13000.0,0,1,0
3,3,1,4,1,12000.0,1,0,0
3,3,0,0,1,11000.0,1,0,0
1,1,0,1,0,13000.0,1,1,0
0,0,0,0,0,15000.0,0,1,1
1,1,1,2,1,12000.0,0,0,0
1,1,1,1,0,14000.0,0,0,1
2,0,0,0,0,13000.0,0,0,1
1,1,1,0,0,12000.0,1,1,0
1,0,0,0,0,8000.0,0,1,1
1,1,0,1,1,11000.0,0,0,1
2,2,7,1,1,14000.0,0,1,0
1,1,2,1,0,13000.0,0,0,1
1,1,0,0,1,15000.0,0,1,0
1,1,2,2,0,12000.0,0,0,1
2,2,3,4,1,8000.0,1,1,0
1,1,0,1,0,15000.0,1,1,0
1,1,2,2,0,8000.0,0,1,1
2,0,0,0,0,12000.0,1,1,0
2,2,2,8,0,12000.0,0,1,0
0,0,0,0,0,10000.0,0,0,1
1,1,2,1,0,9000.0,0,1,0
2,2,6,4,0,12000.0,1,1,0
0,0,0,0,0,13000.0,0,1,0
0,0,0,0,0,11000.0,0,0,0
3,1,1,0,0,9000.0,0,1,0
3,3,12,6,1,9000.0,1,1,0
1,1,2,1,1,12000.0,0,0,0
2,0,0,0,0,13000.0,0,1,1
0,0,0,0,0,12000.0,1,0,0
1,1,1,1,0,8000.0,0,1,0
2,2,1,5,0,12000.0,1,1,0
3,3,3,10,1,9000.0,1,1,0
2,2,0,4,3,11000.0,0,1,0
0,0,0,0,0,12000.0,0,1,0
0,0,0,0,0,14000.0,0,1,0
1,1,4,6,0,8000.0,1,0,0
1,1,1,2,0,11000.0,0,0,1
2,2,1,2,1,11000.0,0,1,0
3,2,1,2,1,10000.0,0,1,0
1,1,2,1,1,15000.0,0,0,1
0,0,0,0,0,12000.0,0,1,1
3,1,2,1,0,12000.0,0,1,0
2,2,2,5,1,6000.0,0,1,0
3,3,5,3,0,8000.0,1,0,0
1,1,0,0,0,16000.0,1,0,0
3,3,5,3,0,13000.0,0,1,0
1,0,0,0,0,7000.0,0,0,1
0,0,0,0,0,10000.0,0,0,0
2,2,2,0,0,12000.0,0,1,0
3,3,3,9,0,10000.0,1,0,0
2,2,2,6,0,9000.0,0,1,0
2,1,2,1,0,11000.0,1,1,0
1,1,2,3,1,11000.0,1,1,0
3,3,1,3,0,12000.0,0,0,0
2,2,4,3,2,12000.0,0,1,0
1,1,2,0,0,12000.0,1,0,0
3,0,0,0,0,12000.0,1,1,0
3,3,2,4,0,9000.0,0,1,0
0,0,0,0,0,15000.0,0,1,1
3,0,0,0,0,9000.0,0,1,0
0,0,0,0,0,8000.0,0,1,0
2,1,1,1,0,11000.0,0,1,0
1,1,0,0,0,16000.0,0,0,1
2,0,0,0,0,9000.0,0,1,1
2,0,0,0,0,10000.0,1,0,0
1,1,0,3,0,9000.0,0,0,1
0,0,0,0,0,13000.0,0,1,0
1,1,1,2,0,10000.0,1,0,0
3,3,4,3,0,8000.0,0,1,0
0,0,0,0,0,8000.0,0,1,0
2,0,0,0,0,12000.0,0,1,1
2,1,0,1,0,12000.0,0,1,0
1,1,0,1,0,12000.0,0,0,0
0,0,0,0,0,9000.0,0,1,0
1,1,1,3,0,12000.0,1,1,0
2,1,0,3,0,6000.0,0,1,0
3,2,3,3,0,14000.0,1,1,0
1,0,0,0,0,15000.0,1,0,1
1,1,0,1,0,11000.0,1,1,0
0,0,0,0,0,10000.0,0,0,1
3,1,0,1,0,12000.0,0,0,0
1,1,3,1,0,13000.0,1,1,0
1,1,0,2,0,16000.0,0,0,1
1,1,1,1,0,14000.0,0,0,0
3,3,0,4,0,9000.0,0,0,0
1,1,0,0,0,12000.0,1,1,0
1,1,1,5,1,9000.0,0,1,1
3,1,2,1,0,15000.0,0,1,0
1,1,1,2,1,8000.0,0,0,0
1,1,0,0,0,13000.0,0,0,1
3,2,0,1,0,16000.0,1,0,0
2,0,0,0,0,12000.0,0,0,0
3,3,5,3,1,11000.0,1,1,0
2,0,0,0,0,14000.0,0,0,1
2,2,1,6,0,13000.0,0,1,1
2,2,2,4,0,11000.0,1,1,0
2,2,1,3,0,10000.0,0,1,0
2,2,0,0,0,11000.0,0,0,0
2,2,5,4,0,12000.0,0,0,0
1,1,0,2,1,10000.0,0,0,0
1,1,1,0,0,12000.0,1,1,0
3,0,0,0,0,10000.0,0,1,1
0,0,0,0,0,11000.0,0,0,1
3,3,3,3,0,8000.0,1,1,0
2,0,0,0,0,10000.0,0,1,1
1,0,0,0,0,12000.0,0,0,1
2,2,0,2,1,16000.0,0,0,1
2,1,1,1,0,11000.0,0,1,0
3,2,1,3,0,9000.0,0,1,0
0,0,0,0,0,12000.0,0,1,1
2,2,0,6,0,11000.0,0,1,0
0,0,0,0,0,12000.0,0,1,1
1,1,0,2,0,12000.0,1,1,0
0,0,0,0,0,18000.0,0,1,1
2,2,1,3,2,12000.0,0,0,0
3,3,4,3,2,10000.0,0,0,0
3,1,0,0,1,9000.0,0,1,0
3,2,2,6,1,12000.0,0,1,0
2,1,1,0,0,13000.0,1,1,0
1,1,2,0,0,9000.0,1,1,0
1,1,2,0,0,14000.0,0,0,0
3,3,4,8,0,11000.0,0,1,0
2,2,0,4,2,9000.0,1,1,0
3,2,4,4,0,12000.0,1,1,0
0,0,0,0,0,11000.0,0,1,0
0,0,0,0,0,16000.0,0,0,1
2,1,0,3,0,13000.0,0,1,0
1,0,0,0,0,9000.0,0,0,0
2,0,0,0,0,14000.0,0,1,0
1,1,3,1,0,12000.0,1,1,0
0,0,0,0,0,12000.0,0,1,1
2,2,2,2,2,13000.0,1,1,0
1,1,0,2,0,9000.0,0,1,0
1,1,1,0,0,12000.0,0,1,0
0,0,0,0,0,8000.0,0,1,1
2,0,0,0,0,14000.0,0,1,0
1,1,0,0,0,8000.0,0,1,0
1,1,1,0,0,12000.0,1,1,0
3,3,6,7,0,10000.0,1,1,0
2,1,3,0,0,12000.0,0,0,1
2,1,0,1,0,10000.0,1,1,0
0,0,0,0,0,10000.0,0,1,1
3,3,1,10,1,7000.0,1,1,0
1,1,2,1,0,10000.0,0,1,1
2,0,0,0,0,8000.0,1,0,0
2,2,4,6,0,12000.0,0,1,0
1,1,1,0,0,13000.0,0,0,1
2,2,1,5,1,13000.0,0,1,0
3,1,0,2,1,14000.0,0,1,0
1,1,2,2,1,9000.0,0,0,0
1,1,1,0,0,15000.0,0,0,0
0,0,0,0,0,14000.0,0,0,1
1,0,0,0,0,14000.0,0,0,1
3,2,2,8,0,3000.0,1,1,0
2,2,2,2,1,11000.0,0,1,0
3,1,0,0,1,9000.0,0,1,0
3,3,4,4,0,9000.0,0,0,0
2,2,3,3,0,9000.0,1,1,0
2,2,1,1,0,13000.0,1,1,0
2,1,1,0,0,9000.0,0,1,0
1,1,1,1,0,10000.0,0,1,0
0,0,0,0,0,12000.0,0,1,0
2,0,0,0,0,6000.0,0,1,1
1,0,0,0,0,15000.0,0,0,1
2,2,2,1,0,13000.0,0,1,0
1,1,0,2,1,13000.0,1,1,0
1,1,2,1,0,12000.0,1,0,0
3,3,11,2,0,9000.0,1,1,0
2,1,0,0,0,12000.0,0,1,0
0,0,0,0,0,12000.0,0,1,0
1,1,1,2,0,13000.0,0,1,1
0,0,0,0,0,17000.0,1,1,0
0,0,0,0,0,11000.0,0,1,0
2,1,1,0,0,9000.0,0,1,0
3,0,0,0,0,10000.0,0,1,1
3,0,0,0,0,10000.0,1,1,0
3,3,0,3,2,7000.0,0,1,0
1,1,2,1,0,12000.0,1,1,0
3,3,2,2,0,11000.0,0,1,0
1,1,3,0,0,14000.0,0,0,1
1,1,0,1,0,12000.0,0,0,1
0,0,0,0,0,7000.0,0,0,1
0,0,0,0,0,13000.0,0,1,0
0,0,0,0,0,14000.0,0,0,1
3,3,3,14,0,3000.0,0,1,0
0,0,0,0,0,11000.0,0,1,1
2,2,1,2,0,12000.0,0,1,1
3,1,2,2,0,12000.0,1,1,0
0,0,0,0,0,10000.0,0,1,1
2,0,0,0,0,11000.0,0,0,1
1,1,0,0,0,16000.0,1,1,0
2,2,5,2,1,9000.0,0,1,0
2,0,0,0,0,11000.0,1,0,1
0,0,0,0,0,16000.0,0,0,1
3,3,2,2,1,12000.0,0,1,0
0,0,0,0,0,14000.0,1,0,1
1,1,0,0,1,12000.0,0,1,0
2,2,2,4,0,13000.0,1,1,0
1,1,1,1,1,15000.0,1,1,0
3,3,3,12,2,9000.0,1,0,0
1,1,0,0,0,17000.0,0,0,1
2,0,0,0,0,11000.0,0,1,1
2,2,0,5,1,13000.0,0,1,0
0,0,0,0,0,14000.0,0,0,1
1,1,0,1,0,9000.0,0,1,0
0,0,0,0,0,13000.0,1,1,0
1,1,3,0,1,13000.0,0,1,0
1,1,1,0,1,16000.0,0,0,0
0,0,0,0,0,15000.0,0,1,1
1,0,0,0,0,13000.0,0,0,1
1,1,0,1,0,8000.0,1,1,0
2,2,2,2,1,12000.0,0,1,0
1,0,0,0,0,12000.0,1,1,0
2,1,2,2,1,10000.0,1,1,0
0,0,0,0,0,19000.0,0,1,1
1,0,0,0,0,14000.0,0,0,1
0,0,0,0,0,15000.0,0,0,1
0,0,0,0,0,4000.0,0,0,1
3,3,5,4,1,13000.0,1,0,0
2,2,6,8,1,10000.0,1,1,0
0,0,0,0,0,19000.0,0,1,0
0,0,0,0,0,12000.0,0,1,0
3,3,9,2,1,17000.0,1,1,0
3,3,3,16,0,10000.0,0,1,0
3,2,1,3,1,11000.0,1,1,0
3,3,6,6,2,9000.0,0,1,0
1,1,1,1,1,16000.0,0,1,0
1,0,0,0,0,13000.0,0,1,1
2,2,6,3,0,14000.0,1,1,0
0,0,0,0,0,12000.0,0,0,0
3,1,2,4,0,13000.0,1,1,0
2,2,1,3,0,9000.0,1,1,0
3,3,2,1,2,12000.0,1,1,0
1,0,0,0,0,12000.0,0,1,0
2,1,0,4,0,8000.0,0,1,0
3,3,2,3,0,12000.0,0,0,0
3,3,1,5,1,9000.0,1,1,0
2,2,4,4,2,12000.0,1,1,0
3,0,0,0,0,15000.0,0,1,1
3,1,0,3,0,11000.0,1,1,0
2,2,5,5,0,8000.0,0,1,0
1,1,0,1,0,10000.0,0,0,0
1,1,0,5,0,11000.0,0,1,0
3,3,2,3,1,12000.0,0,1,0
1,0,0,0,0,14000.0,0,1,1
0,0,0,0,0,11000.0,0,1,1
1,1,0,0,1,11000.0,0,1,0
0,0,0,0,0,11000.0,1,0,0
1,1,0,0,0,15000.0,0,1,0
1,0,0,0,0,9000.0,0,1,0
1,1,2,0,1,12000.0,0,1,0
0,0,0,0,0,10000.0,0,1,0
0,0,0,0,0,13000.0,0,0,1
1,1,1,1,0,12000.0,1,1,0
1,0,0,0,0,10000.0,0,0,1
0,0,0,0,0,17000.0,1,1,0
1,1,0,4,0,11000.0,0,0,1
1,1,0,1,0,12000.0,0,0,0
1,1,1,0,0,12000.0,0,1,0
2,2,2,1,1,12000.0,0,1,0
1,1,1,0,0,15000.0,0,0,0
2,1,0,1,0,12000.0,1,1,0
3,3,5,10,1,9000.0,0,1,0
1,1,0,1,0,11000.0,0,0,1
1,0,0,0,0,14000.0,0,0,1
3,1,1,0,0,14000.0,1,0,1
0,0,0,0,0,13000.0,0,0,1
1,1,2,3,0,14000.0,0,1,0
2,1,4,1,0,12000.0,0,1,0
1,1,1,0,1,10000.0,0,1,0
2,0,0,0,0,9000.0,1,1,0
3,2,1,6,0,8000.0,0,1,0
1,1,0,1,0,12000.0,0,1,0
2,2,3,0,0,14000.0,1,1,0
2,2,3,7,1,8000.0,1,1,0
1,1,1,0,0,10000.0,0,1,0
2,0,0,0,0,11000.0,1,1,0
1,1,0,1,0,17000.0,0,1,1
1,1,2,2,1,12000.0,0,0,1
0,0,0,0,0,14000.0,0,0,1
0,0,0,0,0,11000.0,0,1,0
1,1,0,2,2,12000.0,0,1,0
2,1,1,3,0,14000.0,0,1,0
2,1,2,0,0,15000.0,1,1,0
2,1,1,5,0,9000.0,1,1,0
1,1,1,0,1,10000.0,0,1,0
1,0,0,0,0,18000.0,0,1,1
2,2,3,7,2,12000.0,0,0,0
2,2,9,5,0,8000.0,0,0,0
2,0,0,0,0,8000.0,0,1,0
1,1,2,1,0,14000.0,0,1,0
1,1,1,0,2,10000.0,0,1,0
1,1,0,2,0,15000.0,0,0,1
1,1,0,1,0,15000.0,0,1,0
2,2,0,1,1,12000.0,0,1,0
1,1,0,1,1,13000.0,0,0,1
2,2,2,7,1,11000.0,0,1,0
3,3,2,3,0,8000.0,0,0,0
0,0,0,0,0,13000.0,0,1,1
0,0,0,0,0,14000.0,0,0,1
1,1,1,3,1,15000.0,0,1,0
0,0,0,0,0,12000.0,0,0,1
2,2,5,1,1,11000.0,1,1,0
3,3,5,3,1,10000.0,0,1,0
1,0,0,0,0,17000.0,1,1,0
2,2,1,2,0,10000.0,1,1,0
1,1,2,1,1,16000.0,0,0,1
2,2,0,3,0,12000.0,0,1,0
1,1,0,4,1,13000.0,1,0,0
2,2,1,0,0,10000.0,1,1,0
1,1,1,0,0,15000.0,0,1,1
2,2,1,2,0,14000.0,1,1,0
2,2,3,1,0,14000.0,0,1,0
2,2,3,2,0,12000.0,1,1,0
1,1,0,0,0,16000.0,0,1,1
0,0,0,0,0,9000.0,0,0,1
2,0,0,0,0,9000.0,0,1,0
2,2,1,4,1,12000.0,0,1,0
3,3,7,3,0,11000.0,1,1,0
1,1,0,0,0,12000.0,0,1,0
0,0,0,0,0,13000.0,0,1,1
0,0,0,0,0,8000.0,0,0,1
0,0,0,0,0,21000.0,0,0,1
3,3,5,4,1,11000.0,0,1,0
2,1,3,3,2,11000.0,1,1,0
1,1,1,1,0,6000.0,0,0,1
2,2,2,4,1,12000.0,0,1,0
1,1,1,1,0,17000.0,0,1,0
2,1,0,4,0,10000.0,0,0,0
2,2,0,0,0,14000.0,1,1,0
0,0,0,0,0,12000.0,0,0,1
2,2,2,2,0,13000.0,0,1,0
3,0,0,0,0,9000.0,0,1,0
2,2,2,7,0,12000.0,1,1,0
2,2,1,4,0,10000.0,1,1,0
0,0,0,0,0,13000.0,0,1,0
3,2,3,3,2,12000.0,0,0,0
0,0,0,0,0,15000.0,0,0,1
3,3,2,0,1,16000.0,1,1,0
1,1,2,1,0,17000.0,1,0,0
3,0,0,0,0,14000.0,1,1,0
3,3,3,0,2,12000.0,0,1,0
2,2,2,1,1,15000.0,0,1,0
3,3,0,1,1,12000.0,0,1,0
1,1,0,2,0,9000.0,0,1,0
3,0,0,0,0,12000.0,0,1,1
2,1,2,2,0,7000.0,1,1,0
3,2,0,4,1,9000.0,0,1,0
1,1,3,3,0,9000.0,0,1,0
2,1,1,1,0,9000.0,0,0,1
1,1,4,2,0,10000.0,0,1,0
2,2,1,1,0,12000.0,1,0,0
1,0,0,0,0,11000.0,0,0,1
1,0,0,0,0,13000.0,1,1,0
0,0,0,0,0,13000.0,0,0,1
2,2,1,3,0,12000.0,0,1,0
3,3,3,10,1,9000.0,0,1,1
1,1,0,0,0,17000.0,0,0,1
3,1,1,1,1,8000.0,0,0,1
3,2,4,2,1,13000.0,0,1,0
0,0,0,0,0,11000.0,1,1,0
2,2,4,2,0,15000.0,1,0,0
2,1,1,4,0,7000.0,1,1,0
3,2,2,2,0,9000.0,0,1,0
1,0,0,0,0,13000.0,0,1,0
1,1,1,4,1,11000.0,0,0,1
0,0,0,0,0,15000.0,0,0,1
2,1,0,0,0,7000.0,1,1,0
2,0,0,0,0,13000.0,0,1,1
1,0,0,0,0,10000.0,0,0,1
3,1,1,2,0,12000.0,0,1,0
3,3,3,10,2,11000.0,1,1,0
0,0,0,0,0,9000.0,0,1,1
0,0,0,0,0,10000.0,0,0,1
1,0,0,0,0,13000.0,1,1,0
3,0,0,0,0,7000.0,0,0,1
1,1,0,1,0,12000.0,0,0,1
1,1,1,0,0,15000.0,0,1,0
3,1,2,0,1,13000.0,1,1,0
1,1,2,1,0,12000.0,0,1,0
3,0,0,0,0,11000.0,1,1,0
2,2,2,3,0,12000.0,1,1,0
1,1,1,3,0,6000.0,1,1,0
3,3,5,6,2,14000.0,0,1,0
0,0,0,0,0,13000.0,0,0,1
1,1,1,3,0,12000.0,0,0,1
2,0,0,0,0,14000.0,0,1,0
2,1,0,0,0,18000.0,0,1,0
0,0,0,0,0,11000.0,0,0,1
0,0,0,0,0,18000.0,0,1,0
2,0,0,0,0,12000.0,1,1,0
2,2,5,2,1,14000.0,0,1,0
1,0,0,0,0,13000.0,1,0,1
1,1,5,3,0,5000.0,0,1,0
2,2,0,3,0,13000.0,0,1,0
2,2,6,0,0,9000.0,0,1,0
2,2,3,1,0,10000.0,0,0,0
1,1,2,3,0,12000.0,1,1,0
2,2,1,3,0,10000.0,1,1,0
2,1,2,0,0,15000.0,1,1,0
1,1,1,2,0,12000.0,0,0,1
0,0,0,0,0,5000.0,0,0,1
1,1,2,7,0,8000.0,1,1,0
1,0,0,0,0,11000.0,1,0,0
1,1,1,1,0,15000.0,0,1,0
2,2,4,4,1,8000.0,1,0,0
2,0,0,0,0,12000.0,1,1,0
2,2,6,4,1,9000.0,1,1,0
2,0,0,0,0,10000.0,0,1,1
0,0,0,0,0,12000.0,1,1,0
2,2,0,2,0,12000.0,1,1,0
3,3,5,7,0,9000.0,0,1,0
2,2,3,2,0,12000.0,1,1,0
2,2,1,4,1,13000.0,0,0,0
2,1,0,0,0,12000.0,0,1,0
0,0,0,0,0,10000.0,0,0,1
3,3,1,5,0,10000.0,1,1,0
3,3,0,6,0,11000.0,0,1,0
0,0,0,0,0,15000.0,1,1,0
1,1,0,1,0,13000.0,0,0,0
1,0,0,0,0,12000.0,0,1,0
2,1,2,0,0,12000.0,0,0,0
1,1,2,2,0,12000.0,0,1,0
1,0,0,0,0,14000.0,0,1,0
2,2,0,6,0,6000.0,0,1,0
1,1,0,0,0,12000.0,0,1,0
1,1,1,1,0,10000.0,0,1,0
3,3,3,11,1,7000.0,1,1,0
2,1,0,0,0,10000.0,1,1,0
0,0,0,0,0,12000.0,0,0,1
0,0,0,0,0,18000.0,0,1,1
2,2,3,3,0,11000.0,0,0,0
0,0,0,0,0,10000.0,0,1,1
1,1,3,2,0,13000.0,0,1,0
0,0,0,0,0,10000.0,0,0,1
2,2,1,3,0,14000.0,1,0,0
2,2,1,1,0,12000.0,1,1,0
1,1,1,3,0,12000.0,0,1,0
1,1,1,0,0,15000.0,0,0,0
0,0,0,0,0,12000.0,0,0,1
1,0,0,0,0,12000.0,0,1,0
3,3,1,11,1,12000.0,0,1,1
0,0,0,0,0,15000.0,0,0,1
1,1,1,0,0,15000.0,0,1,1
2,2,3,1,0,15000.0,0,1,0
0,0,0,0,0,13000.0,0,0,0
0,0,0,0,0,8000.0,0,1,0
3,1,1,0,0,12000.0,0,0,0
1,0,0,0,0,11000.0,0,1,1
3,1,2,0,0,10000.0,0,1,0
2,2,0,0,0,16000.0,0,1,0
1,0,0,0,0,11000.0,1,1,0
3,2,5,2,0,10000.0,1,1,0
3,1,0,0,0,8000.0,0,1,0
1,1,1,1,0,12000.0,0,1,0
2,1,0,0,0,14000.0,1,0,1
3,2,6,3,2,12000.0,0,1,0
2,2,4,1,2,10000.0,0,1,0
1,1,0,1,0,8000.0,0,1,0
1,0,0,0,0,10000.0,1,1,0
1,1,2,0,1,11000.0,0,1,0
2,2,1,1,0,11000.0,0,0,0
2,1,0,0,0,13000.0,1,0,1
1,1,2,1,0,8000.0,0,0,0
0,0,0,0,0,14000.0,0,0,1
2,2,3,1,0,9000.0,1,1,0
2,2,5,1,0,11000.0,0,1,0
1,1,0,3,0,13000.0,0,1,1
0,0,0,0,0,15000.0,1,1,1
0,0,0,0,0,13000.0,0,0,1
2,2,5,3,0,9000.0,0,1,0
2,2,1,4,0,10000.0,0,0,0
2,1,0,0,0,14000.0,1,1,0
2,2,0,1,1,11000.0,1,1,0
1,0,0,0,0,13000.0,1,1,0
0,0,0,0,0,18000.0,0,1,1
1,1,2,2,0,11000.0,0,1,1
1,1,0,3,0,14000.0,0,0,1
1,1,0,4,0,10000.0,0,0,1
1,1,2,0,1,13000.0,0,0,1
2,1,0,0,1,12000.0,0,1,0
1,1,3,3,0,9000.0,1,1,0
2,0,0,0,0,16000.0,0,1,1
1,1,1,1,0,15000.0,1,1,0
2,1,4,4,0,12000.0,0,1,0
1,1,2,3,0,14000.0,0,1,1
2,2,3,2,0,12000.0,0,1,0
0,0,0,0,0,13000.0,1,1,1
3,2,0,4,1,11000.0,1,1,1
1,0,0,0,0,14000.0,1,1,0
2,2,0,2,0,12000.0,1,1,0
1,1,2,2,0,10000.0,0,1,0
1,0,0,0,0,12000.0,0,1,1
2,2,0,2,0,11000.0,0,1,0
3,0,0,0,0,9000.0,0,0,1
1,1,0,1,0,10000.0,0,1,0
3,3,5,2,0,8000.0,0,0,0
0,0,0,0,0,17000.0,1,1,0
2,0,0,0,0,12000.0,0,1,0
0,0,0,0,0,12000.0,0,1,1
1,0,0,0,0,12000.0,1,1,0
1,1,2,1,0,11000.0,1,1,0
2,0,0,0,0,12000.0,1,1,0
2,2,1,3,0,14000.0,0,1,0
0,0,0,0,0,15000.0,0,1,1
2,0,0,0,0,14000.0,0,1,0
0,0,0,0,0,11000.0,0,0,1
1,1,0,0,0,15000.0,0,0,0
2,2,0,3,1,10000.0,0,1,0
0,0,0,0,0,12000.0,1,0,0
0,0,0,0,0,8000.0,0,1,1
1,1,0,1,0,16000.0,0,0,0
2,1,2,1,0,11000.0,0,1,0
1,1,0,0,0,14000.0,0,1,0
2,1,2,1,0,10000.0,0,1,0
2,2,0,0,0,12000.0,1,1,0
1,1,0,1,0,12000.0,0,0,1
1,1,3,2,0,14000.0,0,1,0
2,2,2,2,1,11000.0,1,0,0
0,0,0,0,0,10000.0,0,0,1
2,2,6,2,1,10000.0,0,1,0
2,1,1,1,0,10000.0,0,0,0
3,3,3,9,0,10000.0,1,1,0
2,2,1,1,0,11000.0,0,1,0
1,1,3,0,0,14000.0,0,0,1
2,2,6,2,0,16000.0,0,0,1
3,3,7,0,0,13000.0,0,0,0
1,0,0,0,0,16000.0,1,1,0
1,0,0,0,0,12000.0,0,1,0
1,1,1,0,0,12000.0,0,0,0
3,3,10,3,1,8000.0,1,0,0
0,0,0,0,0,12000.0,0,0,1
1,1,0,0,0,13000.0,0,1,0
0,0,0,0,0,13000.0,0,0,1
3,0,0,0,0,11000.0,0,1,0
3,2,1,2,0,14000.0,0,1,0
0,0,0,0,0,12000.0,0,1,0
2,2,3,3,1,9000.0,0,1,0
2,2,5,0,2,12000.0,0,1,0
3,3,3,5,1,13000.0,1,1,0
0,0,0,0,0,13000.0,0,1,0
2,2,1,4,0,9000.0,0,1,0
0,0,0,0,0,14000.0,1,1,0
0,0,0,0,0,8000.0,0,1,1
0,0,0,0,0,14000.0,0,1,1
1,1,1,1,1,10000.0,0,1,0
3,3,6,4,0,9000.0,0,1,0
2,0,0,0,0,10000.0,0,1,1
2,2,1,0,2,17000.0,1,1,0
1,1,4,3,0,7000.0,0,1,0
0,0,0,0,0,13000.0,0,0,1
2,2,0,4,1,11000.0,1,1,0
1,0,0,0,0,13000.0,0,1,1
3,3,2,6,0,13000.0,1,0,0
0,0,0,0,0,10000.0,0,0,1
3,0,0,0,0,7000.0,1,1,0
0,0,0,0,0,14000.0,0,1,1
1,1,1,0,0,15000.0,0,1,0
1,0,0,0,0,5000.0,1,1,0
3,3,2,0,0,12000.0,1,1,0
1,1,0,2,0,9000.0,0,1,0
2,0,0,0,0,15000.0,0,0,0
0,0,0,0,0,7000.0,0,0,1
1,0,0,0,0,14000.0,0,0,0
2,0,0,0,0,11000.0,0,1,1
1,0,0,0,0,8000.0,0,0,1
0,0,0,0,0,13000.0,0,1,1
1,1,0,3,1,16000.0,0,0,1
3,3,4,7,2,13000.0,1,1,0
1,1,0,0,0,14000.0,0,0,0
0,0,0,0,0,15000.0,1,1,0
1,1,0,0,0,10000.0,0,1,0
2,2,2,4,0,13000.0,0,1,0
1,1,0,0,0,16000.0,0,1,0
1,0,0,0,0,12000.0,0,1,1
2,2,0,1,0,12000.0,1,1,0
2,2,2,0,0,7000.0,0,0,0
3,3,1,4,0,10000.0,0,1,0
2,2,0,2,0,12000.0,1,1,1
3,2,1,0,0,7000.0,0,0,1
2,1,2,0,0,11000.0,0,0,1
3,3,5,4,0,10000.0,0,1,0
3,1,2,1,0,11000.0,0,1,0
1,1,1,0,1,12000.0,0,1,0
3,3,4,2,0,8000.0,0,0,0
1,1,0,1,0,15000.0,0,0,1
0,0,0,0,0,11000.0,1,0,0
3,3,2,1,2,13000.0,0,1,0
1,1,0,0,0,14000.0,0,1,0
1,1,4,1,0,10000.0,1,0,0
2,2,1,5,0,10000.0,0,1,0
0,0,0,0,0,14000.0,0,0,1
1,1,1,3,0,12000.0,0,1,0
3,3,1,1,0,7000.0,0,0,0
1,1,1,1,1,12000.0,0,1,0
0,0,0,0,0,12000.0,0,1,0
1,1,1,0,0,12000.0,0,0,0
1,1,3,4,1,9000.0,0,1,0
0,0,0,0,0,12000.0,0,1,0
3,3,4,0,0,13000.0,0,1,0
2,2,1,2,0,18000.0,0,1,0
0,0,0,0,0,15000.0,0,1,0
1,1,0,0,0,12000.0,0,0,1
3,0,0,0,0,13000.0,1,1,0
0,0,0,0,0,11000.0,0,1,0
1,1,4,1,0,12000.0,0,0,1
2,2,2,0,1,11000.0,0,1,0
1,1,0,0,0,13000.0,0,1,0
2,2,0,6,0,10000.0,0,1,0
2,2,1,7,0,8000.0,0,0,1
2,1,0,1,0,12000.0,0,1,0
2,2,3,5,2,10000.0,0,0,0
1,0,0,0,0,10000.0,0,0,0
3,1,0,0,0,12000.0,0,1,1
3,3,4,7,0,9000.0,0,1,0
3,1,0,0,0,13000.0,0,1,0
0,0,0,0,0,19000.0,0,0,1
1,0,0,0,0,10000.0,0,1,1
2,1,1,0,1,10000.0,0,1,1
1,1,1,0,1,8000.0,0,1,0
2,0,0,0,0,13000.0,0,1,0
0,0,0,0,0,17000.0,0,0,1
0,0,0,0,0,19000.0,0,1,1
2,2,0,6,0,10000.0,1,1,0
2,2,4,3,0,7000.0,1,1,0
2,0,0,0,0,10000.0,1,1,0
2,0,0,0,0,13000.0,0,1,0
3,2,4,4,0,12000.0,0,1,0
0,0,0,0,0,12000.0,0,0,1
1,1,5,0,0,14000.0,0,1,0
2,2,2,4,1,12000.0,1,1,0
2,0,0,0,0,10000.0,1,1,0
2,0,0,0,0,13000.0,1,1,0
1,1,1,3,0,12000.0,1,1,0
2,2,1,3,0,9000.0,0,1,0
3,3,2,7,0,12000.0,0,1,0
0,0,0,0,0,6000.0,0,1,1
1,1,0,1,0,13000.0,0,1,0
1,1,1,1,0,12000.0,0,1,0
2,2,2,2,0,14000.0,0,1,0
2,1,2,9,0,12000.0,0,0,1
1,0,0,0,0,13000.0,1,1,0
3,3,1,5,1,15000.0,1,1,0
1,1,2,0,0,15000.0,0,1,1
2,2,3,2,1,11000.0,1,1,0
0,0,0,0,0,14000.0,0,0,1
3,3,10,6,0,8000.0,1,1,0
3,0,0,0,0,11000.0,0,1,0
3,0,0,0,0,9000.0,1,1,0
2,2,2,1,1,10000.0,0,1,0
1,1,1,3,0,16000.0,0,0,0
3,3,2,3,1,12000.0,1,1,0
3,3,0,0,2,11000.0,0,1,0
0,0,0,0,0,12000.0,0,1,0
1,0,0,0,0,10000.0,0,1,0
0,0,0,0,0,15000.0,0,0,1
2,2,0,1,0,10000.0,1,1,0
2,1,0,1,0,5000.0,0,1,0
2,2,6,2,0,10000.0,1,1,0
3,1,0,0,0,12000.0,0,1,0
2,2,0,2,0,5000.0,1,1,0
2,0,0,0,0,12000.0,0,1,1
0,0,0,0,0,17000.0,0,1,1
2,2,0,1,0,10000.0,1,1,0
1,1,1,1,0,12000.0,0,0,0
1,1,1,1,0,14000.0,0,0,1
2,2,5,2,1,9000.0,1,1,0
2,2,2,8,1,9000.0,0,1,0
2,0,0,0,0,10000.0,1,1,0
1,1,0,1,0,12000.0,1,0,1
0,0,0,0,0,8000.0,0,0,1
2,2,5,5,0,9000.0,1,1,0
0,0,0,0,0,14000.0,0,0,1
3,3,5,5,0,12000.0,0,1,0
1,1,1,0,1,12000.0,1,0,0
3,0,0,0,0,12000.0,0,1,0
3,3,2,4,1,10000.0,1,1,0
2,2,3,4,0,10000.0,0,1,0
1,1,0,1,0,9000.0,0,0,0
2,2,7,6,1,12000.0,0,1,0
3,3,5,7,0,12000.0,1,1,0
2,2,0,0,0,17000.0,1,1,1
0,0,0,0,0,12000.0,0,0,1
0,0,0,0,0,9000.0,0,1,1
2,2,0,0,0,15000.0,1,0,0
2,2,1,1,0,19000.0,0,1,0
3,1,0,4,0,8000.0,0,1,0
1,0,0,0,0,13000.0,0,0,1
1,1,3,0,0,11000.0,1,1,0
1,0,0,0,0,9000.0,0,1,0
1,0,0,0,0,12000.0,0,1,1
3,3,2,9,0,12000.0,1,1,0
1,1,0,1,0,12000.0,0,1,1
3,3,3,6,0,14000.0,1,1,0
0,0,0,0,0,14000.0,0,0,1
0,0,0,0,0,16000.0,1,1,0
2,2,0,2,0,12000.0,0,1,0
2,2,1,0,1,18000.0,0,0,1
0,0,0,0,0,13000.0,0,1,1
2,2,1,1,1,16000.0,1,1,0
0,0,0,0,0,12000.0,1,1,0
1,1,2,4,1,13000.0,0,1,0
2,0,0,0,0,15000.0,1,1,0
0,0,0,0,0,13000.0,0,0,1
2,0,0,0,0,13000.0,1,1,1
3,3,2,8,1,6000.0,0,1,0
2,2,3,3,0,12000.0,0,1,0
2,2,0,1,0,14000.0,0,0,0
3,3,1,2,0,11000.0,1,0,0
2,0,0,0,0,6000.0,0,1,1
2,1,0,0,0,13000.0,1,0,1
2,1,3,3,0,12000.0,0,1,0
1,0,0,0,0,17000.0,0,1,0
0,0,0,0,0,17000.0,0,0,1
0,0,0,0,0,13000.0,1,0,0
2,2,2,0,0,10000.0,0,1,0
3,3,2,1,0,11000.0,1,1,0
1,1,0,2,1,15000.0,0,0,0
3,0,0,0,0,12000.0,0,1,1
1,1,0,1,0,17000.0,0,0,0
0,0,0,0,0,14000.0,0,0,1
0,0,0,0,0,13000.0,1,0,1
2,2,0,0,2,11000.0,1,1,0
2,1,0,0,0,11000.0,0,1,0
0,0,0,0,0,14000.0,0,1,1
0,0,0,0,0,18000.0,1,0,1
2,2,1,4,0,10000.0,1,1,0
2,1,0,3,0,10000.0,0,1,0
2,2,1,1,0,13000.0,0,0,0
1,0,0,0,0,12000.0,0,1,0
3,1,0,0,0,14000.0,0,1,0
1,1,0,1,0,14000.0,0,0,0
0,0,0,0,0,13000.0,0,0,1
1,1,1,2,0,12000.0,1,1,0
1,1,0,0,0,13000.0,1,1,0
3,3,1,3,0,12000.0,1,1,0
1,1,2,0,0,12000.0,0,1,0
0,0,0,0,0,16000.0,0,0,1
1,1,1,2,0,14000.0,0,1,0
1,1,0,0,1,17000.0,1,1,0
1,1,0,0,0,14000.0,0,1,0
3,0,0,0,0,8000.0,0,1,0
2,1,0,0,1,10000.0,1,1,0
0,0,0,0,0,14000.0,0,0,1
2,1,1,5,0,13000.0,1,1,1
1,1,1,1,0,14000.0,0,1,1
3,3,3,4,1,12000.0,0,1,0
0,0,0,0,0,13000.0,0,1,1
1,1,0,1,0,12000.0,1,1,0
3,3,0,1,1,13000.0,0,1,0
1,0,0,0,0,15000.0,1,0,1
0,0,0,0,0,18000.0,0,0,1
3,2,2,2,0,13000.0,1,1,0
2,2,1,4,0,12000.0,0,0,0
0,0,0,0,0,12000.0,0,1,1
1,1,1,0,1,18000.0,0,1,1
0,0,0,0,0,13000.0,0,1,1
0,0,0,0,0,10000.0,0,0,1
1,1,1,4,2,12000.0,0,0,0
3,3,4,2,0,8000.0,0,1,0
1,1,0,2,0,14000.0,0,1,0
1,1,1,1,0,11000.0,1,1,0
0,0,0,0,0,10000.0,0,1,0
2,2,2,5,2,9000.0,1,1,0
1,1,2,2,0,13000.0,0,1,0
1,0,0,0,0,12000.0,0,0,1
2,0,0,0,0,14000.0,0,1,1
0,0,0,0,0,17000.0,0,0,1
3,1,1,2,0,11000.0,0,1,0
0,0,0,0,0,8000.0,0,1,1
0,0,0,0,0,9000.0,0,1,0
3,3,3,1,0,11000.0,0,1,0
1,1,2,1,0,11000.0,1,1,0
1,1,1,0,0,16000.0,0,0,1
0,0,0,0,0,12000.0,0,0,1
2,1,0,3,0,7000.0,0,0,0
1,1,5,0,1,9000.0,0,0,0
3,0,0,0,0,12000.0,1,1,0
2,0,0,0,0,13000.0,1,1,1
2,1,1,0,0,12000.0,0,1,1
1,1,2,1,0,15000.0,1,1,0
1,0,0,0,0,10000.0,1,1,1
1,1,0,1,0,7000.0,0,1,0
0,0,0,0,0,13000.0,0,1,0
1,1,0,2,0,12000.0,0,1,0
2,2,2,0,0,15000.0,0,0,0
2,0,0,0,0,14000.0,1,1,1
1,1,1,1,0,13000.0,0,0,0
2,2,3,2,0,11000.0,0,1,0
0,0,0,0,0,12000.0,0,1,0
0,0,0,0,0,16000.0,0,0,1
3,0,0,0,0,11000.0,0,0,1
1,0,0,0,0,11000.0,0,1,1
1,1,1,1,0,11000.0,1,1,0
3,2,4,1,0,10000.0,0,1,0
2,2,1,2,0,10000.0,0,1,0
2,0,0,0,0,12000.0,0,1,0
2,2,1,7,0,12000.0,1,1,0
3,2,1,6,0,11000.0,0,0,0
1,1,2,1,1,11000.0,0,0,1
0,0,0,0,0,11000.0,0,1,1
0,0,0,0,0,13000.0,0,1,1
3,3,4,1,1,9000.0,1,1,0
1,1,6,0,0,12000.0,0,1,1
1,1,1,0,1,12000.0,0,1,1
2,2,1,2,0,15000.0,0,1,0
1,1,0,1,0,13000.0,1,1,0
3,2,2,2,0,11000.0,0,1,0
2,2,1,0,0,12000.0,1,1,0
0,0,0,0,0,13000.0,0,0,1
1,1,1,5,0,9000.0,0,1,0
2,0,0,0,0,12000.0,0,1,0
1,0,0,0,0,18000.0,0,1,1
1,1,0,1,0,19000.0,0,1,0
1,1,0,1,0,11000.0,0,1,0
1,1,1,6,1,12000.0,0,1,0
1,1,0,1,1,10000.0,0,1,0
0,0,0,0,0,9000.0,0,0,1
2,2,0,3,1,12000.0,1,1,0
3,0,0,0,0,10000.0,1,1,0
1,1,1,3,0,9000.0,0,0,1
2,1,1,2,0,11000.0,1,1,0
1,1,2,2,0,13000.0,1,0,0
1,1,1,2,0,13000.0,1,1,0
1,1,2,1,0,14000.0,0,0,0
1,0,0,0,0,8000.0,0,1,0
0,0,0,0,0,17000.0,0,0,1
1,1,1,0,0,10000.0,0,0,0
3,0,0,0,0,11000.0,0,1,0
1,0,0,0,0,12000.0,0,0,1
1,1,1,1,0,11000.0,0,0,0
2,2,0,2,1,11000.0,0,1,0
2,1,4,3,0,8000.0,0,1,0
0,0,0,0,0,14000.0,0,1,1
2,1,2,1,0,7000.0,1,1,0
0,0,0,0,0,12000.0,1,1,1
2,2,1,1,0,10000.0,0,1,0
2,1,2,0,0,15000.0,0,1,0
2,2,1,6,0,9000.0,0,0,0
1,0,0,0,0,11000.0,1,0,1
2,2,0,2,0,8000.0,1,0,0
1,1,0,1,0,10000.0,0,1,0
3,0,0,0,0,9000.0,0,0,1
2,1,1,5,0,12000.0,1,1,0
2,2,5,7,1,9000.0,0,0,0
1,1,1,0,0,12000.0,1,1,0
3,0,0,0,0,14000.0,0,0,1
3,1,0,3,0,12000.0,1,1,0
2,0,0,0,0,12000.0,0,1,1
0,0,0,0,0,13000.0,0,1,1
1,1,1,2,0,12000.0,0,0,0
3,1,3,0,0,9000.0,1,1,0
2,2,2,2,0,13000.0,1,1,0
2,2,1,4,2,7000.0,0,1,0
3,3,1,10,0,11000.0,1,1,0
2,1,0,1,0,10000.0,1,1,0
1,0,0,0,0,8000.0,0,0,1
0,0,0,0,0,8000.0,0,0,1
0,0,0,0,0,11000.0,0,1,1
0,0,0,0,0,10000.0,0,0,1
2,1,1,1,1,19000.0,0,1,1
1,1,0,3,0,6000.0,0,0,0
1,1,2,0,0,14000.0,0,1,0
1,1,1,1,0,13000.0,1,1,0
3,2,1,1,1,15000.0,0,0,0
1,1,0,0,0,10000.0,0,1,0
2,1,1,1,0,15000.0,0,1,0
2,2,0,1,3,13000.0,0,1,0
2,2,1,2,1,12000.0,1,1,0
0,0,0,0,0,15000.0,0,1,1
2,2,0,2,0,9000.0,1,0,0
1,0,0,0,0,14000.0,1,1,0
1,0,0,0,0,6000.0,0,1,1
1,1,0,0,0,11000.0,0,0,0
2,0,0,0,0,9000.0,1,1,0
2,2,1,3,0,4000.0,1,0,0
1,0,0,0,0,8000.0,0,0,0
2,2,1,4,0,8000.0,0,1,0
1,1,0,0,0,12000.0,0,1,0
1,1,0,0,0,10000.0,0,1,0
0,0,0,0,0,9000.0,1,1,0
1,1,0,1,0,14000.0,0,0,1
1,0,0,0,0,10000.0,0,0,0
1,1,1,7,0,6000.0,0,0,1
3,3,3,6,0,12000.0,1,1,0
2,2,1,1,0,13000.0,0,0,0
2,1,0,2,0,13000.0,0,0,1
1,1,1,0,0,16000.0,0,1,0
0,0,0,0,0,14000.0,0,0,1
1,0,0,0,0,10000.0,0,1,1
3,3,2,7,0,7000.0,0,1,0
1,1,3,2,0,8000.0,0,1,0
2,2,4,4,0,11000.0,0,1,0
2,1,0,1,0,10000.0,1,1,0
3,3,7,3,0,9000.0,1,1,0
1,1,0,1,0,11000.0,0,1,0
0,0,0,0,0,15000.0,0,0,0
0,0,0,0,0,17000.0,0,0,1
0,0,0,0,0,12000.0,0,0,1
2,2,0,1,0,8000.0,0,0,0
3,3,2,9,3,10000.0,1,1,0
0,0,0,0,0,12000.0,0,1,1
1,1,0,1,0,17000.0,0,1,1
3,3,3,3,1,14000.0,0,1,0
1,1,1,0,0,12000.0,0,0,0
3,0,0,0,0,11000.0,1,1,0
1,1,0,2,1,12000.0,0,1,1
2,1,0,4,0,11000.0,1,1,0
2,2,6,4,1,14000.0,1,1,0
2,2,4,2,0,10000.0,0,0,0
3,3,5,10,1,10000.0,1,1,0
1,1,0,1,0,17000.0,0,1,1
1,0,0,0,0,12000.0,0,1,1
2,1,1,3,2,10000.0,0,1,0
0,0,0,0,0,15000.0,0,0,1
1,1,2,1,0,13000.0,0,1,0
3,2,3,5,1,10000.0,0,1,0
1,1,1,0,0,10000.0,1,0,0
1,0,0,0,0,11000.0,0,1,0
2,0,0,0,0,14000.0,0,0,1
2,2,0,1,0,12000.0,1,1,1
1,1,1,2,0,6000.0,0,1,0
2,1,0,1,0,12000.0,0,1,0
0,0,0,0,0,15000.0,0,1,1
1,1,3,0,0,11000.0,0,0,1
2,2,0,5,2,13000.0,0,1,0
3,0,0,0,0,11000.0,0,1,1
0,0,0,0,0,16000.0,0,0,1
1,1,0,2,0,12000.0,0,1,0
0,0,0,0,0,12000.0,0,1,1
2,1,0,1,0,9000.0,1,1,0
2,2,2,0,0,9000.0,0,1,0
2,2,1,2,0,11000.0,0,0,0
3,2,2,6,2,11000.0,1,1,0
0,0,0,0,0,14000.0,0,1,1
3,0,0,0,0,16000.0,0,1,0
1,1,0,3,0,8000.0,0,1,0
2,1,1,0,0,12000.0,0,1,1
0,0,0,0,0,15000.0,0,1,0
2,1,1,1,0,10000.0,0,0,1
1,1,2,0,0,13000.0,0,1,0
1,0,0,0,0,12000.0,0,1,0
1,1,1,1,0,13000.0,0,0,1
2,1,0,0,0,15000.0,0,1,0
0,0,0,0,0,11000.0,0,1,0
0,0,0,0,0,12000.0,0,1,1
2,2,7,4,0,13000.0,0,1,0
1,1,0,0,0,9000.0,0,0,1
0,0,0,0,0,9000.0,0,1,1
2,2,2,0,2,18000.0,0,1,0
0,0,0,0,0,13000.0,1,1,0
1,1,2,2,0,11000.0,1,1,0
1,1,0,3,1,12000.0,0,1,1
0,0,0,0,0,13000.0,0,1,1
2,2,3,1,0,13000.0,0,0,0
1,1,2,1,0,17000.0,0,1,0
2,2,1,4,0,13000.0,0,1,0
1,1,1,0,0,13000.0,1,1,0
3,2,2,3,0,12000.0,0,1,0
0,0,0,0,0,14000.0,1,1,0
2,2,7,6,1,9000.0,1,1,0
0,0,0,0,0,14000.0,0,0,1
2,2,2,1,0,9000.0,0,1,0
3,0,0,0,0,13000.0,0,1,0
1,0,0,0,0,4000.0,1,1,0
1,1,0,1,0,13000.0,0,1,0
1,1,0,1,1,12000.0,0,1,1
3,3,1,3,2,14000.0,1,1,0
0,0,0,0,0,15000.0,0,1,1
1,0,0,0,0,19000.0,0,0,1
2,2,0,4,1,9000.0,0,1,0
0,0,0,0,0,16000.0,0,1,1
1,1,0,1,0,11000.0,0,1,0
3,3,4,2,0,12000.0,0,1,0
2,2,1,2,0,14000.0,0,0,0
3,3,3,3,1,14000.0,0,1,0
1,0,0,0,0,12000.0,1,0,0
3,3,3,3,1,12000.0,1,1,0
0,0,0,0,0,13000.0,0,0,1
1,1,2,2,0,17000.0,0,1,0
0,0,0,0,0,15000.0,0,0,0
1,1,0,0,0,13000.0,0,1,0
0,0,0,0,0,20000.0,0,0,1
0,0,0,0,0,9000.0,0,0,1
1,1,4,3,1,12000.0,0,0,0
2,0,0,0,0,13000.0,0,0,1
1,0,0,0,0,13000.0,0,0,1
1,1,1,1,0,14000.0,1,1,0
1,1,2,2,1,13000.0,0,1,0
3,3,1,1,0,9000.0,0,0,0
2,0,0,0,0,12000.0,0,0,0
2,2,3,2,0,11000.0,1,1,0
2,2,4,2,1,10000.0,1,1,0
1,0,0,0,0,17000.0,0,1,1
3,3,0,7,2,6000.0,1,1,0
3,3,2,5,0,10000.0,1,1,1
2,1,1,0,0,14000.0,0,1,0
1,1,2,1,0,9000.0,0,1,0
3,0,0,0,0,10000.0,1,1,1
1,1,2,0,0,9000.0,0,0,0
0,0,0,0,0,11000.0,0,0,0
0,0,0,0,0,17000.0,0,1,0
1,1,1,3,0,15000.0,1,1,0
0,0,0,0,0,16000.0,0,0,1
3,2,2,6,3,7000.0,0,1,0
2,2,2,3,1,13000.0,0,1,0
1,1,0,1,0,13000.0,0,1,0
3,1,2,1,0,9000.0,1,1,0
0,0,0,0,0,20000.0,0,1,1
0,0,0,0,0,15000.0,0,1,0
1,0,0,0,0,16000.0,1,0,1
3,3,5,0,1,15000.0,0,0,0
0,0,0,0,0,10000.0,0,0,1
2,2,3,2,0,14000.0,0,1,0
0,0,0,0,0,10000.0,0,0,1
0,0,0,0,0,14000.0,0,0,1
0,0,0,0,0,13000.0,0,0,1
2,0,0,0,0,12000.0,0,1,0
3,3,1,4,1,15000.0,0,1,0
1,1,5,0,0,15000.0,0,1,0
1,1,0,1,0,12000.0,0,1,0
0,0,0,0,0,14000.0,0,0,1
1,0,0,0,0,11000.0,0,1,0
3,1,1,1,2,14000.0,0,1,0
0,0,0,0,0,14000.0,0,0,1
0,0,0,0,0,17000.0,0,0,0
1,1,1,2,0,11000.0,1,1,0
1,0,0,0,0,8000.0,1,1,0
0,0,0,0,0,12000.0,0,1,1
1,1,0,0,0,11000.0,0,1,0
3,1,1,0,0,12000.0,0,1,0
3,3,3,2,1,12000.0,0,1,0
3,3,2,1,1,13000.0,0,1,0
2,2,1,1,0,11000.0,1,0,0
3,3,7,6,1,10000.0,1,1,0
1,1,2,1,0,8000.0,0,1,0
1,1,0,1,0,12000.0,0,0,0
1,1,1,1,0,11000.0,0,1,0
3,3,7,3,0,7000.0,1,1,0
1,0,0,0,0,14000.0,0,0,0
3,0,0,0,0,7000.0,1,1,0
0,0,0,0,0,12000.0,0,1,1
2,2,1,1,3,12000.0,1,1,0
1,0,0,0,0,9000.0,1,1,1
2,2,0,0,0,9000.0,0,1,0
1,1,0,0,0,13000.0,0,1,0
1,1,1,0,0,12000.0,1,1,0
0,0,0,0,0,13000.0,0,0,1
1,1,3,6,0,8000.0,0,1,0
1,1,2,1,0,9000.0,0,0,1
2,2,2,2,1,12000.0,1,1,0
1,1,1,2,0,13000.0,0,0,0
0,0,0,0,0,15000.0,0,1,1
1,0,0,0,0,10000.0,0,0,1
0,0,0,0,0,13000.0,0,1,1
1,1,0,2,1,11000.0,0,0,0
3,1,3,2,0,11000.0,0,0,0
1,1,0,4,0,8000.0,0,0,1
2,2,4,8,0,4000.0,0,1,0
3,3,3,5,1,9000.0,0,0,0
3,3,3,2,0,12000.0,0,1,0
1,0,0,0,0,9000.0,1,0,1
3,0,0,0,0,9000.0,0,1,0
2,2,1,0,0,12000.0,1,1,0
1,0,0,0,0,14000.0,1,0,0
2,2,1,1,1,14000.0,0,1,0
0,0,0,0,0,17000.0,0,1,1
0,0,0,0,0,13000.0,0,0,0
2,2,1,6,0,6000.0,1,1,0
0,0,0,0,0,15000.0,0,1,0
3,1,2,2,0,8000.0,0,1,0
2,2,5,5,0,11000.0,0,1,0
2,2,3,0,0,16000.0,0,1,0
0,0,0,0,0,13000.0,0,1,0
2,2,0,1,0,9000.0,1,1,0
0,0,0,0,0,9000.0,1,1,0
3,2,3,2,2,11000.0,0,1,0
2,0,0,0,0,13000.0,0,0,1
0,0,0,0,0,9000.0,0,0,1
0,0,0,0,0,14000.0,0,1,1
1,1,0,1,0,13000.0,0,0,0
0,0,0,0,0,11000.0,1,0,1
2,2,0,2,1,10000.0,0,1,0
0,0,0,0,0,14000.0,0,1,0
1,1,0,3,0,12000.0,0,0,1
1,1,3,2,1,9000.0,0,1,0
1,1,2,0,0,8000.0,0,1,0
2,0,0,0,0,12000.0,0,1,1
0,0,0,0,0,12000.0,0,0,1
0,0,0,0,0,12000.0,1,1,0
3,3,1,1,1,12000.0,0,1,0
2,2,2,0,0,12000.0,1,1,0
1,0,0,0,0,10000.0,1,1,1
3,3,3,3,1,10000.0,0,1,0
0,0,0,0,0,14000.0,0,1,1
2,1,1,2,0,12000.0,1,1,0
3,3,1,12,0,14000.0,0,1,0
1,1,2,1,0,11000.0,0,1,1
3,3,4,2,1,14000.0,0,1,0
2,2,1,0,0,12000.0,0,1,0
3,1,3,2,0,12000.0,0,0,0
3,1,2,1,1,8000.0,1,0,0
1,1,1,4,0,13000.0,0,1,0
1,1,1,0,0,17000.0,0,1,1
0,0,0,0,0,15000.0,1,0,0
3,3,0,3,0,14000.0,1,1,0
1,1,1,0,0,12000.0,0,0,0
1,1,3,0,0,9000.0,0,0,0
0,0,0,0,0,15000.0,1,1,0
2,2,3,0,0,14000.0,1,1,0
2,1,1,0,0,13000.0,0,0,0
1,1,1,1,0,13000.0,0,0,0
3,1,0,0,0,14000.0,1,1,0
3,3,1,1,1,10000.0,0,1,0
2,0,0,0,0,13000.0,0,1,0
1,1,0,8,1,11000.0,0,0,1
0,0,0,0,0,15000.0,1,0,0
1,1,1,0,1,16000.0,0,1,0
3,3,3,0,0,14000.0,1,1,0
2,1,1,4,0,7000.0,1,1,1
3,2,9,3,1,7000.0,0,1,0
2,0,0,0,0,8000.0,1,1,0
1,1,0,1,2,11000.0,0,0,1
0,0,0,0,0,10000.0,0,1,0
2,1,0,1,0,11000.0,0,1,0
0,0,0,0,0,12000.0,0,0,1
1,1,2,0,1,14000.0,0,1,0
2,2,1,1,0,12000.0,0,1,0
0,0,0,0,0,12000.0,0,1,1
3,2,1,4,0,13000.0,1,1,0
1,1,1,1,0,8000.0,0,1,0
3,1,1,4,0,6000.0,1,1,0
0,0,0,0,0,11000.0,0,1,1
1,0,0,0,0,11000.0,0,1,1
2,2,1,3,1,11000.0,0,1,0
0,0,0,0,0,13000.0,0,1,0
3,0,0,0,0,12000.0,1,0,1
2,2,1,0,1,13000.0,1,1,0
2,2,2,0,0,14000.0,1,1,0
3,2,1,0,0,16000.0,1,1,0
3,0,0,0,0,15000.0,1,1,0
2,1,1,2,0,11000.0,1,0,1
2,0,0,0,0,14000.0,1,1,0
0,0,0,0,0,13000.0,0,1,1
1,1,2,0,3,12000.0,0,0,0
1,0,0,0,0,14000.0,1,1,0
1,0,0,0,0,13000.0,0,1,0
2,0,0,0,0,9000.0,0,1,1
3,1,1,0,0,13000.0,1,1,0
1,0,0,0,0,10000.0,0,0,1
2,2,2,3,0,17000.0,0,0,0
3,1,2,10,0,9000.0,0,1,1
2,2,2,2,0,9000.0,0,1,0
2,2,2,2,0,15000.0,0,1,0
1,1,0,1,0,16000.0,0,1,0
2,2,2,5,0,7000.0,1,0,0
1,1,1,2,1,12000.0,0,0,1
0,0,0,0,0,12000.0,0,0,1
0,0,0,0,0,15000.0,0,0,1
2,2,0,4,0,8000.0,1,1,0
3,1,1,6,0,9000.0,0,1,1
1,1,2,3,0,12000.0,0,1,0
0,0,0,0,0,12000.0,0,1,1
0,0,0,0,0,12000.0,0,0,1
0,0,0,0,0,11000.0,0,1,0
1,1,0,1,0,12000.0,0,0,0
1,0,0,0,0,14000.0,1,1,0
2,2,1,2,0,14000.0,0,1,1
3,3,1,0,1,12000.0,1,1,0
0,0,0,0,0,14000.0,0,0,1
1,1,0,0,1,13000.0,0,1,0
1,1,0,2,0,11000.0,0,0,0
1,1,0,2,0,10000.0,0,0,1
2,2,2,2,0,8000.0,0,1,0
2,2,6,4,0,13000.0,0,1,0
3,2,0,8,3,11000.0,1,1,0
2,2,0,2,1,12000.0,0,0,0
3,3,6,9,0,10000.0,1,0,0
0,0,0,0,0,11000.0,1,1,1
1,1,2,0,0,14000.0,0,1,0
0,0,0,0,0,9000.0,0,1,0
2,2,0,7,1,12000.0,0,1,0
0,0,0,0,0,12000.0,0,0,1
3,3,0,9,2,9000.0,1,1,0
2,2,2,3,0,10000.0,1,1,0
3,0,0,0,0,11000.0,0,0,1
3,1,5,2,1,9000.0,0,1,0
1,0,0,0,0,7000.0,0,1,0
1,1,4,0,0,13000.0,0,0,0
0,0,0,0,0,16000.0,0,1,0
1,0,0,0,0,10000.0,0,1,1
1,1,1,0,0,10000.0,1,0,0
1,0,0,0,0,12000.0,0,1,1
2,0,0,0,0,9000.0,1,1,0
2,0,0,0,0,10000.0,0,1,1
0,0,0,0,0,12000.0,0,0,1
2,2,3,4,1,8000.0,1,1,0
3,3,3,2,2,12000.0,1,1,0
0,0,0,0,0,13000.0,0,1,1
2,2,1,1,0,14000.0,0,0,0
0,0,0,0,0,12000.0,0,1,1
0,0,0,0,0,16000.0,0,0,1
3,1,0,1,0,12000.0,0,1,0
2,2,4,0,1,12000.0,0,0,0
1,1,0,0,0,12000.0,0,1,0
2,2,5,2,0,8000.0,0,0,0
1,0,0,0,0,14000.0,0,1,1
0,0,0,0,0,15000.0,1,1,1
1,1,0,1,0,9000.0,0,1,0
1,1,0,4,0,10000.0,0,1,0
3,3,4,2,1,12000.0,0,1,0
2,2,4,0,0,9000.0,0,0,0
2,0,0,0,0,11000.0,1,0,0
2,1,0,2,0,9000.0,0,1,0
3,0,0,0,0,8000.0,1,1,0
1,0,0,0,0,10000.0,0,1,0
0,0,0,0,0,14000.0,0,1,1
3,3,8,5,1,8000.0,0,1,0
3,1,1,0,1,11000.0,1,1,0
2,2,1,0,0,12000.0,0,1,0
1,1,0,0,0,14000.0,1,0,1
1,1,1,0,1,15000.0,0,0,1
2,2,1,2,0,13000.0,1,1,0
3,3,4,7,2,11000.0,0,1,0
1,1,1,1,0,18000.0,0,1,0
0,0,0,0,0,17000.0,0,0,1
1,0,0,0,0,13000.0,0,1,1
3,3,12,6,0,5000.0,0,1,0
1,1,0,1,2,6000.0,0,1,0
2,1,0,1,0,9000.0,0,1,1
0,0,0,0,0,12000.0,0,0,1
2,0,0,0,0,15000.0,1,1,0
3,1,1,0,1,12000.0,0,1,0
3,3,0,2,0,12000.0,1,1,0
1,0,0,0,0,11000.0,0,1,1
0,0,0,0,0,12000.0,0,0,1
0,0,0,0,0,15000.0,0,1,0
2,2,2,13,0,4000.0,0,1,0
0,0,0,0,0,17000.0,0,1,1
2,2,2,3,0,11000.0,0,1,0
0,0,0,0,0,8000.0,1,1,0
3,2,4,3,0,13000.0,0,1,0
2,2,0,1,0,15000.0,0,1,0
2,0,0,0,0,11000.0,1,1,0
0,0,0,0,0,12000.0,1,0,1
1,1,1,0,0,14000.0,0,1,1
2,2,2,10,0,12000.0,1,1,0
2,2,0,1,0,7000.0,1,1,0
2,2,2,5,0,12000.0,0,0,0
0,0,0,0,0,13000.0,0,0,1
2,2,1,0,0,10000.0,0,1,0
1,1,0,0,0,13000.0,0,1,0
2,2,2,4,0,3000.0,0,1,0
2,2,1,1,0,11000.0,0,1,0
3,3,1,2,1,7000.0,1,1,0
0,0,0,0,0,12000.0,0,1,1
2,1,0,3,0,9000.0,1,1,0
2,1,3,2,1,8000.0,1,1,0
2,1,1,2,0,10000.0,0,1,0
3,3,3,5,1,8000.0,0,1,0
0,0,0,0,0,18000.0,0,0,1
1,1,0,4,0,7000.0,1,1,0
0,0,0,0,0,12000.0,1,1,1
1,1,0,0,1,14000.0,0,1,0
0,0,0,0,0,13000.0,0,0,1
1,1,0,0,1,15000.0,0,0,1
3,0,0,0,0,15000.0,1,1,0
2,2,2,6,0,11000.0,0,1,0
2,2,2,6,0,6000.0,0,1,0
2,1,1,1,0,11000.0,1,0,0
1,1,0,1,0,14000.0,0,0,0
0,0,0,0,0,12000.0,0,0,1
3,3,2,4,0,15000.0,0,1,0
3,3,1,9,0,8000.0,1,1,0
3,3,2,7,0,14000.0,1,1,0
2,2,7,1,0,11000.0,0,1,0
3,2,4,1,0,9000.0,0,1,0
3,2,1,7,1,11000.0,0,1,0
2,2,3,0,0,12000.0,0,1,0
3,0,0,0,0,11000.0,1,1,0
2,2,0,3,0,13000.0,1,1,0
2,2,2,2,0,13000.0,0,0,0
1,0,0,0,0,10000.0,1,1,0
1,1,1,1,0,12000.0,0,1,0
0,0,0,0,0,16000.0,0,0,1
3,1,0,4,0,7000.0,0,1,0
1,1,3,1,0,7000.0,0,0,1
2,0,0,0,0,10000.0,0,1,1
0,0,0,0,0,11000.0,1,1,0
0,0,0,0,0,10000.0,0,1,1
2,2,1,10,1,7000.0,1,1,0
0,0,0,0,0,17000.0,0,1,1
2,2,1,0,0,15000.0,0,1,0
3,3,3,6,0,14000.0,0,1,0
2,2,1,2,1,11000.0,1,0,0
2,2,2,3,0,9000.0,0,0,0
2,2,4,1,0,12000.0,0,1,0
2,2,0,1,1,15000.0,0,1,0
1,1,2,0,0,14000.0,0,0,1
0,0,0,0,0,13000.0,0,0,1
3,3,3,6,0,12000.0,0,1,0
2,1,0,1,0,12000.0,0,1,0
0,0,0,0,0,14000.0,0,1,1
0,0,0,0,0,14000.0,0,0,1
1,1,4,0,1,12000.0,1,1,0
0,0,0,0,0,11000.0,0,0,1
1,1,1,1,0,10000.0,0,1,0
1,0,0,0,0,12000.0,0,1,1
2,1,0,1,1,13000.0,0,1,0
1,1,5,1,0,13000.0,0,1,0
0,0,0,0,0,12000.0,0,0,0
2,0,0,0,0,14000.0,0,0,1
0,0,0,0,0,12000.0,1,1,0
2,1,1,2,0,12000.0,0,0,1
2,0,0,0,0,12000.0,0,1,1
1,1,4,2,0,13000.0,0,1,0
2,2,2,2,0,17000.0,0,1,1
3,3,3,15,0,8000.0,0,1,0
1,1,0,0,0,16000.0,1,1,0
3,3,1,0,1,18000.0,0,0,1
0,0,0,0,0,9000.0,0,1,0
2,2,4,0,0,12000.0,0,1,0
1,1,2,1,0,14000.0,0,1,0
3,2,0,3,0,13000.0,0,1,0
1,1,3,0,0,10000.0,0,1,0
1,1,1,2,0,10000.0,0,1,0
3,1,0,0,0,9000.0,0,1,0
1,1,0,1,0,12000.0,0,1,0
2,2,1,3,0,12000.0,1,1,0
3,3,4,10,2,8000.0,0,1,0
0,0,0,0,0,13000.0,0,1,1
2,1,1,2,0,11000.0,0,1,0
3,3,4,4,0,12000.0,0,1,0
1,1,1,3,0,12000.0,1,1,0
2,2,2,2,2,15000.0,1,1,0
3,2,0,0,0,11000.0,0,1,0
2,2,2,1,0,13000.0,0,0,0
2,2,2,2,1,12000.0,1,1,0
0,0,0,0,0,9000.0,0,1,1
2,1,1,0,0,10000.0,0,1,0
2,1,0,1,0,10000.0,1,1,1
3,0,0,0,0,10000.0,0,1,0
3,3,4,10,0,6000.0,1,0,0
1,1,3,2,0,6000.0,0,0,0
0,0,0,0,0,12000.0,1,0,1
1,1,1,3,0,7000.0,1,1,0
2,2,0,3,1,10000.0,0,1,0
3,0,0,0,0,8000.0,0,1,0
2,2,1,2,0,11000.0,1,1,0
2,0,0,0,0,8000.0,0,1,0
3,2,0,2,0,13000.0,1,1,0
2,1,0,1,0,15000.0,0,1,0
1,0,0,0,0,9000.0,0,1,1
3,2,0,3,0,6000.0,1,1,0
2,2,1,4,1,12000.0,0,1,0
1,1,0,2,0,13000.0,0,1,1
2,0,0,0,0,9000.0,1,1,1
3,1,0,3,1,6000.0,1,1,0
1,1,0,4,0,13000.0,1,1,1
1,1,0,1,0,13000.0,0,1,0
2,0,0,0,0,16000.0,0,1,0
2,2,2,3,1,12000.0,0,1,0
0,0,0,0,0,11000.0,0,1,0
0,0,0,0,0,7000.0,0,0,1
2,2,2,3,0,11000.0,0,1,0
2,2,0,2,0,13000.0,1,1,0
0,0,0,0,0,12000.0,0,0,1
3,3,0,3,0,12000.0,0,1,0
1,0,0,0,0,13000.0,0,1,0
2,2,1,3,0,12000.0,0,1,0
1,1,1,3,0,12000.0,0,1,0
1,1,1,0,1,15000.0,0,0,1
0,0,0,0,0,19000.0,0,0,0
2,2,0,1,1,17000.0,0,0,0
2,2,0,1,0,12000.0,1,1,0
2,1,1,1,0,14000.0,0,1,0
3,3,1,6,2,12000.0,0,0,0
1,1,0,0,0,16000.0,0,0,0
1,0,0,0,0,13000.0,1,1,0
1,1,1,0,0,14000.0,0,0,1
3,1,0,2,0,7000.0,0,1,0
2,1,0,0,0,15000.0,0,1,1
1,1,0,0,0,11000.0,0,1,0
2,0,0,0,0,12000.0,0,1,1
1,1,0,0,0,12000.0,0,1,0
1,1,2,1,0,12000.0,0,0,0
1,1,3,3,0,11000.0,1,1,0
0,0,0,0,0,14000.0,0,0,1
0,0,0,0,0,17000.0,0,0,1
1,0,0,0,0,11000.0,0,1,0
2,0,0,0,0,9000.0,0,1,1
1,0,0,0,0,16000.0,0,1,1
0,0,0,0,0,12000.0,0,1,1
2,2,1,0,0,13000.0,0,1,0
3,3,6,4,0,13000.0,1,1,0
3,2,0,2,0,10000.0,0,1,0
0,0,0,0,0,18000.0,0,0,1
3,2,4,1,0,12000.0,1,1,0
1,1,0,2,0,13000.0,0,1,0
2,2,3,4,2,11000.0,1,1,0
0,0,0,0,0,17000.0,0,0,1
3,3,3,3,0,11000.0,0,1,0
2,2,4,3,0,7000.0,0,1,0
0,0,0,0,0,15000.0,0,1,0
2,2,5,3,1,11000.0,0,1,0
0,0,0,0,0,13000.0,1,1,0
0,0,0,0,0,14000.0,1,0,1
0,0,0,0,0,12000.0,0,0,0
1,1,0,3,0,14000.0,0,0,0
0,0,0,0,0,12000.0,0,1,1
3,2,4,6,0,13000.0,1,1,0
2,2,2,1,0,10000.0,1,1,0
3,2,3,4,0,8000.0,0,1,0
1,1,3,1,0,13000.0,0,1,0
3,3,5,4,1,10000.0,0,1,0
0,0,0,0,0,9000.0,0,1,0
1,0,0,0,0,10000.0,0,1,1
1,1,1,1,0,10000.0,0,1,0
0,0,0,0,0,15000.0,0,1,1
0,0,0,0,0,17000.0,0,0,1
1,1,2,1,0,14000.0,1,1,0
1,1,0,1,0,11000.0,0,0,1
3,3,4,6,0,11000.0,0,0,0
3,3,8,4,0,8000.0,0,1,0
3,1,0,0,0,16000.0,1,1,0
2,2,0,17,2,12000.0,0,1,0
2,0,0,0,0,14000.0,1,1,0
2,2,3,5,1,11000.0,1,1,0
2,2,0,1,0,12000.0,1,1,0
2,2,0,0,2,14000.0,0,1,0
1,1,0,0,0,15000.0,1,0,0
1,1,1,8,1,11000.0,0,1,1
1,1,3,2,0,10000.0,0,1,0
0,0,0,0,0,18000.0,0,1,1
3,1,0,0,0,15000.0,1,1,0
1,1,1,3,0,12000.0,0,1,0
2,2,2,0,1,14000.0,0,1,0
3,3,5,2,1,13000.0,0,1,0
0,0,0,0,0,15000.0,0,1,1
2,2,1,3,0,12000.0,1,1,0
1,0,0,0,0,12000.0,0,0,1
3,3,4,6,1,13000.0,0,1,0
1,1,2,2,0,16000.0,0,1,0
3,3,2,3,1,9000.0,0,1,0
2,2,0,0,0,13000.0,0,1,0
2,2,1,3,1,12000.0,1,1,0
1,1,0,1,0,15000.0,1,0,0
1,0,0,0,0,13000.0,1,1,0
0,0,0,0,0,13000.0,0,1,0
2,2,0,2,0,13000.0,0,0,0
3,3,2,9,1,12000.0,0,1,0
1,0,0,0,0,13000.0,0,0,1
2,2,4,1,1,8000.0,0,0,0
2,1,1,1,1,10000.0,0,1,0
1,1,3,2,0,9000.0,0,1,0
1,1,1,0,0,13000.0,1,1,0
0,0,0,0,0,10000.0,0,0,1
0,0,0,0,0,9000.0,0,1,0
2,0,0,0,0,9000.0,0,1,1
1,1,2,1,0,9000.0,0,0,1
2,2,0,0,0,13000.0,1,1,0
2,2,0,0,0,12000.0,1,0,0
0,0,0,0,0,14000.0,1,1,0
0,0,0,0,0,9000.0,0,0,1
3,1,0,2,0,13000.0,1,1,0
2,0,0,0,0,12000.0,0,1,0
2,0,0,0,0,5000.0,1,1,0
2,1,0,1,0,10000.0,1,1,0
2,2,0,0,0,14000.0,0,1,0
3,1,0,1,1,8000.0,0,1,0
2,2,1,6,0,12000.0,0,1,0
1,1,3,3,0,12000.0,0,0,1
1,1,0,1,0,7000.0,0,1,0
1,0,0,0,0,15000.0,0,1,1
2,2,0,1,0,15000.0,1,1,0
1,1,2,3,0,14000.0,1,1,0
3,3,4,5,2,9000.0,1,1,0
2,2,6,3,1,7000.0,1,1,0
3,1,1,1,0,11000.0,1,1,0
3,1,0,0,0,12000.0,1,1,0
1,1,0,1,0,15000.0,1,0,0
0,0,0,0,0,15000.0,1,1,0
1,1,2,0,2,11000.0,1,1,0
0,0,0,0,0,9000.0,0,1,0
1,0,0,0,0,9000.0,0,1,1
0,0,0,0,0,14000.0,0,0,0
2,1,1,3,0,9000.0,0,1,0
3,3,2,4,0,8000.0,0,1,0
1,1,2,0,0,17000.0,1,1,0
0,0,0,0,0,12000.0,0,1,1
1,1,0,1,0,14000.0,0,0,0
0,0,0,0,0,9000.0,0,1,0
2,2,0,2,2,11000.0,0,1,0
0,0,0,0,0,10000.0,0,0,1
2,2,1,6,0,5000.0,1,1,0
3,0,0,0,0,5000.0,0,1,0
2,0,0,0,0,9000.0,0,1,1
2,2,4,2,0,6000.0,1,1,0
0,0,0,0,0,14000.0,0,0,1
3,2,1,2,0,7000.0,0,1,0
1,0,0,0,0,13000.0,0,0,1
1,1,2,1,0,14000.0,0,1,0
0,0,0,0,0,15000.0,0,0,1
0,0,0,0,0,14000.0,0,0,1
3,0,0,0,0,12000.0,0,1,0
2,2,4,0,1,10000.0,0,0,0
3,2,3,7,0,11000.0,1,1,0
3,1,0,1,0,6000.0,0,1,0
0,0,0,0,0,13000.0,0,1,1
2,2,1,1,0,18000.0,1,1,0
3,3,3,15,1,8000.0,1,0,0
1,1,2,4,0,13000.0,1,1,1
1,1,0,2,0,14000.0,0,0,1
3,1,1,0,0,11000.0,1,1,0
2,2,4,2,0,12000.0,0,1,0
2,2,1,2,0,7000.0,0,1,0
3,0,0,0,0,8000.0,0,1,1
0,0,0,0,0,11000.0,0,1,1
1,1,0,2,1,11000.0,1,0,0
0,0,0,0,0,16000.0,0,1,1
0,0,0,0,0,13000.0,0,0,1
2,0,0,0,0,10000.0,0,0,0
2,0,0,0,0,13000.0,0,1,0
3,0,0,0,0,10000.0,1,1,0
3,0,0,0,0,12000.0,0,1,0
2,2,3,1,0,13000.0,0,0,0
3,0,0,0,0,10000.0,1,1,0
1,1,1,0,0,12000.0,0,1,1
2,2,0,0,0,14000.0,0,1,0
3,2,0,4,1,10000.0,0,1,0
2,1,2,0,0,11000.0,0,1,0
3,3,8,2,1,12000.0,0,1,0
3,3,8,6,0,12000.0,1,1,0
0,0,0,0,0,11000.0,0,1,0
2,2,0,0,0,10000.0,1,1,0
0,0,0,0,0,17000.0,1,0,1
0,0,0,0,0,14000.0,0,0,1
1,0,0,0,0,12000.0,1,1,0
3,0,0,0,0,12000.0,1,0,1
1,1,0,3,1,11000.0,0,1,1
3,2,1,0,0,13000.0,1,1,0
2,2,0,1,1,12000.0,0,1,0
2,1,1,3,0,12000.0,1,1,0
0,0,0,0,0,10000.0,0,1,0
2,2,3,1,2,14000.0,0,1,0
2,2,1,1,0,14000.0,0,0,0
2,2,2,4,1,6000.0,0,1,0
2,2,0,0,1,12000.0,0,1,0
3,3,3,0,1,15000.0,1,1,0
1,1,1,2,0,14000.0,0,1,0
0,0,0,0,0,15000.0,0,0,1
0,0,0,0,0,11000.0,0,0,1
2,2,1,4,0,12000.0,0,1,0
0,0,0,0,0,11000.0,0,0,1
1,1,0,0,0,19000.0,0,1,0
2,2,1,1,0,15000.0,1,0,0
1,1,2,0,0,15000.0,1,1,0
0,0,0,0,0,12000.0,0,0,1
0,0,0,0,0,10000.0,0,0,0
2,2,3,9,0,9000.0,1,1,0
0,0,0,0,0,18000.0,0,0,1
1,1,2,4,0,14000.0,0,1,1
2,0,0,0,0,10000.0,1,1,0
3,2,3,4,0,12000.0,1,1,0
3,3,3,3,0,11000.0,1,1,0
3,2,1,5,0,10000.0,0,1,0
3,3,5,3,0,12000.0,0,1,0
1,1,0,0,0,13000.0,0,0,0
2,2,0,0,1,12000.0,0,1,0
0,0,0,0,0,12000.0,0,0,1
1,1,1,1,0,11000.0,0,0,0
1,1,1,3,0,9000.0,1,1,0
2,2,2,5,0,8000.0,0,1,0
3,1,3,2,0,10000.0,0,1,0
3,2,4,7,0,11000.0,1,1,0
1,0,0,0,0,11000.0,0,0,1
1,1,0,2,0,9000.0,1,0,1
2,1,2,1,0,8000.0,1,0,0
0,0,0,0,0,10000.0,0,0,1
2,0,0,0,0,14000.0,0,1,1
3,3,7,6,0,12000.0,0,1,0
0,0,0,0,0,17000.0,0,1,1
1,1,0,0,0,13000.0,0,0,0
2,1,2,2,0,11000.0,1,1,0
1,0,0,0,0,11000.0,0,1,1
0,0,0,0,0,12000.0,0,1,1
1,0,0,0,0,12000.0,0,0,1
2,2,0,3,0,9000.0,0,1,0
2,2,3,4,0,4000.0,0,1,0
2,2,2,4,0,13000.0,1,0,0
1,1,1,1,1,12000.0,1,1,0
0,0,0,0,0,12000.0,0,0,1
1,1,0,0,0,8000.0,1,1,0
0,0,0,0,0,12000.0,0,1,1
2,1,0,2,2,11000.0,0,1,0
2,2,4,0,0,14000.0,0,0,1
1,1,1,1,0,14000.0,1,0,0
2,0,0,0,0,8000.0,0,1,0
1,1,1,3,0,10000.0,0,1,0
1,1,0,1,1,11000.0,0,0,1
3,2,1,0,0,12000.0,0,1,0
1,0,0,0,0,11000.0,1,1,0
1,1,0,0,0,14000.0,1,1,0
2,1,0,1,0,14000.0,0,1,0
3,3,6,3,1,15000.0,0,1,1
3,2,0,1,0,12000.0,0,0,0
2,2,3,8,1,14000.0,0,0,0
2,2,3,7,0,6000.0,1,1,0
1,0,0,0,0,11000.0,0,0,1
2,0,0,0,0,9000.0,1,1,0
1,0,0,0,0,11000.0,0,0,1
2,1,0,2,0,13000.0,0,0,1
0,0,0,0,0,16000.0,0,1,0
3,3,10,7,0,8000.0,0,1,0
1,1,0,0,0,13000.0,1,1,0
3,0,0,0,0,12000.0,1,1,0
1,1,0,0,2,4000.0,0,1,0
1,1,1,4,0,12000.0,1,1,0
1,1,2,2,1,12000.0,1,1,0
3,3,11,1,2,10000.0,0,1,0
0,0,0,0,0,14000.0,0,0,1
2,2,4,1,1,12000.0,1,1,0
1,1,2,1,1,12000.0,0,1,0
2,2,4,0,0,13000.0,1,0,0
2,0,0,0,0,10000.0,0,0,1
0,0,0,0,0,12000.0,0,1,1
1,1,0,4,1,12000.0,0,0,1
2,2,0,1,0,12000.0,0,1,0
2,0,0,0,0,7000.0,0,1,1
1,1,1,8,0,11000.0,0,1,0
0,0,0,0,0,16000.0,0,0,0
3,3,0,2,0,10000.0,0,1,0
3,3,4,3,1,12000.0,0,1,0
3,0,0,0,0,8000.0,1,1,0
3,1,1,0,0,11000.0,1,0,0
0,0,0,0,0,13000.0,0,1,1
0,0,0,0,0,12000.0,0,0,1
2,1,2,1,0,18000.0,0,1,0
1,1,1,2,0,8000.0,0,1,0
2,0,0,0,0,13000.0,1,1,0
0,0,0,0,0,11000.0,0,0,1
0,0,0,0,0,15000.0,0,0,1
3,2,0,3,0,5000.0,0,1,0
2,2,5,3,0,9000.0,0,1,0
3,2,5,1,1,11000.0,1,1,0
1,1,4,1,0,10000.0,0,1,0
1,0,0,0,0,9000.0,1,1,1
1,1,2,1,0,9000.0,0,0,1
3,3,6,3,1,12000.0,0,1,0
3,3,2,2,2,13000.0,1,1,0
3,2,0,2,0,11000.0,1,1,0
1,1,1,2,0,13000.0,1,1,0
3,2,1,4,0,13000.0,1,1,0
2,1,0,0,0,14000.0,0,1,1
2,1,1,1,0,11000.0,0,1,1
3,2,0,4,0,10000.0,0,1,0
2,2,2,1,0,17000.0,0,1,0
0,0,0,0,0,11000.0,0,1,0
1,0,0,0,0,12000.0,0,1,1
3,1,0,0,0,12000.0,1,0,0
0,0,0,0,0,14000.0,0,0,1
3,1,0,2,0,11000.0,0,1,1
3,0,0,0,0,10000.0,1,0,0
2,2,1,1,0,11000.0,0,1,0
3,3,1,2,0,12000.0,0,0,0
2,0,0,0,0,11000.0,1,1,0
3,3,3,3,1,8000.0,0,1,0
1,1,0,1,0,11000.0,0,1,1
0,0,0,0,0,12000.0,0,0,1
1,1,1,2,0,9000.0,0,1,0
3,3,3,4,0,10000.0,0,1,0
2,2,7,0,0,13000.0,1,1,0
0,0,0,0,0,10000.0,0,1,0
0,0,0,0,0,7000.0,0,0,1
1,1,1,1,0,12000.0,1,0,0
1,1,0,0,0,14000.0,0,1,0
3,3,1,4,0,12000.0,1,1,0
1,1,1,3,0,11000.0,1,0,0
2,2,1,4,0,10000.0,1,1,0
0,0,0,0,0,10000.0,0,0,1
0,0,0,0,0,10000.0,0,1,0
0,0,0,0,0,14000.0,0,1,0
1,1,0,4,0,10000.0,1,1,0
2,2,1,1,0,12000.0,0,1,0
0,0,0,0,0,15000.0,0,0,1
3,3,7,3,0,13000.0,0,1,0
2,2,2,2,0,12000.0,1,1,0
2,2,3,1,0,12000.0,0,0,0
0,0,0,0,0,6000.0,0,0,0
1,0,0,0,0,13000.0,0,1,1
0,0,0,0,0,14000.0,0,1,1
3,0,0,0,0,8000.0,0,1,1
3,3,6,22,0,5000.0,0,1,0
0,0,0,0,0,13000.0,1,1,0
2,2,0,4,2,10000.0,1,1,0
0,0,0,0,0,12000.0,0,0,1
2,1,3,1,0,7000.0,0,0,0
1,0,0,0,0,13000.0,0,1,1
3,3,3,5,1,13000.0,0,1,0
1,1,0,2,0,18000.0,0,0,1
2,0,0,0,0,12000.0,1,1,0
1,1,3,6,0,9000.0,0,1,0
3,3,1,5,1,11000.0,0,1,0
1,1,0,0,0,12000.0,0,1,0
1,0,0,0,0,15000.0,0,1,1
2,1,2,0,0,12000.0,0,0,0
1,1,0,0,0,12000.0,0,0,1
1,0,0,0,0,9000.0,1,0,1
3,3,8,1,1,10000.0,0,1,0
2,2,2,1,0,13000.0,0,0,0
1,1,1,3,0,10000.0,0,1,0
1,1,1,0,0,15000.0,0,1,0
1,1,1,0,0,10000.0,0,1,0
0,0,0,0,0,14000.0,0,1,1
1,1,0,2,1,9000.0,1,1,1
0,0,0,0,0,10000.0,0,0,1
2,1,0,0,0,12000.0,0,0,1
1,0,0,0,0,16000.0,0,1,0
3,2,2,4,0,12000.0,0,1,0
3,1,1,2,0,14000.0,0,0,1
0,0,0,0,0,10000.0,0,1,1
1,0,0,0,0,13000.0,0,1,0
1,0,0,0,0,11000.0,0,1,1
3,3,1,1,2,12000.0,1,1,0
0,0,0,0,0,11000.0,0,0,1
1,1,1,0,0,16000.0,0,1,0
0,0,0,0,0,12000.0,1,1,0
2,1,1,4,0,7000.0,1,1,0
1,1,4,0,0,9000.0,0,1,0
2,0,0,0,0,14000.0,1,0,1
1,0,0,0,0,9000.0,0,1,1
1,1,5,2,0,13000.0,0,1,0
1,1,1,2,0,11000.0,1,1,0
0,0,0,0,0,15000.0,0,0,1
1,1,0,2,0,11000.0,0,1,1
1,0,0,0,0,12000.0,1,1,0
3,3,4,6,2,11000.0,0,1,0
0,0,0,0,0,10000.0,0,0,1
3,3,0,2,1,11000.0,1,0,0
2,2,4,2,0,8000.0,0,1,0
3,0,0,0,0,12000.0,0,0,1
2,2,2,4,2,12000.0,1,0,1
2,2,1,0,0,16000.0,1,1,0
0,0,0,0,0,14000.0,0,0,1
1,1,3,1,0,11000.0,0,1,0
1,1,1,2,0,12000.0,0,0,0
1,1,1,4,1,12000.0,0,0,1
0,0,0,0,0,10000.0,0,0,1
2,2,5,5,1,6000.0,0,1,0
0,0,0,0,0,13000.0,0,1,1
1,0,0,0,0,7000.0,0,1,1
1,0,0,0,0,13000.0,0,0,1
2,2,5,0,0,11000.0,1,1,0
0,0,0,0,0,14000.0,0,1,0
0,0,0,0,0,11000.0,0,0,1
3,2,0,1,1,9000.0,1,1,0
1,0,0,0,0,12000.0,0,1,1
1,1,1,0,0,11000.0,0,1,0
1,1,1,0,0,13000.0,0,1,0
1,1,1,2,0,13000.0,0,1,0
2,0,0,0,0,12000.0,1,1,0
2,0,0,0,0,11000.0,0,1,1
3,3,0,2,0,11000.0,0,1,0
2,0,0,0,0,6000.0,0,1,0
2,2,1,0,0,16000.0,1,1,0
2,2,2,3,0,11000.0,1,1,0
0,0,0,0,0,12000.0,0,0,1
3,3,3,4,0,12000.0,0,1,0
1,0,0,0,0,13000.0,0,1,0
2,2,1,3,1,15000.0,1,1,0
3,3,3,11,0,12000.0,0,1,0
2,2,3,0,0,9000.0,0,1,0
0,0,0,0,0,11000.0,0,1,0
2,2,6,1,0,10000.0,0,1,0
3,1,1,1,0,12000.0,0,1,0
0,0,0,0,0,13000.0,0,0,1
2,2,1,4,1,15000.0,1,1,0
1,1,0,1,0,12000.0,1,1,0
1,1,0,2,0,11000.0,0,1,0
0,0,0,0,0,16000.0,0,1,1
3,3,6,1,0,15000.0,1,0,0
0,0,0,0,0,18000.0,0,0,1
3,0,0,0,0,9000.0,1,1,0
1,1,1,0,0,11000.0,1,1,0
3,1,0,0,0,8000.0,0,1,0
1,1,1,1,0,9000.0,0,0,1
0,0,0,0,0,9000.0,0,0,1
3,3,2,1,0,7000.0,0,1,0
2,2,2,3,1,9000.0,0,1,0
1,1,3,1,0,8000.0,1,1,0
2,2,7,5,2,10000.0,1,1,0
1,1,0,2,0,8000.0,0,0,1
2,2,5,0,1,13000.0,0,1,0
3,1,1,5,0,12000.0,0,1,0
0,0,0,0,0,11000.0,1,0,1
2,2,1,0,0,15000.0,0,0,0
2,2,2,2,0,13000.0,1,1,0
1,0,0,0,0,15000.0,0,1,0
1,0,0,0,0,7000.0,0,0,1
0,0,0,0,0,10000.0,0,0,1
1,1,4,0,1,10000.0,0,0,0
0,0,0,0,0,9000.0,1,1,0
0,0,0,0,0,16000.0,0,0,1
2,2,1,8,0,13000.0,0,0,0
1,1,2,0,0,15000.0,0,1,0
3,3,3,1,0,14000.0,0,1,0
3,3,0,16,1,9000.0,1,1,0
1,1,0,2,0,12000.0,0,0,1
3,2,1,1,1,12000.0,1,1,0
1,1,0,1,1,8000.0,0,1,0
3,3,2,3,1,12000.0,0,0,0
1,1,0,1,0,12000.0,1,1,0
0,0,0,0,0,15000.0,0,1,1
0,0,0,0,0,15000.0,0,0,1
1,1,3,3,0,12000.0,0,0,1
2,2,2,0,1,13000.0,0,1,0
2,0,0,0,0,13000.0,0,0,1
0,0,0,0,0,11000.0,1,1,0
0,0,0,0,0,14000.0,1,1,0
1,0,0,0,0,12000.0,1,1,0
1,1,2,1,0,14000.0,1,1,0
1,0,0,0,0,12000.0,0,1,1
2,2,3,4,0,6000.0,0,0,0
3,1,0,1,0,9000.0,0,0,1
1,1,1,1,1,12000.0,0,1,0
1,1,3,0,0,13000.0,1,1,0
3,3,2,4,0,10000.0,0,1,0
2,2,0,8,0,11000.0,0,1,0
0,0,0,0,0,16000.0,0,1,1
2,2,0,1,1,12000.0,1,1,0
2,2,0,0,0,9000.0,1,1,0
3,3,4,8,0,9000.0,1,1,0
3,0,0,0,0,9000.0,1,1,0
1,1,2,2,0,11000.0,0,0,0
1,1,2,3,0,9000.0,0,0,0
2,0,0,0,0,12000.0,0,1,1
1,1,2,2,0,12000.0,0,1,0
2,0,0,0,0,11000.0,1,0,1
2,0,0,0,0,13000.0,0,1,1
1,1,0,4,0,7000.0,0,1,0
1,1,1,0,0,16000.0,0,0,1
0,0,0,0,0,12000.0,0,1,1
2,2,0,1,1,13000.0,0,1,0
0,0,0,0,0,14000.0,0,1,1
1,1,1,3,0,10000.0,1,1,0
1,1,0,2,0,13000.0,0,0,1
0,0,0,0,0,11000.0,0,0,1
1,0,0,0,0,13000.0,0,1,1
3,3,6,3,1,12000.0,0,1,0
0,0,0,0,0,9000.0,0,0,1
2,1,4,0,0,11000.0,0,0,0
3,3,0,3,0,12000.0,1,1,0
0,0,0,0,0,15000.0,1,1,0
0,0,0,0,0,11000.0,1,1,0
0,0,0,0,0,14000.0,0,0,1
1,1,2,1,0,15000.0,0,1,0
0,0,0,0,0,19000.0,0,1,1
3,3,0,3,1,12000.0,1,1,0
1,1,1,1,0,13000.0,0,0,1
1,1,1,1,0,11000.0,1,1,0
1,1,0,0,1,13000.0,0,0,0
2,2,2,2,0,15000.0,1,1,0
2,2,2,1,0,14000.0,0,1,0
3,1,1,4,0,9000.0,1,1,0
3,3,2,3,0,12000.0,1,1,0
2,2,2,7,0,8000.0,1,1,0
0,0,0,0,0,15000.0,1,0,1
2,1,3,0,0,12000.0,0,1,0
1,0,0,0,0,12000.0,1,1,0
2,2,3,5,0,6000.0,0,1,0
2,1,0,0,0,14000.0,1,1,0
2,1,2,1,0,12000.0,0,1,1
1,1,1,1,0,14000.0,0,1,1
1,1,0,1,0,12000.0,0,0,1
0,0,0,0,0,11000.0,0,1,1
0,0,0,0,0,17000.0,0,1,0
0,0,0,0,0,11000.0,0,1,1
1,1,0,1,1,13000.0,0,1,0
1,1,0,3,2,10000.0,0,0,1
0,0,0,0,0,14000.0,0,1,1
2,2,2,3,0,12000.0,1,1,0
1,1,0,3,0,11000.0,0,1,1
1,1,1,0,1,14000.0,0,0,0
2,2,2,5,1,8000.0,0,1,0
1,1,0,4,1,11000.0,0,1,1
2,2,1,2,0,10000.0,1,1,0
3,1,0,1,0,10000.0,0,1,0
1,0,0,0,0,9000.0,1,1,0
2,2,0,2,0,15000.0,0,0,0
3,3,6,1,1,12000.0,1,1,0
1,1,0,0,0,12000.0,0,0,0
1,0,0,0,0,12000.0,0,0,0
2,2,1,4,1,15000.0,1,1,0
0,0,0,0,0,9000.0,0,0,0
1,1,3,2,2,5000.0,1,1,0
3,3,5,1,0,12000.0,1,1,0
1,1,0,1,0,15000.0,0,1,0
0,0,0,0,0,9000.0,0,0,1
3,1,1,0,0,13000.0,0,1,1
0,0,0,0,0,15000.0,0,0,1
2,0,0,0,0,9000.0,1,1,0
1,1,0,0,0,12000.0,0,1,1
0,0,0,0,0,14000.0,0,1,1
0,0,0,0,0,11000.0,0,0,1
1,1,2,4,1,11000.0,0,1,1
2,0,0,0,0,7000.0,0,1,0
2,1,0,4,0,12000.0,0,1,0
0,0,0,0,0,15000.0,0,0,1
2,2,3,2,0,13000.0,0,1,0
2,1,2,1,0,8000.0,0,1,0
2,2,2,9,1,8000.0,0,0,1
3,3,3,5,0,11000.0,1,1,0
2,2,1,1,0,12000.0,0,1,0
3,2,2,1,0,11000.0,0,1,0
0,0,0,0,0,15000.0,0,1,1
2,2,0,0,1,18000.0,0,1,0
1,1,2,2,0,6000.0,1,1,0
3,2,2,3,0,12000.0,0,1,0
0,0,0,0,0,15000.0,1,1,0
1,1,0,0,0,14000.0,0,0,0
0,0,0,0,0,13000.0,0,0,1
1,1,1,1,0,13000.0,1,1,0
3,3,1,1,0,14000.0,0,1,0
1,1,0,1,0,14000.0,0,1,0
1,1,1,3,0,11000.0,0,0,1
1,1,1,0,0,12000.0,0,1,0
2,0,0,0,0,13000.0,0,1,0
0,0,0,0,0,14000.0,0,1,0
3,3,2,3,0,11000.0,0,1,0
0,0,0,0,0,17000.0,0,1,0
1,0,0,0,0,11000.0,0,1,1
2,1,0,4,1,11000.0,0,1,0
2,2,2,2,0,14000.0,0,1,0
3,3,2,1,0,14000.0,0,1,0
1,0,0,0,0,17000.0,0,1,1
0,0,0,0,0,15000.0,0,0,1
3,3,4,4,1,6000.0,0,1,0
3,0,0,0,0,11000.0,1,0,1
3,2,4,6,1,11000.0,0,1,0
2,1,1,0,1,10000.0,0,0,0
3,2,6,0,2,11000.0,0,1,0
0,0,0,0,0,9000.0,1,1,0
3,3,1,11,0,10000.0,1,1,0
3,0,0,0,0,10000.0,0,0,1
3,0,0,0,0,14000.0,1,1,0
3,3,4,4,1,11000.0,1,1,0
0,0,0,0,0,10000.0,0,0,1
1,1,0,4,0,11000.0,0,0,1
3,1,1,1,0,13000.0,0,1,1
2,2,0,6,0,8000.0,1,1,0
1,1,1,2,2,11000.0,0,1,0
2,2,3,0,0,12000.0,1,0,0
1,1,1,2,1,13000.0,1,1,0
2,2,1,4,2,13000.0,1,1,0
1,1,0,1,0,10000.0,1,1,0
1,1,1,0,1,17000.0,1,0,0
2,2,2,6,0,12000.0,0,1,1
1,1,1,5,0,7000.0,1,1,0
1,1,1,3,1,8000.0,1,1,0
0,0,0,0,0,17000.0,0,1,1
1,1,2,0,0,10000.0,0,1,0
2,0,0,0,0,9000.0,1,1,0
0,0,0,0,0,15000.0,0,0,1
0,0,0,0,0,11000.0,1,0,1
1,1,1,1,0,13000.0,0,1,0
2,2,9,2,0,7000.0,0,1,0
2,2,3,2,1,10000.0,1,1,0
0,0,0,0,0,12000.0,0,1,0
1,1,1,3,2,11000.0,0,0,1
3,3,0,3,0,11000.0,0,1,1
1,1,1,1,0,15000.0,0,1,0
0,0,0,0,0,14000.0,0,0,1
0,0,0,0,0,17000.0,0,0,1
3,3,1,4,0,9000.0,0,1,0
1,0,0,0,0,14000.0,0,1,1
2,2,2,1,0,8000.0,0,0,0
0,0,0,0,0,19000.0,0,0,1
0,0,0,0,0,18000.0,0,0,1
0,0,0,0,0,14000.0,0,0,1
0,0,0,0,0,13000.0,0,1,1
3,3,4,1,0,11000.0,0,0,0
2,2,0,3,1,13000.0,0,1,0
1,1,0,0,0,10000.0,0,0,0
3,0,0,0,0,10000.0,0,0,0
2,1,0,1,1,8000.0,0,1,0
0,0,0,0,0,15000.0,0,0,0
0,0,0,0,0,15000.0,0,1,1
2,1,1,1,0,12000.0,1,1,0
1,1,0,2,1,12000.0,0,0,1
2,2,1,0,0,12000.0,0,0,0
0,0,0,0,0,17000.0,0,1,0
1,0,0,0,0,14000.0,0,0,1
2,2,1,0,0,13000.0,0,0,0
2,2,0,1,0,13000.0,0,0,0
2,2,0,4,0,6000.0,1,1,0
1,1,1,0,0,13000.0,1,1,0
0,0,0,0,0,6000.0,0,0,1
1,1,1,1,0,14000.0,0,1,0
2,1,1,0,1,14000.0,0,1,0
1,1,0,0,0,15000.0,0,0,0
3,2,4,2,0,11000.0,1,1,0
2,0,0,0,0,14000.0,0,1,1
3,2,0,2,0,11000.0,0,1,1
3,1,0,4,0,12000.0,0,1,0
3,3,2,0,0,14000.0,0,1,0
0,0,0,0,0,16000.0,0,0,1
2,2,4,4,0,8000.0,0,0,0
2,2,7,7,0,10000.0,0,1,0
0,0,0,0,0,12000.0,0,1,1
3,2,1,4,2,11000.0,1,1,0
1,1,2,3,0,10000.0,1,1,0
1,0,0,0,0,12000.0,1,1,0
1,1,0,0,0,12000.0,0,1,1
0,0,0,0,0,11000.0,1,0,1
1,0,0,0,0,12000.0,0,1,0
2,1,0,1,0,11000.0,1,1,0
0,0,0,0,0,9000.0,0,1,0
1,0,0,0,0,8000.0,0,0,1
3,2,3,1,0,15000.0,0,1,0
1,1,1,8,1,9000.0,0,0,1
0,0,0,0,0,17000.0,0,0,1
2,2,2,7,0,12000.0,1,0,0
3,3,5,5,0,7000.0,1,1,0
0,0,0,0,0,13000.0,0,0,1
3,3,0,1,1,13000.0,0,1,0
0,0,0,0,0,13000.0,0,0,1
3,3,3,3,0,8000.0,1,0,0
2,2,1,11,0,8000.0,0,1,0
3,0,0,0,0,13000.0,0,1,0
1,1,1,1,0,12000.0,0,1,0
0,0,0,0,0,17000.0,0,1,1
2,2,2,9,1,12000.0,1,1,0
3,3,3,8,2,10000.0,1,1,0
3,3,0,2,1,12000.0,0,1,0
3,3,1,5,0,14000.0,1,1,0
1,1,3,1,0,8000.0,1,1,0
2,2,4,3,0,10000.0,1,1,0
2,0,0,0,0,9000.0,0,1,1
2,2,5,0,0,11000.0,0,1,0
1,1,0,0,0,13000.0,0,1,0
1,1,0,0,1,12000.0,1,1,0
2,0,0,0,0,14000.0,1,1,0
0,0,0,0,0,13000.0,0,1,0
1,1,1,2,0,8000.0,1,0,0
2,2,1,1,0,12000.0,0,1,0
1,1,0,3,0,15000.0,0,1,1
0,0,0,0,0,16000.0,0,0,1
2,0,0,0,0,12000.0,0,1,0
3,1,0,1,0,12000.0,1,1,0
2,0,0,0,0,7000.0,0,0,0
0,0,0,0,0,11000.0,0,0,1
2,0,0,0,0,13000.0,1,1,1
2,2,2,0,0,9000.0,0,1,0
1,1,0,0,0,16000.0,0,1,1
3,3,4,5,3,7000.0,0,1,0
3,3,10,8,1,12000.0,1,1,0
2,2,1,1,0,12000.0,1,1,0
3,1,0,2,0,12000.0,1,1,0
2,2,6,3,0,8000.0,0,1,0
0,0,0,0,0,9000.0,0,1,0
2,2,3,1,1,12000.0,1,1,0
1,1,2,0,0,9000.0,1,0,0
0,0,0,0,0,20000.0,0,0,1
1,0,0,0,0,13000.0,1,1,0
2,2,3,1,0,14000.0,0,1,0
2,2,2,4,0,10000.0,0,1,0
2,2,0,1,0,12000.0,0,1,0
1,0,0,0,0,12000.0,0,0,1
0,0,0,0,0,11000.0,0,1,1
1,1,1,1,1,10000.0,0,1,0
2,2,0,0,0,14000.0,0,0,0
0,0,0,0,0,14000.0,0,0,1
1,0,0,0,0,10000.0,0,0,1
0,0,0,0,0,17000.0,0,0,1
0,0,0,0,0,14000.0,0,0,1
1,1,3,3,0,8000.0,0,0,1
1,1,1,0,0,12000.0,1,1,0
1,1,0,0,0,14000.0,0,1,0
2,2,1,3,0,11000.0,1,1,0
2,1,2,1,0,11000.0,0,1,1
1,1,0,2,0,12000.0,1,1,1
2,0,0,0,0,12000.0,0,0,1
0,0,0,0,0,13000.0,0,1,0
2,2,2,1,0,12000.0,0,1,0
2,2,5,2,0,14000.0,1,1,0
3,3,3,4,0,11000.0,0,1,0
1,1,0,0,0,18000.0,0,1,1
1,1,1,1,1,14000.0,0,0,0
3,1,1,3,0,13000.0,1,1,0
2,1,1,0,1,12000.0,0,1,1
3,3,3,5,0,12000.0,0,1,0
3,2,4,4,2,10000.0,0,1,0
2,2,4,2,1,13000.0,0,1,0
1,1,3,2,0,12000.0,0,1,0
3,2,5,1,1,5000.0,0,1,0
2,0,0,0,0,10000.0,0,1,1
0,0,0,0,0,12000.0,0,1,0
1,1,1,1,0,12000.0,1,1,0
0,0,0,0,0,9000.0,1,1,0
0,0,0,0,0,14000.0,0,0,0
1,1,0,2,0,9000.0,0,1,0
2,2,0,2,0,17000.0,0,1,0
2,2,1,2,1,8000.0,1,1,0
1,1,0,3,0,13000.0,0,1,0
1,0,0,0,0,14000.0,1,1,0
1,1,2,2,2,12000.0,0,0,1
2,2,3,3,0,11000.0,0,1,0
0,0,0,0,0,13000.0,0,1,1
3,3,6,4,0,11000.0,0,1,0
2,2,3,7,0,12000.0,1,1,0
3,3,2,11,1,8000.0,0,0,0
3,3,4,11,1,9000.0,0,1,0
3,3,0,3,1,13000.0,1,1,0
0,0,0,0,0,18000.0,0,0,1
1,1,2,4,0,13000.0,0,1,0
1,1,0,0,0,7000.0,0,1,0
1,1,2,6,1,9000.0,0,1,0
3,3,8,5,1,8000.0,0,0,0
3,3,3,14,0,10000.0,0,1,0
2,1,0,0,1,14000.0,0,0,1
1,1,1,1,0,12000.0,0,1,0
2,2,0,2,0,9000.0,1,1,0
3,1,1,0,0,13000.0,0,1,0
1,1,2,1,0,9000.0,1,1,0
2,2,1,3,1,11000.0,1,0,0
2,0,0,0,0,10000.0,1,1,0
2,1,2,2,0,12000.0,0,1,1
3,1,1,0,0,6000.0,1,1,0
1,1,0,1,1,5000.0,1,0,0
2,2,0,6,1,12000.0,0,1,0
0,0,0,0,0,12000.0,0,1,1
1,1,0,0,1,12000.0,1,1,0
2,2,1,3,1,13000.0,0,1,0
0,0,0,0,0,15000.0,0,0,1
0,0,0,0,0,12000.0,0,0,1
2,2,3,1,1,10000.0,0,0,0
3,0,0,0,0,9000.0,0,1,0
2,1,2,1,1,15000.0,0,1,0
0,0,0,0,0,12000.0,0,0,1
2,1,2,0,0,13000.0,0,1,0
3,3,0,3,0,12000.0,0,0,0
1,1,1,0,1,15000.0,1,1,0
3,1,1,0,0,13000.0,0,1,0
2,2,1,3,0,12000.0,0,1,0
3,3,2,8,2,7000.0,0,1,0
3,1,0,0,1,12000.0,1,0,0
1,0,0,0,0,16000.0,1,1,0
2,2,6,3,0,7000.0,0,0,0
2,2,2,4,0,12000.0,1,1,0
2,0,0,0,0,14000.0,1,1,0
2,0,0,0,0,11000.0,0,0,1
1,0,0,0,0,12000.0,0,0,1
0,0,0,0,0,12000.0,0,0,1
1,1,2,1,0,10000.0,0,1,1
1,1,0,4,0,6000.0,0,0,1
3,2,1,0,0,14000.0,0,0,0
1,0,0,0,0,11000.0,0,0,0
3,3,0,5,3,10000.0,0,1,0
2,2,2,1,2,10000.0,0,1,0
1,1,2,2,0,14000.0,0,0,0
1,1,1,1,1,13000.0,1,0,1
2,2,0,0,0,10000.0,0,1,0
1,1,0,0,0,12000.0,0,1,1
2,0,0,0,0,14000.0,1,1,0
0,0,0,0,0,12000.0,0,1,1
0,0,0,0,0,12000.0,0,0,1
3,2,3,10,0,6000.0,0,1,0
2,2,4,2,2,10000.0,1,1,0
0,0,0,0,0,14000.0,1,0,1
2,2,3,0,0,12000.0,0,1,0
3,2,1,8,1,9000.0,0,1,0
0,0,0,0,0,13000.0,0,0,1
2,2,1,4,2,13000.0,0,1,0
3,3,5,15,1,9000.0,0,1,0
1,1,2,1,0,12000.0,0,1,0
2,2,1,1,0,16000.0,0,1,0
1,1,1,2,0,10000.0,1,1,0
2,2,1,2,0,16000.0,1,1,0
2,1,0,2,0,12000.0,1,1,0
2,2,0,2,1,14000.0,0,1,0
3,3,5,11,3,12000.0,1,1,0
1,0,0,0,0,12000.0,0,0,1
1,1,2,3,0,12000.0,0,1,0
1,1,6,3,0,11000.0,0,0,1
1,1,2,1,0,11000.0,1,1,0
0,0,0,0,0,12000.0,0,0,1
0,0,0,0,0,12000.0,0,0,1
3,0,0,0,0,10000.0,1,1,1
2,2,2,0,0,12000.0,1,1,0
3,2,2,3,0,10000.0,1,1,0
0,0,0,0,0,11000.0,0,0,0
0,0,0,0,0,11000.0,1,0,0
2,2,2,6,2,8000.0,1,1,0
3,3,1,3,0,11000.0,1,0,0
0,0,0,0,0,12000.0,0,0,0
3,1,3,0,0,16000.0,1,1,0
1,1,0,0,0,13000.0,0,1,0
1,1,2,0,0,10000.0,0,1,0
3,3,7,2,1,10000.0,1,1,0
2,0,0,0,0,17000.0,1,1,0
2,1,1,3,0,11000.0,1,0,1
0,0,0,0,0,14000.0,0,1,0
1,0,0,0,0,7000.0,1,1,0
1,1,0,2,1,14000.0,0,0,1
1,1,1,3,1,12000.0,0,1,1
2,2,1,4,0,10000.0,0,0,0
3,2,1,5,0,15000.0,1,1,0
3,3,4,1,1,11000.0,1,1,0
1,1,0,1,0,15000.0,0,1,0
3,1,0,0,0,12000.0,0,1,0
3,3,4,3,0,13000.0,0,1,0
2,2,0,1,1,13000.0,1,0,0
2,2,0,5,0,9000.0,0,0,0
2,2,0,0,0,12000.0,0,1,0
2,0,0,0,0,9000.0,0,1,0
2,2,1,3,0,11000.0,0,0,0
2,2,0,2,0,7000.0,1,1,0
3,0,0,0,0,14000.0,1,1,0
1,1,0,1,0,9000.0,0,1,0
2,0,0,0,0,9000.0,0,0,1
1,1,2,1,0,16000.0,1,1,0
0,0,0,0,0,16000.0,0,1,1
2,0,0,0,0,15000.0,0,0,1
0,0,0,0,0,13000.0,0,1,1
3,1,2,4,2,13000.0,0,1,0
0,0,0,0,0,9000.0,0,0,1
1,1,3,0,1,8000.0,1,1,0
2,2,1,7,2,12000.0,1,1,0
3,0,0,0,0,10000.0,1,1,0
1,1,0,1,0,11000.0,0,1,0
3,3,5,4,0,14000.0,1,1,0
1,0,0,0,0,13000.0,0,1,0
2,0,0,0,0,10000.0,1,0,0
0,0,0,0,0,15000.0,0,1,1
2,2,3,0,0,14000.0,0,0,1
1,1,0,1,0,16000.0,1,1,0
1,1,0,1,1,15000.0,0,1,0
1,1,4,1,1,12000.0,1,1,0
2,2,1,0,0,16000.0,0,1,0
1,1,0,0,0,13000.0,0,1,0
2,2,4,1,1,10000.0,0,1,0
1,1,0,1,0,9000.0,0,0,1
0,0,0,0,0,12000.0,0,0,0
3,1,1,2,0,12000.0,0,1,0
0,0,0,0,0,17000.0,0,1,0
2,2,4,7,0,10000.0,1,1,0
2,2,1,7,3,8000.0,1,1,0
2,2,1,3,0,12000.0,0,1,0
2,1,1,1,0,17000.0,1,1,0
0,0,0,0,0,11000.0,0,1,0
0,0,0,0,0,11000.0,1,1,0
0,0,0,0,0,12000.0,0,0,1
0,0,0,0,0,10000.0,0,1,0
1,1,0,5,1,11000.0,1,1,0
0,0,0,0,0,14000.0,0,1,1
0,0,0,0,0,17000.0,0,0,0
1,1,1,0,0,12000.0,0,0,0
2,2,0,4,0,8000.0,0,0,1
2,1,2,1,0,8000.0,0,1,0
1,1,0,0,0,15000.0,0,1,0
1,1,1,0,0,16000.0,0,1,0
0,0,0,0,0,13000.0,1,0,0
3,3,1,1,0,12000.0,1,1,0
1,1,1,5,0,12000.0,0,1,0
2,2,0,1,0,13000.0,1,0,0
3,0,0,0,0,12000.0,0,1,1
2,2,3,5,2,6000.0,0,1,0
2,0,0,0,0,9000.0,0,1,1
0,0,0,0,0,14000.0,0,0,1
2,0,0,0,0,10000.0,0,0,1
2,2,1,2,1,12000.0,1,1,0
3,3,2,10,1,12000.0,0,1,0
1,0,0,0,0,11000.0,1,0,1
0,0,0,0,0,14000.0,0,0,1
3,0,0,0,0,14000.0,0,1,1
2,0,0,0,0,11000.0,0,0,0
2,2,2,5,1,7000.0,0,1,1
3,2,2,6,1,8000.0,0,0,0
2,1,1,1,0,12000.0,0,1,0
3,3,2,4,1,8000.0,1,1,0
3,3,0,4,0,11000.0,1,1,0
0,0,0,0,0,19000.0,0,1,1
1,0,0,0,0,12000.0,0,1,0
1,1,1,0,0,15000.0,0,1,0
2,2,1,8,1,11000.0,0,0,0
0,0,0,0,0,14000.0,0,1,1
3,0,0,0,0,14000.0,1,0,0
3,3,1,2,2,11000.0,0,1,0
1,1,1,1,0,13000.0,1,1,0
2,2,2,3,1,12000.0,0,1,0
0,0,0,0,0,11000.0,0,0,1
3,3,2,3,1,14000.0,0,1,0
1,1,0,1,0,14000.0,0,1,0
0,0,0,0,0,12000.0,0,0,1
2,2,1,4,0,10000.0,0,1,0
1,1,1,3,1,8000.0,0,1,0
1,1,1,0,0,11000.0,0,0,1
1,1,1,2,0,14000.0,0,1,0
1,1,0,0,0,14000.0,0,1,1
2,2,5,6,0,9000.0,0,1,0
3,3,3,6,1,11000.0,0,1,0
2,0,0,0,0,14000.0,0,1,1
0,0,0,0,0,14000.0,0,0,1
2,2,8,1,0,12000.0,1,1,0
1,1,2,0,0,8000.0,0,1,0
3,3,1,0,0,8000.0,0,1,0
2,2,1,3,0,10000.0,0,0,0
2,0,0,0,0,7000.0,1,0,1
3,1,0,1,0,9000.0,1,1,0
2,2,3,3,0,16000.0,0,0,0
2,2,2,0,1,16000.0,1,1,0
2,2,0,6,2,10000.0,0,0,0
3,3,1,1,0,11000.0,1,1,0
1,0,0,0,0,14000.0,1,1,1
3,3,2,5,2,12000.0,0,1,0
1,1,2,1,0,13000.0,1,1,0
2,2,5,2,0,9000.0,0,0,0
1,1,2,0,0,11000.0,0,0,0
0,0,0,0,0,12000.0,0,1,0
0,0,0,0,0,13000.0,0,0,1
1,1,0,2,0,12000.0,1,1,0
0,0,0,0,0,19000.0,0,0,1
1,0,0,0,0,13000.0,0,1,1
0,0,0,0,0,12000.0,0,1,1
0,0,0,0,0,16000.0,0,1,1
2,2,1,5,0,10000.0,1,1,0
2,2,4,5,1,8000.0,0,1,0
1,1,0,1,0,11000.0,0,0,1
2,1,0,0,0,13000.0,0,0,0
0,0,0,0,0,13000.0,0,1,0
3,1,2,1,0,7000.0,1,1,0
2,1,0,2,0,12000.0,0,1,0
3,3,2,6,1,6000.0,0,1,0
3,3,8,4,0,10000.0,1,1,0
2,0,0,0,0,13000.0,1,1,0
3,3,1,6,0,10000.0,0,1,0
1,1,2,1,2,13000.0,1,1,0
0,0,0,0,0,13000.0,0,1,1
2,2,3,2,0,14000.0,1,1,0
2,0,0,0,0,12000.0,1,1,0
3,3,4,5,0,12000.0,0,1,0
2,1,1,3,2,11000.0,0,1,0
2,2,1,4,0,14000.0,0,1,0
0,0,0,0,0,16000.0,1,0,0
3,1,2,0,0,12000.0,0,1,0
2,0,0,0,0,12000.0,0,1,0
1,0,0,0,0,15000.0,1,1,0
3,2,1,3,0,13000.0,1,1,0
2,2,1,2,0,15000.0,0,1,0
1,1,1,3,0,2000.0,1,1,0
0,0,0,0,0,13000.0,0,0,1
2,1,4,0,0,13000.0,0,1,1
2,2,1,4,0,10000.0,0,0,0
1,1,1,0,0,15000.0,0,0,0
0,0,0,0,0,15000.0,0,0,1
0,0,0,0,0,11000.0,0,0,1
2,2,6,3,1,9000.0,0,1,0
2,2,2,4,2,14000.0,0,0,0
2,2,3,9,0,7000.0,1,1,0
0,0,0,0,0,11000.0,1,1,0
3,1,1,0,1,8000.0,0,1,0
0,0,0,0,0,8000.0,0,1,1
1,1,1,0,1,20000.0,1,1,1
0,0,0,0,0,5000.0,0,1,1
2,2,4,2,0,12000.0,0,1,0
3,3,5,4,1,8000.0,0,1,0
0,0,0,0,0,11000.0,1,0,1
0,0,0,0,0,19000.0,0,0,1
0,0,0,0,0,13000.0,0,0,0
3,0,0,0,0,12000.0,0,1,1
1,1,0,0,0,10000.0,0,1,0
2,2,1,2,1,11000.0,1,1,0
0,0,0,0,0,12000.0,0,0,1
2,1,1,0,0,14000.0,1,1,0
1,1,2,2,0,14000.0,1,0,0
0,0,0,0,0,11000.0,0,0,1
3,3,6,5,2,12000.0,1,1,0
2,2,2,7,1,12000.0,1,0,0
1,1,1,0,1,11000.0,1,1,0
2,2,0,2,0,15000.0,0,1,0
3,0,0,0,0,12000.0,1,1,1
3,0,0,0,0,13000.0,0,1,0
0,0,0,0,0,14000.0,1,0,1
0,0,0,0,0,13000.0,1,1,0
2,2,2,3,0,15000.0,0,1,0
3,3,1,3,1,10000.0,1,1,0
3,3,1,4,0,10000.0,1,1,0
2,2,1,1,0,13000.0,1,1,0
1,1,0,2,0,11000.0,0,1,0
2,2,1,4,1,10000.0,0,1,0
1,1,0,0,0,14000.0,0,1,0
2,1,1,0,0,10000.0,0,1,0
2,2,3,4,3,12000.0,1,0,0
2,1,0,0,0,13000.0,1,1,0
0,0,0,0,0,15000.0,1,1,1
0,0,0,0,0,16000.0,0,1,1
1,1,1,0,0,12000.0,0,1,0
3,0,0,0,0,11000.0,0,0,1
2,1,1,1,0,13000.0,0,1,0
1,0,0,0,0,9000.0,1,1,1
0,0,0,0,0,11000.0,0,1,1
0,0,0,0,0,15000.0,0,0,1
2,0,0,0,0,12000.0,0,0,0
3,0,0,0,0,6000.0,1,1,0
1,1,1,0,0,12000.0,0,1,0
0,0,0,0,0,19000.0,0,1,1
1,1,1,4,0,16000.0,0,1,0
0,0,0,0,0,17000.0,0,0,1
1,0,0,0,0,10000.0,0,0,1
2,1,3,1,1,12000.0,0,1,1
1,1,2,0,1,11000.0,0,1,0
2,2,3,5,0,11000.0,0,1,0
3,2,2,2,0,9000.0,1,1,0
2,2,0,2,1,5000.0,1,1,0
3,0,0,0,0,9000.0,1,1,0
2,1,0,4,0,9000.0,0,1,0
0,0,0,0,0,15000.0,0,0,1
1,1,1,2,0,14000.0,0,0,1
2,0,0,0,0,12000.0,1,1,0
1,1,1,1,0,15000.0,1,1,0
0,0,0,0,0,12000.0,0,1,1
2,1,2,3,0,10000.0,1,1,0
2,2,0,1,1,15000.0,0,0,0
1,1,0,0,0,15000.0,0,1,1
1,1,3,2,1,10000.0,0,1,0
2,2,6,1,0,5000.0,0,0,0
1,1,1,0,0,9000.0,0,1,0
1,1,0,0,0,12000.0,1,1,0
0,0,0,0,0,14000.0,0,0,1
3,1,2,1,0,8000.0,0,1,0
3,1,1,3,0,8000.0,0,0,1
2,1,2,1,1,12000.0,1,0,1
2,2,2,3,0,15000.0,1,1,0
1,1,2,1,0,12000.0,1,1,0
0,0,0,0,0,13000.0,0,0,1
1,0,0,0,0,13000.0,1,1,0
2,1,0,0,0,17000.0,0,1,0
1,1,0,1,0,19000.0,0,0,1
3,1,0,0,0,11000.0,1,1,0
0,0,0,0,0,10000.0,0,0,1
3,1,1,0,0,12000.0,0,1,0
3,3,3,6,1,12000.0,1,1,0
2,2,3,1,0,10000.0,0,1,0
3,1,1,0,0,9000.0,1,0,0
3,3,1,2,0,12000.0,0,1,0
3,3,3,1,0,18000.0,1,1,0
3,3,3,0,0,13000.0,1,0,0
0,0,0,0,0,11000.0,0,1,0
1,0,0,0,0,7000.0,0,0,0
0,0,0,0,0,15000.0,0,0,1
2,2,1,3,1,8000.0,0,1,0
3,3,0,1,0,15000.0,1,0,0
2,2,1,6,0,12000.0,0,0,0
1,1,0,0,0,12000.0,0,0,0
3,1,0,2,0,12000.0,0,1,0
1,1,1,0,0,17000.0,1,1,0
2,0,0,0,0,7000.0,0,1,0
0,0,0,0,0,13000.0,0,0,1
3,1,2,1,0,13000.0,0,1,1
1,1,0,2,0,9000.0,0,1,0
1,1,1,0,0,14000.0,0,1,0
0,0,0,0,0,11000.0,0,1,0
2,2,0,1,0,13000.0,0,1,0
2,0,0,0,0,12000.0,1,1,0
0,0,0,0,0,16000.0,0,1,1
0,0,0,0,0,14000.0,0,0,1
3,3,0,5,3,19000.0,0,1,1
0,0,0,0,0,12000.0,0,1,1
0,0,0,0,0,13000.0,0,0,1
0,0,0,0,0,11000.0,0,1,1
1,1,2,6,1,10000.0,1,0,0
0,0,0,0,0,14000.0,0,0,1
0,0,0,0,0,9000.0,0,0,1
2,1,1,0,1,9000.0,1,1,0
0,0,0,0,0,9000.0,0,0,1
1,1,5,0,0,12000.0,0,1,0
0,0,0,0,0,12000.0,0,1,1
1,1,1,2,0,18000.0,0,0,0
1,1,1,1,0,11000.0,0,0,1
2,2,2,2,1,14000.0,0,1,0
3,1,1,0,0,13000.0,0,1,0
1,1,1,1,0,17000.0,1,1,0
3,3,2,4,1,10000.0,0,1,0
3,0,0,0,0,11000.0,1,1,0
2,0,0,0,0,9000.0,0,1,1
2,2,0,3,1,8000.0,0,1,0
3,3,2,3,1,14000.0,1,1,0
0,0,0,0,0,12000.0,0,1,0
0,0,0,0,0,22000.0,0,0,1
1,1,0,0,0,18000.0,0,1,1
1,1,0,0,0,17000.0,0,0,1
1,0,0,0,0,18000.0,0,1,0
3,0,0,0,0,12000.0,0,1,0
1,1,0,0,0,14000.0,0,0,1
0,0,0,0,0,15000.0,0,0,1
1,1,5,2,0,12000.0,0,1,0
2,2,3,4,0,11000.0,0,0,0
1,1,1,5,0,12000.0,0,1,1
0,0,0,0,0,11000.0,0,1,0
2,2,1,2,1,13000.0,1,1,0
2,0,0,0,0,13000.0,1,1,0
2,0,0,0,0,9000.0,0,1,1
1,1,0,0,0,10000.0,0,0,0
1,0,0,0,0,14000.0,0,1,1
2,2,4,1,0,12000.0,1,1,0
3,3,3,7,1,8000.0,1,1,0
0,0,0,0,0,13000.0,1,0,1
3,1,1,0,0,11000.0,1,1,0
1,1,0,0,0,22000.0,0,0,1
3,3,3,7,1,13000.0,1,1,0
2,2,1,0,0,15000.0,1,1,0
2,2,0,4,1,11000.0,0,1,0
1,1,0,0,0,12000.0,0,0,0
3,3,6,4,0,8000.0,0,1,0
1,0,0,0,0,13000.0,0,1,1
2,1,3,2,0,10000.0,1,1,0
1,1,2,3,0,12000.0,0,0,1
3,3,1,3,1,7000.0,0,1,0
1,1,0,1,0,17000.0,0,1,1
1,0,0,0,0,10000.0,0,0,1
0,0,0,0,0,18000.0,0,0,1
1,1,1,0,0,12000.0,1,1,0
2,2,3,0,1,11000.0,1,1,0
3,3,11,6,0,14000.0,0,1,0
2,1,3,1,0,9000.0,0,1,0
3,3,3,10,4,9000.0,1,1,0
0,0,0,0,0,15000.0,0,0,1
2,0,0,0,0,13000.0,0,0,1
1,0,0,0,0,8000.0,0,1,0
0,0,0,0,0,12000.0,0,0,1
2,2,6,0,0,12000.0,1,1,0
1,0,0,0,0,11000.0,0,0,1
3,0,0,0,0,13000.0,0,1,0
1,1,1,2,0,10000.0,0,1,0
0,0,0,0,0,14000.0,1,0,1
3,3,3,2,1,10000.0,1,1,0
1,1,4,2,0,12000.0,0,0,0
3,3,1,1,0,11000.0,0,1,0
3,3,1,1,0,14000.0,1,1,0
1,0,0,0,0,13000.0,0,0,1
1,1,0,1,0,14000.0,0,1,0
2,1,1,5,0,4000.0,0,1,0
1,1,0,0,0,13000.0,0,1,0
2,2,0,3,0,9000.0,0,1,0
2,1,0,1,0,12000.0,0,0,1
3,0,0,0,0,12000.0,1,1,0
3,3,4,6,2,12000.0,1,1,0
1,1,0,1,0,12000.0,1,1,0
2,2,0,2,0,8000.0,1,1,0
0,0,0,0,0,11000.0,0,1,1
0,0,0,0,0,12000.0,0,0,1
2,1,1,1,0,12000.0,0,1,0
1,1,1,2,0,15000.0,0,1,0
3,1,2,3,1,9000.0,1,1,0
2,2,1,2,0,12000.0,0,1,0
1,1,1,6,0,12000.0,0,1,0
3,0,0,0,0,9000.0,1,1,0
3,1,2,2,0,12000.0,0,1,1
2,1,0,1,0,11000.0,0,1,0
2,2,0,0,0,18000.0,0,1,0
1,1,3,0,1,11000.0,0,1,0
1,1,1,2,0,14000.0,0,0,1
2,2,1,0,0,14000.0,0,1,0
1,1,1,0,0,12000.0,0,0,1
0,0,0,0,0,17000.0,0,0,1
2,2,4,1,0,10000.0,1,1,0
0,0,0,0,0,18000.0,0,1,1
3,3,1,0,0,15000.0,1,1,1
2,1,0,0,0,10000.0,0,1,0
0,0,0,0,0,14000.0,0,0,1
2,1,1,0,0,11000.0,0,1,1
1,1,0,1,1,16000.0,1,1,0
1,1,2,1,0,10000.0,1,0,0
0,0,0,0,0,11000.0,0,0,1
1,1,2,0,0,9000.0,0,1,0
1,0,0,0,0,14000.0,0,1,0
2,2,3,2,0,10000.0,1,1,0
2,0,0,0,0,10000.0,0,1,0
3,3,4,11,0,8000.0,0,1,0
0,0,0,0,0,15000.0,0,1,1
2,2,1,3,1,14000.0,0,0,0
0,0,0,0,0,15000.0,1,1,1
0,0,0,0,0,9000.0,0,0,0
3,3,0,5,1,12000.0,0,1,0
2,0,0,0,0,11000.0,0,1,1
3,3,3,13,2,12000.0,1,1,0
0,0,0,0,0,14000.0,0,0,1
2,1,3,0,0,10000.0,0,1,0
0,0,0,0,0,17000.0,0,1,1
3,3,1,6,0,15000.0,0,1,0
1,1,1,1,0,11000.0,0,1,1
1,1,2,3,0,10000.0,1,0,0
1,0,0,0,0,12000.0,0,1,0
2,2,1,5,3,6000.0,1,1,0
0,0,0,0,0,12000.0,0,0,1
1,1,1,0,1,17000.0,0,0,1
2,0,0,0,0,12000.0,0,0,1
1,1,1,0,0,14000.0,0,1,0
3,3,1,1,0,14000.0,1,1,0
0,0,0,0,0,9000.0,0,1,0
1,0,0,0,0,12000.0,0,1,0
2,1,1,0,0,12000.0,1,0,0
1,1,1,0,0,15000.0,0,1,1
2,0,0,0,0,12000.0,0,1,0
0,0,0,0,0,12000.0,0,0,1
0,0,0,0,0,16000.0,1,0,1
1,1,0,1,1,14000.0,0,1,0
3,0,0,0,0,10000.0,1,1,0
1,1,1,5,0,11000.0,0,0,1
3,3,2,5,0,13000.0,1,1,0
0,0,0,0,0,12000.0,0,0,1
1,1,1,1,0,12000.0,1,1,0
3,3,4,3,1,11000.0,0,1,0
2,1,1,2,1,12000.0,0,0,1
0,0,0,0,0,12000.0,1,1,0
2,2,3,2,1,13000.0,0,0,0
3,3,0,3,0,10000.0,0,1,0
1,0,0,0,0,14000.0,0,0,1
2,2,0,0,1,12000.0,1,1,0
0,0,0,0,0,13000.0,0,0,1
1,1,0,3,0,13000.0,0,0,1
1,1,0,0,0,12000.0,1,1,0
3,2,0,1,1,14000.0,0,1,0
1,0,0,0,0,12000.0,1,0,1
2,1,0,0,0,18000.0,0,0,1
0,0,0,0,0,10000.0,0,1,1
3,1,0,1,0,12000.0,1,1,0
3,2,1,5,0,11000.0,1,1,0
0,0,0,0,0,14000.0,0,0,1
2,2,1,0,1,15000.0,1,1,0
1,1,1,2,1,11000.0,0,0,1
0,0,0,0,0,13000.0,0,0,1
3,3,0,2,0,8000.0,1,1,0
1,1,0,0,0,14000.0,0,1,1
2,0,0,0,0,13000.0,1,0,1
1,1,4,1,0,11000.0,0,1,0
2,2,3,7,0,13000.0,0,1,0
1,1,0,0,0,12000.0,1,1,0
0,0,0,0,0,12000.0,0,1,1
3,3,2,7,0,11000.0,1,1,0
1,1,1,0,0,12000.0,0,1,0
3,3,1,11,2,9000.0,0,1,0
2,2,1,9,0,8000.0,0,1,1
1,1,0,0,0,16000.0,0,0,1
1,1,0,3,0,7000.0,0,0,0
1,1,4,0,0,14000.0,0,1,0
2,2,1,1,1,8000.0,0,0,0
1,1,1,3,0,9000.0,1,0,0
3,2,0,2,0,10000.0,0,1,0
3,1,4,0,2,10000.0,0,1,0
2,2,5,1,1,11000.0,1,1,0
2,1,1,1,0,12000.0,0,1,0
1,0,0,0,0,12000.0,0,0,1
1,0,0,0,0,12000.0,0,1,0
1,1,0,1,1,11000.0,0,1,0
1,0,0,0,0,14000.0,0,1,1
1,0,0,0,0,7000.0,0,0,1
1,1,1,1,0,17000.0,0,0,1
3,3,4,5,0,10000.0,0,1,0
1,1,1,3,0,12000.0,0,1,0
1,1,1,2,0,9000.0,0,1,0
2,1,0,1,0,16000.0,0,1,1
1,1,0,1,0,17000.0,0,1,0
3,3,6,5,0,10000.0,1,1,0
1,1,5,2,0,9000.0,0,0,1
3,3,0,2,0,13000.0,0,1,0
2,2,8,4,0,9000.0,1,0,0
2,2,5,4,0,10000.0,0,0,0
2,1,1,0,0,13000.0,1,1,0
2,0,0,0,0,6000.0,0,1,1
3,3,4,2,0,12000.0,1,1,0
2,2,3,1,0,10000.0,0,0,0
1,1,1,2,0,12000.0,0,1,0
1,1,2,4,0,4000.0,1,1,0
0,0,0,0,0,10000.0,0,1,0
2,2,6,4,0,8000.0,1,0,0
2,2,1,7,0,10000.0,0,1,0
1,0,0,0,0,16000.0,0,0,1
1,1,0,0,0,12000.0,1,1,0
2,0,0,0,0,10000.0,1,1,0
2,2,0,4,1,7000.0,0,0,0
1,1,0,2,0,11000.0,0,1,0
2,1,0,2,0,14000.0,1,0,0
1,1,0,2,1,14000.0,0,1,1
1,1,3,1,0,10000.0,0,0,1
0,0,0,0,0,11000.0,0,0,1
3,3,1,1,1,12000.0,1,1,1
2,2,3,2,0,6000.0,0,1,0
3,3,2,3,3,12000.0,1,1,0
1,1,1,5,1,10000.0,0,1,0
3,3,0,4,0,13000.0,0,1,0
1,1,0,0,0,15000.0,0,1,0
2,1,2,2,0,13000.0,0,1,0
1,1,0,0,0,13000.0,0,1,0
1,1,1,1,0,13000.0,0,0,1
1,1,0,1,0,14000.0,0,0,1
0,0,0,0,0,11000.0,0,1,0
1,1,0,2,0,13000.0,0,1,0
1,1,1,0,1,12000.0,0,1,0
1,0,0,0,0,8000.0,0,1,0
1,1,0,0,0,14000.0,0,0,0
2,2,1,0,1,8000.0,0,1,0
0,0,0,0,0,11000.0,0,1,0
1,1,0,0,0,13000.0,0,0,0
3,1,0,0,1,12000.0,0,1,0
3,2,2,1,0,11000.0,0,1,0
1,1,1,2,0,12000.0,0,1,1
1,1,0,2,0,12000.0,0,0,1
3,0,0,0,0,17000.0,0,1,0
1,1,0,0,0,11000.0,0,1,0
1,0,0,0,0,12000.0,0,0,1
1,1,0,1,1,10000.0,0,0,1
0,0,0,0,0,11000.0,0,0,0
2,2,3,4,0,10000.0,0,1,0
1,1,0,1,0,12000.0,1,0,1
1,1,0,3,0,12000.0,0,0,1
0,0,0,0,0,15000.0,0,0,1
0,0,0,0,0,21000.0,0,0,1
1,1,0,0,0,12000.0,1,1,0
0,0,0,0,0,12000.0,1,0,0
2,2,2,3,0,14000.0,0,1,0
1,1,3,2,0,10000.0,0,1,0
1,0,0,0,0,12000.0,0,1,1
0,0,0,0,0,16000.0,0,0,1
3,1,2,2,0,6000.0,1,1,0
1,1,0,0,0,16000.0,1,1,0
2,2,3,1,0,13000.0,1,1,0
2,2,2,0,0,12000.0,1,1,0
1,1,0,2,0,12000.0,0,0,1
2,2,1,1,0,11000.0,1,1,0
0,0,0,0,0,10000.0,0,0,0
1,1,2,5,1,6000.0,0,1,0
0,0,0,0,0,15000.0,0,0,1
2,2,2,2,0,14000.0,0,1,0
1,1,1,3,0,14000.0,0,0,0
1,1,0,0,0,14000.0,0,1,0
1,1,0,1,0,8000.0,0,1,0
1,0,0,0,0,11000.0,0,1,1
3,3,0,1,0,18000.0,1,1,0
1,1,1,0,0,17000.0,0,0,1
3,3,3,7,0,9000.0,1,1,0
1,0,0,0,0,16000.0,1,1,0
0,0,0,0,0,16000.0,0,0,1
3,3,4,13,3,10000.0,0,0,0
2,1,2,0,0,8000.0,0,1,0
0,0,0,0,0,14000.0,1,0,1
2,2,3,2,1,13000.0,0,1,0
0,0,0,0,0,16000.0,0,0,1
2,1,0,0,1,9000.0,0,1,0
3,3,1,7,0,8000.0,1,1,0
3,3,2,7,1,10000.0,1,1,0
1,1,4,4,0,11000.0,0,0,1
1,1,0,1,0,11000.0,0,0,0
1,1,0,1,0,14000.0,0,1,0
3,3,1,0,1,10000.0,0,1,0
1,0,0,0,0,7000.0,0,1,0
2,0,0,0,0,12000.0,1,1,0
0,0,0,0,0,12000.0,1,1,0
3,1,2,1,0,9000.0,0,1,0
0,0,0,0,0,12000.0,0,0,1
2,0,0,0,0,7000.0,0,0,0
1,1,1,2,0,17000.0,1,1,0
2,2,1,2,0,12000.0,1,1,0
3,3,4,8,0,9000.0,0,1,0
2,1,1,1,1,12000.0,0,1,0
2,0,0,0,0,8000.0,0,1,1
2,2,0,1,0,9000.0,1,1,0
1,1,1,3,0,9000.0,0,0,0
1,1,0,0,0,13000.0,1,1,0
1,1,1,1,2,10000.0,0,1,0
1,1,0,0,0,10000.0,0,1,1
3,3,5,3,0,14000.0,0,1,0
1,1,1,0,0,12000.0,1,1,0
2,1,1,0,0,10000.0,0,0,0
1,1,0,2,0,9000.0,1,0,0
1,1,2,6,1,6000.0,0,0,1
1,0,0,0,0,11000.0,0,0,1
1,1,3,0,0,17000.0,1,0,1
2,2,1,7,0,8000.0,0,0,0
3,3,2,2,1,12000.0,1,1,0
2,2,2,5,1,10000.0,1,1,0
0,0,0,0,0,12000.0,0,0,1
1,1,2,1,0,9000.0,0,0,0
0,0,0,0,0,12000.0,0,0,1
3,3,1,2,1,11000.0,1,1,0
0,0,0,0,0,17000.0,0,0,1
1,1,0,0,0,12000.0,0,0,0
0,0,0,0,0,11000.0,0,1,1
1,1,2,2,0,15000.0,0,1,0
3,3,0,5,0,11000.0,0,1,0
1,1,0,1,0,10000.0,1,1,0
1,1,0,0,0,13000.0,0,0,0
1,1,1,0,0,14000.0,1,1,0
2,0,0,0,0,13000.0,0,0,1
2,2,3,3,1,8000.0,1,1,0
0,0,0,0,0,13000.0,0,1,1
1,1,1,0,0,12000.0,0,1,0
0,0,0,0,0,12000.0,0,0,1
0,0,0,0,0,7000.0,0,0,1
1,1,0,2,1,10000.0,0,1,0
2,2,2,2,1,7000.0,1,1,0
2,2,0,2,0,7000.0,1,1,0
0,0,0,0,0,10000.0,0,1,0
3,0,0,0,0,11000.0,1,1,0
2,0,0,0,0,10000.0,0,0,1
1,1,1,0,0,16000.0,0,0,0
2,2,4,1,1,10000.0,1,1,0
3,3,2,2,1,6000.0,1,1,0
1,0,0,0,0,18000.0,0,1,1
2,1,0,2,0,11000.0,1,1,0
1,0,0,0,0,7000.0,0,0,1
2,2,4,3,1,9000.0,0,1,0
1,0,0,0,0,14000.0,0,0,1
3,3,6,0,0,10000.0,1,0,0
1,1,0,1,0,13000.0,1,1,0
0,0,0,0,0,12000.0,0,1,1
1,1,1,1,1,8000.0,0,1,0
2,0,0,0,0,12000.0,0,1,0
1,0,0,0,0,11000.0,0,1,0
1,1,7,2,0,15000.0,0,0,1
1,1,0,2,1,14000.0,0,0,0
3,3,3,4,0,12000.0,1,1,0
1,1,0,5,0,11000.0,1,0,0
2,2,0,3,0,14000.0,1,1,0
2,0,0,0,0,12000.0,0,1,1
2,2,0,2,1,8000.0,0,1,0
3,3,3,5,0,15000.0,1,1,0
2,1,0,1,1,12000.0,1,1,1
1,1,0,2,0,11000.0,0,1,0
1,0,0,0,0,9000.0,1,1,0
0,0,0,0,0,10000.0,0,0,1
0,0,0,0,0,12000.0,0,0,1
2,1,0,0,0,13000.0,0,1,0
2,1,1,5,1,9000.0,1,1,0
1,1,0,0,0,11000.0,0,0,0
3,0,0,0,0,10000.0,0,1,1
3,1,0,2,1,13000.0,0,1,0
1,1,0,0,0,15000.0,0,1,0
2,0,0,0,0,12000.0,0,1,1
2,0,0,0,0,10000.0,0,1,0
0,0,0,0,0,15000.0,0,1,0
2,2,5,9,1,8000.0,0,1,0
3,2,3,5,2,13000.0,0,1,0
2,2,2,2,2,12000.0,0,0,0
0,0,0,0,0,11000.0,0,1,0
2,1,1,2,0,11000.0,0,0,0
3,3,1,3,0,9000.0,1,1,0
2,0,0,0,0,14000.0,1,1,0
0,0,0,0,0,17000.0,0,0,1
0,0,0,0,0,14000.0,0,1,1
3,3,2,5,1,10000.0,0,0,0
2,1,0,2,0,13000.0,0,1,0
0,0,0,0,0,12000.0,0,0,1
2,2,1,3,0,8000.0,1,1,0
0,0,0,0,0,18000.0,1,0,0
0,0,0,0,0,16000.0,0,0,1
0,0,0,0,0,17000.0,0,0,1
0,0,0,0,0,12000.0,0,0,1
2,2,2,3,0,13000.0,0,0,0
3,3,9,2,1,10000.0,1,1,0
3,0,0,0,0,12000.0,1,1,0
1,1,2,2,1,12000.0,0,1,1
1,1,0,1,0,14000.0,0,1,0
1,0,0,0,0,12000.0,0,1,0
0,0,0,0,0,14000.0,0,1,1
3,1,2,1,0,14000.0,0,1,0
1,1,0,7,1,6000.0,0,0,1
3,0,0,0,0,13000.0,1,1,1
2,0,0,0,0,13000.0,0,1,0
0,0,0,0,0,11000.0,0,1,1
3,3,2,10,1,10000.0,1,0,0
0,0,0,0,0,17000.0,0,0,1
0,0,0,0,0,13000.0,0,0,1
0,0,0,0,0,12000.0,0,1,0
1,1,1,0,0,16000.0,0,0,0
2,0,0,0,0,10000.0,1,1,1
0,0,0,0,0,10000.0,0,0,1
3,2,3,3,0,10000.0,1,1,0
3,3,2,2,0,10000.0,1,1,0
0,0,0,0,0,15000.0,0,0,1
1,1,2,1,1,12000.0,0,1,0
2,2,3,1,0,13000.0,0,1,0
1,1,0,4,0,9000.0,0,1,0
1,0,0,0,0,17000.0,0,1,1
1,1,0,1,0,12000.0,0,1,1
2,2,1,1,0,7000.0,1,1,0
1,1,0,1,0,11000.0,0,1,0
2,2,1,3,0,9000.0,1,1,0
1,1,0,1,2,12000.0,0,1,1
2,2,3,4,0,12000.0,0,1,0
2,2,1,3,1,12000.0,0,1,0
3,0,0,0,0,15000.0,0,1,0
1,1,2,1,0,12000.0,0,1,1
2,2,2,6,0,9000.0,0,1,0
0,0,0,0,0,13000.0,0,1,0
1,1,0,0,0,17000.0,0,1,0
3,3,0,5,1,9000.0,0,1,0
3,3,7,5,0,12000.0,1,1,0
0,0,0,0,0,16000.0,0,0,1
1,1,1,2,0,9000.0,1,1,0
2,1,1,4,0,12000.0,0,1,1
0,0,0,0,0,12000.0,1,1,0
0,0,0,0,0,12000.0,0,1,0
1,0,0,0,0,11000.0,0,1,0
0,0,0,0,0,12000.0,0,1,1
1,1,1,0,0,9000.0,0,1,0
0,0,0,0,0,12000.0,0,1,1
2,2,6,3,0,9000.0,0,1,0
3,3,6,2,0,10000.0,1,1,0
2,2,1,2,1,19000.0,0,0,1
1,1,2,0,0,14000.0,1,0,0
2,2,5,5,2,12000.0,1,0,0
2,0,0,0,0,11000.0,1,1,0
2,2,2,4,0,11000.0,0,1,0
2,2,0,0,0,13000.0,0,0,0
0,0,0,0,0,15000.0,0,0,1
3,3,1,7,0,10000.0,0,0,0
0,0,0,0,0,18000.0,0,0,1
2,0,0,0,0,11000.0,0,1,0
2,0,0,0,0,9000.0,1,1,0
2,1,2,2,0,11000.0,0,1,1
1,1,1,0,0,9000.0,1,1,0
2,2,3,12,0,7000.0,0,1,0
2,1,3,1,0,14000.0,0,1,0
2,2,0,5,2,14000.0,1,0,0
3,0,0,0,0,6000.0,1,1,0
3,3,8,3,0,11000.0,1,1,0
1,1,0,0,0,11000.0,0,0,0
3,3,5,7,1,7000.0,0,1,0
1,1,1,0,0,14000.0,0,1,0
1,1,0,0,0,10000.0,1,1,0
1,0,0,0,0,12000.0,0,0,1
1,1,1,0,0,10000.0,1,1,0
1,1,0,0,0,13000.0,0,0,0
0,0,0,0,0,15000.0,1,0,1
2,2,2,1,0,12000.0,0,1,0
2,2,2,1,0,12000.0,1,1,0
3,0,0,0,0,10000.0,1,0,1
0,0,0,0,0,12000.0,0,0,1
2,2,1,3,0,12000.0,1,1,0
3,0,0,0,0,8000.0,0,1,1
1,1,0,1,0,15000.0,1,1,0
0,0,0,0,0,12000.0,0,0,1
2,1,4,1,0,8000.0,1,1,0
1,1,3,1,1,12000.0,1,1,0
0,0,0,0,0,12000.0,0,0,1
0,0,0,0,0,13000.0,0,1,1
2,2,7,0,0,12000.0,0,1,0
1,1,0,0,0,11000.0,0,1,0
0,0,0,0,0,13000.0,1,1,0
3,3,4,11,2,9000.0,1,1,0
3,3,7,4,2,12000.0,1,1,0
3,3,0,1,0,11000.0,1,1,0
0,0,0,0,0,16000.0,0,1,0
2,2,2,3,1,14000.0,0,1,0
2,2,0,1,0,10000.0,1,1,0
1,1,0,2,0,14000.0,0,0,1
1,0,0,0,0,15000.0,0,1,1
2,2,1,2,0,11000.0,0,1,0
1,1,1,0,0,9000.0,1,1,0
1,1,1,4,0,10000.0,1,1,0
2,2,2,3,1,8000.0,1,0,0
1,1,1,0,0,14000.0,0,1,0
0,0,0,0,0,15000.0,0,1,1
1,1,0,1,0,12000.0,0,1,1
2,1,1,2,0,12000.0,0,1,0
1,1,1,2,0,8000.0,0,1,0
2,1,0,0,0,13000.0,1,1,0
2,2,0,2,1,9000.0,0,1,0
2,2,4,3,1,11000.0,1,1,0
1,1,2,0,0,14000.0,0,0,1
0,0,0,0,0,15000.0,0,0,1
1,1,0,2,1,12000.0,1,1,0
1,1,2,2,0,13000.0,0,1,1
3,2,0,3,1,8000.0,0,1,0
2,2,8,0,2,12000.0,0,1,0
3,0,0,0,0,9000.0,0,1,1
1,1,0,2,1,15000.0,1,1,0
3,3,9,3,0,9000.0,1,1,0
1,1,1,3,1,10000.0,0,1,0
0,0,0,0,0,9000.0,1,1,0
3,3,5,7,0,8000.0,0,1,0
2,1,0,0,0,11000.0,0,1,0
3,3,1,6,0,11000.0,1,1,0
0,0,0,0,0,12000.0,0,0,1
3,1,0,0,0,7000.0,0,1,0
1,1,2,3,0,14000.0,1,0,0
1,1,2,3,0,12000.0,0,0,0
0,0,0,0,0,11000.0,0,0,1
1,1,2,1,0,10000.0,0,0,0
1,1,3,1,0,12000.0,1,0,0
0,0,0,0,0,11000.0,0,1,1
1,1,3,0,0,13000.0,0,1,0
1,1,0,0,2,12000.0,0,1,0
2,2,4,4,1,10000.0,0,1,0
1,1,0,5,0,11000.0,0,1,0
1,1,0,3,0,12000.0,0,1,0
2,2,3,1,0,5000.0,0,1,0
2,0,0,0,0,11000.0,0,1,0
1,1,1,1,0,13000.0,0,1,1
0,0,0,0,0,10000.0,1,1,0
1,0,0,0,0,8000.0,0,1,1
2,2,1,1,0,13000.0,0,1,0
3,3,1,1,0,12000.0,1,1,0
0,0,0,0,0,16000.0,0,1,1
1,1,0,1,0,9000.0,1,1,0
2,1,2,1,0,12000.0,0,1,0
1,1,0,0,1,8000.0,0,1,0
1,1,3,4,0,10000.0,0,0,0
1,1,0,0,0,17000.0,1,1,0
0,0,0,0,0,10000.0,0,0,1
2,2,2,10,4,12000.0,0,1,1
0,0,0,0,0,16000.0,0,1,0
1,1,1,0,0,11000.0,0,1,0
1,1,0,2,0,16000.0,1,1,0
2,1,1,0,1,12000.0,0,1,0
2,1,1,2,0,12000.0,0,1,0
1,1,2,0,0,13000.0,1,1,0
2,1,4,1,1,10000.0,0,1,0
2,0,0,0,0,8000.0,1,1,0
1,1,6,1,0,9000.0,0,1,0
0,0,0,0,0,12000.0,0,1,1
2,1,3,1,0,12000.0,0,1,0
1,1,3,2,0,14000.0,1,0,0
1,0,0,0,0,12000.0,0,1,1
2,0,0,0,0,13000.0,0,0,1
0,0,0,0,0,14000.0,0,1,1
1,1,0,1,0,9000.0,0,1,0
1,0,0,0,0,13000.0,0,1,0
0,0,0,0,0,12000.0,0,1,1
1,1,0,2,0,9000.0,0,0,1
3,3,2,10,0,8000.0,1,1,0
3,1,0,2,0,8000.0,0,1,0
3,3,0,3,1,15000.0,0,1,0
1,1,0,1,1,15000.0,0,1,0
3,1,0,0,1,10000.0,1,1,0
2,2,0,1,0,13000.0,0,1,0
2,0,0,0,0,12000.0,0,1,0
2,1,0,2,0,9000.0,0,0,1
2,0,0,0,0,11000.0,1,1,0
3,3,3,11,0,8000.0,0,1,0
1,0,0,0,0,12000.0,1,0,0
0,0,0,0,0,17000.0,0,0,1
0,0,0,0,0,9000.0,0,0,1
3,3,4,4,2,11000.0,0,1,0
2,2,2,3,0,12000.0,0,1,0
1,1,0,4,0,12000.0,1,1,0
3,1,6,3,0,9000.0,1,1,0
2,2,3,6,0,10000.0,0,1,0
0,0,0,0,0,15000.0,0,0,1
2,2,4,1,1,13000.0,0,0,0
2,2,0,3,0,15000.0,1,0,0
1,1,0,0,0,12000.0,0,1,0
2,2,1,3,0,11000.0,0,0,0
2,2,0,3,1,8000.0,1,1,0
3,3,4,2,1,10000.0,0,1,0
0,0,0,0,0,12000.0,1,1,0
1,1,0,1,0,11000.0,0,0,0
2,1,2,2,2,11000.0,1,1,1
2,2,0,1,0,14000.0,1,1,0
0,0,0,0,0,17000.0,0,1,0
3,1,0,2,0,9000.0,1,1,0
1,0,0,0,0,11000.0,0,1,0
3,1,2,1,0,10000.0,0,1,0
1,1,3,1,0,12000.0,0,1,0
0,0,0,0,0,10000.0,0,0,1
1,1,1,2,1,8000.0,0,1,0
0,0,0,0,0,17000.0,0,1,1
1,0,0,0,0,11000.0,0,0,1
3,2,1,1,0,12000.0,1,1,0
2,2,1,3,1,9000.0,0,0,0
1,1,0,1,0,18000.0,0,0,1
1,1,1,1,0,10000.0,0,0,1
3,1,0,1,1,15000.0,1,1,0
1,1,1,1,2,10000.0,0,1,0
3,0,0,0,0,10000.0,0,1,1
0,0,0,0,0,16000.0,0,0,1
2,1,1,1,1,12000.0,0,1,0
3,3,8,5,0,9000.0,1,1,0
2,2,1,6,0,9000.0,0,1,0
1,1,0,2,0,13000.0,0,1,1
1,1,0,1,0,17000.0,1,1,0
0,0,0,0,0,14000.0,0,1,1
0,0,0,0,0,13000.0,0,0,1
3,3,8,4,1,12000.0,0,1,0
0,0,0,0,0,12000.0,0,0,1
2,2,0,2,0,11000.0,0,1,0
3,3,2,4,0,15000.0,1,1,0
3,3,0,2,0,13000.0,0,1,1
0,0,0,0,0,9000.0,0,0,1
3,3,5,11,1,12000.0,0,1,0
3,3,3,7,1,16000.0,1,1,0
2,2,4,2,1,13000.0,0,1,0
2,2,3,1,1,16000.0,0,0,0
0,0,0,0,0,12000.0,0,1,1
1,0,0,0,0,15000.0,0,0,0
1,1,1,2,1,12000.0,1,0,0
1,1,2,2,0,17000.0,1,0,0
3,1,0,3,3,10000.0,0,1,0
0,0,0,0,0,9000.0,0,0,1
2,2,2,1,0,10000.0,1,1,0
1,0,0,0,0,8000.0,0,1,1
1,1,2,1,0,7000.0,1,1,0
1,1,0,2,1,12000.0,0,1,1
1,1,1,1,0,9000.0,0,0,0
1,0,0,0,0,12000.0,1,1,0
3,2,1,4,0,9000.0,0,1,0
3,1,1,2,0,12000.0,1,1,0
2,2,7,2,0,11000.0,0,1,0
2,0,0,0,0,8000.0,0,1,0
0,0,0,0,0,10000.0,1,1,0
0,0,0,0,0,10000.0,0,0,1
3,3,2,8,0,12000.0,0,1,0
1,1,1,2,0,10000.0,0,0,1
1,1,1,0,0,12000.0,0,0,1
1,0,0,0,0,11000.0,0,1,1
2,2,3,1,0,11000.0,1,1,0
1,1,1,2,1,10000.0,0,0,0
3,3,3,16,0,7000.0,1,1,0
0,0,0,0,0,11000.0,0,0,1
1,1,2,5,0,11000.0,0,0,1
2,2,2,5,0,9000.0,1,0,0
1,1,0,1,0,9000.0,1,1,0
1,1,0,0,0,17000.0,1,1,0
2,2,1,4,0,14000.0,0,0,1
3,1,0,1,0,10000.0,0,0,0
2,2,3,1,1,10000.0,0,1,0
0,0,0,0,0,15000.0,0,1,1
0,0,0,0,0,10000.0,0,1,0
2,2,1,2,0,11000.0,1,1,0
0,0,0,0,0,12000.0,0,0,0
2,2,5,1,0,13000.0,0,1,0
0,0,0,0,0,9000.0,0,0,1
2,2,4,3,0,11000.0,0,0,0
3,2,2,4,0,8000.0,0,1,0
2,0,0,0,0,19000.0,0,1,1
3,2,0,5,0,10000.0,0,1,0
1,1,1,1,0,16000.0,0,1,0
0,0,0,0,0,12000.0,0,0,1
1,1,1,4,0,16000.0,1,1,0
1,1,1,1,0,16000.0,1,0,0
2,0,0,0,0,9000.0,0,1,0
3,2,0,3,1,11000.0,0,1,0
2,1,0,1,0,9000.0,1,1,0
1,1,4,0,0,14000.0,0,0,1
1,1,1,1,1,8000.0,0,0,1
2,2,2,2,0,11000.0,0,1,0
1,1,2,2,0,17000.0,0,0,1
3,3,0,12,0,8000.0,0,1,0
2,0,0,0,0,13000.0,1,1,0
1,1,0,0,0,14000.0,1,0,1
1,1,0,3,2,7000.0,1,0,0
1,1,0,1,0,12000.0,0,1,0
3,3,7,12,2,5000.0,1,1,0
3,3,4,4,0,8000.0,1,1,0
2,2,1,1,1,12000.0,0,1,0
3,2,0,4,0,12000.0,1,1,0
2,2,1,3,2,7000.0,0,1,0
3,3,7,3,0,12000.0,0,1,0
3,1,0,1,1,9000.0,0,1,0
1,1,0,1,1,11000.0,0,1,0
1,0,0,0,0,15000.0,0,1,1
1,0,0,0,0,11000.0,0,0,1
1,1,1,5,0,9000.0,1,1,0
2,2,1,1,0,12000.0,0,1,0
0,0,0,0,0,12000.0,1,0,1
1,1,0,2,0,10000.0,0,1,0
3,3,1,4,2,11000.0,1,1,0
2,1,1,2,1,10000.0,0,1,0
1,0,0,0,0,12000.0,1,1,0
1,1,0,0,0,12000.0,1,1,0
2,1,1,3,0,11000.0,0,0,0
3,3,3,13,6,6000.0,0,1,0
1,1,1,0,0,16000.0,0,1,0
0,0,0,0,0,12000.0,0,0,1
1,0,0,0,0,12000.0,0,0,1
1,0,0,0,0,11000.0,0,0,1
2,2,2,6,0,12000.0,1,1,0
2,2,2,2,0,12000.0,1,1,0
3,2,6,2,0,12000.0,0,1,0
2,2,2,0,0,18000.0,0,0,0
1,1,0,1,0,7000.0,0,0,1
2,2,2,3,0,12000.0,0,1,0
3,2,2,2,0,12000.0,0,1,0
2,0,0,0,0,7000.0,1,1,0
0,0,0,0,0,15000.0,0,1,1
2,1,0,1,2,16000.0,1,0,1
1,1,2,0,0,12000.0,0,0,1
1,1,1,1,2,12000.0,0,1,0
1,1,0,2,1,9000.0,0,1,1
2,2,3,8,0,10000.0,0,1,0
2,1,0,3,1,16000.0,1,1,0
1,1,4,1,0,13000.0,0,0,0
1,1,0,1,0,9000.0,0,0,1
2,2,2,9,0,10000.0,0,1,0
2,0,0,0,0,10000.0,1,1,0
2,2,2,0,0,13000.0,0,1,0
1,1,2,2,0,7000.0,0,1,0
2,0,0,0,0,11000.0,1,1,0
1,1,0,0,0,18000.0,0,0,0
1,1,1,2,1,9000.0,0,1,0
2,2,1,2,2,12000.0,0,1,0
3,0,0,0,0,7000.0,1,1,0
1,1,1,0,0,15000.0,0,1,0
3,3,6,5,1,13000.0,1,1,0
0,0,0,0,0,14000.0,0,0,1
3,0,0,0,0,12000.0,1,1,0
2,2,7,8,0,7000.0,1,0,0
1,1,2,2,1,15000.0,0,1,1
0,0,0,0,0,10000.0,0,1,1
3,3,6,3,1,12000.0,1,1,0
1,0,0,0,0,13000.0,0,1,0
1,1,1,1,0,15000.0,0,0,0
1,0,0,0,0,9000.0,0,0,1
1,0,0,0,0,10000.0,1,1,0
1,0,0,0,0,9000.0,0,1,0
2,2,4,5,0,11000.0,0,1,0
0,0,0,0,0,8000.0,0,1,0
2,2,0,3,0,10000.0,0,1,0
2,2,2,11,1,6000.0,0,0,1
2,2,2,3,0,15000.0,0,1,0
3,2,5,2,1,10000.0,1,1,0
3,2,1,3,0,11000.0,0,1,0
2,2,1,0,0,10000.0,0,0,0
0,0,0,0,0,14000.0,0,1,0
1,1,2,1,0,12000.0,1,1,0
2,1,1,1,0,10000.0,1,1,0
2,2,4,3,0,10000.0,0,1,0
1,1,1,3,0,10000.0,0,0,0
1,0,0,0,0,14000.0,0,0,1
3,3,4,2,0,12000.0,0,1,0
0,0,0,0,0,9000.0,0,0,1
0,0,0,0,0,12000.0,1,0,0
1,1,2,1,0,10000.0,0,1,0
1,1,1,6,0,11000.0,1,0,0
2,1,1,3,1,12000.0,0,1,0
3,0,0,0,0,12000.0,1,1,1
1,1,0,2,0,12000.0,0,1,1
0,0,0,0,0,17000.0,0,0,1
3,2,4,1,1,9000.0,1,1,0
2,2,5,3,4,15000.0,0,1,1
3,3,3,2,0,11000.0,0,1,0
0,0,0,0,0,16000.0,0,0,1
0,0,0,0,0,13000.0,0,1,1
1,1,0,0,0,17000.0,0,1,0
2,2,4,3,0,12000.0,0,1,0
0,0,0,0,0,12000.0,0,0,1
1,0,0,0,0,13000.0,0,1,0
0,0,0,0,0,16000.0,0,0,1
1,1,1,0,0,9000.0,0,1,0
0,0,0,0,0,10000.0,0,1,0
1,0,0,0,0,12000.0,0,0,1
2,2,0,0,0,13000.0,1,1,0
3,1,1,2,0,9000.0,1,1,0
3,1,0,0,0,14000.0,1,1,0
3,2,1,4,0,13000.0,0,0,0
3,2,0,4,3,13000.0,0,1,0
3,1,0,1,0,11000.0,1,1,0
1,1,2,2,0,14000.0,0,1,0
0,0,0,0,0,13000.0,0,1,1
2,2,5,2,0,11000.0,1,1,0
2,2,1,0,3,13000.0,0,0,0
2,0,0,0,0,12000.0,1,1,0
2,0,0,0,0,7000.0,0,1,1
0,0,0,0,0,11000.0,0,0,1
0,0,0,0,0,9000.0,0,0,1
2,2,3,12,1,7000.0,1,1,0
1,1,1,1,0,14000.0,1,1,0
0,0,0,0,0,16000.0,0,0,1
1,0,0,0,0,17000.0,0,0,0
0,0,0,0,0,12000.0,0,0,1
1,1,2,1,0,12000.0,0,1,0
0,0,0,0,0,10000.0,1,1,1
0,0,0,0,0,12000.0,0,0,1
2,2,3,2,1,9000.0,1,0,0
1,1,1,0,0,11000.0,0,0,0
2,2,1,3,0,14000.0,0,1,0
1,1,2,5,0,9000.0,0,1,0
1,1,1,0,0,14000.0,0,1,0
3,1,0,2,0,11000.0,1,1,0
2,2,1,4,2,9000.0,0,1,0
0,0,0,0,0,11000.0,0,1,0
2,1,1,0,0,9000.0,0,1,0
3,3,1,11,1,12000.0,0,1,0
3,3,7,5,1,9000.0,1,0,0
1,1,2,6,0,8000.0,0,1,0
2,2,4,3,2,8000.0,0,1,0
2,0,0,0,0,11000.0,1,0,1
0,0,0,0,0,12000.0,1,1,0
3,1,0,5,1,8000.0,0,1,0
3,0,0,0,0,9000.0,1,1,0
2,2,0,4,0,11000.0,0,1,0
3,3,2,2,0,15000.0,0,1,0
0,0,0,0,0,11000.0,0,0,1
2,2,4,1,0,10000.0,1,1,0
1,0,0,0,0,10000.0,0,0,1
2,1,2,2,0,8000.0,1,1,0
1,0,0,0,0,12000.0,0,0,1
2,1,0,2,0,12000.0,1,1,0
1,1,1,3,0,13000.0,1,0,1
1,0,0,0,0,15000.0,0,0,1
1,1,0,1,0,15000.0,1,1,0
2,1,1,3,1,9000.0,1,1,0
3,1,2,3,0,11000.0,0,1,0
0,0,0,0,0,15000.0,0,0,1
2,2,1,2,2,9000.0,0,1,0
2,2,2,10,0,10000.0,0,0,0
3,3,1,2,0,10000.0,1,1,0
2,2,3,5,0,15000.0,1,1,0
3,2,2,8,1,6000.0,1,1,0
0,0,0,0,0,11000.0,0,1,1
1,1,3,2,0,9000.0,0,1,0
1,1,1,4,0,10000.0,0,1,0
2,2,1,4,0,14000.0,0,1,0
3,3,3,13,1,11000.0,1,1,0
2,2,2,2,0,9000.0,1,1,0
2,1,2,3,0,11000.0,1,0,0
1,1,3,4,0,13000.0,0,1,1
0,0,0,0,0,12000.0,1,1,0
2,1,2,0,0,12000.0,0,0,1
1,1,0,1,0,12000.0,0,1,0
3,3,2,2,0,12000.0,0,1,0
1,1,0,1,0,14000.0,1,1,0
1,0,0,0,0,9000.0,0,1,0
1,1,0,1,0,13000.0,1,1,0
3,3,9,6,1,10000.0,0,1,0
2,0,0,0,0,9000.0,0,1,0
2,2,1,2,2,15000.0,1,1,0
0,0,0,0,0,15000.0,0,1,1
2,2,2,2,1,12000.0,0,0,0
2,2,3,1,0,8000.0,0,0,0
3,3,1,3,0,12000.0,0,1,0
1,1,0,2,0,9000.0,0,0,0
2,1,2,0,0,12000.0,1,1,0
2,2,0,2,0,7000.0,0,0,0
1,0,0,0,0,12000.0,1,1,0
2,2,0,0,0,13000.0,0,1,0
2,2,3,5,3,11000.0,1,1,0
1,0,0,0,0,12000.0,0,0,1
3,2,1,1,0,10000.0,0,1,0
0,0,0,0,0,14000.0,0,1,1
3,3,7,1,1,12000.0,0,1,0
2,1,0,0,0,10000.0,0,1,0
0,0,0,0,0,12000.0,0,1,1
2,2,1,1,1,13000.0,1,1,0
1,1,0,0,0,13000.0,0,1,0
0,0,0,0,0,11000.0,0,0,1
0,0,0,0,0,7000.0,0,1,1
2,2,1,2,1,12000.0,0,1,0
2,0,0,0,0,12000.0,0,1,0
2,2,5,6,0,6000.0,1,1,0
3,3,3,6,1,12000.0,1,1,0
0,0,0,0,0,12000.0,0,1,1
2,2,3,3,1,10000.0,1,1,0
1,0,0,0,0,6000.0,1,0,0
3,0,0,0,0,12000.0,0,1,1
0,0,0,0,0,8000.0,0,0,1
2,2,5,12,0,7000.0,1,1,0
0,0,0,0,0,13000.0,0,1,1
0,0,0,0,0,15000.0,0,1,0
3,3,3,17,0,12000.0,0,1,0
2,2,4,4,1,10000.0,1,1,1
3,2,1,2,0,7000.0,1,1,0
0,0,0,0,0,17000.0,0,0,1
1,0,0,0,0,16000.0,1,0,1
0,0,0,0,0,15000.0,0,1,1
1,0,0,0,0,18000.0,0,0,1
2,1,1,1,0,11000.0,1,1,0
3,3,5,1,0,11000.0,0,1,0
1,1,2,0,0,15000.0,0,0,1
2,2,3,3,1,12000.0,0,1,0
2,1,0,1,0,12000.0,0,1,0
0,0,0,0,0,12000.0,0,1,1
2,0,0,0,0,13000.0,0,1,1
2,0,0,0,0,10000.0,0,0,1
1,1,3,2,0,8000.0,1,0,0
2,2,3,0,0,14000.0,0,1,0
1,1,0,0,0,17000.0,1,0,1
2,2,0,3,1,13000.0,0,1,0
2,1,1,0,0,14000.0,0,1,0
0,0,0,0,0,15000.0,0,0,1
0,0,0,0,0,6000.0,0,1,0
1,1,3,0,0,13000.0,0,0,1
2,2,0,3,0,13000.0,0,1,0
2,2,1,2,0,15000.0,0,1,0
0,0,0,0,0,12000.0,0,1,1
1,0,0,0,0,8000.0,0,0,1
3,3,0,3,0,5000.0,0,1,0
2,2,1,3,0,11000.0,1,1,1
2,2,0,1,0,12000.0,0,1,0
0,0,0,0,0,15000.0,0,0,1
1,1,4,2,0,13000.0,0,0,1
0,0,0,0,0,12000.0,1,0,1
1,1,4,2,1,11000.0,0,0,0
3,2,1,1,0,12000.0,0,1,0
0,0,0,0,0,11000.0,0,1,1
1,1,1,3,0,12000.0,1,1,0
3,0,0,0,0,11000.0,0,1,1
0,0,0,0,0,13000.0,0,0,1
3,3,4,2,1,12000.0,0,0,0
2,2,3,1,0,11000.0,0,1,0
0,0,0,0,0,15000.0,0,1,1
2,1,0,0,0,9000.0,0,0,1
0,0,0,0,0,14000.0,0,0,1
3,3,0,3,0,9000.0,0,0,0
1,0,0,0,0,12000.0,1,1,0
0,0,0,0,0,13000.0,0,1,0
3,3,0,4,0,13000.0,0,1,0
1,1,1,0,0,12000.0,0,0,0
0,0,0,0,0,13000.0,1,1,1
2,1,1,1,0,12000.0,0,1,0
3,3,2,5,0,14000.0,1,1,0
3,3,2,0,0,11000.0,1,1,0
3,1,2,1,1,11000.0,1,1,0
1,1,0,2,1,9000.0,0,1,0
1,1,0,0,0,11000.0,1,0,0
1,1,1,0,0,17000.0,1,1,0
1,1,0,0,0,9000.0,0,1,0
1,1,1,2,0,8000.0,0,1,0
1,1,2,4,1,7000.0,1,1,0
0,0,0,0,0,15000.0,1,0,0
2,2,0,3,0,16000.0,0,1,0
1,1,0,0,0,12000.0,1,0,0
1,1,1,0,0,10000.0,0,1,0
1,1,1,4,0,8000.0,1,0,1
3,1,3,0,0,12000.0,0,1,0
1,1,1,0,0,12000.0,1,1,0
3,0,0,0,0,8000.0,1,1,1
1,0,0,0,0,13000.0,0,0,0
0,0,0,0,0,11000.0,0,1,1
2,0,0,0,0,13000.0,1,1,0
1,1,2,0,0,8000.0,0,0,0
3,3,3,3,1,12000.0,0,0,0
2,2,2,4,1,7000.0,1,1,0
1,1,1,0,0,11000.0,0,1,1
1,0,0,0,0,11000.0,0,1,1
1,1,0,0,0,12000.0,0,1,0
1,0,0,0,0,13000.0,1,1,0
2,2,4,3,0,14000.0,0,1,0
3,0,0,0,0,15000.0,1,1,0
3,1,1,3,0,12000.0,1,1,0
1,1,1,1,0,10000.0,0,0,1
1,1,0,0,0,12000.0,1,1,0
2,2,2,8,2,7000.0,0,0,0
2,0,0,0,0,5000.0,1,1,0
2,2,2,3,0,10000.0,1,1,0
2,2,3,0,0,13000.0,0,0,0
0,0,0,0,0,18000.0,0,1,0
1,1,1,2,0,12000.0,0,0,0
0,0,0,0,0,11000.0,1,1,0
1,1,1,3,0,12000.0,0,0,1
0,0,0,0,0,14000.0,0,0,0
0,0,0,0,0,15000.0,0,0,1
1,1,0,0,1,12000.0,0,1,0
2,2,1,0,1,15000.0,0,1,0
2,1,2,1,0,12000.0,1,1,0
0,0,0,0,0,14000.0,0,1,0
2,2,2,2,0,9000.0,0,1,0
2,1,5,0,0,10000.0,1,1,0
1,1,3,0,0,15000.0,1,0,0
1,0,0,0,0,15000.0,0,1,0
1,1,1,0,0,14000.0,0,1,0
3,3,4,6,0,7000.0,1,1,0
0,0,0,0,0,12000.0,0,0,1
1,1,2,2,0,13000.0,1,1,0
1,1,3,3,0,12000.0,0,1,0
2,2,2,3,1,12000.0,0,1,0
0,0,0,0,0,14000.0,0,0,1
3,3,8,3,0,7000.0,1,1,0
1,1,2,0,1,15000.0,0,0,0
1,0,0,0,0,13000.0,0,1,0
3,1,1,2,0,7000.0,1,1,0
2,0,0,0,0,11000.0,1,1,0
0,0,0,0,0,16000.0,1,0,1
2,2,2,4,1,10000.0,1,1,0
2,0,0,0,0,11000.0,1,1,0
3,3,3,7,0,11000.0,0,1,0
3,3,3,10,0,9000.0,0,1,0
3,3,3,4,0,13000.0,1,1,0
2,0,0,0,0,14000.0,0,1,0
1,1,0,2,2,12000.0,0,0,1
3,2,1,1,0,10000.0,0,1,0
1,1,5,4,0,12000.0,0,0,1
1,1,2,2,1,12000.0,1,0,0
2,1,1,2,3,10000.0,1,1,0
1,0,0,0,0,14000.0,0,0,1
2,2,0,1,0,14000.0,1,1,0
3,1,1,2,0,9000.0,0,1,1
3,1,0,1,1,11000.0,0,1,0
1,1,1,0,0,12000.0,1,1,0
2,2,2,1,0,10000.0,1,1,0
2,2,2,7,1,11000.0,1,1,0
1,1,0,2,0,10000.0,1,0,0
1,0,0,0,0,13000.0,0,1,1
3,3,2,5,0,12000.0,0,1,0
1,0,0,0,0,10000.0,0,0,1
3,3,6,3,0,9000.0,0,1,0
2,2,1,1,0,8000.0,1,1,0
0,0,0,0,0,12000.0,0,0,1
0,0,0,0,0,14000.0,0,0,1
2,2,1,4,3,13000.0,0,1,0
0,0,0,0,0,12000.0,0,0,1
1,1,1,0,0,15000.0,1,1,0
1,0,0,0,0,11000.0,0,1,0
2,2,2,7,2,11000.0,1,1,0
3,1,1,1,0,19000.0,0,1,1
2,2,2,2,0,11000.0,1,0,0
3,3,9,0,0,9000.0,1,1,0
2,2,2,1,1,16000.0,0,0,0
1,1,1,2,0,12000.0,0,0,1
2,2,3,5,2,15000.0,0,1,0
3,3,6,4,1,11000.0,1,1,0
3,3,2,1,0,12000.0,0,1,0
0,0,0,0,0,11000.0,0,0,1
1,1,1,2,0,14000.0,1,1,0
2,2,0,0,2,14000.0,0,1,0
2,0,0,0,0,9000.0,1,0,0
1,1,2,2,0,11000.0,1,1,0
0,0,0,0,0,13000.0,0,1,0
3,1,0,0,0,15000.0,1,1,0
3,3,3,6,0,12000.0,1,1,0
0,0,0,0,0,16000.0,0,1,0
1,1,0,2,0,12000.0,0,1,0
2,2,1,3,0,7000.0,0,1,0
2,2,0,3,0,11000.0,1,1,0
3,3,2,11,5,14000.0,0,1,0
2,2,2,0,1,13000.0,1,1,0
1,1,0,0,0,11000.0,1,1,0
1,1,0,1,0,14000.0,0,0,1
3,1,4,0,0,15000.0,0,0,1
1,1,2,0,0,13000.0,0,1,0
1,1,0,0,0,16000.0,0,0,0
2,2,5,3,0,13000.0,0,0,0
3,2,0,5,0,12000.0,0,1,0
1,0,0,0,0,12000.0,0,0,1
2,0,0,0,0,7000.0,1,1,0
2,1,1,1,0,12000.0,0,1,0
0,0,0,0,0,13000.0,0,0,1
2,2,1,2,1,11000.0,0,1,0
2,2,0,7,1,10000.0,0,0,0
2,1,1,0,0,13000.0,0,1,0
1,1,1,0,0,8000.0,1,0,1
2,2,2,0,0,12000.0,1,1,0
1,1,1,3,0,11000.0,0,1,0
1,1,1,0,0,16000.0,0,1,0
1,1,0,2,0,10000.0,0,0,1
2,1,1,0,1,13000.0,1,1,0
3,3,4,3,1,14000.0,1,0,0
3,3,3,10,3,8000.0,0,0,0
1,1,0,2,0,8000.0,1,0,0
0,0,0,0,0,9000.0,1,1,0
3,3,2,2,2,13000.0,1,1,0
0,0,0,0,0,8000.0,0,0,1
2,2,1,1,0,13000.0,0,1,0
3,3,5,2,0,12000.0,0,1,0
0,0,0,0,0,16000.0,0,0,0
0,0,0,0,0,12000.0,0,1,1
2,2,2,5,1,8000.0,0,1,0
2,2,1,3,0,11000.0,1,1,0
2,2,6,3,2,13000.0,1,1,0
2,1,0,2,0,14000.0,1,1,0
3,3,2,2,0,8000.0,0,1,0
0,0,0,0,0,15000.0,0,1,1
2,2,5,0,0,12000.0,0,1,0
3,3,6,3,1,13000.0,0,1,0
0,0,0,0,0,16000.0,0,0,1
1,1,0,0,0,12000.0,0,1,0
1,0,0,0,0,18000.0,0,0,1
2,0,0,0,0,12000.0,0,1,1
2,2,1,2,0,16000.0,0,1,0
1,1,0,2,0,15000.0,0,0,1
2,0,0,0,0,13000.0,1,0,0
2,1,0,2,3,13000.0,0,1,1
2,1,3,1,0,16000.0,0,1,0
2,2,3,2,1,12000.0,0,1,0
0,0,0,0,0,11000.0,0,0,1
2,2,2,0,1,13000.0,1,0,0
1,1,2,0,0,13000.0,0,1,0
2,2,1,0,1,16000.0,1,1,0
0,0,0,0,0,12000.0,0,1,1
0,0,0,0,0,10000.0,0,1,1
2,1,0,0,0,6000.0,0,1,0
3,1,0,0,0,9000.0,1,1,0
1,0,0,0,0,13000.0,0,0,1
2,1,2,0,1,17000.0,0,1,0
1,1,2,1,1,9000.0,1,1,0
2,1,0,2,0,11000.0,0,1,0
3,1,0,0,0,12000.0,1,1,0
1,1,0,0,0,19000.0,0,1,0
0,0,0,0,0,13000.0,0,1,0
0,0,0,0,0,16000.0,0,0,1
1,1,0,10,0,4000.0,1,1,0
1,1,1,1,0,10000.0,0,0,1
2,0,0,0,0,10000.0,1,0,0
1,1,1,0,0,14000.0,1,1,0
2,2,4,8,1,12000.0,0,1,0
3,3,0,2,1,11000.0,0,0,0
0,0,0,0,0,13000.0,1,1,0
2,1,1,3,0,16000.0,0,1,0
2,2,3,2,0,12000.0,0,0,0
0,0,0,0,0,13000.0,0,0,1
3,1,0,2,0,12000.0,0,0,1
1,1,1,0,0,11000.0,1,1,0
1,1,1,0,0,10000.0,1,1,0
2,2,1,2,0,8000.0,0,1,0
1,1,1,0,0,11000.0,0,0,1
1,1,0,1,1,12000.0,0,1,0
3,3,4,3,0,12000.0,0,1,0
2,2,3,10,0,9000.0,0,1,0
2,1,0,2,0,8000.0,0,1,0
2,2,2,0,0,12000.0,0,1,0
0,0,0,0,0,14000.0,0,1,1
1,1,1,2,0,18000.0,0,1,0
2,1,0,1,0,15000.0,0,0,1
1,0,0,0,0,11000.0,0,1,1
1,1,0,2,0,16000.0,1,1,0
2,2,2,0,0,9000.0,0,1,0
1,1,0,1,0,17000.0,0,0,1
0,0,0,0,0,10000.0,0,0,1
2,2,1,1,0,12000.0,0,1,0
1,0,0,0,0,13000.0,0,0,1
1,1,0,0,0,10000.0,0,1,0
3,3,1,0,0,13000.0,0,1,0
3,3,3,2,0,8000.0,1,1,0
0,0,0,0,0,13000.0,0,0,1
1,0,0,0,0,13000.0,0,1,1
2,1,0,0,0,12000.0,0,1,0
3,3,4,2,0,10000.0,1,0,0
3,0,0,0,0,10000.0,0,1,1
2,2,1,1,0,14000.0,0,1,0
1,0,0,0,0,11000.0,1,1,0
2,0,0,0,0,13000.0,0,0,1
0,0,0,0,0,17000.0,0,0,1
2,2,3,4,1,11000.0,0,1,0
2,2,3,5,0,14000.0,0,0,0
2,2,0,4,0,8000.0,0,1,0
0,0,0,0,0,8000.0,0,0,1
1,1,5,0,0,12000.0,0,1,0
2,1,4,2,0,11000.0,0,1,1
2,2,2,2,0,14000.0,0,1,0
3,3,1,9,1,8000.0,1,1,0
2,2,2,2,0,8000.0,1,1,0
2,2,1,1,0,12000.0,0,1,0
3,0,0,0,0,11000.0,0,1,0
1,1,2,0,0,16000.0,0,0,0
3,3,0,3,1,9000.0,0,0,0
2,2,1,0,1,15000.0,1,1,0
0,0,0,0,0,18000.0,0,0,1
0,0,0,0,0,20000.0,1,1,1
2,2,1,8,0,9000.0,0,1,1
0,0,0,0,0,10000.0,0,1,0
2,0,0,0,0,12000.0,1,1,0
3,0,0,0,0,8000.0,0,1,0
1,0,0,0,0,14000.0,0,0,1
1,1,0,1,0,8000.0,0,1,0
1,1,1,0,0,9000.0,1,1,0
0,0,0,0,0,13000.0,0,1,0
3,3,2,4,0,17000.0,0,1,0
2,2,1,2,0,12000.0,0,1,0
1,1,0,2,0,9000.0,0,1,0
1,1,2,2,0,12000.0,1,1,0
0,0,0,0,0,9000.0,0,0,1
0,0,0,0,0,10000.0,0,0,1
0,0,0,0,0,14000.0,0,1,0
3,2,0,4,1,11000.0,0,1,0
1,1,0,2,0,10000.0,0,1,0
1,1,4,2,0,9000.0,1,1,0
1,1,0,0,1,17000.0,0,0,1
0,0,0,0,0,12000.0,1,1,0
3,3,4,3,0,11000.0,0,1,0
2,2,3,2,0,17000.0,0,1,0
3,3,6,7,0,10000.0,0,1,0
0,0,0,0,0,13000.0,0,1,1
0,0,0,0,0,12000.0,1,1,0
3,3,1,3,1,14000.0,1,1,0
3,1,1,2,0,6000.0,1,1,0
0,0,0,0,0,12000.0,0,0,1
3,3,0,1,1,14000.0,0,1,0
3,3,0,7,1,11000.0,0,1,0
2,0,0,0,0,12000.0,0,0,1
2,1,3,2,1,9000.0,0,1,0
1,1,4,0,0,14000.0,0,0,1
0,0,0,0,0,14000.0,1,1,0
0,0,0,0,0,17000.0,0,0,1
1,1,0,1,0,14000.0,0,0,0
0,0,0,0,0,9000.0,0,1,0
2,2,6,6,1,7000.0,1,0,1
2,0,0,0,0,12000.0,0,1,1
1,1,1,1,0,13000.0,0,1,0
0,0,0,0,0,12000.0,0,0,1
1,1,0,1,0,14000.0,0,1,1
3,3,4,4,0,13000.0,0,1,0
3,3,2,6,0,10000.0,1,1,1
2,2,3,0,1,13000.0,0,0,0
3,1,1,2,1,13000.0,1,0,0
2,2,0,2,0,10000.0,1,1,0
2,2,1,3,0,12000.0,0,1,0
2,0,0,0,0,10000.0,0,1,1
2,2,2,5,0,9000.0,0,1,0
2,2,0,3,0,10000.0,0,1,0
1,1,1,0,0,8000.0,0,1,0
2,0,0,0,0,8000.0,1,1,1
1,1,2,3,0,11000.0,1,1,0
2,0,0,0,0,12000.0,1,1,0
2,2,2,5,0,10000.0,0,1,0
2,2,0,2,1,16000.0,0,0,0
0,0,0,0,0,10000.0,1,0,1
1,1,1,0,0,17000.0,1,1,0
2,2,0,3,0,12000.0,0,1,0
3,2,2,4,0,12000.0,1,0,1
0,0,0,0,0,12000.0,0,1,1
2,2,5,2,0,9000.0,0,1,0
3,2,3,3,0,7000.0,0,0,0
2,0,0,0,0,12000.0,1,0,1
0,0,0,0,0,13000.0,0,0,1
0,0,0,0,0,8000.0,0,0,0
3,0,0,0,0,11000.0,0,1,1
1,1,1,0,0,11000.0,0,1,0
2,2,8,4,0,12000.0,0,1,0
3,0,0,0,0,8000.0,0,1,0
3,0,0,0,0,8000.0,1,1,0
2,2,5,5,0,11000.0,0,1,0
3,1,4,4,0,11000.0,0,1,0
2,1,2,3,0,15000.0,1,1,0
2,2,3,1,0,11000.0,0,0,0
2,0,0,0,0,9000.0,0,1,0
2,2,5,0,0,17000.0,0,1,0
3,3,0,6,1,10000.0,0,1,0
3,3,8,5,1,10000.0,0,1,0
0,0,0,0,0,13000.0,0,1,1
1,1,0,1,0,13000.0,0,1,1
3,3,3,12,0,10000.0,1,1,0
1,1,2,0,0,15000.0,0,1,0
3,2,1,0,0,15000.0,0,1,0
3,2,3,3,0,14000.0,0,1,1
1,0,0,0,0,13000.0,0,1,1
3,0,0,0,0,11000.0,1,1,0
1,1,0,0,0,10000.0,0,1,0
1,1,0,2,0,11000.0,0,1,0
2,2,5,2,1,12000.0,0,1,0
3,3,3,10,0,9000.0,0,1,0
1,1,0,2,0,12000.0,0,0,1
0,0,0,0,0,15000.0,0,0,1
2,1,1,1,0,8000.0,0,1,0
2,2,1,3,0,14000.0,0,1,0
1,1,0,0,0,10000.0,1,1,0
0,0,0,0,0,12000.0,1,1,0
2,2,4,2,0,13000.0,0,0,0
2,0,0,0,0,13000.0,0,1,1
0,0,0,0,0,12000.0,0,0,1
2,2,1,2,0,11000.0,0,0,1
0,0,0,0,0,14000.0,0,0,1
1,1,2,1,0,7000.0,0,1,0
0,0,0,0,0,13000.0,0,0,0
0,0,0,0,0,11000.0,0,0,1
0,0,0,0,0,16000.0,0,1,1
0,0,0,0,0,16000.0,0,1,0
2,2,0,1,0,9000.0,0,1,0
1,0,0,0,0,12000.0,0,1,0
3,3,1,1,0,7000.0,1,1,0
3,3,1,4,0,6000.0,0,1,0
1,1,0,2,0,13000.0,0,0,0
3,3,10,3,0,11000.0,0,0,0
2,2,2,5,1,13000.0,0,1,0
3,0,0,0,0,10000.0,1,1,0
0,0,0,0,0,12000.0,0,1,0
0,0,0,0,0,16000.0,0,1,0
1,1,0,1,0,13000.0,0,1,0
2,1,0,0,0,11000.0,0,1,0
2,1,1,1,0,11000.0,0,1,0
2,2,3,0,0,11000.0,0,1,0
1,0,0,0,0,10000.0,1,1,0
2,0,0,0,0,12000.0,0,0,1
3,0,0,0,0,14000.0,0,1,1
3,3,1,2,0,16000.0,0,1,0
1,1,0,0,0,11000.0,0,1,0
0,0,0,0,0,8000.0,0,0,1
3,1,0,3,0,12000.0,0,1,0
2,2,1,0,1,11000.0,0,1,0
2,0,0,0,0,8000.0,0,0,1
2,0,0,0,0,12000.0,0,1,0
2,2,2,7,1,8000.0,0,1,0
1,1,1,2,0,10000.0,1,0,0
2,0,0,0,0,14000.0,1,1,0
1,1,0,2,1,15000.0,0,1,1
1,0,0,0,0,12000.0,0,1,0
2,2,1,1,2,15000.0,1,1,0
3,3,0,2,0,16000.0,1,1,0
2,2,1,5,0,13000.0,0,1,0
1,1,2,2,0,9000.0,1,1,0
1,1,1,2,1,16000.0,0,1,1
3,3,3,1,1,14000.0,0,1,0
3,0,0,0,0,8000.0,0,1,0
3,3,4,4,2,13000.0,1,1,0
2,1,1,0,0,12000.0,1,1,0
0,0,0,0,0,13000.0,0,1,0
0,0,0,0,0,15000.0,0,0,1
1,1,0,1,0,12000.0,0,0,0
0,0,0,0,0,13000.0,0,1,1
0,0,0,0,0,15000.0,0,1,1
2,2,2,2,0,13000.0,0,0,0
2,1,1,2,1,11000.0,0,1,0
3,1,2,1,0,13000.0,1,1,0
3,2,2,1,0,11000.0,1,1,0
3,0,0,0,0,10000.0,0,1,1
1,1,1,1,0,8000.0,0,0,0
1,1,0,2,0,12000.0,0,1,1
1,1,2,0,0,16000.0,0,1,0
0,0,0,0,0,17000.0,0,0,1
3,1,1,2,1,13000.0,1,0,0
0,0,0,0,0,13000.0,0,0,1
0,0,0,0,0,10000.0,0,0,1
1,0,0,0,0,12000.0,1,1,0
2,2,1,0,0,17000.0,1,0,0
3,3,4,1,0,10000.0,1,1,0
1,1,1,1,0,13000.0,0,1,0
1,1,2,4,2,12000.0,0,0,1
0,0,0,0,0,16000.0,0,0,1
3,3,5,4,1,12000.0,1,1,0
0,0,0,0,0,14000.0,0,1,1
2,2,3,8,0,8000.0,0,0,0
0,0,0,0,0,16000.0,0,1,1
2,2,2,1,0,12000.0,0,1,0
1,1,2,3,0,12000.0,0,0,1
0,0,0,0,0,14000.0,0,0,1
0,0,0,0,0,13000.0,0,1,1
1,1,1,3,0,7000.0,0,0,0
0,0,0,0,0,17000.0,0,1,0
0,0,0,0,0,12000.0,0,0,1
1,1,3,3,0,8000.0,1,1,0
1,1,1,3,0,8000.0,1,1,0
2,2,5,6,0,12000.0,1,1,0
3,3,0,1,0,12000.0,1,1,0
1,0,0,0,0,16000.0,0,1,1
3,3,4,4,0,10000.0,0,1,0
1,1,0,1,1,12000.0,0,0,1
1,1,3,3,0,17000.0,0,1,0
3,2,4,9,1,8000.0,0,1,1
2,0,0,0,0,11000.0,1,1,0
1,1,0,0,0,17000.0,1,0,1
1,1,0,1,0,9000.0,1,1,0
1,1,0,0,1,8000.0,0,0,0
2,2,0,4,0,16000.0,1,0,0
1,1,2,1,0,13000.0,0,0,1
0,0,0,0,0,12000.0,1,1,0
1,1,1,0,0,17000.0,0,1,1
0,0,0,0,0,14000.0,0,1,0
3,1,0,0,0,14000.0,1,1,0
3,0,0,0,0,10000.0,0,1,1
0,0,0,0,0,11000.0,0,1,1
0,0,0,0,0,13000.0,0,0,1
0,0,0,0,0,14000.0,0,0,1
3,1,1,1,1,12000.0,0,1,0
0,0,0,0,0,14000.0,1,0,0
2,0,0,0,0,9000.0,0,1,1
2,1,1,3,0,11000.0,1,1,0
2,2,5,2,0,12000.0,0,0,0
2,2,4,4,1,11000.0,0,0,1
1,0,0,0,0,14000.0,0,0,1
2,2,0,5,2,12000.0,0,1,0
2,1,1,2,0,10000.0,1,1,0
3,1,0,0,0,13000.0,1,1,0
1,1,0,0,0,17000.0,0,1,0
1,1,1,0,0,13000.0,0,1,1
2,1,4,1,0,13000.0,0,1,0
1,0,0,0,0,10000.0,0,1,1
1,1,2,1,0,11000.0,0,0,0
1,0,0,0,0,10000.0,0,1,0
3,3,5,4,0,10000.0,0,1,0
2,1,0,1,1,6000.0,0,1,0
1,1,0,0,0,15000.0,0,1,0
1,1,1,0,0,12000.0,0,1,0
2,2,0,0,0,12000.0,0,1,0
2,2,1,3,2,14000.0,1,0,0
2,0,0,0,0,6000.0,1,0,1
2,2,1,7,1,12000.0,1,0,0
0,0,0,0,0,16000.0,1,1,0
2,2,1,0,0,11000.0,0,0,0
1,1,0,1,0,10000.0,0,1,0
2,0,0,0,0,10000.0,0,1,1
1,0,0,0,0,14000.0,1,0,1
0,0,0,0,0,14000.0,0,1,1
3,2,3,1,0,8000.0,1,1,0
2,2,6,6,0,6000.0,1,1,0
1,1,0,1,1,17000.0,0,1,0
0,0,0,0,0,12000.0,0,1,1
1,1,0,0,0,17000.0,0,1,1
1,1,2,1,0,8000.0,1,0,1
3,3,0,4,1,7000.0,1,1,0
0,0,0,0,0,13000.0,1,1,0
1,1,0,0,0,13000.0,0,0,0
2,2,2,6,0,11000.0,1,1,0
0,0,0,0,0,11000.0,0,1,0
0,0,0,0,0,11000.0,1,1,0
0,0,0,0,0,16000.0,0,1,0
2,2,2,3,0,8000.0,0,1,0
0,0,0,0,0,11000.0,0,0,1
2,1,0,0,0,11000.0,1,1,0
1,1,3,0,0,8000.0,1,1,0
1,1,0,4,0,7000.0,0,0,1
2,2,2,5,1,5000.0,0,1,0
1,1,0,1,1,13000.0,0,1,0
0,0,0,0,0,16000.0,0,0,1
2,1,4,1,1,11000.0,0,1,0
3,3,3,6,1,13000.0,1,1,0
3,3,8,6,1,6000.0,0,1,0
3,0,0,0,0,10000.0,0,1,0
1,1,2,0,0,11000.0,1,1,0
2,1,0,0,1,11000.0,0,1,0
3,3,4,2,0,9000.0,0,1,0
1,1,1,2,0,17000.0,0,1,1
1,1,0,0,0,12000.0,0,0,1
3,3,6,5,1,9000.0,1,0,0
1,1,0,2,0,9000.0,0,1,0
0,0,0,0,0,10000.0,0,0,0
0,0,0,0,0,15000.0,0,0,1
1,1,1,2,0,10000.0,0,1,0
1,0,0,0,0,13000.0,0,1,1
3,0,0,0,0,9000.0,0,0,1
1,1,1,1,0,13000.0,0,0,0
2,2,0,4,1,7000.0,0,0,0
1,0,0,0,0,12000.0,0,0,1
0,0,0,0,0,13000.0,0,0,1
2,2,3,3,0,12000.0,1,1,0
0,0,0,0,0,16000.0,0,1,1
3,3,1,4,1,11000.0,0,1,0
1,1,0,1,0,14000.0,0,0,0
1,1,4,2,0,6000.0,1,1,0
1,1,2,0,0,8000.0,0,1,0
3,2,4,5,0,6000.0,0,1,0
2,2,4,6,0,13000.0,0,0,0
2,0,0,0,0,8000.0,1,1,0
1,1,0,2,0,14000.0,0,1,0
3,1,1,2,1,9000.0,1,0,1
1,0,0,0,0,8000.0,0,0,1
3,3,4,9,3,10000.0,0,1,0
2,2,4,1,2,7000.0,0,1,0
0,0,0,0,0,12000.0,0,1,1
1,1,0,1,0,14000.0,0,1,0
0,0,0,0,0,9000.0,0,0,1
0,0,0,0,0,15000.0,0,1,1
1,0,0,0,0,10000.0,1,1,0
1,1,0,1,0,11000.0,1,1,0
1,0,0,0,0,19000.0,0,0,1
1,1,0,0,0,11000.0,0,1,0
3,2,2,2,0,8000.0,0,1,0
2,0,0,0,0,14000.0,1,1,0
1,1,0,1,0,13000.0,0,1,1
2,2,1,1,0,13000.0,1,1,0
2,2,2,1,0,15000.0,0,1,0
1,1,0,0,0,13000.0,1,1,0
3,3,0,6,4,14000.0,0,1,0
2,0,0,0,0,7000.0,0,0,1
0,0,0,0,0,15000.0,0,1,0
2,0,0,0,0,11000.0,1,1,0
1,1,0,0,0,12000.0,0,1,0
0,0,0,0,0,12000.0,0,1,0
1,1,1,1,0,9000.0,0,0,0
0,0,0,0,0,9000.0,0,0,1
1,1,0,7,0,9000.0,0,0,0
3,1,2,3,0,12000.0,0,1,0
1,1,0,0,0,16000.0,0,0,1
2,0,0,0,0,14000.0,1,1,0
2,0,0,0,0,16000.0,1,1,1
1,0,0,0,0,15000.0,1,1,0
1,1,2,1,0,9000.0,1,1,0
2,2,1,0,0,12000.0,0,0,0
1,1,0,2,0,9000.0,0,0,1
3,1,1,2,0,12000.0,1,1,0
0,0,0,0,0,14000.0,0,1,1
1,1,1,2,0,13000.0,0,1,0
1,0,0,0,0,14000.0,0,1,0
1,1,0,0,1,13000.0,0,1,0
2,2,7,0,0,8000.0,0,1,0
1,1,1,2,0,13000.0,0,1,0
1,0,0,0,0,12000.0,1,1,1
0,0,0,0,0,9000.0,0,0,1
3,3,4,2,1,14000.0,0,1,0
1,1,1,1,0,11000.0,1,1,0
1,1,0,1,0,14000.0,0,1,0
3,2,0,2,0,12000.0,1,1,0
2,2,0,0,1,16000.0,0,1,0
3,0,0,0,0,10000.0,0,1,0
0,0,0,0,0,10000.0,1,1,0
1,1,1,3,1,13000.0,0,0,1
1,1,2,1,0,11000.0,0,1,0
2,0,0,0,0,12000.0,1,0,0
1,1,1,0,0,13000.0,1,0,0
3,3,4,2,0,9000.0,1,1,0
2,2,1,1,0,14000.0,0,1,0
1,1,1,0,0,15000.0,1,1,0
2,2,0,0,0,12000.0,0,0,0
2,1,2,1,0,9000.0,1,0,0
3,3,14,7,1,7000.0,0,1,0
0,0,0,0,0,8000.0,0,0,1
1,1,0,0,0,14000.0,0,1,1
2,2,0,2,0,11000.0,0,1,0
0,0,0,0,0,16000.0,0,0,1
1,1,0,1,0,10000.0,0,1,0
0,0,0,0,0,12000.0,0,0,0
1,1,2,1,0,10000.0,0,1,0
1,1,0,1,0,12000.0,0,1,0
0,0,0,0,0,12000.0,1,1,0
1,1,0,3,0,8000.0,0,1,0
0,0,0,0,0,14000.0,0,1,1
0,0,0,0,0,11000.0,0,0,1
1,1,0,4,0,12000.0,0,1,0
1,1,1,0,0,15000.0,0,1,0
2,2,4,1,0,12000.0,1,1,0
1,1,1,0,0,15000.0,0,1,1
1,0,0,0,0,6000.0,0,1,0
1,1,1,0,2,17000.0,1,1,0
1,1,0,1,0,14000.0,0,1,1
2,2,1,7,0,8000.0,1,0,0
1,1,0,1,0,14000.0,0,1,0
3,3,0,4,1,10000.0,0,0,0
2,2,2,3,1,13000.0,0,0,0
0,0,0,0,0,18000.0,0,0,1
0,0,0,0,0,9000.0,0,1,1
3,0,0,0,0,8000.0,1,0,0
1,1,0,0,0,12000.0,0,0,1
2,1,1,0,0,14000.0,0,1,0
1,1,0,0,0,10000.0,0,1,0
1,1,1,6,1,6000.0,0,1,1
3,3,2,5,1,12000.0,0,0,0
0,0,0,0,0,12000.0,0,1,1
2,2,4,8,0,12000.0,1,1,0
2,2,0,1,0,14000.0,1,0,1
1,0,0,0,0,8000.0,0,0,0
3,3,9,4,0,11000.0,1,0,0
1,0,0,0,0,9000.0,0,1,1
2,0,0,0,0,11000.0,0,1,0
1,1,0,3,1,14000.0,0,1,0
3,2,1,4,0,9000.0,1,0,0
3,3,1,5,3,9000.0,1,1,0
1,1,0,1,0,17000.0,0,0,1
1,1,0,2,1,18000.0,0,1,1
1,0,0,0,0,17000.0,1,0,1
2,2,3,2,1,10000.0,0,1,0
1,1,1,1,3,8000.0,1,1,0
3,3,0,15,1,6000.0,1,1,0
2,2,2,1,1,13000.0,0,1,0
3,3,1,5,1,9000.0,1,1,0
2,0,0,0,0,6000.0,1,1,0
3,0,0,0,0,7000.0,0,1,0
3,3,4,3,0,14000.0,0,1,0
2,2,3,2,1,9000.0,1,0,0
0,0,0,0,0,12000.0,0,1,1
1,1,0,3,0,13000.0,0,1,0
1,1,0,4,0,14000.0,1,1,0
2,2,4,1,0,17000.0,0,1,0
1,0,0,0,0,16000.0,0,1,1
2,0,0,0,0,13000.0,0,1,0
1,1,1,0,0,15000.0,0,1,0
3,0,0,0,0,13000.0,0,1,0
2,1,1,3,0,9000.0,0,0,0
1,0,0,0,0,9000.0,0,1,1
1,1,2,0,0,12000.0,0,1,0
0,0,0,0,0,11000.0,0,1,0
3,0,0,0,0,13000.0,1,1,0
3,2,0,8,0,9000.0,1,1,0
1,1,0,1,0,10000.0,0,1,0
1,1,2,1,0,14000.0,1,0,0
2,2,1,1,0,15000.0,1,1,0
1,1,2,3,1,10000.0,0,1,0
2,2,1,2,0,12000.0,0,1,0
0,0,0,0,0,16000.0,1,0,0
1,1,1,2,0,8000.0,1,0,0
0,0,0,0,0,10000.0,0,1,0
2,2,4,1,0,11000.0,1,1,0
2,0,0,0,0,16000.0,0,1,1
2,2,0,0,0,15000.0,0,1,0
1,1,0,4,0,8000.0,1,1,0
1,1,0,2,0,13000.0,1,1,0
1,0,0,0,0,15000.0,1,1,0
0,0,0,0,0,12000.0,1,0,1
0,0,0,0,0,12000.0,0,1,0
1,0,0,0,0,10000.0,1,0,1
1,1,1,2,1,12000.0,0,1,0
2,0,0,0,0,7000.0,1,1,0
1,1,0,2,1,12000.0,0,0,1
2,1,1,1,0,10000.0,0,0,0
2,2,1,1,0,12000.0,0,1,0
2,2,1,1,0,10000.0,0,0,0
0,0,0,0,0,14000.0,0,0,0
0,0,0,0,0,15000.0,0,1,1
2,2,3,0,0,13000.0,0,1,0
3,1,2,1,0,7000.0,0,0,0
2,2,5,4,1,12000.0,0,1,0
3,2,3,4,0,12000.0,1,1,0
1,1,0,1,0,12000.0,0,1,0
1,0,0,0,0,10000.0,1,1,0
0,0,0,0,0,11000.0,0,1,1
2,1,1,0,0,20000.0,1,1,0
1,1,1,0,0,11000.0,0,0,1
1,1,1,3,0,7000.0,0,0,1
2,2,5,4,0,14000.0,1,1,0
2,2,2,2,0,9000.0,0,1,0
0,0,0,0,0,16000.0,1,0,1
0,0,0,0,0,12000.0,0,0,1
1,0,0,0,0,18000.0,0,1,1
1,1,1,2,0,12000.0,0,0,1
2,2,0,2,0,9000.0,1,1,0
2,0,0,0,0,11000.0,0,1,0
2,2,3,3,0,11000.0,1,0,0
1,1,1,4,0,10000.0,0,0,0
0,0,0,0,0,9000.0,0,1,1
3,3,2,2,1,10000.0,0,1,0
3,0,0,0,0,12000.0,0,1,1
0,0,0,0,0,11000.0,0,0,1
1,1,3,3,1,12000.0,0,1,1
2,2,2,3,1,10000.0,1,1,0
1,1,0,0,0,12000.0,0,1,0
1,1,2,3,0,13000.0,1,1,0
3,0,0,0,0,11000.0,0,0,1
3,3,2,1,0,10000.0,1,1,0
1,1,0,1,0,11000.0,0,1,1
2,0,0,0,0,10000.0,0,1,1
3,3,4,7,0,10000.0,1,1,0
1,1,0,1,0,12000.0,1,0,0
2,2,0,0,0,13000.0,1,0,0
1,0,0,0,0,17000.0,0,1,1
1,0,0,0,0,9000.0,0,0,1
1,1,0,0,0,7000.0,1,1,0
3,3,2,9,1,6000.0,1,1,0
0,0,0,0,0,14000.0,0,1,0
2,2,1,2,0,15000.0,0,1,0
1,0,0,0,0,12000.0,0,1,0
0,0,0,0,0,14000.0,0,0,1
0,0,0,0,0,17000.0,0,0,0
2,1,3,1,0,12000.0,0,1,0
1,1,0,1,0,11000.0,0,0,0
2,0,0,0,0,12000.0,1,1,0
2,2,1,2,0,9000.0,1,1,0
1,1,1,1,0,9000.0,1,1,0
3,3,0,0,0,13000.0,1,1,0
2,0,0,0,0,10000.0,0,0,1
3,1,1,1,0,12000.0,1,1,0
0,0,0,0,0,11000.0,0,1,0
1,1,1,0,0,16000.0,0,0,1
2,2,1,6,1,12000.0,1,1,0
2,1,0,3,0,8000.0,0,1,0
2,0,0,0,0,12000.0,0,1,1
1,1,0,4,0,12000.0,1,1,0
0,0,0,0,0,9000.0,0,0,1
1,1,4,2,0,10000.0,0,0,1
2,0,0,0,0,13000.0,0,0,0
2,2,1,0,0,19000.0,1,1,0
3,0,0,0,0,12000.0,1,1,0
1,1,1,1,0,14000.0,0,1,0
2,0,0,0,0,10000.0,1,1,1
2,0,0,0,0,12000.0,0,1,0
2,1,1,0,0,16000.0,1,0,0
1,1,0,0,0,12000.0,1,1,0
1,0,0,0,0,11000.0,1,1,0
3,3,4,3,1,10000.0,0,1,0
0,0,0,0,0,13000.0,0,0,1
2,2,0,1,0,13000.0,0,1,0
2,2,0,2,0,11000.0,0,1,0
2,0,0,0,0,11000.0,1,1,0
3,3,3,1,1,14000.0,1,1,0
2,2,1,4,0,13000.0,1,1,0
3,3,0,3,1,11000.0,0,1,0
3,1,1,0,1,12000.0,1,0,0
1,1,1,2,3,13000.0,1,1,0
2,2,0,2,0,16000.0,0,1,0
3,1,2,1,2,8000.0,1,1,0
1,1,1,2,0,16000.0,0,0,0
1,0,0,0,0,9000.0,1,1,0
1,1,0,0,0,12000.0,0,1,0
1,1,0,2,0,13000.0,0,1,0
2,1,1,0,0,14000.0,1,1,0
0,0,0,0,0,11000.0,1,1,0
0,0,0,0,0,14000.0,0,1,1
0,0,0,0,0,14000.0,0,1,1
1,1,1,2,0,11000.0,0,1,0
3,3,1,4,1,10000.0,1,1,0
2,1,5,1,0,10000.0,0,1,0
2,2,3,2,0,15000.0,0,1,0
0,0,0,0,0,13000.0,0,0,1
1,1,2,1,0,13000.0,1,0,0
1,1,1,1,0,12000.0,0,0,0
0,0,0,0,0,15000.0,0,1,0
1,1,0,0,0,11000.0,0,1,0
3,0,0,0,0,15000.0,1,1,0
1,1,0,3,0,14000.0,1,1,0
3,2,2,2,0,11000.0,0,1,0
0,0,0,0,0,10000.0,0,0,1
1,1,1,1,0,12000.0,0,0,1
3,3,0,0,0,12000.0,1,0,0
1,1,0,0,0,9000.0,0,1,0
0,0,0,0,0,12000.0,0,1,0
2,2,2,5,0,12000.0,0,1,0
3,3,1,3,1,12000.0,1,1,0
0,0,0,0,0,16000.0,0,0,0
3,3,0,2,0,12000.0,1,1,0
1,1,0,0,0,15000.0,0,0,0
0,0,0,0,0,11000.0,0,0,1
1,1,0,2,0,12000.0,0,1,0
0,0,0,0,0,13000.0,0,1,1
2,2,2,1,0,15000.0,0,1,0
3,3,8,8,1,10000.0,1,1,0
3,0,0,0,0,17000.0,0,1,1
1,1,0,1,0,12000.0,0,1,0
1,1,1,0,1,12000.0,1,1,0
3,2,0,0,1,14000.0,0,1,1
1,1,1,0,1,15000.0,0,1,1
0,0,0,0,0,10000.0,0,1,0
1,1,1,1,0,10000.0,1,1,0
3,3,6,1,1,12000.0,0,1,0
1,1,1,1,0,11000.0,1,1,0
0,0,0,0,0,17000.0,0,0,1
3,2,0,3,0,12000.0,0,1,0
0,0,0,0,0,14000.0,0,0,1
2,1,2,1,0,11000.0,0,1,0
1,0,0,0,0,8000.0,1,1,0
0,0,0,0,0,18000.0,0,1,0
1,1,0,0,0,12000.0,0,0,1
3,1,1,2,0,11000.0,0,1,1
0,0,0,0,0,12000.0,1,1,0
0,0,0,0,0,12000.0,0,1,1
2,2,0,8,1,8000.0,0,1,0
1,1,0,1,0,13000.0,1,0,0
0,0,0,0,0,11000.0,0,0,1
3,2,6,5,0,12000.0,0,1,0
2,2,0,1,1,11000.0,1,0,0
1,1,1,2,0,14000.0,0,1,0
1,1,1,1,0,12000.0,1,1,0
2,1,5,2,0,9000.0,0,1,0
1,0,0,0,0,11000.0,1,1,0
2,1,0,3,0,8000.0,0,1,0
2,2,1,0,2,10000.0,1,1,0
0,0,0,0,0,14000.0,0,0,1
1,1,1,1,0,14000.0,1,0,0
1,1,0,1,0,9000.0,0,1,0
2,2,1,1,1,13000.0,1,1,0
2,0,0,0,0,19000.0,1,1,1
0,0,0,0,0,12000.0,1,1,0
3,2,6,4,0,10000.0,0,1,0
1,0,0,0,0,14000.0,1,1,0
0,0,0,0,0,8000.0,0,1,1
3,2,3,6,0,11000.0,0,1,0
3,3,5,3,1,6000.0,0,1,0
1,1,2,1,0,11000.0,0,1,0
2,1,1,0,0,9000.0,0,1,0
2,2,4,0,0,12000.0,0,1,0
1,1,0,3,1,9000.0,0,0,1
2,2,7,1,2,12000.0,1,1,0
1,1,2,1,0,12000.0,1,0,0
1,1,1,1,0,12000.0,0,1,0
1,1,1,3,0,9000.0,0,1,0
2,1,0,1,0,13000.0,1,1,0
0,0,0,0,0,16000.0,0,0,1
2,2,2,4,0,12000.0,0,1,0
1,0,0,0,0,15000.0,1,1,0
2,2,0,3,1,10000.0,0,1,0
0,0,0,0,0,11000.0,0,0,1
0,0,0,0,0,12000.0,0,1,0
3,0,0,0,0,3000.0,0,1,1
2,1,2,0,0,12000.0,0,1,0
0,0,0,0,0,11000.0,0,0,1
2,2,0,5,0,15000.0,1,1,0
1,1,0,5,0,13000.0,1,0,1
0,0,0,0,0,12000.0,0,0,1
2,0,0,0,0,12000.0,1,1,1
2,2,1,0,0,16000.0,1,1,0
1,0,0,0,0,8000.0,0,1,0
1,1,0,1,0,14000.0,0,1,1
1,1,5,0,1,10000.0,0,1,0
0,0,0,0,0,14000.0,0,1,0
2,1,3,1,0,12000.0,0,0,1
1,1,1,0,0,13000.0,0,1,0
3,3,0,6,0,9000.0,1,1,0
1,0,0,0,0,8000.0,0,0,1
1,0,0,0,0,6000.0,0,1,0
1,0,0,0,0,12000.0,0,1,1
1,1,0,0,0,13000.0,0,1,0
0,0,0,0,0,12000.0,0,0,1
3,1,0,4,0,13000.0,0,1,1
1,1,2,0,0,16000.0,0,1,0
3,0,0,0,0,10000.0,0,1,0
1,1,0,4,1,8000.0,0,1,1
1,1,1,0,0,15000.0,0,1,0
0,0,0,0,0,13000.0,0,1,1
2,2,1,0,0,11000.0,0,1,0
3,0,0,0,0,14000.0,0,1,1
2,2,5,5,0,11000.0,1,1,0
0,0,0,0,0,12000.0,0,1,1
1,1,0,0,0,16000.0,0,1,0
1,0,0,0,0,15000.0,0,0,1
1,0,0,0,0,12000.0,0,1,1
0,0,0,0,0,12000.0,0,0,1
2,0,0,0,0,5000.0,1,1,0
1,1,0,2,0,11000.0,1,1,0
0,0,0,0,0,12000.0,0,0,1
2,2,8,1,0,11000.0,0,1,0
2,2,0,4,1,9000.0,0,1,1
2,2,3,5,1,14000.0,0,1,0
1,0,0,0,0,8000.0,0,0,0
2,2,0,2,0,13000.0,1,1,0
2,2,3,1,1,12000.0,1,1,0
1,1,0,0,0,17000.0,1,0,1
0,0,0,0,0,8000.0,0,0,1
2,2,4,1,0,12000.0,0,1,0
3,0,0,0,0,12000.0,0,0,1
0,0,0,0,0,17000.0,0,1,1
0,0,0,0,0,16000.0,1,0,1
3,1,2,1,0,10000.0,0,1,0
0,0,0,0,0,7000.0,0,0,1
1,1,0,2,1,12000.0,0,1,1
2,2,0,5,0,12000.0,0,1,0
1,1,1,1,1,9000.0,0,1,0
1,1,0,0,0,12000.0,0,0,0
2,1,1,0,0,14000.0,1,1,0
2,2,0,1,1,12000.0,0,1,0
0,0,0,0,0,12000.0,1,1,0
1,1,0,0,0,9000.0,0,1,0
3,3,2,1,1,11000.0,0,1,0
1,1,0,0,0,11000.0,1,1,0
0,0,0,0,0,16000.0,0,1,1
2,2,4,2,0,8000.0,0,1,1
2,0,0,0,0,5000.0,1,1,0
3,2,8,2,0,11000.0,0,1,0
1,1,2,1,0,12000.0,0,0,0
3,3,9,4,1,10000.0,0,1,0
2,2,0,1,0,11000.0,0,1,0
1,1,0,0,0,11000.0,0,1,0
2,2,0,2,1,8000.0,1,1,0
1,1,0,3,2,7000.0,0,0,1
1,1,3,3,0,14000.0,0,0,1
0,0,0,0,0,17000.0,0,0,1
2,2,1,3,0,14000.0,0,1,0
0,0,0,0,0,11000.0,0,1,0
2,0,0,0,0,12000.0,0,1,1
0,0,0,0,0,9000.0,0,1,0
1,1,0,2,0,14000.0,1,1,1
3,1,1,3,0,12000.0,0,1,1
2,1,1,2,0,9000.0,1,1,0
0,0,0,0,0,14000.0,0,0,1
2,1,1,0,0,12000.0,0,0,1
1,1,0,1,1,15000.0,0,0,1
0,0,0,0,0,12000.0,0,0,1
1,1,0,2,0,13000.0,0,0,1
1,1,2,4,0,12000.0,0,0,0
2,2,2,0,2,15000.0,0,1,0
2,1,3,0,0,10000.0,0,1,0
0,0,0,0,0,6000.0,0,1,0
3,0,0,0,0,12000.0,1,1,0
0,0,0,0,0,12000.0,0,1,1
1,1,1,1,0,15000.0,0,1,1
3,3,2,10,1,10000.0,1,1,0
1,1,1,2,1,13000.0,1,0,1
2,2,3,1,0,9000.0,0,1,0
3,3,4,4,1,9000.0,1,1,0
2,2,1,4,0,9000.0,0,1,0
2,1,0,1,1,10000.0,1,1,0
1,0,0,0,0,11000.0,0,1,0
2,2,2,4,0,8000.0,1,1,0
2,0,0,0,0,11000.0,0,1,1
2,1,2,2,1,10000.0,0,1,0
0,0,0,0,0,16000.0,0,1,0
2,1,0,1,0,15000.0,0,0,0
3,1,1,1,0,12000.0,1,1,0
0,0,0,0,0,13000.0,0,0,1
0,0,0,0,0,10000.0,0,1,0
1,1,0,1,0,14000.0,0,0,1
2,0,0,0,0,12000.0,1,0,0
1,1,0,0,0,11000.0,0,1,0
2,1,2,1,0,14000.0,1,0,0
0,0,0,0,0,13000.0,0,0,1
2,0,0,0,0,8000.0,0,1,1
1,1,0,2,0,15000.0,0,1,0
1,1,1,1,0,8000.0,1,1,0
1,1,1,0,1,16000.0,0,0,1
2,2,3,2,1,14000.0,1,1,0
1,1,0,4,0,13000.0,0,0,1
2,1,0,1,2,7000.0,0,1,1
2,2,0,3,0,10000.0,0,0,1
1,1,3,0,0,12000.0,0,1,0
2,2,2,3,1,15000.0,0,0,0
3,3,2,8,0,9000.0,0,0,0
2,2,2,2,1,9000.0,0,1,0
1,1,1,0,0,13000.0,0,0,1
2,2,2,0,0,14000.0,1,0,0
1,1,0,1,1,14000.0,0,1,0
1,1,0,0,0,11000.0,0,1,0
3,3,1,4,0,14000.0,0,1,0
2,1,2,2,0,6000.0,1,1,0
2,1,0,6,0,8000.0,1,1,0
1,0,0,0,0,11000.0,0,0,1
3,0,0,0,0,11000.0,1,1,0
0,0,0,0,0,8000.0,1,0,1
0,0,0,0,0,12000.0,0,0,1
2,0,0,0,0,13000.0,0,1,0
1,0,0,0,0,14000.0,0,0,0
3,3,4,2,0,11000.0,1,1,0
2,0,0,0,0,10000.0,0,0,1
3,3,1,3,0,12000.0,1,1,0
3,3,2,1,0,7000.0,1,1,0
1,1,1,0,0,15000.0,0,0,1
1,1,0,2,1,8000.0,0,1,0
3,1,0,4,0,11000.0,1,1,0
0,0,0,0,0,12000.0,0,1,1
2,2,3,2,0,17000.0,0,1,0
0,0,0,0,0,12000.0,0,1,1
2,2,0,3,0,12000.0,0,1,0
1,0,0,0,0,9000.0,0,1,0
2,1,0,0,0,12000.0,1,0,0
1,0,0,0,0,6000.0,0,1,1
3,3,1,1,1,11000.0,0,1,0
2,2,1,2,0,12000.0,0,1,1
1,1,1,1,0,13000.0,0,1,1
0,0,0,0,0,15000.0,0,1,1
2,1,1,2,0,12000.0,0,1,0
1,1,1,0,0,17000.0,0,0,1
2,2,2,0,1,9000.0,0,0,0
2,2,3,5,0,9000.0,0,1,0
0,0,0,0,0,11000.0,0,1,0
2,2,0,5,0,5000.0,0,1,0
1,1,0,0,0,13000.0,0,0,0
3,1,0,0,0,14000.0,0,1,0
1,1,2,0,0,11000.0,0,1,0
1,1,1,3,0,17000.0,1,1,0
3,3,6,4,0,8000.0,1,1,0
2,2,5,4,0,13000.0,0,0,0
0,0,0,0,0,9000.0,0,0,1
1,1,0,1,1,13000.0,0,1,0
2,2,1,1,0,13000.0,0,1,0
0,0,0,0,0,14000.0,1,1,0
2,2,0,2,0,8000.0,0,1,0
3,3,1,10,0,11000.0,0,1,0
1,1,0,0,0,9000.0,0,1,0
0,0,0,0,0,15000.0,0,1,1
3,2,0,1,0,7000.0,0,1,0
2,2,2,2,3,11000.0,1,1,1
2,1,3,1,0,10000.0,0,0,0
1,1,0,1,0,11000.0,0,0,1
2,1,0,1,0,12000.0,1,1,0
3,1,1,7,0,8000.0,1,1,0
0,0,0,0,0,13000.0,0,0,1
3,3,3,3,1,8000.0,0,1,0
1,1,0,1,0,12000.0,1,1,0
2,2,5,3,0,13000.0,0,1,0
2,2,5,4,2,13000.0,0,1,0
2,2,0,3,0,8000.0,1,1,0
1,0,0,0,0,14000.0,0,1,1
0,0,0,0,0,12000.0,1,0,0
2,2,1,0,2,10000.0,0,1,0
2,0,0,0,0,10000.0,1,0,0
0,0,0,0,0,13000.0,0,0,0
3,1,0,3,1,14000.0,1,0,1
0,0,0,0,0,16000.0,0,1,1
1,0,0,0,0,13000.0,1,0,1
2,1,2,2,1,10000.0,1,1,0
0,0,0,0,0,12000.0,0,1,0
0,0,0,0,0,12000.0,1,1,1
2,2,0,1,0,10000.0,0,0,0
2,0,0,0,0,5000.0,0,1,1
1,0,0,0,0,9000.0,0,0,1
1,1,0,0,1,12000.0,1,1,0
2,1,1,0,0,11000.0,1,1,0
3,0,0,0,0,5000.0,0,0,1
2,1,1,0,0,13000.0,0,1,0
1,1,0,0,0,14000.0,0,1,0
0,0,0,0,0,17000.0,0,0,1
2,2,4,2,0,13000.0,1,1,0
2,2,8,0,1,8000.0,1,0,0
2,2,3,2,1,10000.0,1,1,0
1,1,3,1,1,14000.0,1,1,0
1,0,0,0,0,9000.0,0,1,0
0,0,0,0,0,14000.0,0,0,1
3,3,0,3,2,12000.0,1,1,0
1,1,2,3,0,16000.0,0,1,0
2,2,2,3,0,12000.0,0,0,1
2,2,2,2,1,10000.0,1,1,0
2,2,1,1,0,12000.0,1,1,0
3,3,6,6,0,11000.0,0,1,0
1,1,0,1,0,9000.0,0,0,0
0,0,0,0,0,17000.0,0,1,1
3,0,0,0,0,11000.0,0,1,1
0,0,0,0,0,14000.0,0,1,1
2,2,3,2,1,13000.0,1,1,0
0,0,0,0,0,15000.0,0,0,1
0,0,0,0,0,14000.0,0,0,1
3,3,4,5,1,13000.0,0,1,0
3,2,1,3,0,12000.0,1,1,0
1,1,0,1,0,12000.0,0,0,0
1,1,2,1,1,14000.0,0,1,0
2,0,0,0,0,13000.0,0,0,1
2,1,0,1,0,8000.0,0,1,0
2,0,0,0,0,8000.0,0,0,1
3,3,1,4,0,10000.0,0,1,0
2,2,2,0,0,14000.0,1,1,0
2,2,4,1,2,9000.0,0,1,0
0,0,0,0,0,15000.0,0,1,0
1,1,0,2,2,12000.0,1,1,0
2,1,6,0,1,7000.0,1,1,0
0,0,0,0,0,9000.0,0,0,1
2,2,2,4,0,8000.0,1,1,0
2,2,3,7,2,8000.0,0,1,1
3,1,0,0,0,9000.0,0,1,0
2,2,0,1,0,11000.0,0,0,0
2,2,1,4,0,16000.0,1,1,0
2,2,3,1,0,11000.0,1,1,0
1,0,0,0,0,8000.0,1,1,0
3,3,8,3,3,12000.0,1,1,0
3,2,1,4,0,12000.0,0,1,0
1,1,1,1,0,12000.0,1,1,0
1,1,1,0,0,12000.0,0,0,1
2,2,4,4,0,11000.0,0,1,0
1,0,0,0,0,12000.0,0,0,1
0,0,0,0,0,13000.0,0,0,1
0,0,0,0,0,13000.0,1,0,0
3,1,2,1,0,8000.0,0,1,0
2,2,7,3,0,12000.0,1,0,0
1,1,2,3,0,11000.0,0,1,0
1,0,0,0,0,11000.0,0,1,0
0,0,0,0,0,14000.0,1,1,0
1,0,0,0,0,9000.0,0,1,1
2,2,1,1,0,15000.0,1,1,0
3,3,4,5,1,13000.0,0,1,0
2,2,4,1,0,12000.0,0,1,0
1,1,2,1,0,9000.0,1,1,0
0,0,0,0,0,15000.0,0,0,1
3,3,6,1,1,13000.0,0,1,0
0,0,0,0,0,15000.0,0,0,1
1,1,1,4,0,8000.0,1,1,0
1,1,0,0,0,15000.0,0,0,1
3,3,5,12,2,10000.0,0,0,0
2,2,1,3,1,5000.0,1,1,0
0,0,0,0,0,14000.0,0,1,1
2,2,0,3,1,16000.0,0,1,0
0,0,0,0,0,12000.0,0,1,0
3,0,0,0,0,10000.0,1,1,0
2,1,0,2,0,15000.0,1,0,0
1,1,2,0,0,15000.0,0,0,0
2,2,1,2,2,11000.0,0,0,0
1,1,3,0,0,13000.0,0,0,0
1,0,0,0,0,9000.0,0,0,1
3,3,3,1,2,11000.0,1,1,0
1,1,0,2,0,9000.0,0,1,0
1,0,0,0,0,16000.0,0,1,1
0,0,0,0,0,17000.0,1,1,0
0,0,0,0,0,16000.0,0,1,1
1,1,1,4,0,11000.0,0,0,0
2,0,0,0,0,12000.0,0,1,1
0,0,0,0,0,10000.0,0,1,1
1,0,0,0,0,12000.0,0,1,1
3,2,3,1,1,10000.0,1,1,0
3,3,0,1,0,12000.0,1,1,0
0,0,0,0,0,15000.0,0,1,1
2,0,0,0,0,19000.0,1,0,1
2,2,3,2,0,16000.0,1,1,1
3,3,6,7,1,11000.0,1,1,0
2,2,6,7,0,8000.0,0,1,0
0,0,0,0,0,11000.0,0,0,1
1,1,1,5,1,11000.0,0,1,0
3,3,2,3,1,9000.0,0,0,0
3,1,0,3,0,11000.0,0,1,0
0,0,0,0,0,10000.0,0,1,0
2,2,2,11,0,7000.0,0,1,1
3,2,1,4,1,10000.0,1,1,0
3,2,4,5,0,9000.0,1,1,0
0,0,0,0,0,10000.0,0,0,1
3,3,2,6,0,12000.0,0,0,0
0,0,0,0,0,18000.0,1,1,1
1,1,1,1,1,9000.0,1,1,0
1,0,0,0,0,11000.0,0,1,1
2,2,0,1,0,12000.0,0,0,0
2,2,2,0,1,13000.0,0,0,0
0,0,0,0,0,11000.0,0,0,1
2,2,1,0,1,20000.0,0,1,0
1,1,0,2,0,12000.0,1,1,1
1,1,0,0,0,10000.0,0,1,0
1,1,0,1,0,12000.0,0,1,0
1,1,2,3,1,14000.0,0,0,0
1,1,0,0,0,11000.0,0,0,1
2,1,0,0,0,13000.0,0,1,0
1,0,0,0,0,15000.0,1,1,0
3,3,3,8,0,13000.0,1,1,0
2,0,0,0,0,13000.0,0,0,1
1,1,0,0,0,12000.0,0,0,0
0,0,0,0,0,12000.0,0,0,1
0,0,0,0,0,12000.0,0,1,0
2,0,0,0,0,8000.0,0,1,1
3,3,3,6,1,16000.0,0,1,0
1,1,1,1,0,10000.0,0,0,1
3,1,0,0,0,15000.0,0,1,0
1,0,0,0,0,11000.0,0,1,0
0,0,0,0,0,11000.0,0,1,1
1,1,0,4,0,11000.0,1,1,0
2,2,2,3,0,10000.0,0,1,0
2,0,0,0,0,11000.0,0,1,0
2,2,2,0,1,14000.0,0,0,1
0,0,0,0,0,14000.0,0,0,1
2,2,4,5,1,6000.0,1,0,0
2,1,0,3,0,7000.0,1,1,0
3,3,1,5,0,12000.0,0,1,0
3,0,0,0,0,16000.0,0,0,1
0,0,0,0,0,13000.0,1,1,0
2,0,0,0,0,12000.0,1,1,0
1,1,3,2,0,9000.0,0,1,0
0,0,0,0,0,13000.0,0,1,1
1,1,1,1,0,9000.0,0,0,0
2,1,0,2,1,12000.0,1,1,0
1,1,0,0,0,16000.0,0,1,0
2,1,0,1,0,13000.0,0,0,1
2,2,1,2,0,14000.0,0,0,0
0,0,0,0,0,17000.0,0,1,1
3,1,0,0,0,14000.0,1,1,0
1,1,0,0,0,11000.0,0,1,0
3,3,3,6,0,8000.0,0,1,0
2,2,0,0,0,12000.0,0,1,0
0,0,0,0,0,13000.0,0,0,1
3,2,0,4,0,10000.0,0,0,0
3,1,0,0,0,8000.0,0,1,0
2,2,2,4,0,10000.0,0,1,0
2,2,2,4,0,13000.0,0,1,0
1,1,2,1,0,10000.0,0,1,0
1,1,1,1,0,15000.0,1,0,0
1,1,1,4,0,8000.0,1,0,0
1,1,0,4,1,14000.0,0,0,1
1,1,2,1,0,10000.0,1,1,0
3,3,1,3,0,10000.0,1,1,0
2,2,2,4,1,12000.0,0,1,0
1,1,0,0,1,13000.0,0,1,0
0,0,0,0,0,15000.0,0,0,1
2,2,5,4,0,8000.0,0,0,1
2,1,0,0,0,16000.0,1,1,0
3,3,3,4,0,16000.0,1,1,0
3,2,0,4,1,15000.0,1,1,0
3,2,0,2,0,11000.0,1,1,0
1,0,0,0,0,9000.0,0,1,0
2,2,3,4,1,12000.0,1,1,0
2,2,2,2,0,15000.0,1,1,1
1,1,1,2,0,12000.0,0,0,0
1,1,1,1,0,14000.0,0,1,0
2,2,1,2,1,9000.0,0,1,1
3,2,3,6,1,6000.0,1,1,0
2,2,2,2,0,11000.0,1,1,0
1,1,0,0,0,14000.0,1,0,0
1,1,0,1,0,10000.0,1,1,0
2,2,2,2,0,10000.0,0,1,1
1,1,0,0,0,10000.0,0,1,0
1,0,0,0,0,10000.0,1,1,1
3,1,2,1,0,9000.0,1,0,0
0,0,0,0,0,17000.0,0,0,1
3,2,0,7,3,13000.0,0,1,0
2,0,0,0,0,7000.0,1,1,0
1,1,4,3,1,12000.0,0,1,1
1,0,0,0,0,12000.0,0,1,0
2,2,4,3,2,10000.0,0,0,0
3,3,5,1,1,10000.0,0,1,0
2,2,3,2,0,14000.0,0,0,1
1,1,2,4,0,13000.0,0,1,0
0,0,0,0,0,14000.0,0,1,0
0,0,0,0,0,10000.0,0,0,1
1,1,2,3,1,9000.0,0,1,0
2,2,3,1,0,14000.0,1,1,0
0,0,0,0,0,12000.0,0,0,1
1,1,6,3,0,8000.0,1,1,0
3,0,0,0,0,16000.0,0,1,1
0,0,0,0,0,13000.0,0,0,1
1,1,0,0,0,16000.0,1,0,0
3,3,3,3,1,13000.0,0,1,0
2,2,3,7,2,9000.0,1,1,0
2,0,0,0,0,9000.0,0,1,1
3,3,1,9,0,6000.0,0,0,0
1,1,3,0,0,11000.0,1,1,0
3,3,2,1,0,13000.0,0,0,0
2,0,0,0,0,10000.0,0,1,0
0,0,0,0,0,18000.0,0,1,1
3,1,0,1,0,12000.0,0,1,1
1,1,1,0,1,11000.0,1,1,0
3,3,3,14,2,9000.0,1,1,0
0,0,0,0,0,16000.0,0,1,0
2,2,1,1,0,12000.0,0,0,0
0,0,0,0,0,11000.0,0,0,1
0,0,0,0,0,16000.0,0,0,1
2,2,1,3,2,13000.0,0,0,0
1,1,0,2,0,16000.0,1,1,0
0,0,0,0,0,7000.0,0,0,1
2,0,0,0,0,12000.0,1,0,1
0,0,0,0,0,14000.0,0,0,1
2,2,1,0,0,11000.0,0,0,0
2,2,0,5,0,9000.0,1,1,0
3,3,0,5,0,7000.0,1,1,0
0,0,0,0,0,13000.0,0,1,1
1,1,1,2,0,11000.0,0,1,1
1,1,0,3,0,15000.0,0,0,1
0,0,0,0,0,14000.0,0,1,1
3,1,2,4,0,14000.0,1,1,0
0,0,0,0,0,14000.0,1,1,0
2,2,7,2,0,10000.0,0,0,0
0,0,0,0,0,9000.0,0,0,1
3,3,6,1,0,8000.0,0,1,0
1,1,0,2,0,12000.0,0,0,1
3,3,6,1,0,12000.0,1,1,0
1,1,2,0,0,14000.0,1,1,0
2,2,4,1,0,11000.0,1,0,0
2,2,0,2,0,9000.0,1,1,0
2,2,0,2,0,10000.0,0,1,0
2,2,6,12,0,7000.0,0,0,0
0,0,0,0,0,17000.0,0,0,0
0,0,0,0,0,12000.0,0,1,0
3,2,3,5,2,13000.0,0,1,0
0,0,0,0,0,18000.0,0,0,1
1,1,0,1,0,11000.0,0,0,1
2,2,1,2,0,11000.0,1,1,0
1,1,1,3,1,9000.0,0,1,1
1,1,2,3,0,10000.0,0,1,0
3,3,0,3,1,6000.0,1,0,0
0,0,0,0,0,12000.0,0,1,0
1,1,3,0,0,13000.0,1,1,0
3,3,10,4,0,8000.0,1,1,0
3,2,0,2,0,12000.0,0,1,0
0,0,0,0,0,9000.0,0,0,1
3,3,0,1,2,15000.0,0,1,0
0,0,0,0,0,9000.0,0,0,1
0,0,0,0,0,18000.0,1,1,0
2,2,9,4,0,11000.0,1,1,0
2,0,0,0,0,12000.0,0,1,0
3,3,3,0,1,13000.0,0,1,0
2,0,0,0,0,12000.0,1,1,0
3,3,1,7,2,6000.0,1,1,0
1,1,0,0,0,15000.0,1,1,0
1,1,1,2,1,11000.0,0,0,1
1,1,1,0,1,12000.0,0,1,0
2,1,0,0,0,11000.0,1,1,0
2,2,5,2,2,15000.0,1,1,0
2,2,3,4,0,10000.0,0,1,0
1,1,1,4,0,7000.0,1,1,0
2,2,0,2,1,11000.0,1,1,0
2,1,1,4,0,11000.0,0,1,0
0,0,0,0,0,10000.0,0,0,1
1,1,2,5,2,6000.0,1,0,0
2,1,1,0,0,12000.0,1,1,0
2,2,0,2,0,15000.0,0,1,0
3,3,0,3,0,12000.0,1,1,0
1,1,0,0,0,19000.0,0,0,1
2,2,1,8,2,10000.0,0,1,1
3,3,7,5,0,12000.0,0,1,0
3,2,1,2,0,10000.0,1,1,0
0,0,0,0,0,15000.0,0,1,1
2,2,3,1,2,14000.0,0,1,0
1,1,3,1,1,12000.0,0,0,1
3,3,1,1,0,11000.0,0,1,0
2,0,0,0,0,12000.0,0,1,1
3,2,0,0,0,12000.0,0,1,0
3,3,2,7,2,9000.0,0,1,0
0,0,0,0,0,11000.0,0,0,1
0,0,0,0,0,19000.0,0,0,1
1,1,0,1,0,11000.0,0,1,0
1,1,0,0,0,12000.0,0,1,1
3,1,1,0,0,11000.0,0,1,0
2,0,0,0,0,8000.0,1,1,0
0,0,0,0,0,12000.0,0,0,1
3,0,0,0,0,7000.0,1,1,1
1,1,2,2,1,14000.0,0,1,0
1,1,1,0,0,14000.0,0,0,0
1,0,0,0,0,7000.0,1,1,0
2,2,2,1,0,14000.0,0,1,0
0,0,0,0,0,13000.0,1,1,0
2,1,0,5,0,12000.0,0,1,1
3,3,5,7,0,13000.0,1,1,0
0,0,0,0,0,13000.0,0,1,0
2,2,1,0,0,12000.0,1,1,0
2,2,1,6,0,10000.0,0,1,0
3,2,0,1,1,11000.0,1,1,0
1,1,0,1,0,8000.0,0,0,1
2,2,1,7,0,12000.0,0,1,0
2,2,1,5,0,11000.0,0,1,0
3,2,1,0,1,19000.0,1,1,0
3,3,1,7,0,11000.0,0,0,0
1,0,0,0,0,12000.0,0,1,0
2,2,4,1,0,11000.0,1,1,0
0,0,0,0,0,14000.0,0,1,0
2,2,2,1,0,13000.0,1,1,0
0,0,0,0,0,13000.0,0,0,1
2,1,0,0,1,14000.0,1,0,0
3,3,2,4,2,7000.0,0,1,0
1,0,0,0,0,12000.0,0,1,0
1,1,1,0,0,16000.0,1,1,0
3,1,0,3,1,10000.0,0,0,0
0,0,0,0,0,15000.0,1,1,0
0,0,0,0,0,12000.0,1,1,1
2,2,0,4,1,6000.0,0,1,0
1,0,0,0,0,12000.0,0,0,1
1,1,1,0,0,17000.0,0,1,0
1,1,4,2,1,10000.0,0,0,1
3,3,1,1,0,13000.0,1,1,0
3,3,1,9,0,9000.0,1,1,0
2,2,0,3,3,11000.0,1,1,0
1,1,1,0,0,13000.0,0,0,0
2,2,4,5,0,13000.0,0,0,1
1,0,0,0,0,9000.0,0,1,1
0,0,0,0,0,15000.0,0,1,1
1,1,0,1,1,13000.0,0,1,0
2,0,0,0,0,15000.0,1,1,0
0,0,0,0,0,15000.0,0,0,1
3,1,1,1,0,12000.0,1,1,0
1,1,0,1,0,16000.0,1,1,0
2,1,4,3,0,8000.0,1,1,0
0,0,0,0,0,15000.0,0,1,1
3,0,0,0,0,12000.0,1,0,0
1,0,0,0,0,12000.0,0,1,0
0,0,0,0,0,11000.0,0,1,1
1,1,0,1,0,12000.0,0,1,0
2,2,2,2,2,13000.0,0,1,0
0,0,0,0,0,9000.0,0,0,1
3,3,0,1,0,11000.0,0,1,0
1,1,0,0,1,10000.0,0,0,0
2,1,0,0,0,12000.0,0,0,1
1,1,1,5,0,10000.0,0,1,0
3,0,0,0,0,11000.0,0,1,0
2,0,0,0,0,18000.0,1,1,0
0,0,0,0,0,13000.0,0,0,1
2,2,0,2,0,16000.0,0,0,1
2,1,0,2,0,12000.0,0,1,0
3,3,0,5,1,13000.0,1,1,0
0,0,0,0,0,15000.0,0,1,1
2,0,0,0,0,16000.0,0,0,1
3,3,2,11,0,5000.0,0,1,0
1,1,2,2,0,13000.0,0,1,0
1,1,1,1,0,14000.0,1,1,0
1,1,3,1,0,10000.0,0,1,0
0,0,0,0,0,7000.0,0,0,1
0,0,0,0,0,11000.0,0,0,1
0,0,0,0,0,8000.0,1,1,0
2,2,2,4,1,9000.0,0,1,0
0,0,0,0,0,16000.0,0,1,0
1,1,0,0,0,14000.0,0,1,0
1,0,0,0,0,13000.0,1,0,1
1,0,0,0,0,10000.0,1,0,1
2,0,0,0,0,11000.0,0,1,1
3,1,1,2,0,11000.0,1,1,0
3,3,1,11,2,9000.0,1,1,0
2,0,0,0,0,12000.0,1,0,0
1,0,0,0,0,12000.0,0,0,0
2,2,3,7,0,11000.0,1,1,0
2,1,0,1,0,13000.0,0,0,0
1,1,0,0,0,12000.0,0,0,0
2,2,5,2,0,7000.0,1,1,0
0,0,0,0,0,12000.0,1,1,0
1,0,0,0,0,12000.0,0,1,1
0,0,0,0,0,14000.0,0,0,1
1,0,0,0,0,9000.0,0,0,0
2,2,1,5,0,9000.0,1,1,1
1,0,0,0,0,16000.0,0,1,1
1,0,0,0,0,12000.0,1,1,0
0,0,0,0,0,10000.0,0,1,0
1,1,1,3,0,15000.0,0,1,1
0,0,0,0,0,18000.0,0,1,1
1,1,2,2,1,10000.0,0,1,0
2,2,1,2,0,8000.0,1,1,1
3,3,6,5,0,10000.0,1,1,0
0,0,0,0,0,14000.0,1,0,0
0,0,0,0,0,10000.0,0,1,0
2,2,0,2,0,12000.0,1,1,0
3,3,1,3,0,10000.0,0,1,0
3,3,2,9,1,8000.0,1,1,0
2,2,2,4,0,10000.0,0,1,0
0,0,0,0,0,17000.0,1,1,0
3,3,8,2,0,7000.0,0,0,0
0,0,0,0,0,9000.0,0,1,1
1,0,0,0,0,8000.0,0,0,0
2,2,1,5,0,9000.0,1,1,0
1,1,0,1,0,11000.0,0,0,1
1,1,0,2,2,8000.0,1,1,0
2,2,3,6,1,11000.0,0,1,0
3,2,1,1,0,13000.0,1,1,0
0,0,0,0,0,17000.0,0,0,1
2,1,1,0,0,9000.0,0,1,1
2,2,0,0,0,8000.0,1,1,0
2,2,1,1,1,12000.0,0,0,0
1,1,1,3,0,15000.0,0,1,0
2,0,0,0,0,10000.0,1,1,1
1,1,2,1,1,20000.0,0,0,1
0,0,0,0,0,15000.0,0,1,0
1,1,0,2,0,9000.0,0,0,0
1,0,0,0,0,15000.0,1,1,0
2,2,0,1,0,8000.0,0,0,0
0,0,0,0,0,10000.0,1,1,0
2,2,5,0,0,12000.0,1,1,0
0,0,0,0,0,15000.0,0,1,0
3,3,6,5,0,12000.0,1,1,0
2,2,2,1,2,15000.0,1,1,0
0,0,0,0,0,15000.0,0,0,1
2,2,0,2,1,12000.0,1,1,0
3,0,0,0,0,11000.0,0,1,0
3,0,0,0,0,12000.0,0,1,1
1,1,4,0,0,14000.0,0,1,0
0,0,0,0,0,8000.0,0,1,1
0,0,0,0,0,17000.0,0,0,1
0,0,0,0,0,11000.0,1,1,0
1,0,0,0,0,9000.0,0,0,1
2,0,0,0,0,7000.0,0,1,1
1,1,0,0,0,12000.0,0,1,0
0,0,0,0,0,17000.0,0,1,0
1,1,0,0,0,14000.0,0,0,0
2,2,0,5,0,10000.0,0,1,0
3,3,5,4,0,6000.0,1,1,0
1,1,0,0,0,13000.0,0,1,0
2,2,0,2,0,11000.0,1,0,0
1,1,0,1,0,11000.0,0,0,0
2,2,1,5,0,8000.0,0,1,0
0,0,0,0,0,11000.0,0,1,0
1,1,0,6,0,12000.0,0,1,1
1,0,0,0,0,14000.0,0,1,0
2,0,0,0,0,17000.0,0,0,1
2,2,3,2,0,8000.0,1,1,0
1,1,0,0,0,14000.0,0,1,0
3,1,0,1,2,11000.0,1,1,0
1,1,1,1,1,10000.0,0,0,0
3,2,0,1,0,12000.0,1,1,0
0,0,0,0,0,13000.0,0,0,1
0,0,0,0,0,14000.0,0,0,1
0,0,0,0,0,9000.0,0,1,1
1,1,0,0,0,10000.0,0,0,0
3,3,5,5,0,9000.0,1,1,0
0,0,0,0,0,15000.0,0,1,1
3,3,6,3,1,12000.0,1,1,0
3,2,1,0,0,12000.0,1,1,0
2,1,1,1,0,15000.0,0,1,1
2,2,1,5,0,8000.0,1,1,0
0,0,0,0,0,17000.0,0,0,1
1,1,0,1,0,17000.0,1,0,0
2,1,0,0,0,16000.0,1,0,0
1,1,0,1,0,14000.0,0,1,0
2,2,0,4,0,12000.0,0,1,1
1,1,1,2,1,9000.0,1,0,1
0,0,0,0,0,14000.0,0,0,1
1,1,0,0,0,16000.0,0,1,1
2,2,0,1,0,8000.0,1,1,0
0,0,0,0,0,17000.0,0,1,1
0,0,0,0,0,16000.0,0,0,1
1,1,0,0,0,14000.0,0,1,0
0,0,0,0,0,13000.0,1,0,0
1,1,3,0,0,15000.0,0,0,1
3,3,1,2,0,12000.0,0,1,0
3,1,1,0,0,16000.0,0,1,0
3,3,4,4,0,10000.0,1,1,0
1,1,0,2,0,12000.0,0,0,0
0,0,0,0,0,13000.0,0,1,1
1,1,1,0,0,13000.0,0,0,1
1,1,1,1,0,7000.0,0,1,0
3,1,0,2,0,9000.0,0,1,0
1,1,0,0,0,15000.0,0,1,0
2,2,0,5,0,11000.0,0,1,0
1,0,0,0,0,13000.0,1,0,1
3,3,2,3,1,13000.0,0,1,0
2,2,1,6,0,12000.0,0,1,0
2,2,1,7,2,12000.0,1,1,0
2,2,1,5,0,14000.0,1,1,0
1,1,0,0,0,12000.0,0,1,0
1,1,0,1,0,11000.0,0,0,0
1,1,0,2,1,15000.0,0,1,1
2,2,4,1,0,9000.0,1,1,0
2,2,1,3,0,11000.0,0,1,0
2,1,3,0,0,13000.0,0,1,0
3,2,3,2,2,14000.0,1,0,0
2,0,0,0,0,9000.0,0,1,1
2,0,0,0,0,10000.0,0,1,0
3,3,3,7,0,12000.0,1,0,0
1,1,0,0,0,18000.0,0,0,1
3,1,0,2,0,12000.0,1,1,0
0,0,0,0,0,11000.0,0,1,1
1,1,0,0,0,16000.0,0,1,1
3,0,0,0,0,12000.0,1,1,0
2,0,0,0,0,10000.0,0,0,1
1,0,0,0,0,14000.0,0,1,1
3,3,2,2,1,13000.0,1,1,0
3,3,2,5,0,11000.0,0,1,0
1,0,0,0,0,12000.0,1,1,0
1,1,0,2,0,20000.0,0,1,1
0,0,0,0,0,11000.0,0,1,1
3,1,0,3,0,9000.0,0,1,0
2,2,2,1,1,7000.0,1,1,0
2,2,1,1,0,12000.0,0,1,0
3,3,0,4,1,11000.0,1,1,0
0,0,0,0,0,12000.0,0,0,1
3,3,4,14,4,12000.0,0,0,0
1,0,0,0,0,15000.0,0,1,0
1,0,0,0,0,10000.0,0,0,1
3,0,0,0,0,7000.0,0,1,1
0,0,0,0,0,12000.0,0,1,1
2,2,1,8,1,12000.0,0,1,0
1,1,2,2,0,13000.0,0,1,0
1,1,0,1,1,11000.0,0,0,1
2,1,0,2,1,14000.0,1,0,0
2,0,0,0,0,10000.0,0,0,0
3,2,4,4,1,10000.0,1,1,0
1,1,0,3,1,9000.0,0,0,1
3,3,3,4,0,11000.0,0,1,0
0,0,0,0,0,15000.0,0,0,1
3,2,0,7,0,6000.0,1,1,0
2,1,1,2,0,11000.0,0,1,0
1,1,2,0,0,11000.0,0,1,0
1,1,1,0,0,11000.0,1,1,0
0,0,0,0,0,13000.0,0,1,1
0,0,0,0,0,12000.0,0,1,0
1,0,0,0,0,12000.0,0,0,0
0,0,0,0,0,10000.0,0,0,1
2,1,0,4,0,9000.0,1,1,0
0,0,0,0,0,14000.0,0,0,1
1,1,0,2,1,8000.0,1,1,0
2,0,0,0,0,9000.0,0,1,0
2,2,2,2,0,13000.0,0,1,0
0,0,0,0,0,11000.0,1,0,1
1,1,1,1,0,13000.0,0,0,1
1,0,0,0,0,11000.0,0,1,0
2,2,3,0,1,12000.0,0,1,0
1,1,1,2,0,10000.0,1,0,0
2,1,5,1,1,8000.0,0,1,0
1,1,1,6,0,5000.0,0,0,0
2,2,2,3,1,10000.0,1,1,0
3,3,2,4,0,8000.0,1,1,0
2,0,0,0,0,6000.0,1,0,1
0,0,0,0,0,12000.0,0,1,1
3,0,0,0,0,13000.0,0,1,0
2,2,0,3,1,12000.0,0,1,0
1,1,0,0,0,12000.0,1,1,0
1,1,0,1,0,14000.0,0,1,0
1,1,1,0,0,16000.0,0,1,0
1,0,0,0,0,11000.0,0,1,0
3,3,1,4,0,9000.0,1,1,0
1,1,1,3,0,16000.0,0,1,0
2,2,4,2,3,12000.0,0,1,0
2,1,0,0,0,12000.0,0,1,0
2,2,3,4,0,8000.0,0,1,0
2,2,3,8,1,8000.0,0,1,1
1,0,0,0,0,7000.0,0,1,1
0,0,0,0,0,9000.0,1,1,1
2,2,1,5,0,13000.0,0,1,0
3,1,2,6,0,4000.0,0,1,1
1,0,0,0,0,10000.0,0,1,1
1,1,2,5,1,8000.0,0,0,0
2,2,3,6,2,7000.0,0,1,0
2,1,2,1,0,12000.0,0,1,0
0,0,0,0,0,13000.0,1,1,0
1,1,2,3,0,11000.0,0,1,0
2,2,1,1,0,8000.0,0,1,0
2,2,1,1,1,14000.0,1,1,1
2,2,5,2,0,10000.0,1,0,0
2,0,0,0,0,12000.0,0,0,1
1,1,0,7,0,4000.0,0,0,1
1,0,0,0,0,17000.0,0,1,0
0,0,0,0,0,10000.0,0,0,1
1,1,1,4,0,7000.0,0,1,0
1,0,0,0,0,10000.0,0,0,1
0,0,0,0,0,18000.0,0,0,1
1,1,0,3,0,10000.0,0,1,0
1,0,0,0,0,14000.0,0,1,0
1,0,0,0,0,10000.0,0,1,1
1,1,2,2,1,6000.0,1,1,0
3,2,0,1,1,13000.0,0,1,0
0,0,0,0,0,11000.0,0,1,0
1,1,0,1,0,13000.0,1,1,0
2,2,5,2,0,13000.0,0,1,0
2,2,0,1,0,10000.0,0,1,0
1,1,1,0,0,9000.0,1,1,0
0,0,0,0,0,12000.0,0,0,1
1,1,1,0,0,10000.0,0,1,0
3,3,0,0,1,9000.0,0,1,0
0,0,0,0,0,17000.0,1,1,1
2,2,5,4,1,12000.0,1,0,0
0,0,0,0,0,15000.0,0,0,1
2,0,0,0,0,10000.0,1,1,0
3,1,1,2,1,7000.0,0,1,0
2,2,1,2,0,13000.0,1,1,0
1,0,0,0,0,13000.0,0,1,1
3,1,3,3,1,12000.0,0,1,0
1,1,2,1,2,11000.0,1,1,0
3,3,6,4,1,13000.0,1,1,0
1,1,0,4,2,11000.0,0,1,0
2,0,0,0,0,6000.0,1,1,1
3,3,3,1,0,7000.0,1,1,0
1,1,0,0,0,12000.0,0,0,1
1,0,0,0,0,20000.0,0,1,1
2,0,0,0,0,12000.0,0,1,1
2,1,1,1,0,10000.0,1,0,0
3,0,0,0,0,10000.0,1,1,0
3,3,3,3,0,13000.0,1,1,0
3,1,0,2,0,9000.0,0,1,0
0,0,0,0,0,10000.0,0,1,1
1,1,0,0,2,9000.0,0,1,0
2,0,0,0,0,14000.0,1,0,1
0,0,0,0,0,8000.0,0,1,0
2,2,6,2,0,12000.0,0,1,0
2,0,0,0,0,12000.0,0,1,0
0,0,0,0,0,12000.0,0,1,1
2,0,0,0,0,7000.0,0,1,1
3,3,2,0,1,11000.0,0,1,0
3,0,0,0,0,12000.0,1,1,0
0,0,0,0,0,14000.0,1,1,0
1,0,0,0,0,15000.0,0,1,1
2,2,1,3,2,12000.0,0,0,0
3,3,15,5,0,7000.0,1,1,0
3,3,1,6,0,6000.0,0,1,0
0,0,0,0,0,13000.0,0,1,1
0,0,0,0,0,13000.0,0,1,1
0,0,0,0,0,13000.0,1,1,0
2,2,2,0,1,14000.0,0,1,0
2,2,2,12,0,6000.0,0,1,0
3,2,1,0,0,10000.0,1,1,0
1,0,0,0,0,13000.0,0,0,1
0,0,0,0,0,13000.0,0,0,1
0,0,0,0,0,12000.0,1,1,0
2,2,2,4,2,9000.0,0,1,0
1,1,2,2,0,11000.0,0,0,0
2,2,5,3,0,12000.0,0,1,0
0,0,0,0,0,17000.0,0,0,1
3,3,5,14,0,7000.0,1,1,0
0,0,0,0,0,12000.0,0,0,1
2,1,2,4,1,10000.0,0,1,0
1,1,1,1,0,10000.0,0,0,0
2,2,4,3,0,9000.0,0,1,0
3,1,2,0,0,11000.0,1,0,0
3,1,1,0,0,16000.0,0,1,0
2,2,2,3,2,12000.0,1,1,0
3,3,0,5,2,7000.0,1,1,0
2,1,0,1,0,5000.0,1,1,0
2,2,2,3,0,14000.0,0,1,0
2,2,0,0,2,15000.0,1,1,0
3,0,0,0,0,11000.0,1,1,0
1,1,0,3,0,14000.0,0,1,0
1,0,0,0,0,12000.0,0,0,0
2,2,4,4,2,15000.0,0,1,0
2,2,2,2,1,12000.0,0,0,1
2,1,0,0,0,11000.0,1,0,0
1,1,0,7,1,11000.0,0,1,0
1,1,0,4,0,11000.0,0,1,0
2,0,0,0,0,10000.0,0,0,1
1,1,1,2,0,11000.0,0,0,1
0,0,0,0,0,18000.0,0,1,1
1,0,0,0,0,11000.0,0,0,1
1,1,0,1,0,13000.0,0,0,0
1,1,4,0,0,6000.0,0,0,1
2,2,0,12,2,12000.0,0,1,0
0,0,0,0,0,12000.0,0,1,1
1,1,0,1,0,11000.0,0,1,0
1,1,1,2,0,8000.0,0,1,0
1,1,1,1,0,10000.0,0,0,0
3,3,3,3,1,9000.0,0,1,0
0,0,0,0,0,17000.0,0,0,1
1,1,1,3,3,11000.0,0,0,1
3,0,0,0,0,12000.0,1,1,0
2,2,0,0,0,13000.0,0,1,0
2,2,1,1,1,12000.0,1,1,0
2,2,0,1,0,8000.0,0,1,0
1,0,0,0,0,11000.0,0,1,0
1,1,1,5,1,11000.0,0,1,0
2,2,2,1,0,16000.0,0,1,0
1,1,0,1,0,15000.0,0,0,1
0,0,0,0,0,11000.0,0,1,0
2,2,5,4,0,10000.0,0,0,0
2,2,4,4,1,10000.0,0,0,1
1,1,2,1,0,12000.0,0,0,1
2,2,0,9,0,7000.0,0,1,0
0,0,0,0,0,10000.0,0,1,1
1,1,1,0,0,15000.0,1,1,0
3,1,2,0,0,8000.0,0,1,0
1,1,0,4,1,11000.0,0,1,0
1,1,2,1,0,16000.0,0,1,0
1,1,1,0,0,16000.0,0,1,0
1,1,0,1,0,12000.0,1,1,0
1,0,0,0,0,14000.0,0,1,0
1,1,1,2,0,13000.0,0,0,1
1,0,0,0,0,13000.0,0,1,0
