ID,AGE,GENDER,RACE,DRIVING_EXPERIENCE,EDUCATION,INCOME,CREDIT_SCORE,VEHICLE_OWNERSHIP,VEHICLE_YEAR,MARRIED,CHILDREN,POSTAL_CODE,ANNUAL_MILEAGE,VEHICLE_TYPE,SPEEDING_VIOLATIONS,DUIS,PAST_ACCIDENTS,OUTCOME,DATA_ORIGIN
569520,65+,female,majority,0-9y,high school,upper class,0.629027313918201,1.0,after 2015,0.0,1.0,10238,12000.0,sedan,0,0,0,0.0,real_source
750365,16-25,male,majority,0-9y,none,poverty,0.3577571170184627,0.0,before 2015,0.0,0.0,10238,16000.0,sedan,0,0,0,1.0,real_source
199901,16-25,female,majority,0-9y,high school,working class,0.4931457852181982,1.0,before 2015,0.0,0.0,10238,11000.0,sedan,0,0,0,0.0,real_source
478866,16-25,male,majority,0-9y,university,working class,0.2060128507324556,1.0,before 2015,0.0,1.0,32765,11000.0,sedan,0,0,0,0.0,real_source
877557,40-64,female,majority,20-29y,high school,upper class,0.6191273725847388,1.0,after 2015,0.0,1.0,10238,13000.0,sedan,3,0,3,0.0,real_source
275820,65+,male,majority,30y+,high school,upper class,0.6203612640126029,1.0,after 2015,1.0,1.0,10238,10000.0,sedan,6,2,7,0.0,real_source
429728,40-64,male,majority,20-29y,high school,upper class,0.6370447435902447,1.0,before 2015,1.0,1.0,10238,8000.0,sedan,4,1,2,0.0,real_source
569640,16-25,female,majority,0-9y,university,upper class,0.59125997174597,1.0,before 2015,0.0,1.0,10238,,sedan,0,0,0,0.0,real_source
906223,26-39,female,majority,0-9y,high school,upper class,0.7627979410816134,0.0,after 2015,1.0,0.0,10238,,sedan,0,0,0,0.0,real_source
517747,65+,male,majority,30y+,university,upper class,0.7961748462456987,1.0,before 2015,1.0,1.0,32765,,sedan,10,2,1,0.0,real_source
24851,16-25,male,majority,0-9y,none,poverty,,0.0,before 2015,1.0,0.0,32765,12000.0,sedan,0,0,0,1.0,real_source
104086,26-39,female,majority,0-9y,university,upper class,0.6805942795073384,1.0,before 2015,0.0,1.0,32765,,sedan,0,0,0,1.0,real_source
240658,16-25,female,majority,0-9y,high school,working class,0.4177139816231188,1.0,before 2015,0.0,1.0,10238,18000.0,sedan,0,0,0,1.0,real_source
484399,16-25,female,majority,0-9y,high school,working class,0.4095135306516067,0.0,before 2015,0.0,0.0,10238,17000.0,sedan,0,0,0,1.0,real_source
912828,16-25,male,majority,0-9y,high school,middle class,0.5532600531952381,1.0,after 2015,1.0,1.0,32765,8000.0,sedan,0,0,0,1.0,real_source
892754,40-64,male,majority,20-29y,none,poverty,0.3309502618581893,1.0,before 2015,1.0,1.0,10238,13000.0,sedan,3,1,1,0.0,real_source
217,16-25,male,majority,0-9y,none,poverty,,0.0,before 2015,0.0,0.0,10238,17000.0,sedan,0,0,0,0.0,real_source
389792,65+,male,majority,0-9y,university,upper class,0.649820471216227,1.0,after 2015,1.0,1.0,32765,9000.0,sedan,0,0,0,1.0,real_source
642614,40-64,male,majority,20-29y,high school,middle class,0.5218044346397632,1.0,after 2015,1.0,1.0,92101,7000.0,sedan,2,0,1,0.0,real_source
951465,65+,female,majority,30y+,university,upper class,0.7012683240604196,1.0,before 2015,1.0,1.0,10238,10000.0,sedan,3,1,1,0.0,real_source
732437,16-25,male,majority,0-9y,none,poverty,0.3184419972124171,1.0,before 2015,0.0,1.0,32765,10000.0,sedan,0,0,0,1.0,real_source
146897,26-39,female,majority,0-9y,high school,middle class,0.6046842696715551,1.0,before 2015,1.0,1.0,21217,11000.0,sedan,0,0,0,1.0,real_source
316173,16-25,male,majority,0-9y,university,working class,0.5049948526440377,0.0,after 2015,0.0,0.0,32765,8000.0,sedan,0,0,0,1.0,real_source
429947,65+,male,majority,30y+,university,upper class,,0.0,after 2015,0.0,1.0,10238,12000.0,sports car,6,0,5,0.0,real_source
485660,40-64,male,majority,10-19y,university,upper class,0.5781305873212035,1.0,before 2015,0.0,1.0,92101,14000.0,sedan,1,0,1,0.0,real_source
80496,65+,male,majority,30y+,high school,upper class,0.7054542902137054,1.0,before 2015,1.0,1.0,10238,10000.0,sedan,5,1,3,0.0,real_source
101678,26-39,female,majority,10-19y,high school,poverty,0.2857471319596469,0.0,before 2015,0.0,1.0,10238,13000.0,sedan,1,0,0,1.0,real_source
231661,40-64,male,majority,20-29y,high school,middle class,0.5022849652731057,0.0,before 2015,0.0,0.0,10238,14000.0,sports car,3,0,4,0.0,real_source
105372,26-39,female,minority,10-19y,none,working class,0.5039497598168121,0.0,before 2015,0.0,1.0,10238,14000.0,sedan,1,0,0,0.0,real_source
888828,40-64,male,majority,20-29y,university,upper class,0.6586274302571438,1.0,before 2015,1.0,0.0,10238,14000.0,sedan,3,0,2,0.0,real_source
370044,65+,male,majority,20-29y,university,upper class,0.5531007570628673,0.0,after 2015,1.0,1.0,32765,7000.0,sedan,9,0,1,0.0,real_source
437535,26-39,female,majority,10-19y,high school,middle class,,1.0,after 2015,1.0,0.0,10238,15000.0,sedan,0,0,0,0.0,real_source
329536,16-25,female,majority,0-9y,high school,poverty,0.4613735917269193,0.0,before 2015,0.0,0.0,32765,9000.0,sedan,0,0,0,1.0,real_source
328531,40-64,female,majority,20-29y,university,middle class,0.3875569443647317,0.0,after 2015,0.0,1.0,32765,12000.0,sedan,2,0,1,0.0,real_source
131881,26-39,male,majority,10-19y,university,working class,0.5501250875743224,1.0,before 2015,0.0,0.0,10238,16000.0,sedan,0,1,0,0.0,real_source
839572,40-64,male,majority,20-29y,high school,working class,0.4529442316093683,0.0,before 2015,1.0,1.0,10238,12000.0,sedan,3,0,1,0.0,real_source
171578,26-39,male,majority,10-19y,university,upper class,,1.0,before 2015,1.0,1.0,10238,8000.0,sedan,2,0,1,0.0,real_source
589757,40-64,female,majority,20-29y,high school,upper class,0.5352743096602144,1.0,before 2015,1.0,1.0,92101,7000.0,sedan,2,0,0,0.0,real_source
788111,40-64,female,minority,20-29y,high school,poverty,0.4544471564329259,1.0,before 2015,1.0,1.0,10238,,sedan,1,0,1,0.0,real_source
367026,40-64,female,minority,10-19y,high school,working class,0.5326613280250595,1.0,before 2015,1.0,1.0,10238,11000.0,sedan,0,0,0,0.0,real_source
547974,65+,male,majority,20-29y,high school,upper class,0.5979905963582334,0.0,before 2015,1.0,1.0,10238,12000.0,sedan,2,1,7,1.0,real_source
989064,26-39,male,majority,0-9y,none,poverty,0.3308186664986927,0.0,after 2015,1.0,1.0,10238,12000.0,sedan,0,0,0,1.0,real_source
422816,40-64,male,majority,20-29y,high school,working class,,1.0,before 2015,0.0,0.0,10238,12000.0,sedan,5,0,7,0.0,real_source
307408,26-39,female,minority,10-19y,none,working class,,1.0,before 2015,0.0,1.0,10238,9000.0,sedan,2,0,0,0.0,real_source
675898,16-25,male,majority,0-9y,high school,middle class,0.5083042183803546,1.0,before 2015,0.0,1.0,10238,16000.0,sedan,0,0,0,0.0,real_source
616663,40-64,male,majority,0-9y,university,upper class,0.4671555457007022,1.0,after 2015,0.0,0.0,10238,16000.0,sedan,0,0,0,0.0,real_source
492837,40-64,female,majority,10-19y,university,upper class,0.6610607322734078,1.0,after 2015,1.0,1.0,10238,14000.0,sedan,0,0,0,0.0,real_source
422563,40-64,male,majority,20-29y,university,upper class,0.6651879748430346,0.0,before 2015,0.0,1.0,10238,14000.0,sedan,2,0,1,0.0,real_source
185231,16-25,female,majority,0-9y,high school,middle class,0.560770206632082,1.0,before 2015,0.0,1.0,10238,11000.0,sedan,0,0,0,0.0,real_source
949152,26-39,female,majority,10-19y,university,upper class,0.7454327103696547,0.0,after 2015,0.0,0.0,32765,9000.0,sedan,0,0,0,0.0,real_source
859453,26-39,male,majority,10-19y,university,middle class,0.53257435224505,1.0,before 2015,1.0,1.0,10238,13000.0,sedan,1,0,2,0.0,real_source
466578,26-39,female,majority,10-19y,high school,middle class,0.5267473391434415,1.0,after 2015,0.0,1.0,10238,14000.0,sedan,0,0,0,0.0,real_source
828462,40-64,male,majority,20-29y,high school,working class,0.3871071449018297,0.0,before 2015,0.0,1.0,10238,16000.0,sedan,0,0,6,0.0,real_source
511837,65+,male,majority,10-19y,high school,middle class,0.5499938678343249,1.0,before 2015,1.0,1.0,32765,9000.0,sedan,3,1,1,0.0,real_source
554995,16-25,male,majority,0-9y,university,upper class,0.5853420947575604,1.0,before 2015,1.0,1.0,10238,12000.0,sports car,0,0,0,1.0,real_source
978021,40-64,male,majority,20-29y,university,upper class,0.6026557000791793,1.0,after 2015,1.0,1.0,10238,7000.0,sedan,4,0,6,0.0,real_source
6676,40-64,female,majority,20-29y,high school,upper class,0.5586591735288894,0.0,before 2015,0.0,1.0,10238,15000.0,sedan,3,0,2,0.0,real_source
362280,40-64,male,majority,10-19y,high school,working class,0.6284070137170304,0.0,before 2015,0.0,0.0,10238,13000.0,sedan,0,0,0,1.0,real_source
198273,65+,male,majority,20-29y,university,upper class,0.6904423335733175,1.0,after 2015,1.0,1.0,32765,9000.0,sedan,8,0,2,0.0,real_source
197763,40-64,male,majority,20-29y,university,upper class,0.4796771646619314,0.0,after 2015,1.0,0.0,10238,14000.0,sedan,1,0,2,0.0,real_source
55670,26-39,male,majority,10-19y,university,upper class,,1.0,after 2015,1.0,1.0,10238,11000.0,sedan,3,1,0,0.0,real_source
545941,40-64,female,majority,20-29y,none,working class,0.4405592041968235,1.0,after 2015,1.0,1.0,10238,11000.0,sedan,1,0,2,0.0,real_source
814196,16-25,female,majority,0-9y,none,middle class,0.634052597196068,1.0,before 2015,0.0,1.0,32765,,sedan,0,0,0,1.0,real_source
560160,16-25,female,majority,0-9y,high school,poverty,0.4574695879943666,0.0,before 2015,0.0,0.0,10238,,sedan,0,0,0,0.0,real_source
320444,26-39,male,majority,0-9y,none,poverty,0.3086490182004943,0.0,before 2015,0.0,1.0,10238,14000.0,sedan,0,0,0,0.0,real_source
362190,16-25,male,majority,0-9y,high school,poverty,0.3056465190413162,0.0,before 2015,0.0,0.0,10238,14000.0,sedan,0,0,0,1.0,real_source
62647,26-39,male,majority,10-19y,high school,upper class,0.7440140862681482,1.0,before 2015,0.0,0.0,10238,13000.0,sedan,2,0,1,0.0,real_source
296948,40-64,male,majority,10-19y,university,upper class,0.6704645467899408,1.0,after 2015,1.0,1.0,10238,14000.0,sedan,0,0,0,0.0,real_source
673660,65+,female,majority,30y+,high school,upper class,0.6830407984824192,0.0,after 2015,1.0,1.0,10238,10000.0,sedan,4,1,3,0.0,real_source
945867,16-25,male,majority,0-9y,university,middle class,0.828628569053192,1.0,before 2015,0.0,0.0,10238,13000.0,sedan,0,0,0,1.0,real_source
429503,16-25,male,majority,0-9y,high school,poverty,0.28372421050714,0.0,before 2015,0.0,1.0,10238,15000.0,sedan,0,0,0,1.0,real_source
810013,16-25,male,majority,0-9y,university,working class,0.4576486815858435,1.0,after 2015,0.0,0.0,10238,14000.0,sports car,0,0,0,1.0,real_source
663458,16-25,female,majority,0-9y,high school,poverty,0.3049876423937953,0.0,before 2015,0.0,0.0,10238,15000.0,sedan,0,0,0,1.0,real_source
879976,16-25,male,majority,0-9y,high school,working class,0.5517442884135392,0.0,before 2015,1.0,1.0,32765,10000.0,sedan,0,0,0,1.0,real_source
418841,16-25,male,minority,0-9y,none,poverty,0.3186855562451054,1.0,before 2015,1.0,0.0,32765,9000.0,sedan,0,0,0,1.0,real_source
542236,26-39,male,minority,10-19y,none,working class,0.436944194154781,1.0,before 2015,0.0,0.0,10238,12000.0,sedan,3,0,0,0.0,real_source
670850,16-25,male,majority,0-9y,university,working class,0.4055600158887265,1.0,before 2015,0.0,0.0,10238,17000.0,sedan,0,0,0,1.0,real_source
151252,16-25,male,majority,0-9y,university,middle class,0.6235462115803201,1.0,before 2015,1.0,0.0,10238,11000.0,sedan,0,0,0,0.0,real_source
706349,65+,male,majority,10-19y,university,upper class,0.7270329897821235,1.0,before 2015,1.0,1.0,10238,10000.0,sedan,1,1,2,0.0,real_source
242772,26-39,female,majority,10-19y,none,middle class,0.5036589704487734,1.0,before 2015,0.0,1.0,10238,10000.0,sedan,1,2,0,0.0,real_source
938115,16-25,female,majority,0-9y,none,poverty,0.2444900931240796,0.0,before 2015,0.0,1.0,32765,,sedan,0,0,0,1.0,real_source
727943,16-25,male,majority,0-9y,university,middle class,0.5757707974509628,1.0,before 2015,0.0,0.0,10238,11000.0,sedan,0,0,0,1.0,real_source
766309,16-25,male,majority,0-9y,high school,poverty,,0.0,before 2015,0.0,0.0,10238,10000.0,sports car,0,0,0,1.0,real_source
261229,16-25,male,majority,0-9y,university,working class,0.468671965728324,1.0,after 2015,0.0,1.0,32765,9000.0,sedan,0,0,0,1.0,real_source
45002,65+,male,majority,30y+,high school,upper class,0.6722562535141292,1.0,before 2015,1.0,1.0,10238,9000.0,sedan,4,1,2,0.0,real_source
549142,16-25,male,majority,0-9y,university,middle class,0.5512978330713669,1.0,before 2015,1.0,1.0,10238,12000.0,sedan,0,0,0,1.0,real_source
95138,40-64,male,majority,20-29y,high school,middle class,0.5985570254244251,0.0,after 2015,1.0,0.0,10238,14000.0,sedan,4,1,4,0.0,real_source
615991,40-64,female,majority,20-29y,high school,upper class,0.5824219946087406,1.0,after 2015,1.0,1.0,10238,11000.0,sedan,2,0,1,0.0,real_source
424820,26-39,female,minority,10-19y,high school,middle class,0.540182723180248,1.0,before 2015,1.0,1.0,10238,,sedan,0,0,1,0.0,real_source
807847,65+,male,majority,20-29y,university,upper class,0.6330139475122963,1.0,after 2015,0.0,1.0,10238,14000.0,sedan,3,1,4,0.0,real_source
987114,26-39,female,majority,0-9y,university,middle class,0.3266816101781183,0.0,before 2015,0.0,0.0,10238,16000.0,sedan,0,0,0,1.0,real_source
873457,40-64,male,minority,20-29y,high school,middle class,0.5880825424047316,1.0,before 2015,1.0,1.0,10238,13000.0,sedan,7,1,1,0.0,real_source
699703,65+,female,majority,0-9y,university,upper class,0.7022748020975709,0.0,before 2015,1.0,1.0,92101,10000.0,sedan,0,0,0,1.0,real_source
563342,65+,female,majority,0-9y,university,upper class,0.7266055391975765,1.0,before 2015,0.0,1.0,10238,13000.0,sedan,0,0,0,0.0,real_source
427520,26-39,male,majority,10-19y,university,middle class,0.4641607076311848,0.0,before 2015,0.0,0.0,10238,16000.0,sedan,0,1,0,0.0,real_source
288712,65+,male,majority,30y+,university,upper class,0.6663760181644964,1.0,after 2015,1.0,1.0,10238,12000.0,sedan,3,0,7,0.0,real_source
228114,26-39,male,majority,0-9y,high school,working class,0.4031472802313768,1.0,before 2015,1.0,1.0,10238,10000.0,sedan,0,0,0,0.0,real_source
63715,65+,male,majority,20-29y,university,upper class,0.4169350441301069,1.0,before 2015,0.0,1.0,10238,13000.0,sedan,5,1,5,0.0,real_source
624077,65+,female,majority,30y+,none,upper class,0.5948797136778915,1.0,before 2015,1.0,1.0,32765,8000.0,sports car,10,0,1,0.0,real_source
726352,26-39,male,minority,10-19y,none,poverty,0.3804265034620669,0.0,before 2015,1.0,1.0,10238,16000.0,sedan,1,0,1,0.0,real_source
150072,16-25,female,majority,0-9y,none,poverty,,0.0,before 2015,0.0,0.0,21217,14000.0,sedan,0,0,0,1.0,real_source
792396,65+,female,majority,30y+,university,upper class,0.680617632406099,1.0,before 2015,1.0,1.0,10238,12000.0,sedan,1,2,2,0.0,real_source
768933,40-64,male,minority,0-9y,high school,working class,0.3559504699938693,1.0,before 2015,0.0,1.0,10238,16000.0,sedan,0,0,0,1.0,real_source
849811,65+,female,minority,30y+,high school,upper class,0.587831426389767,1.0,after 2015,1.0,0.0,32765,,sports car,3,0,1,0.0,real_source
579336,65+,female,majority,10-19y,university,upper class,0.5733880426029547,1.0,after 2015,1.0,1.0,10238,10000.0,sedan,0,0,2,0.0,real_source
648922,16-25,male,majority,0-9y,university,middle class,0.2964062828237805,1.0,before 2015,0.0,0.0,10238,13000.0,sedan,0,0,0,1.0,real_source
47909,65+,male,majority,10-19y,university,upper class,0.4295096986208441,1.0,before 2015,1.0,1.0,10238,10000.0,sedan,1,0,4,0.0,real_source
619577,65+,female,majority,30y+,university,upper class,0.6885687186194461,1.0,after 2015,0.0,1.0,92101,11000.0,sedan,2,0,0,0.0,real_source
212678,65+,female,majority,20-29y,university,upper class,0.700017431968704,1.0,after 2015,0.0,1.0,32765,13000.0,sedan,1,0,1,0.0,real_source
579720,26-39,male,majority,10-19y,university,working class,0.4495886310379405,0.0,before 2015,0.0,1.0,10238,,sports car,0,0,1,1.0,real_source
943922,26-39,male,majority,10-19y,university,upper class,0.6563457625165399,0.0,after 2015,1.0,1.0,32765,6000.0,sedan,8,0,0,0.0,real_source
510116,40-64,male,majority,0-9y,high school,middle class,0.4983566259941653,1.0,after 2015,0.0,1.0,10238,12000.0,sedan,0,0,0,0.0,real_source
487116,26-39,male,majority,10-19y,none,working class,0.5300643171181573,1.0,before 2015,0.0,0.0,10238,,sedan,1,0,2,1.0,real_source
936820,26-39,female,majority,10-19y,high school,working class,0.3578391720711443,1.0,before 2015,0.0,1.0,32765,12000.0,sedan,1,0,0,1.0,real_source
856630,16-25,female,majority,0-9y,high school,middle class,0.4801406677163008,0.0,after 2015,0.0,0.0,32765,14000.0,sedan,0,0,0,1.0,real_source
784462,65+,male,majority,30y+,university,upper class,,1.0,before 2015,1.0,1.0,32765,10000.0,sedan,13,1,6,0.0,real_source
792252,40-64,female,majority,20-29y,university,upper class,0.5152467080125883,1.0,after 2015,0.0,1.0,10238,12000.0,sedan,2,0,1,0.0,real_source
462586,26-39,male,majority,10-19y,none,working class,0.4899205986325767,1.0,before 2015,0.0,1.0,10238,13000.0,sedan,3,0,1,0.0,real_source
577965,65+,male,majority,30y+,high school,middle class,0.4219579486132668,1.0,before 2015,0.0,1.0,10238,11000.0,sedan,4,0,6,0.0,real_source
431538,16-25,male,majority,0-9y,high school,poverty,0.19414954837432,0.0,before 2015,1.0,0.0,10238,12000.0,sports car,0,0,0,1.0,real_source
164516,16-25,male,majority,0-9y,high school,poverty,0.300497330390378,0.0,before 2015,0.0,0.0,10238,13000.0,sedan,0,0,0,1.0,real_source
479577,40-64,female,majority,20-29y,university,upper class,0.6670906918498556,1.0,after 2015,1.0,1.0,10238,7000.0,sedan,4,0,0,0.0,real_source
395233,40-64,male,majority,0-9y,high school,upper class,0.6130724079074048,1.0,before 2015,1.0,0.0,10238,,sedan,0,0,0,1.0,real_source
221838,40-64,male,majority,10-19y,university,upper class,,1.0,after 2015,1.0,0.0,10238,11000.0,sedan,3,0,2,0.0,real_source
938476,26-39,male,minority,10-19y,high school,middle class,0.5952817629709132,1.0,before 2015,1.0,1.0,32765,8000.0,sedan,1,0,1,0.0,real_source
112454,26-39,male,majority,0-9y,none,poverty,0.3482357882933829,0.0,before 2015,1.0,1.0,32765,7000.0,sedan,0,0,0,1.0,real_source
2743,26-39,female,majority,10-19y,none,working class,0.3486591269429803,0.0,before 2015,1.0,0.0,21217,12000.0,sedan,0,0,0,1.0,real_source
593426,40-64,male,majority,20-29y,university,middle class,0.5717246252857962,1.0,before 2015,0.0,1.0,32765,15000.0,sedan,2,2,1,0.0,real_source
235574,65+,female,majority,30y+,university,upper class,0.6510078690171576,1.0,after 2015,1.0,1.0,10238,12000.0,sedan,5,0,2,0.0,real_source
301242,26-39,female,majority,10-19y,university,middle class,0.4500145680826032,1.0,before 2015,0.0,1.0,10238,13000.0,sedan,1,0,1,0.0,real_source
784122,26-39,male,majority,10-19y,university,upper class,0.6364490959261638,1.0,before 2015,1.0,1.0,10238,,sedan,0,1,4,0.0,real_source
884967,65+,male,majority,30y+,university,upper class,0.4576717029360895,0.0,before 2015,1.0,1.0,10238,,sedan,4,0,8,0.0,real_source
112143,16-25,female,majority,0-9y,none,working class,0.1924274124285441,0.0,before 2015,0.0,1.0,32765,11000.0,sedan,0,0,0,1.0,real_source
601305,65+,female,majority,0-9y,university,upper class,0.647569234863379,0.0,after 2015,1.0,1.0,10238,11000.0,sedan,0,0,0,1.0,real_source
602274,16-25,female,majority,0-9y,high school,middle class,0.4572362634438549,1.0,after 2015,0.0,0.0,92101,10000.0,sedan,0,0,0,0.0,real_source
352099,26-39,male,majority,10-19y,none,middle class,0.5042469291759577,1.0,before 2015,0.0,1.0,10238,13000.0,sedan,0,0,1,0.0,real_source
660400,16-25,male,majority,0-9y,high school,poverty,0.3749625006784157,1.0,before 2015,0.0,1.0,10238,15000.0,sedan,0,0,0,1.0,real_source
267614,16-25,female,majority,0-9y,university,upper class,0.6603156212983624,1.0,before 2015,0.0,1.0,10238,11000.0,sports car,0,0,0,0.0,real_source
974380,40-64,female,majority,20-29y,high school,upper class,0.4169178873741152,1.0,before 2015,0.0,1.0,32765,12000.0,sedan,3,0,0,0.0,real_source
536135,26-39,male,majority,10-19y,high school,middle class,0.4049288507406456,1.0,before 2015,1.0,1.0,92101,11000.0,sedan,2,0,0,0.0,real_source
75569,40-64,female,majority,20-29y,high school,upper class,0.4956283926329951,0.0,after 2015,1.0,0.0,10238,11000.0,sedan,2,0,0,0.0,real_source
421596,65+,male,majority,30y+,university,upper class,0.5032225392796313,1.0,after 2015,1.0,1.0,10238,9000.0,sedan,6,2,10,0.0,real_source
164636,26-39,female,majority,10-19y,university,upper class,0.7140339031205747,1.0,before 2015,1.0,1.0,21217,11000.0,sedan,0,0,0,1.0,real_source
405100,26-39,male,majority,10-19y,high school,working class,0.3670512395145257,0.0,before 2015,1.0,0.0,10238,14000.0,sedan,1,0,1,1.0,real_source
315223,40-64,female,majority,20-29y,high school,middle class,0.5793929043624154,1.0,before 2015,0.0,0.0,92101,13000.0,sedan,2,0,0,0.0,real_source
628723,40-64,female,majority,20-29y,high school,middle class,0.5584702236402418,1.0,before 2015,0.0,1.0,10238,10000.0,sedan,1,0,4,0.0,real_source
416795,40-64,female,majority,20-29y,high school,middle class,0.6615841421190086,1.0,before 2015,0.0,1.0,32765,12000.0,sedan,5,0,0,0.0,real_source
712973,16-25,female,majority,0-9y,none,poverty,0.3788290288330991,0.0,before 2015,0.0,0.0,10238,17000.0,sedan,0,0,0,1.0,real_source
755061,16-25,female,minority,0-9y,high school,poverty,0.3740705590179875,1.0,before 2015,0.0,0.0,10238,15000.0,sedan,0,0,0,1.0,real_source
625426,40-64,male,majority,20-29y,university,upper class,,1.0,before 2015,0.0,0.0,10238,13000.0,sedan,3,1,2,0.0,real_source
732843,40-64,male,majority,20-29y,university,middle class,,1.0,before 2015,0.0,0.0,10238,15000.0,sedan,2,0,5,0.0,real_source
498232,16-25,male,minority,0-9y,high school,middle class,0.4086866980912735,1.0,before 2015,0.0,1.0,32765,9000.0,sedan,0,0,0,1.0,real_source
170391,65+,female,majority,20-29y,high school,upper class,0.5888021385021842,1.0,before 2015,1.0,1.0,10238,11000.0,sedan,2,0,2,0.0,real_source
918640,40-64,male,majority,20-29y,high school,upper class,0.61502467895473,1.0,before 2015,1.0,1.0,32765,7000.0,sedan,3,1,0,0.0,real_source
937134,65+,female,majority,30y+,high school,upper class,,1.0,before 2015,1.0,1.0,32765,8000.0,sedan,2,0,0,0.0,real_source
273764,40-64,female,majority,20-29y,university,upper class,0.5464601140543317,1.0,after 2015,1.0,1.0,10238,8000.0,sedan,1,0,1,0.0,real_source
344228,65+,male,majority,0-9y,university,upper class,0.737994819837278,1.0,after 2015,1.0,0.0,10238,17000.0,sedan,0,0,0,0.0,real_source
809278,40-64,female,majority,10-19y,none,working class,0.4273733642706479,1.0,before 2015,0.0,1.0,32765,10000.0,sedan,3,0,0,0.0,real_source
68145,16-25,female,majority,0-9y,high school,poverty,0.4129918414421705,0.0,before 2015,0.0,0.0,10238,,sedan,0,0,0,1.0,real_source
194925,16-25,female,majority,0-9y,high school,poverty,0.2912344134674337,0.0,before 2015,0.0,1.0,10238,13000.0,sedan,0,0,0,1.0,real_source
918038,26-39,female,majority,10-19y,none,poverty,0.3436417190829057,0.0,before 2015,0.0,0.0,10238,13000.0,sedan,0,1,0,1.0,real_source
653061,26-39,female,majority,0-9y,university,upper class,,0.0,after 2015,0.0,1.0,10238,,sedan,0,0,0,0.0,real_source
706892,40-64,female,majority,20-29y,university,upper class,0.6630513690689503,1.0,after 2015,1.0,1.0,10238,,sedan,2,0,0,0.0,real_source
761911,40-64,male,majority,0-9y,none,poverty,0.2027084379448271,0.0,before 2015,0.0,1.0,32765,11000.0,sedan,0,0,0,1.0,real_source
622930,16-25,female,majority,0-9y,high school,working class,0.4101367047885667,0.0,before 2015,0.0,0.0,10238,15000.0,sedan,0,0,0,0.0,real_source
373844,26-39,male,majority,0-9y,university,upper class,0.5073241356207076,1.0,before 2015,0.0,1.0,32765,12000.0,sedan,0,0,0,0.0,real_source
368392,16-25,male,majority,0-9y,none,poverty,0.2095073883823189,0.0,before 2015,0.0,1.0,10238,14000.0,sedan,0,0,0,1.0,real_source
447175,16-25,female,majority,0-9y,high school,working class,0.4907240542637642,1.0,before 2015,0.0,0.0,10238,15000.0,sedan,0,0,0,1.0,real_source
182095,40-64,male,majority,20-29y,university,middle class,0.5814986743175801,1.0,before 2015,1.0,1.0,10238,14000.0,sedan,5,0,0,0.0,real_source
953021,26-39,male,majority,0-9y,university,middle class,0.4739316494372351,1.0,after 2015,0.0,1.0,10238,,sedan,0,0,0,0.0,real_source
617007,40-64,male,majority,10-19y,university,upper class,0.5128461364179456,1.0,after 2015,1.0,1.0,10238,10000.0,sedan,4,0,2,0.0,real_source
560773,40-64,male,majority,10-19y,university,upper class,0.6624617559275001,1.0,after 2015,1.0,0.0,10238,13000.0,sedan,1,0,1,0.0,real_source
438008,40-64,female,majority,20-29y,high school,upper class,0.5564133152355352,1.0,before 2015,0.0,0.0,10238,17000.0,sedan,1,0,4,0.0,real_source
212573,16-25,female,minority,0-9y,high school,poverty,0.2673466585061873,0.0,before 2015,0.0,0.0,10238,17000.0,sedan,0,0,0,0.0,real_source
492516,65+,female,majority,30y+,university,upper class,0.8094112590513309,1.0,before 2015,1.0,1.0,10238,9000.0,sedan,5,0,4,0.0,real_source
538225,16-25,female,majority,0-9y,none,poverty,0.3679435479917757,0.0,after 2015,1.0,1.0,10238,11000.0,sedan,0,0,0,0.0,real_source
325516,65+,female,majority,0-9y,none,middle class,0.5342877060116482,1.0,before 2015,1.0,1.0,10238,13000.0,sedan,0,0,0,0.0,real_source
107029,40-64,male,majority,20-29y,university,upper class,0.8032523419405172,1.0,before 2015,0.0,1.0,10238,10000.0,sedan,2,0,3,0.0,real_source
304803,26-39,female,majority,0-9y,high school,middle class,,1.0,before 2015,1.0,1.0,32765,8000.0,sports car,0,0,0,0.0,real_source
124204,16-25,female,majority,0-9y,none,poverty,0.186185114720855,0.0,before 2015,0.0,0.0,10238,17000.0,sedan,0,0,0,1.0,real_source
903407,16-25,male,majority,0-9y,none,poverty,,0.0,before 2015,0.0,1.0,32765,12000.0,sedan,0,0,0,0.0,real_source
968669,65+,female,majority,30y+,university,upper class,0.4836380123288594,1.0,after 2015,1.0,1.0,32765,9000.0,sedan,4,1,2,0.0,real_source
993267,26-39,female,majority,10-19y,high school,poverty,0.3858741008429725,1.0,before 2015,0.0,0.0,10238,14000.0,sedan,0,1,0,0.0,real_source
423938,65+,male,majority,30y+,high school,upper class,0.6343725020457226,1.0,after 2015,1.0,0.0,32765,11000.0,sedan,11,1,5,0.0,real_source
125168,16-25,male,majority,0-9y,high school,working class,0.3621741186724681,1.0,before 2015,0.0,0.0,10238,16000.0,sedan,0,0,0,1.0,real_source
525386,65+,female,majority,10-19y,university,upper class,0.6928836357133882,1.0,before 2015,1.0,1.0,10238,10000.0,sedan,2,0,1,0.0,real_source
500215,65+,female,majority,30y+,high school,upper class,0.5777028525076912,1.0,before 2015,0.0,1.0,10238,11000.0,sedan,2,0,3,0.0,real_source
572994,40-64,male,majority,20-29y,university,upper class,0.6640650143948857,1.0,after 2015,1.0,1.0,10238,11000.0,sedan,0,1,1,0.0,real_source
58735,40-64,male,majority,20-29y,high school,upper class,0.4897024062963834,0.0,after 2015,0.0,0.0,10238,,sedan,3,0,1,0.0,real_source
319953,26-39,female,minority,0-9y,none,poverty,0.2828694808711571,0.0,before 2015,1.0,0.0,10238,13000.0,sports car,0,0,0,1.0,real_source
487355,40-64,male,majority,0-9y,high school,working class,0.4317004117968687,0.0,before 2015,0.0,1.0,10238,10000.0,sedan,0,0,0,1.0,real_source
232470,16-25,male,majority,0-9y,university,poverty,0.1264534313986037,1.0,before 2015,0.0,1.0,10238,14000.0,sedan,0,0,0,1.0,real_source
165944,26-39,male,majority,10-19y,high school,middle class,0.3706567853008601,1.0,before 2015,0.0,1.0,32765,,sedan,6,0,1,0.0,real_source
613091,65+,female,majority,20-29y,high school,upper class,0.7917101109944502,1.0,after 2015,1.0,1.0,32765,11000.0,sedan,5,0,2,0.0,real_source
187197,26-39,male,majority,10-19y,university,upper class,,0.0,before 2015,1.0,0.0,10238,12000.0,sedan,0,0,0,0.0,real_source
351757,26-39,female,majority,10-19y,none,working class,0.628633149594721,0.0,before 2015,1.0,1.0,21217,9000.0,sedan,0,1,2,1.0,real_source
735929,16-25,male,majority,0-9y,high school,poverty,0.3448180556225356,0.0,before 2015,0.0,1.0,10238,10000.0,sedan,0,0,0,1.0,real_source
224890,40-64,male,majority,20-29y,high school,upper class,0.5478225909631781,1.0,before 2015,0.0,0.0,10238,15000.0,sports car,5,0,1,0.0,real_source
485798,16-25,female,majority,0-9y,high school,poverty,0.2897871439465148,0.0,after 2015,0.0,0.0,10238,13000.0,sedan,0,0,0,0.0,real_source
733833,16-25,male,majority,0-9y,university,middle class,0.5979347864750699,1.0,before 2015,1.0,1.0,92101,13000.0,sedan,0,0,0,1.0,real_source
750465,26-39,female,majority,0-9y,none,working class,0.3692930793988261,0.0,before 2015,0.0,1.0,10238,14000.0,sedan,0,0,0,1.0,real_source
660556,65+,male,majority,30y+,none,working class,0.4171250369936769,1.0,before 2015,1.0,1.0,10238,9000.0,sedan,6,1,6,0.0,real_source
219960,40-64,female,majority,20-29y,high school,middle class,0.5340483380212564,1.0,before 2015,0.0,0.0,10238,16000.0,sports car,1,0,0,1.0,real_source
763891,65+,female,majority,30y+,university,upper class,0.6409488031039333,1.0,after 2015,1.0,1.0,10238,,sedan,2,1,4,0.0,real_source
403707,40-64,female,minority,20-29y,high school,middle class,0.5860627511953006,0.0,before 2015,0.0,1.0,32765,13000.0,sports car,2,1,0,0.0,real_source
792734,40-64,female,majority,0-9y,university,upper class,0.6168247780300146,1.0,after 2015,1.0,1.0,10238,9000.0,sedan,0,0,0,0.0,real_source
519764,65+,male,majority,30y+,none,middle class,0.344957864738121,1.0,before 2015,0.0,1.0,32765,15000.0,sedan,7,0,0,0.0,real_source
912172,16-25,male,majority,0-9y,university,upper class,0.7154034227572682,1.0,after 2015,1.0,1.0,32765,10000.0,sedan,0,0,0,0.0,real_source
652414,16-25,male,majority,0-9y,none,poverty,0.2708440121659797,0.0,before 2015,0.0,1.0,10238,,sedan,0,0,0,1.0,real_source
220269,65+,female,majority,30y+,university,upper class,0.5824680179178995,1.0,before 2015,0.0,1.0,10238,14000.0,sedan,1,1,3,0.0,real_source
136946,65+,male,majority,0-9y,high school,upper class,0.6062206447979116,1.0,before 2015,1.0,1.0,10238,,sedan,0,0,0,0.0,real_source
379940,26-39,male,majority,0-9y,university,upper class,,1.0,before 2015,0.0,0.0,32765,12000.0,sedan,0,0,0,1.0,real_source
241888,16-25,male,majority,0-9y,university,poverty,0.2912086260521752,0.0,before 2015,0.0,1.0,32765,11000.0,sedan,0,0,0,1.0,real_source
373218,40-64,female,minority,10-19y,high school,working class,0.4712361399215783,1.0,before 2015,0.0,0.0,10238,12000.0,sedan,0,0,0,0.0,real_source
656042,65+,female,majority,30y+,university,upper class,0.6782370223364715,1.0,after 2015,1.0,1.0,10238,,sedan,2,0,7,0.0,real_source
647888,40-64,female,majority,10-19y,none,working class,0.509910296776192,0.0,before 2015,0.0,0.0,10238,13000.0,sedan,0,0,1,0.0,real_source
431314,26-39,male,majority,0-9y,university,middle class,0.6477554969922709,1.0,before 2015,1.0,1.0,10238,,sedan,0,0,0,0.0,real_source
351356,65+,male,majority,0-9y,university,upper class,,0.0,before 2015,0.0,1.0,32765,11000.0,sedan,0,0,0,1.0,real_source
447424,40-64,male,majority,20-29y,high school,middle class,0.5778131836961647,1.0,before 2015,0.0,0.0,10238,12000.0,sedan,3,2,4,0.0,real_source
201707,40-64,male,majority,20-29y,high school,middle class,0.4953502835315234,1.0,before 2015,0.0,1.0,32765,9000.0,sedan,4,1,2,0.0,real_source
903320,16-25,male,majority,0-9y,high school,poverty,0.4526765592626403,0.0,before 2015,1.0,0.0,10238,12000.0,sedan,0,0,0,1.0,real_source
950296,65+,female,majority,30y+,high school,upper class,0.5458900735115071,1.0,after 2015,0.0,1.0,21217,15000.0,sedan,1,0,0,1.0,real_source
243888,26-39,male,majority,10-19y,none,poverty,0.1436568483193364,0.0,before 2015,0.0,0.0,10238,17000.0,sedan,1,0,1,0.0,real_source
605896,26-39,female,majority,10-19y,none,poverty,0.3262403387046744,1.0,before 2015,0.0,1.0,32765,13000.0,sedan,2,0,0,1.0,real_source
871858,26-39,male,minority,0-9y,high school,poverty,0.2806543806481637,0.0,before 2015,0.0,1.0,10238,14000.0,sedan,0,0,0,1.0,real_source
319494,65+,female,majority,0-9y,high school,upper class,0.7306774626064182,1.0,after 2015,1.0,1.0,10238,13000.0,sedan,0,0,0,0.0,real_source
959164,16-25,male,majority,0-9y,university,middle class,0.5783712166428834,1.0,before 2015,0.0,0.0,10238,13000.0,sedan,0,0,0,1.0,real_source
675192,40-64,male,majority,10-19y,none,middle class,0.4816627514207715,1.0,before 2015,0.0,0.0,10238,10000.0,sedan,2,0,1,0.0,real_source
37956,26-39,female,majority,10-19y,high school,middle class,0.5573996021834157,1.0,before 2015,0.0,1.0,32765,6000.0,sedan,1,0,0,0.0,real_source
739932,16-25,female,majority,0-9y,high school,poverty,0.4289832028689519,0.0,before 2015,1.0,1.0,32765,12000.0,sedan,0,0,0,1.0,real_source
123892,65+,male,majority,30y+,high school,working class,0.4972878528954948,1.0,before 2015,0.0,1.0,10238,,sedan,2,0,4,0.0,real_source
824793,26-39,male,majority,10-19y,none,working class,0.4466473449579012,1.0,before 2015,0.0,1.0,32765,10000.0,sedan,5,0,1,0.0,real_source
487034,26-39,male,majority,10-19y,high school,middle class,0.2710642145687786,1.0,after 2015,0.0,0.0,10238,14000.0,sedan,0,0,4,0.0,real_source
253078,26-39,female,majority,10-19y,high school,middle class,0.5655780916935856,1.0,before 2015,1.0,0.0,10238,12000.0,sports car,0,0,0,0.0,real_source
334556,26-39,male,majority,0-9y,university,upper class,0.6391281575503801,1.0,after 2015,0.0,1.0,10238,10000.0,sedan,0,0,0,0.0,real_source
403057,65+,female,majority,0-9y,high school,middle class,,1.0,before 2015,1.0,1.0,10238,13000.0,sedan,0,0,0,0.0,real_source
732295,40-64,female,majority,20-29y,university,upper class,0.6862027857536264,1.0,before 2015,0.0,0.0,10238,14000.0,sedan,0,0,3,0.0,real_source
933941,26-39,male,majority,10-19y,high school,poverty,0.4259830675931939,0.0,before 2015,0.0,1.0,10238,14000.0,sedan,0,0,1,0.0,real_source
871263,65+,female,majority,10-19y,university,upper class,0.5838061362917646,1.0,after 2015,1.0,1.0,10238,11000.0,sedan,0,0,0,0.0,real_source
864717,65+,male,majority,30y+,high school,upper class,0.5873165927562172,1.0,after 2015,0.0,1.0,92101,11000.0,sedan,3,1,7,0.0,real_source
718626,26-39,male,majority,10-19y,university,upper class,0.6237655956418446,0.0,after 2015,0.0,1.0,10238,12000.0,sedan,0,0,1,0.0,real_source
921816,40-64,female,majority,20-29y,high school,upper class,0.8336684211611398,1.0,after 2015,1.0,1.0,10238,13000.0,sedan,2,0,0,0.0,real_source
431031,26-39,male,majority,0-9y,none,working class,0.4842558344936022,0.0,before 2015,1.0,0.0,10238,13000.0,sedan,0,0,0,1.0,real_source
22475,40-64,female,majority,0-9y,high school,middle class,0.5905674346205279,1.0,before 2015,1.0,0.0,10238,11000.0,sedan,0,0,0,0.0,real_source
254814,26-39,male,majority,10-19y,high school,working class,0.4378786301039939,1.0,after 2015,0.0,1.0,32765,11000.0,sedan,3,0,0,0.0,real_source
799392,16-25,female,majority,0-9y,university,working class,0.4010182348532662,1.0,after 2015,0.0,1.0,32765,11000.0,sedan,0,0,0,0.0,real_source
429212,16-25,female,majority,0-9y,high school,working class,,1.0,before 2015,0.0,0.0,10238,13000.0,sedan,0,0,0,1.0,real_source
280243,40-64,female,majority,20-29y,high school,upper class,0.6068501228266245,1.0,after 2015,1.0,0.0,10238,12000.0,sedan,0,0,1,0.0,real_source
979772,65+,female,majority,30y+,university,upper class,0.6019296536623298,1.0,after 2015,1.0,1.0,32765,6000.0,sedan,6,1,1,0.0,real_source
178142,26-39,male,majority,10-19y,university,upper class,0.5739100548968327,1.0,before 2015,1.0,1.0,10238,11000.0,sedan,1,0,4,0.0,real_source
342957,40-64,female,minority,0-9y,university,upper class,0.5411543588314012,1.0,after 2015,1.0,1.0,10238,9000.0,sedan,0,0,0,0.0,real_source
318054,26-39,female,majority,10-19y,high school,upper class,0.7486839299000425,0.0,after 2015,0.0,1.0,32765,,sedan,0,0,0,0.0,real_source
178359,40-64,male,majority,20-29y,university,upper class,,0.0,before 2015,1.0,1.0,10238,11000.0,sedan,2,0,3,0.0,real_source
821985,65+,male,majority,30y+,university,upper class,0.7896637075334306,1.0,before 2015,1.0,1.0,10238,7000.0,sedan,8,0,5,0.0,real_source
810334,65+,female,majority,10-19y,university,upper class,0.6261539579803245,1.0,before 2015,1.0,1.0,10238,8000.0,sedan,0,0,0,0.0,real_source
818305,26-39,male,majority,10-19y,university,upper class,0.4826533172678877,1.0,after 2015,1.0,1.0,92101,11000.0,sedan,1,0,2,0.0,real_source
586430,26-39,male,majority,10-19y,university,upper class,0.6277262155079715,0.0,before 2015,1.0,1.0,10238,10000.0,sedan,0,0,4,0.0,real_source
662672,40-64,female,majority,10-19y,high school,working class,0.4351936688486559,0.0,before 2015,0.0,0.0,10238,13000.0,sedan,2,0,2,1.0,real_source
770081,26-39,female,majority,10-19y,university,middle class,0.4676859181203905,0.0,after 2015,0.0,0.0,10238,17000.0,sedan,2,0,1,0.0,real_source
787457,26-39,female,majority,10-19y,high school,middle class,0.4064304948022721,1.0,after 2015,0.0,1.0,10238,15000.0,sedan,2,0,1,0.0,real_source
965475,26-39,male,majority,10-19y,high school,working class,0.4180972967647553,0.0,after 2015,0.0,1.0,10238,,sports car,0,0,0,0.0,real_source
692484,26-39,female,majority,10-19y,university,working class,,0.0,before 2015,0.0,1.0,32765,11000.0,sedan,3,0,1,0.0,real_source
571298,65+,male,majority,0-9y,university,upper class,0.7403410730107258,1.0,before 2015,1.0,1.0,10238,9000.0,sedan,0,0,0,1.0,real_source
701289,40-64,female,majority,20-29y,university,upper class,0.7297169089422261,1.0,before 2015,0.0,1.0,10238,15000.0,sports car,0,0,1,0.0,real_source
879256,16-25,female,majority,0-9y,none,working class,0.4040051987550686,0.0,before 2015,0.0,1.0,10238,9000.0,sedan,0,0,0,0.0,real_source
649732,40-64,male,minority,10-19y,high school,upper class,0.530349303316289,1.0,before 2015,1.0,1.0,10238,10000.0,sedan,1,1,3,0.0,real_source
855779,40-64,female,majority,20-29y,high school,upper class,0.597964121410427,1.0,before 2015,0.0,1.0,10238,12000.0,sedan,1,0,2,0.0,real_source
506830,40-64,female,majority,20-29y,high school,middle class,0.5953854959206422,1.0,before 2015,1.0,1.0,10238,,sedan,1,0,0,0.0,real_source
291891,26-39,male,majority,10-19y,none,working class,,1.0,before 2015,0.0,1.0,32765,,sedan,4,1,1,1.0,real_source
3025,65+,female,minority,10-19y,university,upper class,0.6013122510598804,1.0,before 2015,1.0,1.0,32765,8000.0,sedan,2,0,0,0.0,real_source
683267,65+,female,majority,0-9y,high school,upper class,0.5664369365922711,0.0,before 2015,1.0,1.0,10238,10000.0,sedan,0,0,0,1.0,real_source
839311,65+,male,majority,30y+,none,middle class,,1.0,before 2015,1.0,1.0,10238,9000.0,sedan,4,1,6,0.0,real_source
969959,26-39,male,minority,10-19y,high school,working class,0.4328792985209903,1.0,before 2015,0.0,1.0,10238,14000.0,sedan,0,2,0,0.0,real_source
912505,26-39,male,majority,10-19y,university,middle class,0.5765924303012139,0.0,before 2015,0.0,0.0,92101,16000.0,sedan,2,0,0,1.0,real_source
298912,65+,female,majority,30y+,university,upper class,0.7265435592483527,1.0,before 2015,0.0,0.0,10238,16000.0,sedan,1,1,0,0.0,real_source
336753,65+,male,majority,30y+,high school,working class,0.3479315814537255,0.0,before 2015,1.0,1.0,10238,12000.0,sedan,5,1,5,0.0,real_source
667341,16-25,male,majority,0-9y,high school,poverty,0.431177855086253,1.0,after 2015,0.0,0.0,10238,16000.0,sedan,0,0,0,0.0,real_source
967869,40-64,female,majority,20-29y,none,upper class,0.5496378489364446,1.0,after 2015,1.0,1.0,32765,12000.0,sports car,3,0,0,0.0,real_source
806032,16-25,female,majority,0-9y,none,poverty,0.3264636475532248,0.0,before 2015,0.0,0.0,10238,14000.0,sedan,0,0,0,1.0,real_source
21860,16-25,female,majority,0-9y,high school,working class,0.5125630718902512,1.0,before 2015,0.0,0.0,32765,12000.0,sedan,0,0,0,1.0,real_source
916881,26-39,male,majority,10-19y,high school,working class,0.3943709791327737,0.0,before 2015,0.0,1.0,10238,13000.0,sedan,3,0,0,0.0,real_source
381852,65+,male,minority,0-9y,university,upper class,0.4917990064486278,0.0,before 2015,0.0,1.0,92101,14000.0,sedan,0,0,0,1.0,real_source
937208,65+,female,majority,20-29y,university,upper class,0.6049973930028122,1.0,after 2015,1.0,1.0,10238,13000.0,sedan,2,1,0,0.0,real_source
95412,40-64,male,minority,20-29y,high school,upper class,0.7080741498657761,1.0,after 2015,1.0,1.0,10238,10000.0,sedan,1,0,4,0.0,real_source
607006,40-64,female,majority,20-29y,high school,upper class,,1.0,before 2015,1.0,1.0,10238,12000.0,sedan,1,0,2,0.0,real_source
615309,65+,male,majority,0-9y,university,upper class,0.6399732727427584,1.0,before 2015,1.0,1.0,10238,,sedan,0,0,0,1.0,real_source
137282,40-64,female,majority,0-9y,high school,middle class,0.3513704740787498,1.0,before 2015,0.0,0.0,10238,,sedan,0,0,0,1.0,real_source
650982,40-64,male,majority,10-19y,high school,upper class,0.6441497497980374,1.0,before 2015,0.0,1.0,10238,12000.0,sedan,0,0,2,0.0,real_source
495635,40-64,female,majority,20-29y,high school,middle class,0.5082183942474046,0.0,before 2015,1.0,1.0,10238,9000.0,sedan,4,1,1,0.0,real_source
411155,26-39,male,majority,10-19y,university,upper class,0.5008837971973815,1.0,after 2015,1.0,1.0,10238,,sedan,5,0,2,0.0,real_source
471169,26-39,male,majority,10-19y,high school,upper class,0.696136173927799,1.0,after 2015,0.0,1.0,10238,13000.0,sedan,3,0,1,0.0,real_source
425246,40-64,male,majority,10-19y,university,upper class,0.4623747202774952,0.0,after 2015,1.0,1.0,10238,14000.0,sedan,2,1,0,0.0,real_source
887542,40-64,male,majority,10-19y,university,middle class,0.5096553789344698,0.0,after 2015,1.0,1.0,10238,9000.0,sedan,1,0,3,0.0,real_source
541272,40-64,male,majority,20-29y,high school,middle class,0.4178900827649721,0.0,before 2015,1.0,1.0,10238,10000.0,sedan,4,0,3,0.0,real_source
743957,40-64,female,majority,10-19y,high school,middle class,,1.0,before 2015,1.0,0.0,10238,15000.0,sedan,0,0,0,0.0,real_source
574624,26-39,male,majority,10-19y,high school,working class,0.5619369424716061,0.0,after 2015,0.0,1.0,32765,12000.0,sedan,3,0,0,0.0,real_source
111851,65+,female,majority,30y+,high school,middle class,0.6045001028396074,1.0,before 2015,1.0,1.0,10238,13000.0,sports car,3,1,3,0.0,real_source
47628,26-39,female,minority,10-19y,university,working class,0.4347996406673757,1.0,before 2015,1.0,0.0,10238,11000.0,sedan,2,0,0,0.0,real_source
708828,40-64,female,minority,20-29y,high school,upper class,0.5598309463350708,1.0,after 2015,1.0,1.0,10238,7000.0,sedan,1,0,0,0.0,real_source
819883,40-64,male,majority,10-19y,none,working class,0.4439520209197586,1.0,before 2015,0.0,1.0,32765,9000.0,sedan,3,1,1,0.0,real_source
892258,65+,male,majority,30y+,university,upper class,0.5294607648450482,1.0,before 2015,1.0,1.0,32765,10000.0,sedan,13,0,1,0.0,real_source
368602,65+,male,majority,30y+,high school,upper class,0.7018912453366748,1.0,before 2015,1.0,1.0,10238,8000.0,sedan,3,1,7,0.0,real_source
757103,26-39,female,majority,10-19y,high school,poverty,0.5200147589908034,0.0,before 2015,0.0,0.0,10238,15000.0,sedan,2,0,1,0.0,real_source
771076,40-64,male,majority,20-29y,university,upper class,0.5200856350041609,1.0,before 2015,1.0,1.0,92101,,sedan,1,0,2,1.0,real_source
375862,65+,female,majority,20-29y,university,upper class,0.5756575676623218,1.0,before 2015,1.0,1.0,32765,12000.0,sedan,4,0,1,0.0,real_source
732956,26-39,female,minority,10-19y,high school,middle class,0.5527408665056415,0.0,before 2015,0.0,0.0,10238,16000.0,sedan,0,0,3,1.0,real_source
656626,26-39,male,majority,0-9y,university,middle class,0.5641567210231543,1.0,before 2015,0.0,1.0,10238,13000.0,sedan,0,0,0,0.0,real_source
146700,26-39,female,majority,10-19y,high school,working class,0.5080083451806122,0.0,before 2015,1.0,0.0,10238,,sedan,1,0,2,0.0,real_source
440294,40-64,male,majority,20-29y,high school,middle class,0.5990163189686176,0.0,before 2015,0.0,1.0,10238,12000.0,sedan,2,0,4,0.0,real_source
792276,65+,male,majority,30y+,high school,upper class,0.6420966704689359,1.0,after 2015,1.0,1.0,10238,12000.0,sedan,5,1,2,0.0,real_source
951251,40-64,female,minority,0-9y,none,upper class,0.5628390017690811,1.0,before 2015,1.0,0.0,32765,10000.0,sedan,0,0,0,0.0,real_source
736323,26-39,female,minority,0-9y,none,poverty,0.336185325210513,0.0,before 2015,1.0,1.0,10238,9000.0,sedan,0,0,0,1.0,real_source
725583,40-64,male,majority,20-29y,university,upper class,0.7367504567066312,1.0,before 2015,0.0,1.0,10238,15000.0,sedan,3,0,3,0.0,real_source
53552,26-39,male,majority,10-19y,none,poverty,0.337655738134704,0.0,before 2015,0.0,0.0,10238,,sedan,2,0,0,0.0,real_source
255230,65+,male,majority,10-19y,high school,upper class,0.5639397587703121,1.0,before 2015,0.0,1.0,10238,13000.0,sedan,2,1,1,0.0,real_source
136957,16-25,female,majority,0-9y,university,middle class,0.6404242968082149,1.0,before 2015,1.0,1.0,10238,5000.0,sedan,0,0,0,1.0,real_source
58535,26-39,male,majority,0-9y,university,middle class,0.4393528235041638,0.0,after 2015,1.0,1.0,10238,8000.0,sedan,0,0,0,1.0,real_source
592584,26-39,female,majority,10-19y,high school,middle class,0.5943032701755666,1.0,before 2015,1.0,1.0,10238,8000.0,sedan,0,0,1,0.0,real_source
263154,26-39,female,minority,10-19y,high school,working class,0.5343435230995932,0.0,before 2015,0.0,0.0,10238,14000.0,sedan,0,0,0,1.0,real_source
842364,26-39,female,majority,0-9y,university,middle class,0.6655749122210538,1.0,after 2015,0.0,0.0,10238,12000.0,sedan,0,0,0,0.0,real_source
529208,65+,male,majority,30y+,university,upper class,,1.0,before 2015,1.0,1.0,10238,9000.0,sedan,5,0,4,0.0,real_source
306684,16-25,female,majority,0-9y,none,poverty,0.373351589323795,1.0,before 2015,0.0,0.0,10238,12000.0,sedan,0,0,0,1.0,real_source
74704,40-64,female,majority,10-19y,university,upper class,0.642882122148452,1.0,before 2015,0.0,0.0,10238,14000.0,sedan,0,0,1,0.0,real_source
872809,40-64,male,majority,20-29y,university,upper class,,1.0,after 2015,1.0,1.0,32765,8000.0,sedan,7,1,3,0.0,real_source
142973,16-25,female,majority,0-9y,high school,poverty,0.5973913732761367,0.0,before 2015,0.0,0.0,10238,16000.0,sedan,0,0,0,1.0,real_source
100513,65+,male,majority,0-9y,high school,upper class,0.6807929771269291,1.0,after 2015,1.0,1.0,10238,9000.0,sedan,0,0,0,0.0,real_source
538916,16-25,female,majority,0-9y,high school,poverty,0.4151650937990213,1.0,before 2015,0.0,0.0,32765,13000.0,sedan,0,0,0,0.0,real_source
881409,65+,male,majority,30y+,university,upper class,0.4063253015050549,1.0,before 2015,0.0,1.0,10238,16000.0,sedan,6,1,1,0.0,real_source
967125,65+,female,majority,30y+,university,upper class,0.6553212691451817,1.0,before 2015,1.0,1.0,10238,10000.0,sedan,5,0,2,0.0,real_source
448918,40-64,female,majority,0-9y,university,middle class,0.4968286502980371,1.0,before 2015,1.0,1.0,92101,,sedan,0,0,0,1.0,real_source
530396,16-25,female,minority,0-9y,high school,middle class,0.4859557534361004,1.0,before 2015,0.0,0.0,10238,13000.0,sedan,0,0,0,1.0,real_source
456215,26-39,male,majority,0-9y,university,upper class,0.6523115255341311,0.0,after 2015,0.0,0.0,32765,14000.0,sedan,0,0,0,1.0,real_source
464357,65+,male,minority,20-29y,university,upper class,0.8326489563639781,0.0,before 2015,1.0,1.0,10238,10000.0,sports car,1,2,2,0.0,real_source
144989,26-39,female,majority,10-19y,university,middle class,0.4022045365697117,0.0,before 2015,1.0,1.0,10238,,sedan,1,0,0,0.0,real_source
577557,26-39,male,majority,10-19y,university,working class,0.4377852852275526,1.0,before 2015,0.0,0.0,10238,15000.0,sedan,1,0,1,0.0,real_source
29218,16-25,male,majority,0-9y,none,poverty,0.5153334590011482,0.0,before 2015,0.0,0.0,92101,12000.0,sedan,0,0,0,1.0,real_source
850080,40-64,female,majority,20-29y,university,upper class,0.6941612293684088,1.0,after 2015,0.0,0.0,10238,13000.0,sedan,1,0,0,0.0,real_source
851438,26-39,male,majority,10-19y,high school,working class,0.5002226512120536,0.0,before 2015,1.0,1.0,32765,9000.0,sedan,3,0,0,1.0,real_source
75241,26-39,female,majority,10-19y,none,poverty,0.3908216889202105,1.0,before 2015,0.0,1.0,92101,10000.0,sedan,1,0,0,0.0,real_source
155114,16-25,male,majority,0-9y,university,working class,0.4306990683368308,1.0,before 2015,1.0,1.0,10238,13000.0,sedan,0,0,0,1.0,real_source
786259,26-39,male,majority,10-19y,high school,upper class,0.5581335428975873,1.0,before 2015,1.0,1.0,32765,9000.0,sedan,4,1,1,1.0,real_source
444073,16-25,male,minority,0-9y,high school,working class,0.4723364781950884,1.0,after 2015,1.0,0.0,92101,15000.0,sedan,0,0,0,1.0,real_source
178185,26-39,female,majority,0-9y,high school,working class,0.4436898161806707,0.0,before 2015,0.0,0.0,10238,14000.0,sedan,0,0,0,1.0,real_source
857849,40-64,female,majority,20-29y,high school,upper class,0.6202129247986814,1.0,after 2015,1.0,1.0,10238,9000.0,sports car,1,0,2,0.0,real_source
84677,40-64,female,majority,20-29y,university,middle class,,1.0,before 2015,0.0,0.0,10238,14000.0,sedan,0,1,0,0.0,real_source
372474,40-64,female,majority,20-29y,high school,upper class,0.432834683124666,1.0,after 2015,1.0,0.0,10238,13000.0,sedan,1,0,0,0.0,real_source
649313,26-39,female,majority,10-19y,university,upper class,,1.0,before 2015,1.0,1.0,10238,8000.0,sedan,1,0,2,0.0,real_source
220243,65+,female,majority,20-29y,university,upper class,0.7534863598137707,0.0,before 2015,1.0,1.0,10238,10000.0,sedan,1,0,2,0.0,real_source
885018,40-64,female,majority,20-29y,high school,upper class,,1.0,after 2015,1.0,0.0,10238,12000.0,sedan,0,1,1,0.0,real_source
278151,26-39,male,majority,10-19y,university,middle class,0.5892665943313239,1.0,before 2015,0.0,1.0,10238,16000.0,sedan,0,0,2,0.0,real_source
589915,26-39,male,majority,0-9y,none,poverty,,0.0,before 2015,0.0,0.0,32765,15000.0,sedan,0,0,0,1.0,real_source
481388,16-25,male,majority,0-9y,none,working class,0.335178252213134,0.0,before 2015,0.0,1.0,10238,12000.0,sedan,0,0,0,1.0,real_source
827198,40-64,male,majority,20-29y,university,upper class,0.6386684047122491,1.0,before 2015,1.0,1.0,32765,8000.0,sedan,6,0,3,0.0,real_source
402240,65+,male,majority,0-9y,university,upper class,0.4153303916861797,0.0,after 2015,1.0,1.0,32765,10000.0,sedan,0,0,0,1.0,real_source
191449,16-25,female,majority,0-9y,none,working class,0.4192746833461698,1.0,before 2015,0.0,1.0,10238,15000.0,sedan,0,0,0,1.0,real_source
304034,65+,male,majority,30y+,university,upper class,0.4543385633149859,1.0,after 2015,1.0,1.0,10238,12000.0,sedan,5,0,6,0.0,real_source
788184,16-25,male,majority,0-9y,university,middle class,,1.0,after 2015,1.0,1.0,92101,12000.0,sedan,0,0,0,0.0,real_source
580249,65+,male,majority,30y+,high school,upper class,0.5295651241224668,1.0,before 2015,1.0,1.0,10238,12000.0,sedan,3,1,4,0.0,real_source
137502,40-64,male,majority,20-29y,university,upper class,0.4930343474504576,0.0,after 2015,1.0,1.0,10238,10000.0,sedan,3,0,4,0.0,real_source
147076,16-25,female,majority,0-9y,university,working class,0.3633869168282996,0.0,before 2015,0.0,1.0,10238,13000.0,sedan,0,0,0,1.0,real_source
447397,40-64,male,majority,20-29y,university,upper class,0.5770224047697959,1.0,after 2015,0.0,0.0,10238,17000.0,sedan,1,0,0,0.0,real_source
968169,26-39,female,majority,10-19y,high school,middle class,0.4184594364748849,0.0,before 2015,0.0,1.0,10238,12000.0,sedan,0,0,0,0.0,real_source
897466,40-64,female,majority,10-19y,university,upper class,,1.0,after 2015,1.0,0.0,32765,12000.0,sedan,3,0,1,0.0,real_source
57521,40-64,female,majority,20-29y,university,upper class,0.3961106587270909,1.0,before 2015,1.0,0.0,10238,14000.0,sedan,0,1,0,0.0,real_source
382122,40-64,male,majority,20-29y,high school,middle class,,1.0,before 2015,1.0,1.0,10238,12000.0,sedan,3,1,5,0.0,real_source
37701,26-39,male,minority,10-19y,high school,poverty,0.3502986756122059,0.0,before 2015,0.0,1.0,10238,13000.0,sedan,0,1,1,1.0,real_source
678182,16-25,male,majority,0-9y,university,middle class,0.5508169075157366,0.0,before 2015,0.0,0.0,32765,11000.0,sedan,0,0,0,1.0,real_source
357428,40-64,female,majority,10-19y,university,upper class,0.6161564595102141,1.0,after 2015,1.0,1.0,10238,8000.0,sports car,1,0,0,0.0,real_source
16345,16-25,male,majority,0-9y,university,upper class,0.7225984079757813,1.0,before 2015,0.0,0.0,32765,11000.0,sedan,0,0,0,1.0,real_source
380072,26-39,male,majority,0-9y,none,working class,0.3661697993399885,1.0,before 2015,0.0,0.0,10238,14000.0,sedan,0,0,0,1.0,real_source
202978,26-39,male,majority,10-19y,none,working class,0.5822851794425411,1.0,before 2015,0.0,0.0,10238,12000.0,sedan,0,0,4,0.0,real_source
444245,65+,male,minority,0-9y,university,upper class,0.6137584322972865,0.0,after 2015,1.0,1.0,10238,11000.0,sedan,0,0,0,0.0,real_source
836104,26-39,male,majority,10-19y,high school,middle class,0.4595574011249364,1.0,before 2015,1.0,1.0,10238,,sedan,3,1,3,0.0,real_source
769261,26-39,female,majority,10-19y,high school,upper class,0.5689390308399636,1.0,after 2015,1.0,1.0,10238,9000.0,sedan,0,0,1,0.0,real_source
326316,40-64,female,majority,20-29y,university,upper class,0.8147964340698576,1.0,after 2015,1.0,1.0,32765,8000.0,sedan,3,0,1,0.0,real_source
626735,16-25,female,majority,0-9y,university,working class,,1.0,before 2015,0.0,0.0,32765,13000.0,sedan,0,0,0,0.0,real_source
44924,40-64,male,majority,10-19y,university,upper class,0.6619768318362518,1.0,after 2015,1.0,1.0,10238,8000.0,sedan,0,0,1,0.0,real_source
877892,40-64,female,majority,0-9y,high school,upper class,0.7044732697996905,1.0,after 2015,0.0,1.0,10238,8000.0,sedan,0,0,0,0.0,real_source
790141,40-64,male,majority,10-19y,university,middle class,0.4252740519253045,0.0,before 2015,0.0,0.0,10238,12000.0,sedan,2,0,0,1.0,real_source
892723,26-39,female,majority,10-19y,university,upper class,0.4878230368490386,1.0,before 2015,1.0,1.0,32765,,sedan,4,2,0,0.0,real_source
236395,26-39,female,majority,10-19y,none,poverty,0.2880436023985726,0.0,before 2015,0.0,1.0,10238,16000.0,sedan,1,0,1,0.0,real_source
856269,40-64,male,majority,20-29y,university,middle class,0.4433163492804039,1.0,before 2015,1.0,1.0,92101,11000.0,sedan,2,0,2,0.0,real_source
840085,26-39,female,majority,10-19y,high school,middle class,,0.0,before 2015,1.0,0.0,10238,11000.0,sedan,2,0,0,1.0,real_source
979902,16-25,female,majority,0-9y,high school,poverty,0.4597597327563366,1.0,before 2015,0.0,0.0,10238,16000.0,sedan,0,0,0,0.0,real_source
486182,16-25,female,majority,0-9y,high school,poverty,0.3893812087842038,0.0,before 2015,0.0,1.0,10238,,sedan,0,0,0,1.0,real_source
103367,40-64,male,majority,20-29y,none,middle class,0.5972652576753138,1.0,before 2015,1.0,1.0,10238,13000.0,sedan,4,1,2,0.0,real_source
946258,65+,female,majority,10-19y,university,upper class,0.6550240064494428,1.0,before 2015,1.0,1.0,10238,9000.0,sedan,1,0,2,0.0,real_source
108490,16-25,male,majority,0-9y,none,poverty,0.481095464318813,1.0,before 2015,0.0,0.0,10238,17000.0,sedan,0,0,0,1.0,real_source
35975,16-25,male,majority,0-9y,university,middle class,0.4401334295045821,1.0,after 2015,0.0,0.0,10238,15000.0,sedan,0,0,0,0.0,real_source
333970,40-64,male,majority,20-29y,university,middle class,0.5159345016123729,1.0,after 2015,0.0,1.0,10238,13000.0,sedan,0,0,2,0.0,real_source
145697,65+,male,majority,0-9y,university,upper class,0.3727413985220319,1.0,before 2015,1.0,1.0,32765,6000.0,sedan,0,0,0,1.0,real_source
819196,65+,male,majority,0-9y,none,middle class,0.658222371703196,0.0,before 2015,1.0,1.0,32765,,sports car,0,0,0,1.0,real_source
826708,26-39,male,minority,10-19y,university,upper class,0.5263058774047339,1.0,after 2015,0.0,0.0,10238,14000.0,sedan,3,0,0,0.0,real_source
803266,26-39,female,majority,0-9y,high school,upper class,0.7120225483789888,1.0,before 2015,0.0,0.0,32765,15000.0,sedan,0,0,0,1.0,real_source
636203,16-25,male,majority,0-9y,university,working class,0.5101284382203101,1.0,after 2015,0.0,0.0,10238,,sedan,0,0,0,0.0,real_source
310760,16-25,male,minority,0-9y,high school,poverty,,0.0,before 2015,0.0,0.0,32765,11000.0,sedan,0,0,0,1.0,real_source
19261,16-25,female,majority,0-9y,high school,working class,0.3242128570443056,1.0,before 2015,0.0,0.0,10238,11000.0,sedan,0,0,0,0.0,real_source
433426,16-25,female,minority,0-9y,high school,working class,0.2278673119725114,0.0,before 2015,0.0,0.0,10238,16000.0,sedan,0,0,0,1.0,real_source
289772,40-64,male,majority,0-9y,none,working class,0.4296872807233908,1.0,before 2015,1.0,1.0,10238,10000.0,sedan,0,0,0,0.0,real_source
615312,26-39,female,majority,10-19y,high school,upper class,0.6675115716369286,1.0,before 2015,0.0,1.0,10238,10000.0,sedan,0,0,1,0.0,real_source
856856,16-25,female,minority,0-9y,high school,middle class,0.5103623811143531,1.0,before 2015,0.0,1.0,10238,,sedan,0,0,0,1.0,real_source
620196,40-64,male,majority,20-29y,high school,upper class,0.6018666157702437,1.0,before 2015,1.0,1.0,10238,9000.0,sedan,1,0,3,0.0,real_source
646956,26-39,male,majority,0-9y,university,middle class,,1.0,before 2015,1.0,1.0,32765,,sedan,0,0,0,1.0,real_source
202964,26-39,male,majority,10-19y,high school,poverty,0.3759100588244699,0.0,after 2015,1.0,1.0,10238,8000.0,sedan,0,1,2,0.0,real_source
849470,16-25,female,minority,0-9y,none,poverty,0.3437975144778142,0.0,before 2015,0.0,1.0,32765,,sedan,0,0,0,0.0,real_source
772502,16-25,male,majority,0-9y,none,poverty,0.2716129810741211,0.0,before 2015,0.0,1.0,10238,14000.0,sedan,0,0,0,1.0,real_source
881849,40-64,male,majority,20-29y,high school,middle class,0.4584332708673702,1.0,before 2015,0.0,1.0,10238,13000.0,sedan,1,0,2,0.0,real_source
39296,26-39,female,majority,0-9y,high school,middle class,0.4611083027459475,1.0,after 2015,1.0,1.0,32765,9000.0,sedan,0,0,0,0.0,real_source
882026,40-64,female,majority,20-29y,high school,working class,0.3236713091433241,0.0,before 2015,0.0,1.0,10238,14000.0,sedan,2,1,1,0.0,real_source
110747,40-64,female,majority,10-19y,university,upper class,0.5366328650238356,1.0,before 2015,1.0,0.0,10238,9000.0,sedan,0,0,3,0.0,real_source
894434,40-64,female,majority,20-29y,university,upper class,,1.0,before 2015,1.0,1.0,10238,8000.0,sedan,0,0,2,0.0,real_source
402988,26-39,female,majority,10-19y,university,upper class,0.7417184644820252,1.0,after 2015,1.0,1.0,10238,11000.0,sedan,0,0,0,0.0,real_source
428757,40-64,female,majority,20-29y,high school,working class,0.4102782601859696,1.0,before 2015,0.0,1.0,10238,,sports car,0,0,2,0.0,real_source
65338,65+,male,majority,30y+,high school,upper class,0.6129604938167941,1.0,after 2015,0.0,1.0,10238,16000.0,sedan,3,0,1,0.0,real_source
322984,65+,female,majority,0-9y,university,upper class,0.6785547828102435,1.0,after 2015,0.0,1.0,32765,13000.0,sedan,0,0,0,0.0,real_source
124236,26-39,female,majority,10-19y,high school,working class,0.5140972426455589,1.0,before 2015,0.0,1.0,10238,13000.0,sedan,0,0,0,0.0,real_source
942949,65+,male,majority,10-19y,university,upper class,0.4678288191596727,1.0,before 2015,0.0,1.0,32765,8000.0,sedan,4,1,0,0.0,real_source
176180,65+,female,majority,20-29y,university,upper class,0.7533420090230535,1.0,before 2015,1.0,1.0,92101,,sedan,1,0,0,0.0,real_source
911755,40-64,female,majority,20-29y,university,middle class,0.4471842921249161,1.0,before 2015,0.0,0.0,10238,16000.0,sedan,1,1,2,1.0,real_source
351854,26-39,male,majority,10-19y,high school,upper class,0.5492042682629945,1.0,after 2015,0.0,1.0,10238,14000.0,sedan,0,0,3,0.0,real_source
908318,26-39,male,majority,10-19y,high school,poverty,0.4397172411112439,0.0,before 2015,1.0,0.0,10238,11000.0,sedan,1,0,1,1.0,real_source
350712,65+,female,majority,20-29y,university,upper class,,1.0,before 2015,1.0,1.0,32765,,sedan,8,0,0,0.0,real_source
801470,40-64,female,majority,10-19y,none,middle class,0.5162483226846594,1.0,before 2015,1.0,0.0,10238,15000.0,sedan,0,1,1,1.0,real_source
843505,26-39,female,majority,10-19y,none,working class,0.2730802145626825,1.0,after 2015,1.0,1.0,10238,11000.0,sedan,0,0,3,0.0,real_source
670220,16-25,female,majority,0-9y,university,upper class,0.6140833644712265,1.0,before 2015,0.0,1.0,10238,11000.0,sports car,0,0,0,0.0,real_source
441379,40-64,male,minority,20-29y,university,upper class,0.4281630460871221,1.0,after 2015,1.0,1.0,10238,,sedan,3,0,4,0.0,real_source
741897,16-25,male,majority,0-9y,university,working class,0.3235317279702856,1.0,before 2015,0.0,0.0,32765,13000.0,sedan,0,0,0,1.0,real_source
483174,26-39,male,majority,0-9y,university,upper class,0.4801721956073917,1.0,before 2015,0.0,0.0,10238,14000.0,sedan,0,0,0,1.0,real_source
131420,26-39,male,majority,0-9y,high school,upper class,0.5628882788617214,1.0,before 2015,0.0,1.0,32765,8000.0,sedan,0,0,0,1.0,real_source
271098,16-25,female,majority,0-9y,high school,poverty,0.3592160443049964,0.0,before 2015,1.0,1.0,32765,6000.0,sedan,0,0,0,0.0,real_source
511051,26-39,male,majority,10-19y,none,working class,0.5543453228047174,1.0,before 2015,0.0,0.0,32765,11000.0,sedan,1,2,2,0.0,real_source
217086,26-39,female,majority,10-19y,high school,upper class,0.5835763192486061,1.0,before 2015,1.0,0.0,10238,,sedan,0,0,0,0.0,real_source
280474,65+,male,majority,30y+,high school,upper class,0.5167975603816402,1.0,before 2015,1.0,1.0,10238,,sedan,3,0,3,0.0,real_source
85826,16-25,male,majority,0-9y,high school,poverty,0.3846421210625193,0.0,before 2015,1.0,1.0,32765,7000.0,sedan,0,0,0,1.0,real_source
733410,16-25,female,majority,0-9y,none,poverty,0.3989693971730201,0.0,before 2015,0.0,0.0,10238,16000.0,sedan,0,0,0,1.0,real_source
701507,65+,female,majority,0-9y,university,upper class,0.6595566695934808,1.0,before 2015,1.0,1.0,10238,10000.0,sedan,0,0,0,0.0,real_source
760210,26-39,male,majority,0-9y,university,upper class,0.5264201359447848,1.0,before 2015,0.0,1.0,10238,13000.0,sedan,0,0,0,0.0,real_source
420204,40-64,male,majority,20-29y,university,upper class,0.7459522237963077,1.0,before 2015,1.0,1.0,10238,9000.0,sedan,2,0,3,0.0,real_source
856867,40-64,female,majority,0-9y,university,middle class,0.5593426171631724,0.0,after 2015,1.0,1.0,10238,12000.0,sedan,0,0,0,0.0,real_source
899785,40-64,male,majority,20-29y,high school,middle class,0.4837317247696164,1.0,after 2015,1.0,1.0,10238,8000.0,sedan,1,0,6,0.0,real_source
981019,26-39,female,majority,10-19y,high school,middle class,0.4592168939388092,1.0,before 2015,0.0,1.0,32765,,sedan,1,1,1,0.0,real_source
3396,40-64,female,minority,20-29y,none,working class,0.4001777578861137,1.0,after 2015,0.0,1.0,21217,11000.0,sedan,1,0,1,1.0,real_source
442295,16-25,female,majority,0-9y,university,poverty,0.4290269042286189,0.0,before 2015,0.0,1.0,10238,13000.0,sedan,0,0,0,1.0,real_source
3643,16-25,male,majority,0-9y,high school,poverty,0.3277602763703803,0.0,before 2015,0.0,0.0,10238,16000.0,sedan,0,0,0,1.0,real_source
732109,26-39,male,majority,10-19y,none,poverty,0.3713486447309336,0.0,before 2015,0.0,1.0,10238,13000.0,sedan,2,0,0,1.0,real_source
99083,16-25,male,minority,0-9y,none,poverty,0.4248113800749469,0.0,before 2015,0.0,1.0,32765,,sedan,0,0,0,1.0,real_source
906608,65+,female,majority,0-9y,university,upper class,0.5474920377636142,1.0,after 2015,0.0,1.0,32765,9000.0,sedan,0,0,0,0.0,real_source
393826,40-64,male,minority,20-29y,university,middle class,0.4411942138622648,1.0,after 2015,1.0,1.0,10238,12000.0,sedan,2,0,1,0.0,real_source
853929,65+,male,majority,0-9y,high school,upper class,0.5514128274320477,1.0,after 2015,1.0,1.0,10238,9000.0,sedan,0,0,0,0.0,real_source
43773,65+,male,minority,30y+,university,upper class,0.352051802438166,1.0,after 2015,0.0,1.0,10238,11000.0,sedan,1,0,3,0.0,real_source
908373,26-39,female,majority,10-19y,university,middle class,,0.0,after 2015,0.0,1.0,32765,13000.0,sedan,1,1,0,0.0,real_source
119593,16-25,female,minority,0-9y,none,poverty,0.3847612768204737,0.0,before 2015,0.0,0.0,10238,16000.0,sports car,0,0,0,0.0,real_source
89090,26-39,male,majority,10-19y,high school,upper class,0.6826905787793902,0.0,after 2015,0.0,0.0,10238,15000.0,sedan,0,0,2,0.0,real_source
901354,40-64,male,majority,20-29y,university,upper class,0.7143433490721784,1.0,after 2015,0.0,1.0,10238,,sedan,2,0,3,0.0,real_source
736366,65+,female,majority,30y+,university,upper class,0.5666769166615836,1.0,before 2015,1.0,1.0,10238,9000.0,sedan,5,1,1,0.0,real_source
496206,40-64,male,majority,20-29y,university,upper class,0.6792241704003094,1.0,after 2015,0.0,1.0,10238,11000.0,sedan,2,1,6,0.0,real_source
373953,65+,male,majority,0-9y,university,upper class,0.4857196085460185,1.0,before 2015,1.0,1.0,10238,11000.0,sedan,0,0,0,0.0,real_source
412526,26-39,male,majority,0-9y,university,upper class,0.6182853533570225,1.0,after 2015,1.0,0.0,92101,14000.0,sedan,0,0,0,1.0,real_source
868060,65+,female,majority,30y+,high school,middle class,0.6272582619884957,0.0,before 2015,0.0,0.0,10238,14000.0,sedan,2,0,3,0.0,real_source
748392,40-64,female,majority,20-29y,high school,upper class,,1.0,before 2015,1.0,1.0,10238,13000.0,sedan,0,1,1,0.0,real_source
629030,26-39,female,majority,0-9y,university,middle class,0.4851476729277822,1.0,before 2015,0.0,1.0,10238,12000.0,sports car,0,0,0,1.0,real_source
586895,65+,male,majority,20-29y,high school,middle class,0.4213456534000116,0.0,after 2015,0.0,1.0,10238,11000.0,sedan,2,0,2,0.0,real_source
432813,16-25,female,majority,0-9y,high school,working class,0.4625574363413208,1.0,before 2015,1.0,1.0,10238,13000.0,sedan,0,0,0,0.0,real_source
412666,65+,female,majority,20-29y,high school,upper class,0.5986464420361814,1.0,after 2015,1.0,1.0,10238,9000.0,sedan,6,0,6,0.0,real_source
41838,26-39,male,majority,0-9y,high school,upper class,,1.0,before 2015,1.0,0.0,10238,12000.0,sedan,0,0,0,1.0,real_source
158333,65+,female,majority,30y+,high school,upper class,0.5817975203419883,1.0,after 2015,1.0,1.0,10238,,sedan,2,0,5,0.0,real_source
857882,65+,female,majority,30y+,university,upper class,0.5054256303588411,1.0,before 2015,1.0,1.0,10238,9000.0,sedan,4,1,0,0.0,real_source
169712,40-64,female,majority,0-9y,high school,upper class,0.5723946620910344,1.0,before 2015,1.0,0.0,10238,11000.0,sedan,0,0,0,0.0,real_source
805808,26-39,female,majority,10-19y,university,middle class,0.4153851993182952,1.0,before 2015,1.0,1.0,10238,12000.0,sedan,0,0,1,0.0,real_source
870736,40-64,male,majority,10-19y,university,upper class,,1.0,before 2015,1.0,1.0,10238,13000.0,sedan,2,0,0,0.0,real_source
382504,65+,female,majority,10-19y,high school,upper class,0.5277511095120083,1.0,after 2015,1.0,1.0,32765,13000.0,sedan,0,0,0,0.0,real_source
800261,26-39,female,majority,10-19y,high school,working class,0.3243949378636534,1.0,before 2015,0.0,1.0,10238,13000.0,sedan,0,0,0,0.0,real_source
457638,40-64,female,majority,0-9y,high school,upper class,0.6628379984244296,1.0,before 2015,0.0,0.0,10238,14000.0,sedan,0,0,0,1.0,real_source
854896,40-64,male,majority,20-29y,high school,upper class,0.5663523680912346,1.0,after 2015,1.0,1.0,10238,,sedan,2,1,1,0.0,real_source
793952,26-39,female,majority,10-19y,university,middle class,0.6464070899737208,1.0,before 2015,0.0,1.0,32765,9000.0,sedan,4,0,1,1.0,real_source
934316,26-39,male,majority,10-19y,high school,working class,,1.0,before 2015,1.0,1.0,32765,,sedan,1,0,1,0.0,real_source
708649,26-39,female,majority,10-19y,none,working class,0.4692142872658621,1.0,before 2015,0.0,1.0,10238,14000.0,sedan,1,0,1,0.0,real_source
724739,40-64,male,majority,0-9y,university,upper class,0.6775390802967439,1.0,after 2015,1.0,1.0,32765,11000.0,sports car,0,0,0,0.0,real_source
33697,26-39,male,majority,10-19y,none,poverty,0.4530972145117041,0.0,before 2015,0.0,0.0,92101,18000.0,sedan,3,0,1,1.0,real_source
548242,16-25,male,majority,0-9y,high school,working class,,1.0,before 2015,0.0,1.0,32765,10000.0,sedan,0,0,0,1.0,real_source
496098,65+,female,majority,0-9y,high school,upper class,0.6544694768557214,1.0,after 2015,1.0,1.0,10238,11000.0,sedan,0,0,0,0.0,real_source
527774,16-25,female,majority,0-9y,high school,working class,0.5183938639703694,1.0,after 2015,0.0,0.0,10238,16000.0,sedan,0,0,0,0.0,real_source
694711,26-39,male,majority,10-19y,university,upper class,0.4366893788831464,0.0,before 2015,0.0,0.0,32765,,sedan,3,0,3,1.0,real_source
225261,26-39,female,majority,10-19y,university,upper class,,1.0,after 2015,0.0,1.0,10238,13000.0,sedan,0,0,0,0.0,real_source
353690,65+,female,majority,30y+,high school,upper class,0.7849182244108481,0.0,before 2015,0.0,0.0,10238,18000.0,sedan,0,0,2,0.0,real_source
112838,16-25,male,majority,0-9y,none,poverty,0.4011660534038928,1.0,before 2015,0.0,0.0,10238,11000.0,sedan,0,0,0,0.0,real_source
190804,26-39,female,majority,0-9y,high school,working class,0.3339028271934227,0.0,before 2015,0.0,1.0,10238,10000.0,sedan,0,0,0,1.0,real_source
663470,26-39,female,majority,10-19y,none,poverty,0.2578544935681773,0.0,before 2015,0.0,0.0,32765,15000.0,sedan,0,0,0,1.0,real_source
629803,16-25,female,majority,0-9y,high school,poverty,0.2971256597689672,0.0,before 2015,0.0,0.0,10238,14000.0,sedan,0,0,0,1.0,real_source
84243,26-39,male,majority,0-9y,high school,middle class,0.4402008550887251,0.0,before 2015,0.0,0.0,10238,16000.0,sedan,0,0,0,1.0,real_source
899894,26-39,male,majority,10-19y,high school,poverty,0.2453077144694729,0.0,before 2015,0.0,0.0,10238,16000.0,sedan,0,0,0,1.0,real_source
904040,65+,female,majority,30y+,university,upper class,,1.0,after 2015,1.0,1.0,10238,10000.0,sedan,4,0,11,0.0,real_source
758470,40-64,male,majority,20-29y,university,upper class,0.7106302968316526,1.0,after 2015,1.0,1.0,10238,11000.0,sedan,5,1,3,0.0,real_source
812159,65+,male,majority,30y+,high school,upper class,0.5523028069815071,0.0,after 2015,1.0,1.0,10238,13000.0,sedan,1,0,2,0.0,real_source
313107,40-64,female,majority,0-9y,high school,middle class,0.6230862254029852,1.0,after 2015,0.0,1.0,10238,16000.0,sedan,0,0,0,0.0,real_source
919113,40-64,female,majority,10-19y,none,middle class,,1.0,before 2015,1.0,0.0,10238,14000.0,sedan,1,0,0,0.0,real_source
981198,65+,female,majority,10-19y,university,upper class,0.6815230265186409,1.0,before 2015,1.0,1.0,10238,9000.0,sedan,1,0,0,0.0,real_source
144973,65+,female,majority,0-9y,high school,upper class,0.4929263167585091,1.0,after 2015,1.0,1.0,10238,11000.0,sedan,0,0,0,0.0,real_source
674108,40-64,male,majority,20-29y,university,upper class,0.7588589638778033,1.0,before 2015,1.0,1.0,10238,11000.0,sedan,4,0,3,0.0,real_source
198963,26-39,male,majority,0-9y,none,poverty,,0.0,before 2015,0.0,0.0,32765,10000.0,sedan,0,0,0,1.0,real_source
107843,26-39,female,majority,0-9y,high school,middle class,0.4594935675669665,1.0,before 2015,1.0,1.0,10238,11000.0,sedan,0,0,0,0.0,real_source
118824,26-39,male,majority,0-9y,high school,poverty,0.3274758663014018,0.0,before 2015,0.0,1.0,10238,13000.0,sedan,0,0,0,1.0,real_source
309430,40-64,male,majority,20-29y,university,upper class,0.4730207468491802,1.0,after 2015,0.0,1.0,10238,13000.0,sedan,3,0,3,0.0,real_source
211543,16-25,male,majority,0-9y,high school,poverty,0.4068950907620184,0.0,before 2015,0.0,0.0,10238,17000.0,sedan,0,0,0,1.0,real_source
597978,26-39,male,majority,10-19y,university,upper class,0.4649754786745904,1.0,after 2015,0.0,1.0,10238,15000.0,sedan,1,1,2,0.0,real_source
65962,26-39,male,majority,0-9y,high school,working class,,1.0,before 2015,0.0,1.0,32765,14000.0,sedan,0,0,0,1.0,real_source
60363,40-64,female,majority,10-19y,none,upper class,0.5241906172371661,1.0,before 2015,0.0,1.0,32765,,sedan,0,0,0,0.0,real_source
462574,16-25,male,majority,0-9y,none,poverty,0.3171971946467171,0.0,before 2015,0.0,1.0,10238,16000.0,sedan,0,0,0,1.0,real_source
962015,26-39,female,majority,0-9y,high school,working class,0.5431550853251759,0.0,before 2015,0.0,0.0,32765,13000.0,sedan,0,0,0,1.0,real_source
253678,26-39,female,minority,10-19y,university,working class,0.2860896047851427,0.0,before 2015,1.0,1.0,10238,7000.0,sedan,1,0,1,0.0,real_source
929521,40-64,male,majority,10-19y,none,middle class,0.5865612240958681,1.0,before 2015,0.0,0.0,10238,14000.0,sedan,2,0,3,0.0,real_source
563264,16-25,male,majority,0-9y,none,poverty,0.3008642444475923,1.0,before 2015,0.0,0.0,32765,17000.0,sedan,0,0,0,1.0,real_source
415020,16-25,female,majority,0-9y,high school,working class,0.492009785043389,1.0,before 2015,0.0,0.0,32765,13000.0,sedan,0,0,0,0.0,real_source
429468,26-39,male,majority,10-19y,university,middle class,0.2985615547694567,1.0,after 2015,0.0,1.0,10238,13000.0,sedan,1,0,0,0.0,real_source
679338,26-39,male,majority,10-19y,none,middle class,0.4902290213300943,1.0,after 2015,0.0,1.0,32765,8000.0,sedan,6,0,1,0.0,real_source
451103,40-64,male,majority,20-29y,high school,working class,0.4861193938777199,0.0,after 2015,1.0,1.0,10238,10000.0,sedan,3,1,3,0.0,real_source
765652,65+,female,majority,30y+,none,upper class,0.5612694270227846,1.0,before 2015,0.0,1.0,10238,15000.0,sports car,3,0,4,0.0,real_source
804470,26-39,female,majority,10-19y,university,poverty,,1.0,before 2015,0.0,0.0,32765,16000.0,sedan,0,2,1,0.0,real_source
62930,40-64,male,majority,10-19y,university,upper class,0.5647194671204686,0.0,before 2015,1.0,0.0,10238,9000.0,sports car,2,1,0,0.0,real_source
236019,65+,female,majority,30y+,university,upper class,0.6822652619147225,1.0,before 2015,0.0,1.0,10238,11000.0,sedan,3,0,6,0.0,real_source
184376,40-64,female,majority,20-29y,high school,upper class,0.4815552473106616,1.0,before 2015,0.0,1.0,32765,13000.0,sedan,4,0,1,0.0,real_source
186552,65+,male,majority,20-29y,high school,middle class,0.4951101498758074,1.0,before 2015,1.0,1.0,10238,10000.0,sedan,5,0,2,0.0,real_source
519425,65+,female,majority,30y+,university,upper class,0.6306806950888181,1.0,after 2015,1.0,1.0,10238,12000.0,sedan,0,0,2,0.0,real_source
108122,16-25,male,minority,0-9y,high school,poverty,0.2522091360163383,0.0,after 2015,0.0,0.0,32765,16000.0,sedan,0,0,0,1.0,real_source
936450,40-64,female,minority,20-29y,university,upper class,0.6170091118547167,1.0,after 2015,1.0,1.0,10238,7000.0,sedan,0,0,1,0.0,real_source
529009,16-25,male,majority,0-9y,high school,middle class,0.4886425329217525,1.0,before 2015,1.0,1.0,10238,12000.0,sedan,0,0,0,1.0,real_source
833844,65+,male,majority,30y+,none,middle class,0.6050403550582458,1.0,before 2015,1.0,1.0,10238,11000.0,sedan,4,1,5,0.0,real_source
453418,40-64,male,minority,10-19y,university,upper class,0.6898557481349145,1.0,after 2015,1.0,1.0,32765,9000.0,sedan,1,0,1,0.0,real_source
861194,26-39,female,majority,10-19y,high school,middle class,,1.0,before 2015,0.0,1.0,10238,12000.0,sports car,2,0,1,0.0,real_source
172677,40-64,male,minority,10-19y,high school,upper class,0.6805790358149334,1.0,before 2015,0.0,1.0,10238,10000.0,sedan,1,1,3,0.0,real_source
427060,65+,female,majority,30y+,university,upper class,0.6074660885575695,1.0,after 2015,1.0,1.0,10238,11000.0,sedan,0,1,1,0.0,real_source
833902,16-25,female,majority,0-9y,university,poverty,0.3333790364733304,1.0,before 2015,0.0,0.0,10238,,sedan,0,0,0,0.0,real_source
202943,16-25,male,majority,0-9y,high school,poverty,0.3258894553264021,1.0,before 2015,0.0,0.0,10238,12000.0,sedan,0,0,0,1.0,real_source
551323,26-39,male,majority,0-9y,university,upper class,0.6428911507913367,1.0,after 2015,1.0,0.0,10238,15000.0,sedan,0,0,0,0.0,real_source
38580,16-25,male,majority,0-9y,high school,working class,0.3249858221459045,1.0,before 2015,0.0,0.0,32765,15000.0,sedan,0,0,0,1.0,real_source
26228,40-64,male,majority,20-29y,university,upper class,0.6741873673026819,1.0,before 2015,1.0,1.0,92101,7000.0,sedan,1,0,1,0.0,real_source
287790,26-39,female,minority,10-19y,high school,middle class,0.6238600356746651,1.0,before 2015,1.0,1.0,32765,,sedan,3,0,1,0.0,real_source
135509,26-39,female,majority,10-19y,high school,middle class,0.6597861113624699,1.0,after 2015,0.0,1.0,10238,13000.0,sedan,1,0,0,0.0,real_source
818522,65+,female,majority,20-29y,university,upper class,0.4972300723518808,1.0,after 2015,1.0,1.0,10238,15000.0,sedan,3,0,2,0.0,real_source
372874,26-39,female,majority,10-19y,high school,working class,0.4929078849478778,0.0,before 2015,0.0,0.0,10238,17000.0,sedan,0,0,0,0.0,real_source
540632,26-39,male,majority,10-19y,high school,working class,0.5775147742265758,1.0,before 2015,0.0,0.0,10238,16000.0,sedan,2,1,0,0.0,real_source
45157,26-39,male,minority,0-9y,none,poverty,0.292372046730257,0.0,before 2015,1.0,1.0,10238,11000.0,sedan,0,0,0,1.0,real_source
70979,16-25,male,majority,0-9y,university,middle class,0.3965531992211328,0.0,before 2015,1.0,0.0,32765,7000.0,sedan,0,0,0,1.0,real_source
668552,26-39,male,majority,10-19y,none,working class,0.3851192075283321,0.0,before 2015,0.0,0.0,10238,17000.0,sedan,0,0,1,1.0,real_source
324785,26-39,female,majority,0-9y,none,poverty,0.3688983699474711,0.0,before 2015,0.0,0.0,10238,,sedan,0,0,0,1.0,real_source
816614,26-39,male,majority,10-19y,university,upper class,0.5371008543579416,1.0,before 2015,0.0,0.0,32765,9000.0,sedan,3,1,1,0.0,real_source
558961,26-39,female,majority,10-19y,high school,middle class,0.4264590850148064,1.0,after 2015,1.0,1.0,10238,10000.0,sedan,1,1,2,0.0,real_source
659990,26-39,male,majority,10-19y,university,middle class,0.6720414032404887,1.0,before 2015,0.0,0.0,10238,14000.0,sedan,1,0,4,0.0,real_source
518694,40-64,male,majority,10-19y,high school,upper class,0.6391950289541595,1.0,after 2015,0.0,1.0,32765,10000.0,sedan,6,1,1,0.0,real_source
305388,40-64,male,majority,0-9y,university,upper class,0.5253374353831595,1.0,after 2015,1.0,1.0,10238,12000.0,sedan,0,0,0,0.0,real_source
589113,65+,male,minority,30y+,none,middle class,0.4429112897612818,1.0,before 2015,1.0,1.0,10238,13000.0,sedan,6,0,4,0.0,real_source
752140,26-39,male,minority,10-19y,university,upper class,0.5368092797791182,1.0,before 2015,0.0,0.0,32765,10000.0,sedan,4,1,2,1.0,real_source
789148,40-64,female,majority,20-29y,university,upper class,0.608886215665948,1.0,after 2015,1.0,1.0,10238,13000.0,sedan,1,0,4,0.0,real_source
849512,26-39,male,majority,10-19y,university,upper class,0.6178357715162752,1.0,after 2015,1.0,1.0,10238,13000.0,sports car,2,0,1,0.0,real_source
9905,40-64,female,majority,20-29y,high school,middle class,0.5178496298297631,1.0,before 2015,0.0,1.0,10238,12000.0,sedan,0,0,0,0.0,real_source
34367,16-25,female,majority,0-9y,none,poverty,0.3577661962837313,0.0,before 2015,0.0,0.0,10238,12000.0,sedan,0,0,0,1.0,real_source
894225,16-25,female,majority,0-9y,none,poverty,0.5213510383697199,0.0,before 2015,0.0,0.0,21217,17000.0,sedan,0,0,0,1.0,real_source
650065,65+,male,majority,30y+,university,upper class,,1.0,before 2015,1.0,1.0,10238,8000.0,sedan,4,0,5,0.0,real_source
746070,26-39,female,majority,10-19y,high school,upper class,0.6060530513609844,1.0,before 2015,0.0,1.0,32765,10000.0,sedan,1,1,0,0.0,real_source
588914,16-25,male,majority,0-9y,none,poverty,0.462436123038845,0.0,before 2015,1.0,0.0,32765,9000.0,sedan,0,0,0,1.0,real_source
231584,40-64,male,majority,20-29y,university,upper class,0.5663465365881118,1.0,after 2015,1.0,1.0,10238,,sedan,1,0,5,0.0,real_source
963221,26-39,male,minority,10-19y,university,middle class,0.6247336298349684,1.0,before 2015,1.0,1.0,10238,12000.0,sedan,2,0,1,0.0,real_source
278500,40-64,male,majority,20-29y,university,upper class,0.5820403536659148,1.0,after 2015,0.0,1.0,10238,14000.0,sedan,2,0,4,0.0,real_source
379046,26-39,female,majority,10-19y,university,upper class,,1.0,after 2015,1.0,1.0,10238,11000.0,sedan,4,0,0,0.0,real_source
869386,26-39,male,majority,10-19y,university,poverty,0.2850422794706853,0.0,before 2015,0.0,0.0,10238,11000.0,sedan,0,0,1,0.0,real_source
163162,65+,male,majority,20-29y,university,upper class,0.6337853539861222,1.0,after 2015,1.0,1.0,10238,13000.0,sedan,1,0,1,0.0,real_source
202791,16-25,male,majority,0-9y,university,working class,0.4787770486032221,0.0,after 2015,0.0,0.0,32765,15000.0,sedan,0,0,0,1.0,real_source
970398,40-64,female,majority,20-29y,university,middle class,0.5943257055284643,1.0,before 2015,1.0,0.0,10238,10000.0,sports car,3,1,1,0.0,real_source
894548,40-64,female,majority,0-9y,high school,working class,0.434199369972067,0.0,before 2015,1.0,1.0,32765,10000.0,sedan,0,0,0,1.0,real_source
822297,40-64,male,majority,20-29y,university,upper class,0.5710183409684905,1.0,before 2015,0.0,1.0,10238,14000.0,sedan,3,1,7,0.0,real_source
247573,26-39,female,majority,10-19y,university,upper class,0.6162893385757949,1.0,before 2015,1.0,1.0,92101,12000.0,sedan,0,0,1,0.0,real_source
224883,16-25,male,minority,0-9y,high school,working class,,0.0,before 2015,0.0,0.0,10238,15000.0,sedan,0,0,0,1.0,real_source
625221,40-64,female,minority,0-9y,high school,upper class,0.6312183625354687,1.0,before 2015,1.0,1.0,10238,10000.0,sedan,0,0,0,0.0,real_source
158028,16-25,female,majority,0-9y,high school,working class,0.4295825126499048,1.0,before 2015,1.0,1.0,10238,10000.0,sedan,0,0,0,0.0,real_source
10217,65+,male,majority,30y+,high school,upper class,0.5244870788093159,1.0,after 2015,1.0,1.0,10238,13000.0,sedan,2,0,4,0.0,real_source
966269,65+,male,majority,0-9y,university,upper class,,1.0,after 2015,1.0,0.0,10238,11000.0,sedan,0,0,0,1.0,real_source
361846,40-64,female,majority,20-29y,university,upper class,0.6923202824735519,1.0,before 2015,1.0,1.0,32765,5000.0,sedan,6,0,4,0.0,real_source
918841,65+,male,majority,10-19y,high school,upper class,0.5764795251446632,1.0,after 2015,1.0,1.0,32765,,sedan,3,1,0,0.0,real_source
534966,26-39,female,majority,0-9y,university,upper class,,1.0,before 2015,1.0,1.0,10238,10000.0,sedan,0,0,0,1.0,real_source
938070,40-64,female,majority,10-19y,high school,middle class,0.6260582248737127,1.0,before 2015,0.0,0.0,10238,16000.0,sedan,1,1,0,0.0,real_source
944620,16-25,female,majority,0-9y,high school,poverty,0.4210019848954937,0.0,before 2015,1.0,0.0,10238,13000.0,sedan,0,0,0,1.0,real_source
356287,16-25,female,majority,0-9y,high school,poverty,,0.0,before 2015,0.0,0.0,10238,14000.0,sedan,0,0,0,0.0,real_source
190345,65+,female,majority,30y+,high school,upper class,0.496581479212548,0.0,after 2015,1.0,1.0,10238,,sedan,3,0,0,0.0,real_source
66528,26-39,male,minority,10-19y,none,poverty,0.1902502054363816,0.0,before 2015,0.0,1.0,10238,11000.0,sedan,0,0,1,1.0,real_source
93756,26-39,male,majority,10-19y,high school,upper class,0.6742012277595035,1.0,after 2015,0.0,1.0,10238,15000.0,sports car,1,0,0,0.0,real_source
481169,65+,female,majority,10-19y,none,working class,0.4438047319930954,1.0,before 2015,1.0,1.0,10238,13000.0,sedan,1,0,0,0.0,real_source
270409,65+,male,majority,30y+,university,upper class,0.6738192020225572,1.0,after 2015,0.0,1.0,10238,,sedan,9,0,5,0.0,real_source
614606,40-64,male,majority,0-9y,university,middle class,0.5720994618726241,1.0,before 2015,0.0,0.0,10238,,sports car,0,0,0,0.0,real_source
890778,40-64,female,majority,20-29y,university,middle class,0.5464164840061576,1.0,before 2015,1.0,0.0,10238,10000.0,sedan,4,0,3,0.0,real_source
275062,65+,female,majority,0-9y,high school,upper class,0.5338125514718479,1.0,after 2015,1.0,1.0,10238,12000.0,sedan,0,0,0,0.0,real_source
958992,26-39,male,majority,10-19y,high school,working class,0.534353992539389,1.0,after 2015,0.0,1.0,32765,12000.0,sedan,2,0,0,0.0,real_source
84982,65+,female,majority,20-29y,high school,upper class,0.6152347771487434,0.0,before 2015,1.0,1.0,32765,10000.0,sedan,1,2,0,0.0,real_source
148601,65+,female,minority,30y+,high school,upper class,0.6983886035692345,1.0,before 2015,0.0,1.0,10238,10000.0,sedan,5,2,4,0.0,real_source
629208,26-39,female,majority,10-19y,high school,upper class,0.6146990302171157,1.0,before 2015,0.0,0.0,32765,,sedan,1,1,0,0.0,real_source
164381,16-25,female,majority,0-9y,high school,middle class,0.6840833742526795,1.0,before 2015,1.0,1.0,10238,8000.0,sedan,0,0,0,0.0,real_source
215945,40-64,male,majority,20-29y,university,upper class,0.6526266450815712,0.0,after 2015,1.0,1.0,10238,9000.0,sedan,1,0,3,0.0,real_source
67880,26-39,male,majority,10-19y,high school,middle class,0.4399964527913904,1.0,before 2015,1.0,1.0,10238,11000.0,sedan,1,0,3,0.0,real_source
873673,26-39,female,minority,10-19y,high school,working class,0.4580647747191491,0.0,before 2015,0.0,0.0,10238,17000.0,sedan,0,0,0,0.0,real_source
307277,26-39,male,majority,0-9y,high school,working class,,1.0,after 2015,0.0,0.0,10238,12000.0,sedan,0,0,0,0.0,real_source
152123,65+,female,majority,30y+,high school,upper class,0.6607566635682514,0.0,before 2015,1.0,1.0,10238,9000.0,sedan,0,0,3,0.0,real_source
489823,16-25,male,majority,0-9y,high school,poverty,0.3189052382411765,1.0,before 2015,0.0,0.0,10238,17000.0,sedan,0,0,0,1.0,real_source
336494,40-64,male,majority,0-9y,university,upper class,0.6085697407032967,1.0,after 2015,0.0,0.0,10238,15000.0,sedan,0,0,0,0.0,real_source
972020,65+,female,majority,30y+,high school,upper class,0.639626053228194,1.0,before 2015,1.0,1.0,10238,9000.0,sedan,0,1,0,0.0,real_source
260201,26-39,female,majority,10-19y,high school,middle class,0.4996760395517626,1.0,after 2015,0.0,0.0,10238,16000.0,sedan,1,0,1,0.0,real_source
939217,40-64,female,majority,10-19y,university,upper class,,1.0,before 2015,0.0,1.0,32765,10000.0,sedan,5,0,1,0.0,real_source
615428,26-39,male,majority,10-19y,high school,poverty,0.4514433140453183,1.0,before 2015,0.0,0.0,10238,14000.0,sedan,2,1,1,0.0,real_source
112063,26-39,female,majority,10-19y,none,poverty,0.2478479628708958,1.0,before 2015,0.0,1.0,10238,16000.0,sedan,0,1,0,0.0,real_source
42694,16-25,male,majority,0-9y,high school,poverty,,0.0,before 2015,0.0,0.0,10238,11000.0,sedan,0,0,0,1.0,real_source
222805,40-64,male,majority,20-29y,university,upper class,0.5992234645215262,1.0,before 2015,1.0,1.0,10238,9000.0,sedan,2,0,3,0.0,real_source
874803,16-25,male,majority,0-9y,none,working class,,1.0,before 2015,1.0,0.0,32765,13000.0,sedan,0,0,0,1.0,real_source
337651,40-64,male,minority,10-19y,university,upper class,0.4870127077463123,1.0,before 2015,1.0,1.0,10238,10000.0,sedan,1,0,1,0.0,real_source
821534,40-64,male,majority,10-19y,none,poverty,0.408216868683217,1.0,before 2015,0.0,1.0,10238,14000.0,sedan,1,0,0,0.0,real_source
127550,16-25,female,majority,0-9y,none,poverty,0.2161977071379889,1.0,before 2015,0.0,1.0,32765,10000.0,sedan,0,0,0,1.0,real_source
639522,40-64,male,majority,20-29y,university,upper class,0.679081839307075,1.0,before 2015,1.0,1.0,10238,9000.0,sedan,5,0,2,0.0,real_source
979350,26-39,female,majority,0-9y,high school,working class,0.6105826276164759,1.0,before 2015,0.0,1.0,10238,12000.0,sedan,0,0,0,0.0,real_source
512169,26-39,male,majority,10-19y,high school,middle class,0.5599813306382472,1.0,before 2015,1.0,1.0,32765,10000.0,sedan,3,0,1,0.0,real_source
725657,26-39,female,minority,10-19y,high school,middle class,0.5600963262097186,0.0,after 2015,1.0,1.0,32765,8000.0,sedan,3,0,0,0.0,real_source
364101,65+,female,majority,30y+,university,upper class,0.563548802365458,0.0,after 2015,0.0,1.0,10238,11000.0,sedan,1,2,0,0.0,real_source
912887,16-25,male,majority,0-9y,university,working class,0.4789652338452294,1.0,before 2015,0.0,1.0,92101,13000.0,sedan,0,0,0,1.0,real_source
265974,65+,male,minority,30y+,none,middle class,0.5026438365530692,1.0,before 2015,0.0,1.0,10238,9000.0,sedan,7,0,5,0.0,real_source
134867,40-64,female,majority,20-29y,high school,upper class,0.6361889069881509,1.0,after 2015,1.0,1.0,10238,9000.0,sedan,3,0,1,0.0,real_source
161165,40-64,female,majority,0-9y,university,upper class,0.6621457887543006,1.0,before 2015,1.0,1.0,10238,11000.0,sedan,0,0,0,0.0,real_source
491650,26-39,male,majority,0-9y,high school,middle class,0.5770280074678966,1.0,before 2015,0.0,0.0,10238,12000.0,sedan,0,0,0,0.0,real_source
268752,16-25,female,majority,0-9y,high school,poverty,0.302837423320474,0.0,before 2015,1.0,0.0,10238,10000.0,sedan,0,0,0,1.0,real_source
454701,65+,female,majority,30y+,high school,upper class,0.5354853053409482,1.0,after 2015,1.0,1.0,10238,11000.0,sedan,2,1,2,0.0,real_source
568053,65+,male,majority,30y+,high school,upper class,0.5203339851656199,1.0,before 2015,1.0,1.0,10238,9000.0,sedan,10,0,2,0.0,real_source
427513,40-64,female,majority,10-19y,university,middle class,0.5671506288613525,1.0,after 2015,1.0,1.0,32765,,sedan,4,0,2,0.0,real_source
77771,40-64,male,majority,20-29y,high school,middle class,0.5397848458608763,1.0,before 2015,0.0,1.0,10238,10000.0,sedan,7,0,0,0.0,real_source
573078,26-39,male,majority,0-9y,high school,middle class,0.4403405026714519,1.0,before 2015,0.0,0.0,10238,18000.0,sedan,0,0,0,1.0,real_source
214200,40-64,female,majority,10-19y,high school,upper class,0.5063048514527332,1.0,after 2015,0.0,1.0,10238,14000.0,sedan,0,0,2,0.0,real_source
360562,16-25,female,majority,0-9y,university,working class,0.4159285248892542,1.0,before 2015,0.0,0.0,10238,16000.0,sedan,0,0,0,0.0,real_source
174068,16-25,female,majority,0-9y,high school,poverty,0.1512554855508021,0.0,before 2015,0.0,1.0,21217,13000.0,sports car,0,0,0,1.0,real_source
792106,16-25,male,majority,0-9y,none,poverty,0.2577256895870561,0.0,after 2015,0.0,1.0,32765,10000.0,sedan,0,0,0,1.0,real_source
760445,40-64,female,majority,10-19y,university,upper class,,1.0,before 2015,1.0,1.0,10238,9000.0,sedan,0,0,2,0.0,real_source
875043,26-39,female,majority,10-19y,high school,upper class,0.6964039617112442,0.0,after 2015,1.0,0.0,10238,14000.0,sedan,1,0,1,0.0,real_source
651495,26-39,male,majority,10-19y,high school,working class,0.4594125089792298,1.0,before 2015,0.0,1.0,10238,,sedan,4,0,0,1.0,real_source
146839,16-25,male,majority,0-9y,none,poverty,0.284157777190154,0.0,before 2015,0.0,0.0,32765,,sedan,0,0,0,1.0,real_source
404468,40-64,female,majority,20-29y,high school,poverty,0.3980314872138732,1.0,before 2015,0.0,0.0,10238,18000.0,sedan,0,0,0,0.0,real_source
845482,16-25,female,majority,0-9y,university,poverty,0.5355008932084144,1.0,before 2015,0.0,0.0,10238,15000.0,sedan,0,0,0,0.0,real_source
333933,16-25,female,majority,0-9y,high school,working class,0.3399678397076847,1.0,before 2015,0.0,0.0,10238,15000.0,sedan,0,0,0,0.0,real_source
852185,40-64,male,majority,0-9y,none,upper class,0.6999932295554315,1.0,after 2015,0.0,1.0,10238,11000.0,sedan,0,0,0,1.0,real_source
941297,65+,male,majority,0-9y,university,upper class,0.380505476039461,1.0,after 2015,1.0,1.0,32765,,sedan,0,0,0,0.0,real_source
11119,65+,female,majority,30y+,high school,upper class,0.7251812827331864,1.0,before 2015,0.0,1.0,10238,14000.0,sedan,0,0,1,0.0,real_source
20975,26-39,male,majority,10-19y,university,upper class,0.6261051802166032,1.0,before 2015,0.0,0.0,32765,11000.0,sedan,1,0,0,0.0,real_source
658061,40-64,male,majority,0-9y,university,upper class,0.4642025831082776,1.0,before 2015,1.0,1.0,32765,5000.0,sedan,0,0,0,1.0,real_source
690368,40-64,male,majority,20-29y,none,middle class,0.5990587120710579,1.0,before 2015,1.0,1.0,21217,11000.0,sedan,3,0,0,1.0,real_source
683489,26-39,male,majority,0-9y,high school,poverty,0.2174647666581726,1.0,before 2015,1.0,1.0,10238,9000.0,sedan,0,0,0,1.0,real_source
150186,65+,male,majority,0-9y,high school,upper class,0.525493572038688,0.0,before 2015,1.0,1.0,10238,12000.0,sedan,0,0,0,1.0,real_source
861996,16-25,male,majority,0-9y,university,middle class,0.3237857432221487,1.0,before 2015,0.0,1.0,10238,10000.0,sedan,0,0,0,1.0,real_source
505284,65+,male,majority,30y+,high school,working class,0.6014435614074801,1.0,after 2015,0.0,0.0,32765,11000.0,sedan,10,0,5,0.0,real_source
612740,65+,female,majority,0-9y,university,upper class,0.6214602994502341,0.0,before 2015,1.0,1.0,10238,12000.0,sedan,0,0,0,1.0,real_source
338756,40-64,female,majority,10-19y,none,upper class,,1.0,before 2015,1.0,1.0,10238,13000.0,sedan,0,0,2,0.0,real_source
285906,26-39,female,majority,0-9y,none,working class,0.5163347418034226,1.0,before 2015,1.0,1.0,32765,9000.0,sedan,0,0,0,1.0,real_source
163402,65+,male,majority,0-9y,university,upper class,,1.0,after 2015,1.0,1.0,32765,,sedan,0,0,0,0.0,real_source
3526,65+,male,majority,30y+,high school,upper class,0.7280756018177765,1.0,after 2015,1.0,0.0,10238,13000.0,sedan,4,1,3,0.0,real_source
971102,26-39,female,majority,10-19y,none,working class,0.5378340344693218,1.0,before 2015,0.0,1.0,10238,12000.0,sedan,0,0,0,0.0,real_source
25025,26-39,female,majority,10-19y,university,middle class,0.5833632162337706,1.0,after 2015,0.0,0.0,32765,9000.0,sports car,3,0,1,0.0,real_source
794286,40-64,male,majority,20-29y,high school,upper class,0.3847849477164541,1.0,after 2015,0.0,1.0,10238,14000.0,sedan,2,0,2,0.0,real_source
64259,16-25,female,majority,0-9y,high school,working class,0.4102339632201258,1.0,before 2015,0.0,0.0,10238,12000.0,sedan,0,0,0,0.0,real_source
693740,16-25,male,majority,0-9y,none,poverty,0.4530676522206702,0.0,before 2015,0.0,0.0,10238,15000.0,sports car,0,0,0,1.0,real_source
241965,40-64,male,majority,20-29y,university,upper class,0.4895937410595604,1.0,after 2015,0.0,1.0,10238,12000.0,sedan,4,0,2,0.0,real_source
989945,16-25,male,majority,0-9y,none,poverty,0.2081472268026262,0.0,before 2015,1.0,0.0,10238,15000.0,sedan,0,0,0,0.0,real_source
302233,40-64,female,majority,20-29y,high school,upper class,0.634296736687498,1.0,before 2015,1.0,1.0,21217,12000.0,sedan,1,0,2,1.0,real_source
987839,40-64,female,majority,0-9y,university,upper class,0.6766984098517961,1.0,before 2015,1.0,1.0,32765,9000.0,sedan,0,0,0,1.0,real_source
450776,40-64,male,majority,10-19y,none,poverty,0.3759157719833919,1.0,before 2015,1.0,1.0,10238,10000.0,sedan,3,1,2,0.0,real_source
987471,40-64,female,majority,20-29y,university,middle class,0.5571292364718579,1.0,before 2015,1.0,1.0,32765,9000.0,sedan,3,0,0,0.0,real_source
56391,65+,male,majority,20-29y,high school,upper class,0.6897682642706402,1.0,before 2015,1.0,1.0,10238,10000.0,sedan,4,0,5,0.0,real_source
783556,40-64,male,majority,0-9y,university,upper class,0.6046068349734135,1.0,before 2015,1.0,1.0,10238,7000.0,sedan,0,0,0,1.0,real_source
921160,26-39,female,majority,0-9y,university,upper class,0.6665366387018726,1.0,before 2015,1.0,1.0,10238,9000.0,sedan,0,0,0,0.0,real_source
319701,16-25,male,majority,0-9y,university,working class,0.2829020455477811,0.0,before 2015,0.0,0.0,10238,15000.0,sedan,0,0,0,1.0,real_source
780703,40-64,male,majority,20-29y,university,upper class,0.5558794523792587,1.0,before 2015,1.0,1.0,10238,9000.0,sedan,2,0,5,0.0,real_source
629596,26-39,female,majority,10-19y,high school,middle class,0.4967894721410335,0.0,before 2015,0.0,1.0,10238,15000.0,sedan,0,1,2,1.0,real_source
722205,65+,male,minority,30y+,university,upper class,0.5508246124053148,1.0,before 2015,1.0,1.0,10238,,sedan,5,3,6,0.0,real_source
424392,65+,female,majority,30y+,high school,upper class,0.6247259789567383,1.0,before 2015,1.0,1.0,32765,9000.0,sedan,7,1,1,0.0,real_source
119547,65+,female,majority,10-19y,high school,upper class,0.7721303904458904,1.0,before 2015,1.0,1.0,10238,10000.0,sedan,0,0,0,0.0,real_source
570007,26-39,female,majority,0-9y,high school,middle class,0.6800309608604136,1.0,before 2015,0.0,0.0,10238,,sedan,0,0,0,0.0,real_source
886405,40-64,male,majority,20-29y,high school,upper class,0.5190950267820249,1.0,before 2015,1.0,1.0,32765,9000.0,sedan,4,1,1,0.0,real_source
68534,26-39,male,majority,10-19y,university,working class,0.4255980967230737,0.0,before 2015,0.0,1.0,32765,8000.0,sedan,3,0,0,0.0,real_source
459875,40-64,female,majority,20-29y,high school,middle class,0.6594679535465432,1.0,before 2015,0.0,1.0,10238,12000.0,sedan,0,1,1,0.0,real_source
754494,16-25,female,majority,0-9y,high school,poverty,0.3821250572579422,0.0,before 2015,0.0,0.0,10238,13000.0,sedan,0,0,0,1.0,real_source
552492,26-39,female,majority,10-19y,high school,middle class,0.7212380734964169,1.0,before 2015,0.0,0.0,32765,,sedan,2,0,0,0.0,real_source
950709,40-64,male,majority,20-29y,university,upper class,0.6653927395254361,1.0,after 2015,1.0,1.0,92101,9000.0,sedan,0,0,3,0.0,real_source
501805,65+,female,majority,30y+,high school,upper class,0.5667840942079906,1.0,before 2015,1.0,1.0,32765,7000.0,sedan,1,2,6,0.0,real_source
787446,26-39,female,majority,10-19y,high school,working class,0.3861016919717102,1.0,before 2015,0.0,1.0,10238,12000.0,sedan,0,0,1,0.0,real_source
804227,40-64,male,majority,20-29y,high school,working class,0.4345202321987589,0.0,before 2015,0.0,1.0,10238,14000.0,sedan,2,0,3,1.0,real_source
456117,40-64,male,majority,20-29y,university,upper class,0.5996274550959251,1.0,before 2015,0.0,1.0,10238,14000.0,sedan,3,0,3,0.0,real_source
394049,65+,female,minority,10-19y,university,upper class,0.7210573217719684,0.0,after 2015,1.0,1.0,32765,12000.0,sedan,1,0,0,1.0,real_source
23005,26-39,female,majority,10-19y,high school,working class,,1.0,before 2015,1.0,1.0,32765,,sedan,3,1,0,0.0,real_source
723464,26-39,male,majority,10-19y,university,middle class,0.5561182929431786,1.0,before 2015,0.0,1.0,32765,8000.0,sedan,2,0,3,0.0,real_source
927038,16-25,male,majority,0-9y,high school,working class,0.5099246044110012,1.0,before 2015,1.0,0.0,10238,,sedan,0,0,0,0.0,real_source
152145,16-25,female,majority,0-9y,high school,middle class,0.5084607560079241,1.0,before 2015,0.0,1.0,32765,11000.0,sedan,0,0,0,1.0,real_source
183084,26-39,male,majority,10-19y,none,working class,0.4280887922467216,1.0,before 2015,1.0,0.0,10238,12000.0,sedan,1,0,2,1.0,real_source
487840,40-64,male,majority,10-19y,none,working class,0.2969039659575923,1.0,before 2015,1.0,1.0,10238,9000.0,sedan,4,1,1,0.0,real_source
225410,65+,female,majority,20-29y,university,upper class,0.5871469213663586,1.0,after 2015,1.0,1.0,10238,6000.0,sedan,3,1,7,0.0,real_source
318668,26-39,female,majority,10-19y,none,working class,0.3841585499902979,1.0,before 2015,1.0,1.0,10238,12000.0,sports car,1,0,1,0.0,real_source
123739,16-25,male,majority,0-9y,university,working class,0.2971204127327778,0.0,before 2015,0.0,0.0,10238,,sedan,0,0,0,1.0,real_source
61366,26-39,female,majority,10-19y,high school,poverty,0.3184620887749849,0.0,before 2015,0.0,0.0,10238,17000.0,sedan,1,0,0,1.0,real_source
229858,16-25,male,majority,0-9y,university,working class,0.3212363809897638,1.0,before 2015,0.0,0.0,10238,14000.0,sedan,0,0,0,1.0,real_source
349332,26-39,female,majority,0-9y,none,poverty,0.4106956973588005,0.0,before 2015,0.0,0.0,10238,16000.0,sedan,0,0,0,1.0,real_source
304669,40-64,male,majority,10-19y,university,upper class,0.6050701843159639,1.0,before 2015,1.0,1.0,92101,10000.0,sedan,1,0,1,0.0,real_source
113911,26-39,female,minority,10-19y,high school,middle class,0.5850571880333831,0.0,before 2015,0.0,1.0,32765,8000.0,sedan,2,0,1,0.0,real_source
448611,40-64,male,majority,10-19y,high school,upper class,,1.0,after 2015,1.0,1.0,10238,7000.0,sedan,1,0,1,0.0,real_source
229092,16-25,male,majority,0-9y,none,poverty,0.421929081236411,0.0,before 2015,0.0,0.0,10238,14000.0,sedan,0,0,0,1.0,real_source
953288,65+,female,majority,10-19y,university,upper class,,1.0,after 2015,1.0,1.0,21217,13000.0,sedan,3,0,1,1.0,real_source
394693,26-39,female,majority,10-19y,university,working class,0.5830846919526734,0.0,before 2015,0.0,0.0,32765,14000.0,sedan,2,0,0,1.0,real_source
799026,40-64,male,majority,10-19y,none,upper class,0.6782940746372796,1.0,after 2015,1.0,1.0,10238,8000.0,sports car,1,0,0,0.0,real_source
566713,40-64,female,minority,20-29y,none,middle class,,1.0,before 2015,0.0,1.0,10238,12000.0,sedan,0,0,3,0.0,real_source
684265,40-64,male,majority,20-29y,none,upper class,0.5775510940556193,1.0,before 2015,0.0,1.0,10238,13000.0,sedan,3,0,2,0.0,real_source
821544,26-39,female,majority,0-9y,none,working class,0.521871913434752,1.0,before 2015,0.0,1.0,10238,14000.0,sedan,0,0,0,1.0,real_source
918079,16-25,male,majority,0-9y,high school,poverty,0.4016022303600121,1.0,before 2015,1.0,1.0,92101,8000.0,sedan,0,0,0,1.0,real_source
52584,40-64,female,majority,20-29y,university,upper class,0.5030899604313637,1.0,after 2015,0.0,0.0,10238,16000.0,sports car,1,0,0,0.0,real_source
539433,40-64,female,majority,0-9y,university,upper class,0.6262972030099251,1.0,before 2015,0.0,0.0,10238,19000.0,sedan,0,0,0,1.0,real_source
301476,26-39,female,majority,10-19y,high school,middle class,0.486775921157441,1.0,after 2015,0.0,1.0,10238,11000.0,sedan,0,0,0,0.0,real_source
52434,26-39,male,majority,10-19y,high school,upper class,0.6159765127811405,1.0,before 2015,1.0,1.0,32765,7000.0,sedan,3,0,0,0.0,real_source
243166,16-25,male,majority,0-9y,university,middle class,0.5771463962537063,1.0,before 2015,1.0,1.0,10238,11000.0,sedan,0,0,0,0.0,real_source
338722,26-39,male,majority,10-19y,high school,working class,0.3947155816821041,1.0,after 2015,0.0,1.0,32765,11000.0,sports car,1,0,1,0.0,real_source
991298,65+,female,majority,30y+,university,upper class,0.5622345561977906,0.0,after 2015,1.0,1.0,32765,9000.0,sedan,1,2,1,0.0,real_source
135565,26-39,female,majority,10-19y,university,working class,,0.0,before 2015,0.0,0.0,21217,13000.0,sedan,0,0,1,1.0,real_source
17483,26-39,female,majority,10-19y,high school,poverty,0.3759554170653639,0.0,before 2015,0.0,1.0,10238,,sedan,0,0,1,0.0,real_source
8023,65+,male,majority,30y+,university,upper class,0.5675263030815505,1.0,before 2015,0.0,0.0,10238,15000.0,sedan,4,0,2,0.0,real_source
979569,16-25,female,majority,0-9y,high school,poverty,0.2084106694189862,0.0,before 2015,0.0,1.0,32765,8000.0,sedan,0,0,0,1.0,real_source
124969,65+,female,majority,30y+,university,upper class,0.4863588679278371,1.0,after 2015,0.0,1.0,32765,12000.0,sedan,3,2,3,0.0,real_source
958920,40-64,female,minority,20-29y,none,middle class,0.3715929512772006,1.0,after 2015,1.0,1.0,32765,6000.0,sedan,3,1,1,0.0,real_source
85377,40-64,female,majority,20-29y,high school,working class,0.4380103841772169,0.0,after 2015,0.0,1.0,10238,13000.0,sedan,1,0,1,0.0,real_source
698147,26-39,male,majority,0-9y,high school,poverty,0.3474920500454466,0.0,before 2015,0.0,1.0,32765,13000.0,sedan,0,0,0,1.0,real_source
126485,26-39,female,minority,10-19y,none,poverty,0.2728793486098333,1.0,before 2015,0.0,1.0,10238,16000.0,sedan,0,0,0,0.0,real_source
56973,26-39,female,majority,10-19y,university,working class,0.3617024291111733,1.0,before 2015,0.0,0.0,10238,10000.0,sedan,0,0,0,0.0,real_source
430480,16-25,female,majority,0-9y,none,poverty,0.4080435066664748,0.0,before 2015,0.0,1.0,10238,15000.0,sedan,0,0,0,1.0,real_source
88159,16-25,male,majority,0-9y,high school,middle class,0.5774751971489307,0.0,before 2015,0.0,0.0,10238,10000.0,sedan,0,0,0,0.0,real_source
728786,65+,male,majority,30y+,university,upper class,0.5491357167304327,1.0,before 2015,0.0,1.0,10238,12000.0,sedan,4,0,2,0.0,real_source
196793,65+,male,majority,20-29y,university,upper class,0.5680748381791342,1.0,after 2015,1.0,1.0,10238,12000.0,sedan,3,0,2,0.0,real_source
590453,40-64,female,majority,20-29y,none,working class,,1.0,before 2015,0.0,1.0,92101,12000.0,sedan,2,0,0,0.0,real_source
119568,40-64,female,majority,20-29y,university,upper class,0.6046764589038505,1.0,before 2015,0.0,0.0,10238,12000.0,sedan,0,0,0,0.0,real_source
506311,40-64,female,majority,20-29y,university,upper class,0.6041445863011615,1.0,before 2015,0.0,1.0,10238,11000.0,sedan,1,0,4,0.0,real_source
17198,26-39,male,majority,0-9y,high school,upper class,0.4923186089785153,1.0,before 2015,1.0,1.0,10238,10000.0,sedan,0,0,0,0.0,real_source
53312,40-64,female,majority,20-29y,university,upper class,0.6218943396286831,1.0,after 2015,1.0,1.0,10238,,sedan,5,1,1,0.0,real_source
392570,26-39,male,majority,10-19y,none,working class,0.3746378693906275,1.0,before 2015,0.0,0.0,10238,15000.0,sedan,2,1,2,1.0,real_source
752366,26-39,male,majority,10-19y,high school,middle class,0.427270927766737,0.0,after 2015,1.0,1.0,10238,,sedan,1,0,0,0.0,real_source
555274,16-25,female,majority,0-9y,none,poverty,0.1529721602255696,1.0,before 2015,1.0,0.0,10238,10000.0,sedan,0,0,0,0.0,real_source
922468,26-39,female,majority,10-19y,none,working class,0.4217496501415939,1.0,before 2015,0.0,0.0,92101,,sedan,1,0,0,1.0,real_source
4199,40-64,female,majority,20-29y,university,middle class,0.5039832951594888,1.0,before 2015,0.0,1.0,92101,16000.0,sedan,2,0,2,0.0,real_source
504565,16-25,male,majority,0-9y,university,poverty,0.3680826213706068,0.0,before 2015,0.0,0.0,10238,15000.0,sports car,0,0,0,1.0,real_source
930350,65+,male,majority,30y+,university,upper class,0.5838715347636926,1.0,before 2015,1.0,1.0,10238,12000.0,sedan,3,0,4,0.0,real_source
193785,26-39,female,majority,0-9y,high school,upper class,0.4225791031356819,1.0,before 2015,1.0,1.0,10238,,sedan,0,0,0,0.0,real_source
380681,16-25,male,majority,0-9y,university,middle class,0.7144958954967011,1.0,after 2015,0.0,0.0,10238,14000.0,sedan,0,0,0,0.0,real_source
89171,26-39,female,majority,0-9y,none,poverty,0.5696455478207955,1.0,before 2015,0.0,1.0,10238,12000.0,sedan,0,0,0,0.0,real_source
153516,26-39,female,majority,0-9y,high school,middle class,0.4133785303647337,1.0,before 2015,1.0,1.0,10238,,sedan,0,0,0,0.0,real_source
655609,16-25,female,majority,0-9y,university,poverty,0.3549288973191322,0.0,before 2015,0.0,0.0,32765,12000.0,sedan,0,0,0,1.0,real_source
285118,40-64,male,majority,20-29y,none,working class,0.5815890954464898,1.0,before 2015,0.0,0.0,10238,18000.0,sedan,1,1,3,0.0,real_source
757656,40-64,male,minority,0-9y,university,middle class,0.5238112936991066,1.0,before 2015,1.0,1.0,92101,10000.0,sedan,0,0,0,1.0,real_source
474539,65+,female,majority,30y+,university,upper class,0.7469425181105066,0.0,before 2015,1.0,0.0,10238,10000.0,sedan,3,0,0,0.0,real_source
448500,40-64,male,majority,20-29y,university,upper class,0.5992892337813946,1.0,after 2015,1.0,1.0,10238,14000.0,sedan,0,1,5,0.0,real_source
168210,40-64,male,majority,20-29y,none,poverty,0.2467491275258395,0.0,before 2015,1.0,1.0,10238,13000.0,sedan,3,0,2,0.0,real_source
293414,65+,female,majority,30y+,university,upper class,0.4869348894960016,1.0,before 2015,0.0,1.0,32765,12000.0,sedan,3,1,0,0.0,real_source
90377,40-64,male,majority,20-29y,university,middle class,0.5640568762707184,1.0,before 2015,0.0,1.0,10238,10000.0,sedan,4,0,1,0.0,real_source
961510,40-64,female,minority,0-9y,high school,upper class,0.6686845608481449,1.0,before 2015,1.0,1.0,32765,8000.0,sedan,0,0,0,1.0,real_source
940764,65+,female,majority,30y+,high school,upper class,0.7909562645886891,1.0,before 2015,0.0,1.0,10238,13000.0,sedan,2,0,1,0.0,real_source
484012,16-25,male,majority,0-9y,high school,poverty,0.2474110447110308,0.0,before 2015,0.0,0.0,10238,11000.0,sedan,0,0,0,1.0,real_source
537546,65+,male,majority,0-9y,university,upper class,,1.0,after 2015,1.0,1.0,10238,13000.0,sedan,0,0,0,0.0,real_source
975005,16-25,female,majority,0-9y,high school,middle class,0.3352831360623969,1.0,before 2015,0.0,0.0,10238,14000.0,sedan,0,0,0,1.0,real_source
810066,40-64,female,majority,20-29y,high school,middle class,0.5672553074796418,1.0,before 2015,1.0,1.0,32765,9000.0,sedan,1,1,0,0.0,real_source
875302,26-39,male,majority,10-19y,university,middle class,0.5281550824018106,1.0,after 2015,1.0,1.0,10238,8000.0,sedan,1,0,0,0.0,real_source
211286,40-64,female,majority,20-29y,none,middle class,0.5384105309342712,0.0,before 2015,1.0,1.0,10238,,sedan,0,0,5,0.0,real_source
297877,65+,female,majority,20-29y,high school,upper class,0.5952325907713841,1.0,after 2015,0.0,1.0,92101,11000.0,sedan,0,0,1,0.0,real_source
362618,40-64,male,majority,20-29y,high school,upper class,0.7065178185585059,1.0,before 2015,1.0,1.0,10238,11000.0,sedan,4,1,7,0.0,real_source
466641,26-39,female,majority,10-19y,high school,middle class,0.5887079919316789,1.0,before 2015,0.0,1.0,10238,16000.0,sports car,1,0,1,0.0,real_source
913740,16-25,female,majority,0-9y,none,poverty,0.3061509687966847,0.0,after 2015,0.0,0.0,10238,15000.0,sedan,0,0,0,0.0,real_source
810638,65+,male,majority,20-29y,high school,upper class,0.6008357672813958,1.0,after 2015,0.0,1.0,10238,7000.0,sedan,2,1,0,0.0,real_source
156883,65+,male,majority,10-19y,high school,upper class,0.633403473578646,1.0,after 2015,1.0,1.0,10238,9000.0,sedan,1,1,2,0.0,real_source
936051,16-25,female,majority,0-9y,high school,poverty,,0.0,before 2015,0.0,0.0,10238,,sedan,0,0,0,1.0,real_source
920995,26-39,male,majority,10-19y,high school,working class,0.4163255994421636,0.0,before 2015,0.0,1.0,32765,12000.0,sedan,2,0,0,1.0,real_source
918219,40-64,female,majority,0-9y,university,upper class,0.6760102629446962,1.0,before 2015,1.0,1.0,32765,8000.0,sedan,0,0,0,1.0,real_source
403373,40-64,male,majority,20-29y,high school,working class,0.2727052692646905,1.0,before 2015,1.0,1.0,10238,10000.0,sedan,4,1,3,0.0,real_source
688045,65+,female,majority,30y+,university,upper class,0.6626210554046525,1.0,after 2015,1.0,1.0,10238,11000.0,sedan,1,0,1,0.0,real_source
902646,26-39,female,majority,10-19y,high school,working class,0.5241410821408387,0.0,after 2015,1.0,1.0,10238,12000.0,sedan,2,0,1,0.0,real_source
638975,40-64,male,minority,10-19y,high school,upper class,0.6820575427391677,1.0,before 2015,1.0,1.0,10238,10000.0,sedan,0,0,1,0.0,real_source
410028,40-64,female,majority,20-29y,none,middle class,0.6514572449171824,1.0,after 2015,1.0,1.0,32765,8000.0,sedan,6,0,3,0.0,real_source
245794,65+,male,majority,20-29y,university,upper class,,1.0,after 2015,1.0,1.0,10238,,sedan,1,0,2,0.0,real_source
932163,65+,female,majority,30y+,high school,upper class,0.6063735697487103,1.0,before 2015,1.0,1.0,10238,7000.0,sedan,5,1,5,0.0,real_source
210356,16-25,female,majority,0-9y,high school,poverty,0.3093306042396641,1.0,before 2015,0.0,1.0,32765,6000.0,sedan,0,0,0,1.0,real_source
272565,26-39,female,majority,10-19y,university,middle class,,1.0,before 2015,1.0,1.0,10238,12000.0,sports car,0,0,1,0.0,real_source
76372,40-64,female,majority,10-19y,high school,working class,0.4149098004859211,0.0,before 2015,0.0,1.0,10238,10000.0,sedan,1,0,2,1.0,real_source
669005,40-64,male,majority,0-9y,high school,working class,0.437416834594885,0.0,before 2015,0.0,0.0,10238,,sedan,0,0,0,1.0,real_source
508146,26-39,male,majority,10-19y,none,poverty,0.4645345001201633,0.0,before 2015,0.0,1.0,10238,,sedan,1,1,0,0.0,real_source
317313,65+,male,majority,10-19y,university,upper class,0.6146903887940329,0.0,after 2015,0.0,1.0,10238,,sedan,4,0,1,0.0,real_source
899312,16-25,female,majority,0-9y,none,poverty,0.2862044072032209,0.0,before 2015,0.0,0.0,10238,16000.0,sedan,0,0,0,1.0,real_source
32500,26-39,male,majority,10-19y,university,upper class,0.5029442922316367,1.0,before 2015,1.0,1.0,92101,13000.0,sedan,0,1,0,0.0,real_source
808629,65+,female,majority,0-9y,none,working class,0.3922141519632884,1.0,before 2015,0.0,1.0,10238,12000.0,sedan,0,0,0,1.0,real_source
867141,16-25,male,majority,0-9y,university,middle class,0.4671006006948029,1.0,before 2015,0.0,1.0,10238,,sedan,0,0,0,1.0,real_source
695062,40-64,male,majority,20-29y,high school,middle class,0.4874581980124114,1.0,before 2015,0.0,1.0,92101,12000.0,sedan,2,1,1,0.0,real_source
170323,65+,male,majority,10-19y,university,upper class,,0.0,before 2015,1.0,1.0,10238,10000.0,sedan,2,1,1,1.0,real_source
48803,16-25,female,majority,0-9y,none,poverty,0.2549076832707483,1.0,before 2015,0.0,0.0,10238,12000.0,sedan,0,0,0,0.0,real_source
660862,26-39,female,minority,10-19y,university,working class,0.5032346205187044,0.0,after 2015,1.0,1.0,10238,10000.0,sedan,1,0,1,0.0,real_source
616720,65+,female,majority,20-29y,university,upper class,0.7122395503644006,1.0,after 2015,1.0,1.0,10238,16000.0,sedan,0,0,1,0.0,real_source
571957,65+,female,majority,0-9y,none,upper class,0.7575663430503009,1.0,after 2015,1.0,1.0,10238,,sedan,0,0,0,0.0,real_source
303181,26-39,female,majority,10-19y,university,middle class,,1.0,before 2015,1.0,0.0,10238,13000.0,sedan,0,0,1,0.0,real_source
723400,65+,female,majority,30y+,none,middle class,0.5391057765310123,1.0,after 2015,1.0,1.0,10238,12000.0,sedan,2,2,1,0.0,real_source
765690,65+,female,majority,0-9y,university,upper class,0.5657453486871828,1.0,before 2015,1.0,1.0,10238,11000.0,sedan,0,0,0,0.0,real_source
26485,65+,male,majority,30y+,university,upper class,0.6098980465197524,1.0,before 2015,1.0,1.0,32765,,sedan,12,0,5,0.0,real_source
128270,26-39,female,majority,10-19y,none,poverty,0.2492100963315842,0.0,before 2015,0.0,1.0,92101,13000.0,sedan,0,0,0,0.0,real_source
753061,16-25,female,minority,0-9y,none,poverty,0.2645194364479903,1.0,before 2015,0.0,0.0,10238,12000.0,sedan,0,0,0,0.0,real_source
920132,40-64,female,majority,0-9y,university,upper class,0.6139904180356018,1.0,after 2015,0.0,1.0,10238,12000.0,sedan,0,0,0,0.0,real_source
230575,40-64,male,majority,10-19y,university,middle class,0.5599870637233466,1.0,before 2015,1.0,1.0,10238,8000.0,sedan,1,1,0,0.0,real_source
825504,40-64,male,majority,0-9y,university,upper class,0.6233138220916109,1.0,after 2015,0.0,0.0,92101,17000.0,sports car,0,0,0,1.0,real_source
970288,16-25,female,majority,0-9y,high school,poverty,0.448643577209834,0.0,after 2015,0.0,1.0,32765,,sedan,0,0,0,1.0,real_source
381,65+,female,majority,30y+,high school,upper class,0.6520665505738693,1.0,after 2015,0.0,1.0,10238,15000.0,sedan,3,0,0,0.0,real_source
546494,40-64,female,majority,20-29y,high school,middle class,,0.0,before 2015,1.0,1.0,10238,14000.0,sedan,0,0,0,0.0,real_source
348325,16-25,female,majority,0-9y,high school,middle class,0.5489695085571686,1.0,after 2015,0.0,1.0,21217,11000.0,sedan,0,0,0,1.0,real_source
608974,40-64,female,minority,20-29y,high school,working class,0.5728451330215478,1.0,before 2015,1.0,0.0,10238,14000.0,sports car,0,1,1,0.0,real_source
848442,65+,male,majority,0-9y,university,upper class,0.7308655361413354,0.0,after 2015,1.0,1.0,32765,9000.0,sedan,0,0,0,1.0,real_source
718343,40-64,male,minority,20-29y,university,upper class,0.7508195874354716,0.0,before 2015,0.0,1.0,32765,4000.0,sedan,5,1,6,0.0,real_source
529364,26-39,male,majority,10-19y,none,poverty,0.2276480880935439,1.0,before 2015,0.0,1.0,32765,12000.0,sedan,3,0,0,1.0,real_source
960110,65+,female,minority,0-9y,high school,upper class,,1.0,after 2015,1.0,1.0,32765,7000.0,sedan,0,0,0,0.0,real_source
104366,26-39,male,majority,10-19y,high school,middle class,0.6078036995033183,1.0,after 2015,0.0,1.0,10238,12000.0,sedan,0,1,1,0.0,real_source
769972,65+,male,majority,30y+,high school,upper class,0.5426244160681951,0.0,before 2015,1.0,1.0,10238,11000.0,sedan,1,2,5,0.0,real_source
759594,26-39,male,minority,10-19y,university,upper class,0.7182444310315163,1.0,before 2015,1.0,1.0,32765,10000.0,sedan,4,0,0,0.0,real_source
524877,16-25,female,majority,0-9y,university,middle class,0.6809116929366064,1.0,after 2015,0.0,1.0,10238,10000.0,sedan,0,0,0,0.0,real_source
313291,26-39,female,minority,10-19y,none,working class,0.4328418893662019,1.0,before 2015,0.0,1.0,32765,8000.0,sedan,2,0,3,0.0,real_source
545223,26-39,male,majority,10-19y,university,upper class,0.5381973821644314,1.0,before 2015,0.0,0.0,10238,15000.0,sedan,0,0,3,0.0,real_source
264834,26-39,male,majority,10-19y,university,working class,,0.0,before 2015,1.0,1.0,10238,12000.0,sedan,1,1,3,1.0,real_source
727008,26-39,female,majority,0-9y,high school,upper class,0.5972183276616235,1.0,after 2015,0.0,1.0,10238,15000.0,sedan,0,0,0,0.0,real_source
10147,26-39,male,majority,10-19y,high school,middle class,0.5559535570676705,1.0,after 2015,1.0,1.0,10238,11000.0,sedan,2,0,1,0.0,real_source
31121,26-39,male,majority,0-9y,high school,working class,0.4257869067192916,0.0,after 2015,0.0,1.0,10238,13000.0,sedan,0,0,0,0.0,real_source
757438,16-25,male,majority,0-9y,high school,poverty,0.4376610934796095,0.0,before 2015,1.0,1.0,32765,7000.0,sedan,0,0,0,1.0,real_source
344845,26-39,female,majority,0-9y,high school,middle class,0.5749370954399275,0.0,after 2015,1.0,1.0,10238,10000.0,sedan,0,0,0,0.0,real_source
45708,16-25,female,majority,0-9y,high school,poverty,0.3081036976868692,0.0,after 2015,0.0,1.0,32765,,sedan,0,0,0,1.0,real_source
174366,65+,male,majority,20-29y,university,upper class,0.7097590437116957,1.0,before 2015,1.0,1.0,10238,9000.0,sedan,0,0,2,0.0,real_source
964266,26-39,male,majority,10-19y,university,upper class,0.7508134369901283,1.0,after 2015,1.0,1.0,32765,14000.0,sedan,1,0,2,0.0,real_source
91893,26-39,male,majority,10-19y,university,middle class,0.5202419562823012,1.0,before 2015,1.0,1.0,32765,11000.0,sedan,1,0,2,0.0,real_source
408687,40-64,male,majority,20-29y,high school,poverty,0.2423059228432957,0.0,before 2015,1.0,0.0,10238,15000.0,sedan,4,1,1,0.0,real_source
470664,26-39,male,majority,0-9y,university,working class,0.2500917022572353,1.0,before 2015,0.0,1.0,10238,16000.0,sedan,0,0,0,1.0,real_source
999797,40-64,male,majority,20-29y,university,upper class,0.5636540752380534,1.0,after 2015,1.0,1.0,32765,8000.0,sports car,13,3,1,0.0,real_source
767467,65+,male,majority,30y+,university,middle class,0.5476628583971526,1.0,after 2015,1.0,1.0,10238,6000.0,sedan,6,0,6,0.0,real_source
879915,40-64,male,majority,20-29y,university,middle class,0.5390231589058753,1.0,after 2015,0.0,1.0,10238,14000.0,sedan,4,3,4,0.0,real_source
375117,65+,female,majority,10-19y,university,upper class,0.5249004670059866,1.0,before 2015,1.0,1.0,32765,,sedan,2,0,0,1.0,real_source
36667,26-39,female,majority,10-19y,high school,middle class,0.4711356183608628,1.0,before 2015,0.0,0.0,10238,12000.0,sedan,4,0,1,0.0,real_source
528001,65+,female,majority,30y+,high school,middle class,0.5117586505444637,0.0,before 2015,1.0,1.0,10238,10000.0,sedan,2,1,4,0.0,real_source
438788,65+,female,majority,20-29y,high school,middle class,0.5228001606856795,1.0,after 2015,0.0,1.0,10238,13000.0,sedan,2,0,1,0.0,real_source
868143,16-25,male,majority,0-9y,high school,middle class,0.5687974266135234,0.0,before 2015,1.0,0.0,32765,12000.0,sedan,0,0,0,1.0,real_source
106270,26-39,female,majority,0-9y,university,upper class,,1.0,before 2015,1.0,0.0,32765,10000.0,sports car,0,0,0,0.0,real_source
18293,16-25,male,majority,0-9y,high school,poverty,0.2756617672600435,0.0,before 2015,0.0,0.0,32765,,sedan,0,0,0,1.0,real_source
209518,40-64,female,majority,0-9y,high school,upper class,0.4680045782114708,1.0,before 2015,1.0,1.0,32765,7000.0,sedan,0,0,0,1.0,real_source
842504,65+,female,majority,10-19y,university,upper class,0.6455861279190653,1.0,after 2015,1.0,1.0,10238,11000.0,sedan,2,0,1,0.0,real_source
785920,40-64,female,majority,0-9y,high school,working class,0.3260329842745465,0.0,after 2015,0.0,0.0,32765,11000.0,sedan,0,0,0,0.0,real_source
550531,65+,female,majority,30y+,high school,upper class,0.5066846105467238,1.0,before 2015,1.0,1.0,10238,9000.0,sedan,0,0,5,0.0,real_source
756417,40-64,female,majority,20-29y,university,upper class,0.5638124626423421,1.0,before 2015,1.0,1.0,92101,13000.0,sedan,0,0,1,0.0,real_source
967747,26-39,female,majority,0-9y,high school,working class,0.3987313542454155,0.0,before 2015,0.0,1.0,10238,12000.0,sedan,0,0,0,0.0,real_source
963857,26-39,female,majority,10-19y,high school,poverty,,0.0,before 2015,0.0,1.0,10238,12000.0,sedan,0,0,1,1.0,real_source
215537,16-25,female,majority,0-9y,high school,working class,0.5092381076694258,0.0,after 2015,1.0,0.0,10238,,sedan,0,0,0,0.0,real_source
203357,40-64,male,majority,20-29y,university,middle class,0.330887247220658,1.0,before 2015,1.0,0.0,32765,11000.0,sedan,12,0,2,0.0,real_source
315405,65+,female,majority,30y+,university,upper class,,1.0,before 2015,1.0,1.0,10238,10000.0,sedan,4,1,6,0.0,real_source
390289,26-39,male,majority,10-19y,none,poverty,0.2918290329909437,0.0,before 2015,1.0,1.0,32765,10000.0,sedan,1,0,1,1.0,real_source
178836,40-64,female,majority,10-19y,high school,middle class,0.5779891114550827,1.0,before 2015,0.0,1.0,10238,13000.0,sedan,0,0,0,0.0,real_source
469772,16-25,male,majority,0-9y,university,working class,0.5251503019981206,0.0,before 2015,0.0,1.0,32765,8000.0,sedan,0,0,0,1.0,real_source
73606,40-64,male,majority,20-29y,high school,middle class,0.7087716412836736,1.0,after 2015,1.0,1.0,10238,13000.0,sedan,1,0,4,0.0,real_source
672971,65+,male,majority,30y+,high school,middle class,0.5998608909858046,1.0,after 2015,1.0,1.0,10238,8000.0,sedan,4,1,5,0.0,real_source
183837,65+,female,majority,20-29y,university,upper class,0.5172578396228402,1.0,before 2015,1.0,1.0,10238,13000.0,sedan,1,0,0,0.0,real_source
364406,40-64,male,majority,20-29y,university,upper class,,0.0,after 2015,0.0,1.0,10238,12000.0,sedan,2,0,6,0.0,real_source
292035,26-39,female,majority,0-9y,university,working class,0.3878674674190613,1.0,before 2015,1.0,1.0,32765,9000.0,sedan,0,0,0,0.0,real_source
86029,26-39,female,majority,10-19y,university,upper class,0.7017635342356813,1.0,before 2015,1.0,1.0,10238,8000.0,sedan,0,0,0,0.0,real_source
696589,26-39,male,majority,10-19y,university,upper class,0.4996337688660024,1.0,after 2015,1.0,1.0,10238,,sedan,1,1,3,0.0,real_source
941602,16-25,male,minority,0-9y,high school,working class,0.3800621432836776,1.0,before 2015,0.0,0.0,10238,16000.0,sedan,0,0,0,0.0,real_source
43075,40-64,male,majority,20-29y,university,middle class,0.6012904659428779,1.0,before 2015,1.0,1.0,10238,9000.0,sedan,2,0,3,0.0,real_source
692983,26-39,female,majority,0-9y,high school,working class,0.4786910984227911,1.0,before 2015,1.0,0.0,10238,16000.0,sedan,0,0,0,1.0,real_source
710197,40-64,male,majority,20-29y,high school,middle class,0.4042843675661335,1.0,before 2015,1.0,1.0,92101,13000.0,sedan,0,1,2,0.0,real_source
706607,26-39,male,majority,10-19y,none,working class,0.3780463794716419,0.0,after 2015,0.0,0.0,10238,13000.0,sedan,2,1,3,0.0,real_source
839869,40-64,female,majority,20-29y,high school,upper class,0.6638339947593962,0.0,before 2015,0.0,0.0,10238,19000.0,sedan,1,0,2,0.0,real_source
568720,40-64,female,majority,0-9y,university,middle class,,1.0,before 2015,1.0,1.0,10238,11000.0,sedan,0,0,0,0.0,real_source
800779,26-39,female,majority,10-19y,university,working class,0.2772801448497201,1.0,before 2015,0.0,0.0,10238,16000.0,sedan,0,1,0,0.0,real_source
424112,65+,female,majority,30y+,university,upper class,0.6819567520526453,1.0,after 2015,0.0,1.0,10238,11000.0,sedan,6,0,1,0.0,real_source
245774,40-64,male,majority,20-29y,university,middle class,0.4731435806442583,1.0,before 2015,0.0,1.0,10238,10000.0,sedan,3,0,6,0.0,real_source
907904,16-25,female,majority,0-9y,none,poverty,0.4842043342946769,0.0,before 2015,0.0,1.0,10238,12000.0,sedan,0,0,0,0.0,real_source
912419,40-64,female,majority,10-19y,none,middle class,0.5898164523944229,1.0,before 2015,1.0,1.0,10238,12000.0,sedan,1,0,0,0.0,real_source
389090,26-39,female,majority,10-19y,none,working class,0.5730281678609511,1.0,before 2015,1.0,0.0,92101,,sedan,0,0,0,0.0,real_source
44221,26-39,male,majority,10-19y,university,middle class,0.4180787844444573,1.0,after 2015,0.0,1.0,10238,12000.0,sedan,2,0,0,0.0,real_source
582054,40-64,female,majority,20-29y,high school,middle class,0.6338844050411873,1.0,after 2015,0.0,1.0,10238,11000.0,sedan,1,1,0,0.0,real_source
564116,40-64,male,majority,20-29y,university,upper class,0.526146302587633,1.0,before 2015,1.0,1.0,10238,6000.0,sedan,9,1,6,0.0,real_source
627921,16-25,male,minority,0-9y,university,working class,0.412721534132624,1.0,before 2015,1.0,0.0,32765,12000.0,sedan,0,0,0,1.0,real_source
256276,40-64,female,majority,0-9y,none,middle class,0.4901743887596553,0.0,before 2015,0.0,0.0,32765,11000.0,sedan,0,0,0,1.0,real_source
230441,26-39,female,majority,0-9y,high school,poverty,0.3642432277883203,1.0,after 2015,0.0,1.0,10238,14000.0,sedan,0,0,0,0.0,real_source
460018,16-25,male,majority,0-9y,none,poverty,0.327273334521353,1.0,after 2015,0.0,0.0,10238,16000.0,sedan,0,0,0,0.0,real_source
143159,26-39,female,majority,10-19y,high school,working class,,0.0,after 2015,0.0,1.0,10238,,sedan,1,0,0,0.0,real_source
989398,40-64,male,majority,20-29y,high school,middle class,0.6054595518727779,1.0,before 2015,1.0,1.0,10238,,sedan,2,0,3,0.0,real_source
774925,26-39,female,majority,10-19y,high school,working class,0.3148797289571015,1.0,before 2015,0.0,1.0,10238,11000.0,sedan,0,0,1,0.0,real_source
259369,16-25,female,majority,0-9y,high school,poverty,0.5103579543132797,0.0,before 2015,1.0,0.0,10238,14000.0,sedan,0,0,0,1.0,real_source
859256,65+,female,majority,30y+,university,middle class,0.6415992914644384,1.0,before 2015,1.0,1.0,10238,13000.0,sedan,0,0,0,0.0,real_source
205125,40-64,male,majority,10-19y,university,middle class,,1.0,before 2015,0.0,1.0,32765,10000.0,sedan,2,0,0,0.0,real_source
396832,16-25,male,majority,0-9y,university,working class,0.4728359811445909,1.0,before 2015,0.0,0.0,10238,13000.0,sedan,0,0,0,0.0,real_source
988193,16-25,male,majority,0-9y,university,middle class,0.5975814142184755,0.0,after 2015,0.0,1.0,10238,11000.0,sedan,0,0,0,1.0,real_source
144603,40-64,male,majority,20-29y,university,upper class,0.3451830367277076,1.0,after 2015,0.0,1.0,10238,15000.0,sedan,0,0,0,0.0,real_source
97442,26-39,male,majority,0-9y,university,middle class,,0.0,after 2015,0.0,0.0,10238,15000.0,sedan,0,0,0,1.0,real_source
863765,65+,female,majority,10-19y,university,upper class,0.5812195904222602,0.0,before 2015,1.0,1.0,32765,9000.0,sedan,4,1,0,1.0,real_source
766660,26-39,female,majority,10-19y,high school,poverty,0.332932445645567,0.0,before 2015,0.0,1.0,10238,12000.0,sedan,0,0,1,0.0,real_source
70559,26-39,male,majority,10-19y,none,poverty,0.3216412224769529,0.0,before 2015,0.0,1.0,10238,10000.0,sedan,1,0,2,1.0,real_source
150039,40-64,female,majority,20-29y,high school,working class,0.4807836318448826,0.0,before 2015,0.0,1.0,10238,,sedan,3,1,4,0.0,real_source
755650,65+,female,majority,30y+,high school,upper class,0.5861296763368554,1.0,after 2015,1.0,1.0,10238,10000.0,sedan,5,2,1,0.0,real_source
713565,26-39,male,minority,10-19y,university,working class,0.4563629649443308,0.0,before 2015,1.0,1.0,10238,9000.0,sedan,1,0,1,1.0,real_source
382661,65+,female,majority,30y+,university,upper class,0.6034148000738244,1.0,before 2015,1.0,1.0,10238,5000.0,sedan,4,1,1,0.0,real_source
325157,16-25,female,majority,0-9y,none,poverty,0.3510593815269549,0.0,after 2015,0.0,0.0,10238,16000.0,sedan,0,0,0,1.0,real_source
592421,16-25,female,majority,0-9y,high school,middle class,0.584410230882218,1.0,before 2015,1.0,1.0,10238,14000.0,sedan,0,0,0,1.0,real_source
79334,40-64,male,majority,10-19y,university,upper class,0.6621741504322499,1.0,after 2015,0.0,1.0,10238,13000.0,sedan,1,0,1,0.0,real_source
609931,40-64,female,majority,20-29y,none,middle class,0.4060931476593959,1.0,before 2015,1.0,0.0,32765,14000.0,sedan,2,1,0,0.0,real_source
479439,40-64,female,majority,20-29y,high school,working class,,0.0,after 2015,1.0,1.0,10238,12000.0,sedan,2,0,0,0.0,real_source
593321,26-39,male,majority,10-19y,university,upper class,,1.0,after 2015,1.0,0.0,10238,11000.0,sedan,2,0,1,0.0,real_source
220413,40-64,female,majority,20-29y,high school,upper class,0.6641141721366366,1.0,before 2015,1.0,1.0,32765,8000.0,sedan,4,0,2,0.0,real_source
470782,26-39,male,majority,10-19y,high school,middle class,0.4100668478943091,1.0,before 2015,1.0,1.0,10238,12000.0,sedan,1,0,3,0.0,real_source
347235,16-25,female,majority,0-9y,high school,poverty,0.1694065530970372,0.0,before 2015,0.0,0.0,10238,14000.0,sedan,0,0,0,1.0,real_source
46195,40-64,male,majority,20-29y,university,upper class,0.7538549039843241,1.0,after 2015,0.0,1.0,10238,12000.0,sedan,2,3,0,0.0,real_source
617236,65+,male,majority,20-29y,high school,working class,0.3140366583099796,1.0,before 2015,1.0,1.0,10238,13000.0,sports car,3,1,3,0.0,real_source
788520,26-39,female,majority,10-19y,high school,upper class,0.6800632519161529,1.0,before 2015,0.0,1.0,10238,12000.0,sedan,0,1,0,0.0,real_source
228270,65+,female,majority,30y+,high school,upper class,0.6252551047182723,0.0,after 2015,1.0,1.0,32765,5000.0,sedan,2,1,1,0.0,real_source
441183,26-39,female,majority,10-19y,high school,middle class,0.5789086394845918,1.0,before 2015,0.0,1.0,10238,9000.0,sports car,0,1,1,0.0,real_source
172025,26-39,female,minority,0-9y,none,working class,0.4905686431114045,1.0,before 2015,0.0,1.0,10238,13000.0,sedan,0,0,0,0.0,real_source
920305,40-64,female,majority,0-9y,university,upper class,0.7477807628275938,1.0,after 2015,0.0,1.0,92101,12000.0,sedan,0,0,0,0.0,real_source
479156,65+,male,majority,10-19y,university,upper class,0.6331253784372326,1.0,before 2015,1.0,1.0,32765,9000.0,sedan,4,1,3,0.0,real_source
72382,40-64,male,majority,20-29y,high school,working class,0.4275608354586653,0.0,before 2015,0.0,1.0,10238,14000.0,sedan,0,0,1,0.0,real_source
532542,16-25,male,majority,0-9y,none,poverty,0.1719461465592734,1.0,before 2015,0.0,0.0,21217,,sedan,0,0,0,1.0,real_source
420705,40-64,female,majority,20-29y,high school,working class,0.4175859096253334,0.0,before 2015,0.0,0.0,10238,17000.0,sedan,1,0,1,0.0,real_source
683632,65+,male,majority,30y+,none,middle class,0.4335788270627034,0.0,before 2015,1.0,1.0,32765,9000.0,sedan,10,1,5,0.0,real_source
934994,40-64,female,majority,20-29y,high school,upper class,,1.0,before 2015,1.0,1.0,10238,10000.0,sedan,2,1,0,0.0,real_source
345626,26-39,male,majority,10-19y,high school,poverty,0.2939442709464665,0.0,before 2015,0.0,0.0,10238,15000.0,sedan,0,0,1,1.0,real_source
199651,16-25,male,majority,0-9y,high school,working class,0.3667668775354431,1.0,before 2015,0.0,1.0,32765,,sedan,0,0,0,1.0,real_source
698069,26-39,female,majority,10-19y,university,middle class,0.7537068295963879,1.0,before 2015,0.0,0.0,92101,14000.0,sedan,0,0,1,1.0,real_source
427399,65+,female,majority,30y+,high school,upper class,0.5653739995178882,1.0,before 2015,1.0,1.0,32765,8000.0,sports car,11,1,0,0.0,real_source
208179,40-64,male,majority,20-29y,university,upper class,0.6992068026332687,1.0,before 2015,1.0,1.0,32765,9000.0,sedan,4,2,0,0.0,real_source
806915,40-64,male,majority,20-29y,university,upper class,0.5819448753476587,1.0,after 2015,0.0,0.0,10238,16000.0,sedan,0,0,1,0.0,real_source
267864,26-39,female,minority,10-19y,high school,working class,,0.0,before 2015,0.0,0.0,32765,12000.0,sedan,1,0,0,1.0,real_source
16453,65+,female,majority,0-9y,none,working class,0.5761218348559991,0.0,before 2015,1.0,0.0,92101,13000.0,sedan,0,0,0,1.0,real_source
909598,26-39,male,majority,10-19y,none,poverty,0.2000544061533787,0.0,before 2015,0.0,0.0,10238,13000.0,sedan,3,1,1,0.0,real_source
713543,16-25,male,majority,0-9y,high school,middle class,0.528252123724409,1.0,before 2015,0.0,0.0,10238,14000.0,sedan,0,0,0,1.0,real_source
726814,26-39,female,minority,10-19y,high school,poverty,,0.0,before 2015,0.0,1.0,32765,7000.0,sedan,1,0,2,0.0,real_source
791350,26-39,male,majority,10-19y,high school,middle class,,1.0,after 2015,0.0,1.0,10238,14000.0,sedan,2,0,2,0.0,real_source
203295,16-25,male,majority,0-9y,high school,middle class,0.4925676182081357,1.0,before 2015,0.0,0.0,32765,,sedan,0,0,0,1.0,real_source
810070,26-39,male,majority,10-19y,university,working class,,1.0,before 2015,0.0,1.0,92101,13000.0,sedan,0,1,3,0.0,real_source
428019,26-39,female,majority,0-9y,university,middle class,0.6749346402678857,0.0,after 2015,1.0,0.0,10238,,sedan,0,0,0,1.0,real_source
393296,26-39,male,majority,10-19y,none,poverty,0.3593490144752712,0.0,before 2015,0.0,1.0,10238,13000.0,sedan,5,1,2,1.0,real_source
663564,16-25,female,majority,0-9y,none,poverty,0.3698460345206058,0.0,before 2015,0.0,0.0,10238,14000.0,sedan,0,0,0,1.0,real_source
211111,40-64,female,minority,0-9y,university,upper class,0.6208050516360596,1.0,after 2015,1.0,1.0,10238,13000.0,sedan,0,0,0,0.0,real_source
777000,40-64,female,majority,20-29y,university,upper class,0.5823559985127149,1.0,after 2015,1.0,1.0,10238,12000.0,sedan,0,0,0,0.0,real_source
637214,26-39,male,majority,10-19y,high school,upper class,0.6944868066429871,1.0,after 2015,1.0,1.0,10238,12000.0,sedan,2,0,2,0.0,real_source
708283,26-39,female,majority,0-9y,none,poverty,0.2921921490656985,0.0,after 2015,0.0,1.0,10238,12000.0,sedan,0,0,0,0.0,real_source
691130,65+,male,majority,20-29y,university,upper class,0.6406213074929796,1.0,before 2015,1.0,1.0,10238,12000.0,sedan,4,0,3,0.0,real_source
221484,26-39,male,minority,10-19y,university,upper class,,1.0,after 2015,1.0,1.0,32765,11000.0,sedan,2,1,2,0.0,real_source
949343,26-39,female,majority,10-19y,high school,working class,0.3688705897717839,1.0,before 2015,0.0,0.0,10238,13000.0,sedan,0,0,0,0.0,real_source
477517,26-39,male,majority,10-19y,university,middle class,0.3897883988501614,1.0,after 2015,0.0,1.0,10238,15000.0,sedan,0,0,0,0.0,real_source
981659,26-39,female,minority,10-19y,high school,middle class,0.5966110352087228,1.0,after 2015,0.0,1.0,10238,,sedan,0,0,1,0.0,real_source
327169,40-64,female,minority,20-29y,high school,upper class,0.6636630728417405,1.0,after 2015,1.0,1.0,10238,8000.0,sedan,2,0,5,0.0,real_source
3038,26-39,female,majority,10-19y,high school,working class,0.3752825494625618,1.0,after 2015,0.0,0.0,21217,16000.0,sedan,0,1,0,1.0,real_source
613650,16-25,female,majority,0-9y,university,upper class,0.6531145655351576,1.0,before 2015,0.0,0.0,32765,10000.0,sedan,0,0,0,1.0,real_source
824647,26-39,female,majority,10-19y,high school,poverty,0.4233795488037928,1.0,before 2015,0.0,0.0,10238,,sedan,0,0,1,0.0,real_source
606934,65+,male,majority,30y+,university,middle class,0.4877163705214293,1.0,before 2015,1.0,1.0,10238,14000.0,sedan,1,1,2,0.0,real_source
315996,16-25,female,majority,0-9y,university,middle class,0.5426963745001643,1.0,before 2015,0.0,0.0,10238,,sedan,0,0,0,1.0,real_source
92066,40-64,female,majority,20-29y,high school,working class,0.4326072305459561,1.0,before 2015,1.0,1.0,10238,11000.0,sedan,0,0,1,0.0,real_source
469570,26-39,female,majority,10-19y,high school,upper class,0.7139746286419786,1.0,before 2015,0.0,1.0,10238,11000.0,sedan,0,0,0,0.0,real_source
193047,26-39,male,majority,10-19y,university,middle class,0.4744424816375184,1.0,before 2015,0.0,1.0,10238,16000.0,sedan,0,0,2,1.0,real_source
457497,40-64,male,majority,20-29y,university,upper class,0.609711031981781,1.0,after 2015,1.0,1.0,10238,,sedan,5,0,4,0.0,real_source
618377,40-64,female,majority,10-19y,university,middle class,0.5045828282314394,1.0,before 2015,1.0,1.0,32765,9000.0,sedan,1,0,1,0.0,real_source
528757,16-25,male,minority,0-9y,university,middle class,0.3403461714413165,1.0,after 2015,0.0,0.0,10238,12000.0,sedan,0,0,0,0.0,real_source
830400,65+,male,majority,30y+,university,upper class,,1.0,before 2015,0.0,1.0,10238,15000.0,sedan,1,0,3,0.0,real_source
894394,16-25,male,majority,0-9y,high school,middle class,0.5337722655596098,0.0,before 2015,0.0,1.0,10238,13000.0,sedan,0,0,0,1.0,real_source
437274,26-39,male,majority,0-9y,university,upper class,0.6366828182690416,0.0,after 2015,1.0,1.0,32765,10000.0,sedan,0,0,0,1.0,real_source
199021,40-64,male,majority,20-29y,university,upper class,0.4544469195392025,1.0,before 2015,0.0,1.0,10238,15000.0,sedan,2,0,1,0.0,real_source
168157,26-39,female,majority,10-19y,high school,poverty,0.5120008207104843,0.0,before 2015,1.0,0.0,32765,11000.0,sedan,3,0,0,1.0,real_source
241375,65+,female,majority,10-19y,university,upper class,0.8573570012255691,0.0,before 2015,1.0,1.0,21217,9000.0,sedan,1,1,2,1.0,real_source
95758,26-39,male,minority,10-19y,none,middle class,0.535622682575498,1.0,after 2015,1.0,1.0,10238,9000.0,sedan,2,0,1,0.0,real_source
367304,65+,male,majority,30y+,university,upper class,0.6700081778757916,1.0,before 2015,0.0,1.0,10238,11000.0,sedan,1,0,5,0.0,real_source
887498,40-64,female,majority,20-29y,university,upper class,0.7086117611504978,1.0,before 2015,0.0,1.0,10238,9000.0,sedan,1,0,0,0.0,real_source
530813,40-64,female,majority,10-19y,university,middle class,0.6417202482487389,0.0,before 2015,1.0,1.0,10238,10000.0,sedan,0,0,0,0.0,real_source
830031,40-64,female,majority,0-9y,university,middle class,0.4504891385915822,1.0,before 2015,1.0,1.0,10238,12000.0,sedan,0,0,0,0.0,real_source
204523,16-25,male,majority,0-9y,university,working class,0.4578980654711784,0.0,before 2015,0.0,1.0,10238,13000.0,sedan,0,0,0,1.0,real_source
608476,26-39,female,majority,0-9y,university,working class,0.2947766518672688,0.0,before 2015,1.0,1.0,32765,11000.0,sedan,0,0,0,1.0,real_source
45047,26-39,female,majority,10-19y,high school,working class,0.4702667725463446,1.0,before 2015,0.0,1.0,10238,8000.0,sedan,1,0,0,0.0,real_source
705399,40-64,female,majority,10-19y,university,upper class,0.5520183886629846,1.0,after 2015,0.0,0.0,10238,13000.0,sedan,0,0,0,0.0,real_source
432313,16-25,female,minority,0-9y,none,working class,0.5934441402402558,0.0,before 2015,0.0,1.0,10238,,sedan,0,0,0,1.0,real_source
70882,16-25,male,majority,0-9y,high school,poverty,,1.0,before 2015,0.0,0.0,10238,13000.0,sedan,0,0,0,1.0,real_source
680648,40-64,female,majority,0-9y,none,poverty,0.4112607340361535,0.0,before 2015,1.0,1.0,10238,11000.0,sedan,0,0,0,1.0,real_source
504743,26-39,female,majority,10-19y,high school,middle class,0.4862485671686249,1.0,before 2015,0.0,0.0,10238,9000.0,sedan,1,0,0,0.0,real_source
930070,40-64,female,majority,20-29y,university,upper class,,0.0,before 2015,1.0,1.0,10238,,sedan,1,0,2,0.0,real_source
285221,65+,male,majority,30y+,high school,middle class,0.410211832996772,1.0,before 2015,1.0,1.0,10238,,sedan,1,1,8,0.0,real_source
88005,16-25,male,majority,0-9y,university,middle class,0.54128087074694,0.0,before 2015,1.0,1.0,10238,14000.0,sports car,0,0,0,1.0,real_source
534218,40-64,male,majority,20-29y,high school,upper class,0.8259127336694695,1.0,after 2015,1.0,1.0,10238,10000.0,sedan,2,1,0,0.0,real_source
274700,26-39,female,majority,0-9y,university,upper class,,1.0,before 2015,1.0,1.0,10238,11000.0,sedan,0,0,0,0.0,real_source
529067,26-39,male,majority,10-19y,university,working class,0.4327990376137225,1.0,before 2015,0.0,1.0,10238,13000.0,sedan,0,0,0,0.0,real_source
394432,26-39,female,majority,10-19y,none,middle class,0.6531346805952563,0.0,before 2015,1.0,0.0,10238,10000.0,sedan,0,0,0,1.0,real_source
43148,40-64,female,majority,20-29y,none,working class,0.3776521180272241,1.0,before 2015,0.0,1.0,10238,11000.0,sedan,0,0,2,0.0,real_source
302852,40-64,male,majority,20-29y,high school,middle class,0.5300029601626921,0.0,before 2015,1.0,1.0,32765,8000.0,sedan,9,1,1,0.0,real_source
460696,16-25,female,majority,0-9y,university,middle class,0.6658044484751473,1.0,after 2015,0.0,0.0,32765,11000.0,sedan,0,0,0,0.0,real_source
310939,65+,female,majority,10-19y,high school,upper class,0.6764470887101591,1.0,after 2015,0.0,1.0,10238,11000.0,sedan,0,0,0,0.0,real_source
348388,26-39,male,majority,10-19y,university,middle class,0.5418672821303814,0.0,before 2015,1.0,0.0,32765,6000.0,sedan,3,2,1,0.0,real_source
120854,26-39,female,majority,10-19y,high school,middle class,0.4543913057133936,1.0,before 2015,1.0,1.0,32765,,sedan,1,2,1,0.0,real_source
256261,26-39,female,majority,10-19y,university,upper class,0.6175130394101569,1.0,after 2015,0.0,0.0,92101,14000.0,sedan,0,0,0,1.0,real_source
444425,26-39,female,majority,0-9y,high school,upper class,0.6238790577275641,1.0,after 2015,1.0,1.0,10238,16000.0,sedan,0,0,0,0.0,real_source
410504,40-64,female,minority,10-19y,high school,middle class,0.5926096840740965,0.0,before 2015,1.0,1.0,10238,13000.0,sedan,0,0,0,0.0,real_source
81569,65+,female,majority,30y+,high school,upper class,0.6288764873080216,1.0,before 2015,1.0,1.0,32765,7000.0,sedan,2,1,3,0.0,real_source
672216,26-39,female,majority,10-19y,high school,poverty,0.4964996457402483,1.0,before 2015,0.0,1.0,32765,11000.0,sedan,1,0,1,1.0,real_source
928771,65+,female,majority,30y+,high school,upper class,0.6542716199084817,1.0,after 2015,1.0,1.0,10238,9000.0,sedan,2,0,1,0.0,real_source
5473,40-64,male,majority,20-29y,university,upper class,0.6711526308625162,1.0,before 2015,1.0,1.0,10238,13000.0,sedan,2,1,2,0.0,real_source
810285,26-39,male,majority,10-19y,university,working class,,1.0,before 2015,0.0,1.0,10238,,sedan,0,1,1,0.0,real_source
66960,26-39,female,majority,10-19y,none,middle class,0.5836264756827344,1.0,before 2015,0.0,1.0,10238,11000.0,sedan,0,0,1,0.0,real_source
946706,16-25,male,majority,0-9y,high school,poverty,0.2887835942837985,0.0,before 2015,0.0,0.0,10238,15000.0,sedan,0,0,0,1.0,real_source
458558,40-64,male,majority,20-29y,university,upper class,0.6018770408109756,1.0,before 2015,1.0,1.0,10238,,sedan,4,0,0,0.0,real_source
384021,16-25,female,majority,0-9y,high school,working class,0.3928280180316749,1.0,before 2015,0.0,0.0,92101,16000.0,sedan,0,0,0,1.0,real_source
85773,65+,male,majority,30y+,high school,upper class,0.6773942647724964,1.0,before 2015,0.0,1.0,32765,14000.0,sedan,3,1,4,1.0,real_source
789542,26-39,male,majority,10-19y,university,middle class,0.3730878422592478,0.0,before 2015,1.0,1.0,10238,11000.0,sedan,0,1,2,1.0,real_source
482232,16-25,male,majority,0-9y,none,working class,0.3976377563353084,0.0,before 2015,1.0,1.0,10238,10000.0,sedan,0,0,0,1.0,real_source
731314,65+,female,majority,20-29y,university,upper class,0.6119055041598039,1.0,before 2015,1.0,1.0,10238,13000.0,sedan,1,0,3,0.0,real_source
317920,65+,female,minority,30y+,high school,upper class,0.6977579641522408,1.0,after 2015,1.0,1.0,10238,13000.0,sedan,2,1,1,0.0,real_source
837820,40-64,female,minority,20-29y,university,upper class,0.5599157372912646,1.0,after 2015,1.0,0.0,32765,17000.0,sedan,1,1,0,0.0,real_source
487378,40-64,female,majority,20-29y,high school,working class,0.5468430438250886,0.0,before 2015,0.0,1.0,10238,9000.0,sedan,3,0,2,0.0,real_source
87522,40-64,female,majority,10-19y,none,working class,0.4994842253450598,0.0,before 2015,0.0,1.0,10238,13000.0,sedan,0,0,0,0.0,real_source
719772,40-64,female,minority,20-29y,high school,upper class,0.6128967758260766,1.0,after 2015,1.0,1.0,10238,13000.0,sedan,0,0,0,0.0,real_source
85714,40-64,female,majority,20-29y,high school,middle class,0.4889530344800872,1.0,before 2015,0.0,0.0,92101,18000.0,sedan,0,0,1,0.0,real_source
189455,40-64,female,majority,20-29y,university,upper class,0.5962166787982206,1.0,after 2015,1.0,1.0,10238,9000.0,sedan,0,0,0,0.0,real_source
379039,26-39,female,majority,10-19y,none,poverty,0.3288220420707868,1.0,before 2015,1.0,1.0,10238,14000.0,sedan,1,0,1,0.0,real_source
529498,16-25,male,majority,0-9y,none,poverty,,0.0,before 2015,0.0,0.0,10238,13000.0,sedan,0,0,0,1.0,real_source
99292,40-64,female,minority,20-29y,high school,middle class,,1.0,after 2015,1.0,1.0,10238,10000.0,sedan,3,0,0,0.0,real_source
205417,40-64,male,majority,20-29y,university,upper class,0.7326876616299971,1.0,after 2015,1.0,1.0,32765,11000.0,sedan,8,1,2,0.0,real_source
881876,26-39,male,majority,10-19y,high school,working class,,1.0,before 2015,0.0,0.0,92101,14000.0,sedan,1,0,0,0.0,real_source
227900,16-25,female,minority,0-9y,high school,poverty,0.239237292465458,0.0,after 2015,0.0,0.0,10238,15000.0,sedan,0,0,0,0.0,real_source
647491,40-64,female,majority,20-29y,high school,upper class,0.545037688684192,1.0,before 2015,1.0,0.0,32765,12000.0,sedan,1,2,1,0.0,real_source
636886,16-25,male,majority,0-9y,high school,middle class,0.4243746466627321,1.0,before 2015,1.0,0.0,10238,15000.0,sports car,0,0,0,1.0,real_source
801201,16-25,male,majority,0-9y,high school,poverty,0.2795792338887905,1.0,before 2015,0.0,1.0,32765,7000.0,sedan,0,0,0,1.0,real_source
930000,26-39,female,minority,0-9y,none,working class,0.5900170607758642,0.0,before 2015,1.0,0.0,32765,,sedan,0,0,0,0.0,real_source
795747,40-64,male,majority,20-29y,high school,working class,0.5595152009839386,1.0,before 2015,1.0,1.0,32765,10000.0,sedan,6,3,1,0.0,real_source
774917,65+,female,majority,20-29y,university,upper class,0.6645208041519342,1.0,before 2015,1.0,1.0,21217,10000.0,sedan,2,0,0,1.0,real_source
229265,40-64,male,majority,20-29y,high school,upper class,0.4144222255873609,1.0,after 2015,1.0,1.0,10238,14000.0,sedan,1,0,4,0.0,real_source
516195,26-39,female,majority,10-19y,high school,poverty,0.3383206685980323,1.0,before 2015,0.0,1.0,10238,15000.0,sedan,1,0,0,0.0,real_source
356154,26-39,female,majority,10-19y,high school,middle class,0.6050756232722501,1.0,before 2015,1.0,0.0,10238,,sedan,3,0,2,0.0,real_source
570724,26-39,female,majority,10-19y,university,upper class,0.8110580664014475,1.0,after 2015,1.0,1.0,32765,9000.0,sedan,4,0,0,0.0,real_source
486983,26-39,female,majority,10-19y,none,working class,0.6165478094400887,0.0,after 2015,0.0,0.0,10238,16000.0,sedan,2,1,0,0.0,real_source
548605,16-25,male,majority,0-9y,university,poverty,0.3600840439351249,1.0,before 2015,0.0,1.0,32765,,sedan,0,0,0,1.0,real_source
841372,65+,female,majority,30y+,high school,upper class,0.5996956646686804,0.0,before 2015,0.0,1.0,10238,13000.0,sedan,2,0,2,0.0,real_source
958076,16-25,male,majority,0-9y,university,upper class,0.6932730562505753,1.0,before 2015,1.0,0.0,92101,15000.0,sedan,0,0,0,0.0,real_source
43625,26-39,male,majority,10-19y,university,upper class,0.3308566737384718,1.0,after 2015,0.0,1.0,10238,,sedan,3,1,2,0.0,real_source
642092,65+,female,majority,30y+,high school,middle class,0.5657720983137879,1.0,before 2015,1.0,1.0,32765,10000.0,sedan,3,0,2,0.0,real_source
829408,26-39,female,minority,0-9y,university,upper class,0.6573121349168785,0.0,after 2015,0.0,0.0,10238,13000.0,sedan,0,0,0,0.0,real_source
429601,26-39,female,majority,0-9y,university,working class,0.5238648570285495,1.0,after 2015,1.0,1.0,10238,9000.0,sedan,0,0,0,0.0,real_source
78985,40-64,female,majority,20-29y,high school,upper class,0.7340414416940386,1.0,before 2015,1.0,1.0,10238,,sedan,2,0,1,0.0,real_source
626051,16-25,male,minority,0-9y,high school,poverty,0.4861063085385872,1.0,before 2015,0.0,1.0,32765,5000.0,sedan,0,0,0,0.0,real_source
733509,40-64,female,majority,20-29y,high school,poverty,0.4743964121917534,0.0,before 2015,1.0,0.0,10238,13000.0,sedan,5,2,6,0.0,real_source
579072,40-64,female,majority,10-19y,high school,middle class,0.4315068771925517,1.0,before 2015,1.0,1.0,92101,15000.0,sedan,0,0,0,1.0,real_source
583619,40-64,female,majority,0-9y,university,middle class,0.6069088408199534,1.0,before 2015,1.0,1.0,10238,10000.0,sedan,0,0,0,0.0,real_source
291441,16-25,female,majority,0-9y,high school,working class,0.5468524546537378,0.0,after 2015,0.0,0.0,10238,15000.0,sedan,0,0,0,1.0,real_source
959649,26-39,female,minority,0-9y,high school,upper class,0.6331577699602148,1.0,before 2015,1.0,1.0,32765,3000.0,sedan,0,0,0,1.0,real_source
569220,26-39,male,majority,10-19y,none,working class,0.4863769900569829,0.0,after 2015,0.0,1.0,10238,,sedan,0,0,2,0.0,real_source
551688,40-64,female,majority,10-19y,university,upper class,0.7699371488819384,0.0,after 2015,0.0,1.0,32765,7000.0,sedan,2,0,1,1.0,real_source
873361,65+,male,majority,30y+,high school,upper class,0.5127228689047442,1.0,after 2015,0.0,0.0,10238,14000.0,sedan,1,2,3,0.0,real_source
336163,40-64,female,majority,0-9y,university,upper class,0.8650769553530809,1.0,after 2015,1.0,1.0,10238,8000.0,sedan,0,0,0,0.0,real_source
875904,16-25,female,majority,0-9y,university,upper class,0.6124684841669664,1.0,after 2015,1.0,1.0,32765,4000.0,sedan,0,0,0,0.0,real_source
234352,40-64,male,majority,20-29y,university,upper class,,1.0,before 2015,0.0,1.0,10238,12000.0,sedan,1,3,2,0.0,real_source
44855,16-25,female,majority,0-9y,none,poverty,0.5092867506873217,0.0,before 2015,0.0,1.0,10238,13000.0,sedan,0,0,0,1.0,real_source
859676,26-39,male,majority,10-19y,high school,middle class,0.6191939666417331,1.0,before 2015,0.0,0.0,10238,,sedan,1,0,0,0.0,real_source
247107,26-39,male,majority,10-19y,high school,poverty,0.2256597356116017,0.0,before 2015,0.0,0.0,10238,15000.0,sedan,0,0,4,1.0,real_source
849205,40-64,male,majority,20-29y,high school,middle class,0.4374925466030241,0.0,after 2015,0.0,1.0,10238,11000.0,sedan,6,0,0,0.0,real_source
70922,16-25,female,majority,0-9y,high school,poverty,,1.0,before 2015,0.0,1.0,32765,,sedan,0,0,0,1.0,real_source
963823,65+,female,majority,30y+,university,upper class,,1.0,before 2015,1.0,1.0,32765,3000.0,sedan,10,0,3,0.0,real_source
345209,40-64,female,majority,20-29y,high school,upper class,0.6303391775678869,1.0,after 2015,1.0,1.0,32765,5000.0,sedan,0,1,1,0.0,real_source
766071,26-39,female,majority,10-19y,university,working class,0.3452102040241184,1.0,before 2015,0.0,0.0,10238,19000.0,sedan,0,1,0,0.0,real_source
303044,16-25,female,majority,0-9y,high school,middle class,0.5559327515948029,1.0,before 2015,1.0,1.0,32765,12000.0,sedan,0,0,0,1.0,real_source
741452,16-25,female,minority,0-9y,high school,poverty,0.4575970504976258,1.0,before 2015,0.0,0.0,10238,15000.0,sedan,0,0,0,0.0,real_source
796372,16-25,male,majority,0-9y,university,working class,0.6513183939456508,0.0,before 2015,0.0,0.0,10238,13000.0,sedan,0,0,0,1.0,real_source
749220,26-39,female,majority,10-19y,university,upper class,0.5909761364191773,1.0,after 2015,0.0,0.0,10238,14000.0,sedan,0,0,0,0.0,real_source
386712,26-39,female,majority,10-19y,high school,middle class,0.4342809975252036,1.0,before 2015,1.0,1.0,10238,11000.0,sedan,1,1,0,0.0,real_source
779758,26-39,female,majority,0-9y,high school,middle class,,1.0,before 2015,1.0,1.0,10238,,sedan,0,0,0,0.0,real_source
651342,40-64,male,majority,20-29y,high school,working class,0.51038152684021,1.0,before 2015,0.0,0.0,10238,15000.0,sedan,2,0,5,0.0,real_source
697130,65+,male,majority,30y+,high school,upper class,0.3974021678163336,1.0,after 2015,1.0,1.0,10238,11000.0,sedan,7,0,4,0.0,real_source
908167,40-64,male,majority,10-19y,university,upper class,,1.0,before 2015,1.0,1.0,92101,12000.0,sedan,2,0,0,1.0,real_source
424515,65+,male,majority,30y+,university,upper class,0.7810158108961347,1.0,before 2015,1.0,1.0,10238,10000.0,sedan,2,0,1,0.0,real_source
479772,40-64,male,minority,20-29y,high school,middle class,0.3171815759117624,1.0,before 2015,0.0,1.0,10238,15000.0,sedan,0,0,2,0.0,real_source
854273,40-64,female,majority,0-9y,university,upper class,,1.0,after 2015,1.0,1.0,32765,8000.0,sedan,0,0,0,0.0,real_source
167119,65+,male,majority,30y+,university,upper class,0.7347563670775583,1.0,before 2015,1.0,1.0,10238,6000.0,sedan,7,0,9,0.0,real_source
819534,65+,female,majority,20-29y,university,upper class,0.5083976199576173,1.0,before 2015,1.0,1.0,92101,10000.0,sedan,2,1,1,0.0,real_source
62038,65+,male,majority,30y+,university,upper class,0.7286601324813126,1.0,after 2015,1.0,1.0,10238,9000.0,sedan,4,3,4,0.0,real_source
469767,16-25,female,majority,0-9y,none,poverty,0.4712409125588638,1.0,before 2015,0.0,0.0,32765,12000.0,sedan,0,0,0,1.0,real_source
50824,26-39,male,majority,10-19y,none,poverty,0.3555009229375722,0.0,before 2015,0.0,1.0,32765,12000.0,sports car,0,1,3,0.0,real_source
683927,40-64,female,majority,20-29y,university,middle class,0.5849341635897704,0.0,before 2015,1.0,1.0,32765,7000.0,sedan,1,1,0,0.0,real_source
180207,65+,male,majority,30y+,high school,upper class,0.5118001651135141,1.0,after 2015,1.0,1.0,10238,,sedan,3,0,6,0.0,real_source
664333,26-39,male,majority,10-19y,high school,poverty,0.3955453580326143,1.0,before 2015,0.0,1.0,10238,12000.0,sedan,3,0,1,0.0,real_source
106619,26-39,female,majority,10-19y,high school,upper class,0.8526945253806033,1.0,before 2015,0.0,1.0,10238,13000.0,sedan,1,0,0,0.0,real_source
255504,26-39,female,majority,10-19y,high school,working class,,0.0,before 2015,1.0,1.0,10238,10000.0,sedan,1,0,1,1.0,real_source
733619,26-39,male,majority,10-19y,university,upper class,0.5708669818485634,1.0,after 2015,0.0,0.0,10238,14000.0,sedan,0,1,0,0.0,real_source
979002,40-64,male,majority,10-19y,university,upper class,,1.0,before 2015,1.0,1.0,32765,7000.0,sedan,2,0,0,0.0,real_source
255616,26-39,female,majority,10-19y,high school,middle class,0.6058083800020564,1.0,before 2015,0.0,1.0,32765,12000.0,sedan,2,0,0,1.0,real_source
827045,26-39,male,majority,0-9y,university,middle class,0.6037070998428994,0.0,before 2015,0.0,0.0,10238,17000.0,sedan,0,0,0,1.0,real_source
749612,65+,male,majority,10-19y,university,upper class,0.584608456109682,0.0,before 2015,1.0,1.0,10238,13000.0,sedan,0,1,2,0.0,real_source
239854,16-25,male,majority,0-9y,high school,poverty,,1.0,before 2015,0.0,0.0,32765,14000.0,sports car,0,0,0,0.0,real_source
221234,26-39,male,majority,10-19y,none,working class,0.3195459210267399,0.0,before 2015,0.0,1.0,10238,11000.0,sedan,0,1,3,1.0,real_source
100720,26-39,male,majority,10-19y,university,middle class,0.4856002685685674,1.0,before 2015,0.0,0.0,32765,12000.0,sedan,3,0,0,1.0,real_source
702004,40-64,female,majority,0-9y,university,upper class,0.547731741672538,1.0,before 2015,0.0,1.0,32765,,sports car,0,0,0,1.0,real_source
503181,16-25,female,majority,0-9y,none,poverty,0.3482717006159108,0.0,before 2015,1.0,1.0,10238,8000.0,sedan,0,0,0,0.0,real_source
436399,16-25,female,minority,0-9y,high school,poverty,0.2359715462607108,1.0,before 2015,0.0,0.0,10238,18000.0,sedan,0,0,0,0.0,real_source
399483,65+,male,majority,30y+,university,upper class,0.573339898568441,1.0,before 2015,0.0,1.0,10238,10000.0,sedan,5,0,7,0.0,real_source
766429,40-64,female,majority,20-29y,high school,middle class,0.6110940512740566,1.0,before 2015,0.0,1.0,10238,10000.0,sedan,3,0,2,0.0,real_source
560473,26-39,male,majority,10-19y,university,middle class,0.6712216702067488,1.0,before 2015,0.0,0.0,10238,17000.0,sedan,2,0,0,1.0,real_source
295456,16-25,female,majority,0-9y,high school,working class,0.3753627061617993,0.0,after 2015,0.0,1.0,10238,14000.0,sedan,0,0,0,0.0,real_source
963365,65+,male,majority,30y+,high school,middle class,0.5617405020058411,1.0,after 2015,1.0,0.0,32765,14000.0,sedan,6,0,2,0.0,real_source
561813,16-25,female,minority,0-9y,high school,working class,0.548657389784573,1.0,before 2015,0.0,0.0,32765,16000.0,sedan,0,0,0,1.0,real_source
249074,16-25,male,majority,0-9y,high school,poverty,0.2928223358851285,0.0,before 2015,0.0,1.0,32765,10000.0,sedan,0,0,0,1.0,real_source
200116,26-39,male,majority,10-19y,high school,working class,,1.0,before 2015,0.0,1.0,10238,13000.0,sports car,2,0,2,0.0,real_source
28541,26-39,male,majority,10-19y,none,working class,0.4952767419940733,1.0,before 2015,0.0,0.0,10238,12000.0,sedan,1,0,3,1.0,real_source
509716,16-25,male,majority,0-9y,university,poverty,0.4009780682608883,1.0,after 2015,0.0,1.0,10238,15000.0,sedan,0,0,0,0.0,real_source
622657,40-64,female,majority,20-29y,high school,upper class,,0.0,before 2015,1.0,1.0,32765,8000.0,sedan,2,1,1,0.0,real_source
548627,65+,male,majority,30y+,university,upper class,0.5777705296614133,1.0,after 2015,1.0,1.0,10238,12000.0,sedan,5,2,5,0.0,real_source
824203,40-64,male,majority,10-19y,high school,middle class,0.5084156821111837,1.0,before 2015,1.0,0.0,32765,,sedan,3,0,0,0.0,real_source
562564,26-39,female,majority,10-19y,university,upper class,0.8327923827915409,1.0,before 2015,1.0,1.0,10238,14000.0,sedan,2,0,2,0.0,real_source
220010,40-64,male,majority,10-19y,high school,middle class,0.4359576015508167,1.0,after 2015,1.0,1.0,10238,9000.0,sedan,4,1,2,0.0,real_source
218598,40-64,male,majority,20-29y,university,middle class,0.4501764104829549,0.0,after 2015,1.0,0.0,10238,12000.0,sedan,5,1,0,0.0,real_source
806500,16-25,female,majority,0-9y,high school,poverty,0.4072467866003519,0.0,before 2015,0.0,1.0,10238,,sedan,0,0,0,1.0,real_source
174681,26-39,male,majority,10-19y,university,middle class,0.5571804876973983,0.0,before 2015,0.0,0.0,32765,15000.0,sedan,1,0,3,0.0,real_source
626675,65+,male,majority,30y+,high school,upper class,0.7494278169433513,1.0,after 2015,1.0,1.0,10238,9000.0,sedan,7,1,6,0.0,real_source
252367,26-39,male,majority,0-9y,none,working class,0.3595385199642436,1.0,before 2015,1.0,1.0,32765,9000.0,sedan,0,0,0,0.0,real_source
243634,16-25,male,majority,0-9y,university,middle class,0.4990858950667509,1.0,before 2015,0.0,0.0,10238,,sedan,0,0,0,1.0,real_source
468259,16-25,male,majority,0-9y,high school,middle class,,1.0,before 2015,0.0,0.0,10238,13000.0,sedan,0,0,0,0.0,real_source
477198,16-25,male,majority,0-9y,none,poverty,0.265255675128123,0.0,before 2015,0.0,0.0,92101,14000.0,sedan,0,0,0,1.0,real_source
38261,65+,male,majority,20-29y,high school,middle class,0.4308247424408329,1.0,after 2015,1.0,1.0,32765,5000.0,sedan,9,2,0,0.0,real_source
196960,26-39,female,majority,0-9y,none,working class,0.3805381145497736,0.0,before 2015,1.0,1.0,10238,10000.0,sedan,0,0,0,1.0,real_source
472205,40-64,female,majority,20-29y,university,upper class,,1.0,before 2015,1.0,1.0,32765,11000.0,sedan,3,1,0,0.0,real_source
968469,65+,male,majority,20-29y,high school,upper class,0.5614435674391676,1.0,after 2015,1.0,1.0,32765,8000.0,sedan,8,0,2,0.0,real_source
288419,65+,female,majority,30y+,university,upper class,0.5336770829727767,1.0,after 2015,1.0,1.0,10238,7000.0,sedan,2,0,6,0.0,real_source
7893,40-64,female,majority,10-19y,none,working class,0.1853336147606677,1.0,after 2015,0.0,1.0,32765,14000.0,sedan,0,0,0,0.0,real_source
904196,40-64,male,minority,10-19y,university,upper class,0.6062649561711828,1.0,after 2015,1.0,1.0,92101,,sedan,0,0,0,0.0,real_source
546446,65+,female,majority,0-9y,university,upper class,,1.0,after 2015,1.0,1.0,10238,14000.0,sedan,0,0,0,0.0,real_source
998986,16-25,male,majority,0-9y,university,working class,0.4085902360965293,1.0,before 2015,0.0,0.0,10238,15000.0,sedan,0,0,0,1.0,real_source
832177,65+,female,majority,0-9y,high school,upper class,0.6095431989409578,1.0,before 2015,1.0,1.0,10238,10000.0,sedan,0,0,0,1.0,real_source
156807,65+,male,majority,20-29y,university,upper class,0.6465297264942811,1.0,before 2015,1.0,1.0,10238,6000.0,sedan,3,1,5,0.0,real_source
734041,40-64,male,majority,10-19y,university,upper class,0.7281988113253196,0.0,before 2015,1.0,1.0,10238,7000.0,sedan,1,0,2,0.0,real_source
524160,40-64,female,minority,20-29y,none,middle class,0.4266129328847592,0.0,before 2015,1.0,1.0,32765,9000.0,sedan,9,0,1,0.0,real_source
883104,40-64,female,majority,20-29y,university,upper class,0.6874928008429386,1.0,after 2015,1.0,1.0,10238,8000.0,sports car,2,0,5,0.0,real_source
323571,26-39,female,majority,10-19y,none,poverty,0.5225219977867602,0.0,before 2015,0.0,0.0,10238,,sedan,1,0,0,1.0,real_source
727175,65+,female,minority,10-19y,high school,upper class,0.6353269734201827,1.0,before 2015,1.0,1.0,10238,11000.0,sedan,0,0,0,0.0,real_source
891890,16-25,female,majority,0-9y,none,poverty,0.3507586259917119,1.0,before 2015,1.0,1.0,10238,7000.0,sedan,0,0,0,0.0,real_source
195034,26-39,female,majority,10-19y,none,working class,0.4486882510438408,0.0,before 2015,0.0,1.0,92101,13000.0,sedan,0,0,1,1.0,real_source
135363,26-39,female,majority,10-19y,high school,poverty,0.3836140804227317,0.0,after 2015,0.0,0.0,10238,15000.0,sedan,1,0,0,0.0,real_source
368197,16-25,male,majority,0-9y,high school,working class,0.3613318581329491,1.0,before 2015,0.0,1.0,32765,11000.0,sedan,0,0,0,1.0,real_source
354302,26-39,female,majority,10-19y,none,working class,0.6867949983714885,1.0,before 2015,0.0,1.0,10238,13000.0,sedan,0,0,0,0.0,real_source
335156,26-39,female,majority,10-19y,high school,working class,0.3500685211361733,1.0,before 2015,0.0,0.0,10238,17000.0,sedan,1,0,0,0.0,real_source
556971,26-39,male,majority,10-19y,university,upper class,0.5620592676160164,1.0,after 2015,1.0,1.0,32765,8000.0,sedan,1,1,0,0.0,real_source
541074,26-39,male,majority,10-19y,high school,working class,0.5059182300320118,0.0,before 2015,1.0,1.0,10238,10000.0,sedan,2,1,0,0.0,real_source
927572,40-64,male,majority,20-29y,high school,upper class,0.6514777105115379,1.0,before 2015,0.0,1.0,32765,12000.0,sedan,9,2,0,0.0,real_source
600608,16-25,male,majority,0-9y,high school,middle class,0.3840554262356353,0.0,before 2015,0.0,0.0,21217,17000.0,sedan,0,0,0,1.0,real_source
773054,65+,female,majority,30y+,university,upper class,0.5152774932024549,1.0,after 2015,1.0,1.0,10238,11000.0,sedan,2,1,2,0.0,real_source
148284,40-64,male,majority,10-19y,university,upper class,0.6056771604160297,1.0,after 2015,1.0,1.0,10238,13000.0,sedan,1,0,2,1.0,real_source
752775,40-64,male,majority,0-9y,university,upper class,0.6377499969959002,1.0,before 2015,0.0,1.0,32765,,sedan,0,0,0,1.0,real_source
694920,40-64,female,majority,20-29y,university,upper class,0.481233804932597,1.0,before 2015,1.0,1.0,32765,7000.0,sedan,5,0,1,0.0,real_source
845494,26-39,female,majority,10-19y,university,middle class,0.5671296948261138,1.0,after 2015,1.0,1.0,10238,11000.0,sedan,1,1,0,0.0,real_source
922147,26-39,female,minority,10-19y,university,middle class,0.6575450568373521,1.0,before 2015,1.0,1.0,10238,13000.0,sedan,0,0,1,0.0,real_source
831133,65+,male,majority,30y+,university,upper class,0.4099015796951398,1.0,before 2015,1.0,1.0,92101,10000.0,sedan,6,0,0,0.0,real_source
42168,16-25,female,majority,0-9y,high school,working class,0.5013713614016168,1.0,before 2015,1.0,1.0,10238,11000.0,sedan,0,0,0,0.0,real_source
902925,16-25,male,majority,0-9y,none,poverty,0.196580683690525,1.0,before 2015,0.0,0.0,10238,15000.0,sedan,0,0,0,1.0,real_source
861839,26-39,male,majority,10-19y,university,upper class,0.6754406974300349,1.0,after 2015,0.0,1.0,32765,,sedan,3,0,1,1.0,real_source
249673,40-64,male,majority,0-9y,high school,upper class,0.6207307927876982,1.0,before 2015,1.0,1.0,10238,8000.0,sedan,0,0,0,1.0,real_source
668061,65+,female,majority,0-9y,university,upper class,0.7403233056364579,1.0,after 2015,1.0,1.0,32765,10000.0,sedan,0,0,0,0.0,real_source
277229,40-64,male,majority,10-19y,university,middle class,0.5804717515794329,1.0,before 2015,0.0,1.0,10238,11000.0,sedan,1,2,2,0.0,real_source
914600,40-64,female,majority,20-29y,university,upper class,0.6641891015620235,1.0,before 2015,1.0,1.0,10238,13000.0,sedan,2,0,3,0.0,real_source
383237,16-25,male,majority,0-9y,none,poverty,0.3108475813289624,1.0,before 2015,0.0,1.0,10238,,sedan,0,0,0,1.0,real_source
397421,16-25,female,majority,0-9y,high school,poverty,,0.0,before 2015,1.0,1.0,10238,11000.0,sedan,0,0,0,0.0,real_source
954268,40-64,male,minority,20-29y,university,upper class,0.5045698916727219,1.0,after 2015,1.0,1.0,32765,7000.0,sedan,4,1,0,0.0,real_source
867300,65+,male,majority,0-9y,university,upper class,0.5183450827189473,1.0,after 2015,0.0,0.0,92101,,sedan,0,0,0,0.0,real_source
250336,40-64,female,majority,20-29y,university,upper class,0.5832958365331581,1.0,before 2015,0.0,0.0,10238,14000.0,sedan,0,0,0,0.0,real_source
8316,40-64,male,minority,10-19y,high school,upper class,0.7200874460428613,1.0,before 2015,1.0,1.0,92101,12000.0,sedan,1,0,2,0.0,real_source
579169,26-39,male,majority,10-19y,none,middle class,0.4977088999668306,1.0,before 2015,1.0,1.0,32765,11000.0,sports car,2,1,0,1.0,real_source
227345,16-25,male,majority,0-9y,high school,working class,,0.0,before 2015,0.0,0.0,32765,14000.0,sedan,0,0,0,1.0,real_source
695132,16-25,female,majority,0-9y,university,working class,0.3161664618349704,1.0,before 2015,1.0,0.0,10238,13000.0,sedan,0,0,0,1.0,real_source
442801,16-25,female,majority,0-9y,high school,poverty,0.3082204398310873,0.0,before 2015,0.0,0.0,32765,13000.0,sedan,0,0,0,1.0,real_source
83419,26-39,female,majority,0-9y,high school,middle class,0.5822555143238901,1.0,after 2015,1.0,0.0,10238,13000.0,sedan,0,0,0,0.0,real_source
266664,40-64,male,majority,0-9y,none,working class,0.3230986555294417,0.0,before 2015,1.0,1.0,10238,6000.0,sedan,0,0,0,1.0,real_source
48467,40-64,male,majority,20-29y,none,middle class,0.5272677134348829,1.0,before 2015,0.0,0.0,10238,12000.0,sedan,5,0,5,0.0,real_source
59488,40-64,male,minority,20-29y,university,upper class,0.5628766176819733,1.0,before 2015,1.0,1.0,10238,10000.0,sports car,1,0,3,0.0,real_source
513565,16-25,female,majority,0-9y,high school,working class,0.6578040520558444,1.0,before 2015,0.0,0.0,32765,14000.0,sedan,0,0,0,1.0,real_source
493576,26-39,female,minority,0-9y,high school,middle class,0.4809742536849557,1.0,before 2015,0.0,0.0,10238,14000.0,sedan,0,0,0,1.0,real_source
854084,26-39,male,majority,0-9y,high school,middle class,0.4974447856527828,1.0,before 2015,0.0,0.0,10238,15000.0,sedan,0,0,0,0.0,real_source
477066,16-25,male,majority,0-9y,university,middle class,0.5421766916223107,1.0,before 2015,0.0,1.0,32765,7000.0,sedan,0,0,0,0.0,real_source
468466,16-25,male,majority,0-9y,high school,poverty,0.3547285539804473,0.0,before 2015,0.0,1.0,32765,9000.0,sedan,0,0,0,1.0,real_source
880743,26-39,female,majority,10-19y,university,working class,0.2881664672395424,1.0,before 2015,1.0,1.0,32765,9000.0,sedan,3,1,2,0.0,real_source
394404,40-64,male,majority,20-29y,university,upper class,0.5503647277916662,1.0,after 2015,1.0,1.0,10238,8000.0,sedan,5,0,3,0.0,real_source
368162,40-64,female,majority,20-29y,university,upper class,0.6216551427948755,1.0,after 2015,0.0,1.0,32765,11000.0,sedan,0,2,0,0.0,real_source
573601,40-64,female,majority,20-29y,high school,middle class,0.622640063013135,1.0,after 2015,1.0,0.0,32765,10000.0,sedan,5,0,1,0.0,real_source
391636,65+,male,majority,30y+,high school,upper class,0.5739688765741837,1.0,after 2015,1.0,1.0,10238,13000.0,sedan,3,0,8,0.0,real_source
875379,40-64,male,minority,20-29y,university,upper class,0.6069875300207482,1.0,before 2015,0.0,1.0,10238,11000.0,sedan,3,1,3,0.0,real_source
934637,40-64,male,majority,20-29y,university,upper class,0.7228069444299715,1.0,after 2015,1.0,1.0,10238,12000.0,sedan,5,0,2,0.0,real_source
893612,65+,female,majority,10-19y,high school,upper class,0.6854959050234728,1.0,after 2015,1.0,1.0,10238,13000.0,sedan,0,1,0,0.0,real_source
791622,26-39,female,majority,10-19y,university,working class,0.3990621047256103,1.0,before 2015,1.0,0.0,32765,11000.0,sedan,0,1,0,0.0,real_source
694795,65+,female,majority,10-19y,university,upper class,0.5910989151873356,0.0,after 2015,1.0,1.0,10238,10000.0,sedan,1,0,1,0.0,real_source
808517,26-39,male,majority,10-19y,high school,middle class,,1.0,before 2015,0.0,1.0,32765,10000.0,sedan,1,0,0,0.0,real_source
126044,40-64,male,majority,20-29y,none,working class,0.4919497683527119,1.0,before 2015,1.0,1.0,10238,7000.0,sedan,3,1,3,0.0,real_source
756176,40-64,male,majority,20-29y,high school,upper class,0.5430384303733916,1.0,after 2015,1.0,1.0,10238,,sports car,6,1,4,0.0,real_source
821932,65+,female,minority,30y+,university,upper class,,1.0,before 2015,1.0,1.0,32765,5000.0,sedan,4,3,1,0.0,real_source
262122,65+,female,majority,20-29y,none,upper class,0.3883294126398464,1.0,before 2015,0.0,1.0,10238,10000.0,sedan,1,0,1,0.0,real_source
775902,26-39,male,majority,10-19y,university,working class,0.4980538083280816,1.0,after 2015,1.0,1.0,10238,12000.0,sedan,1,0,0,0.0,real_source
797033,40-64,male,minority,20-29y,high school,middle class,0.6067334199289113,1.0,before 2015,1.0,1.0,10238,,sedan,3,1,2,0.0,real_source
834997,26-39,male,majority,10-19y,university,upper class,0.5043915324742732,0.0,before 2015,1.0,0.0,32765,10000.0,sedan,2,0,2,1.0,real_source
514623,26-39,male,majority,0-9y,none,working class,,0.0,before 2015,1.0,0.0,10238,10000.0,sedan,0,0,0,1.0,real_source
107940,65+,female,majority,30y+,university,upper class,0.5452234138072727,1.0,before 2015,1.0,1.0,10238,13000.0,sedan,3,0,5,0.0,real_source
858675,16-25,female,majority,0-9y,none,poverty,0.3719807005181177,0.0,before 2015,0.0,1.0,10238,10000.0,sedan,0,0,0,1.0,real_source
505481,40-64,female,majority,10-19y,none,poverty,,1.0,before 2015,1.0,1.0,92101,8000.0,sedan,1,0,0,0.0,real_source
594904,26-39,female,majority,0-9y,high school,working class,0.4726751736932563,0.0,before 2015,0.0,1.0,10238,,sedan,0,0,0,1.0,real_source
332700,40-64,female,majority,20-29y,university,upper class,0.5298649623852705,1.0,before 2015,1.0,1.0,10238,11000.0,sedan,1,0,1,0.0,real_source
976369,40-64,female,majority,20-29y,none,middle class,0.3940178472726093,1.0,before 2015,1.0,1.0,10238,11000.0,sedan,3,0,0,0.0,real_source
432058,40-64,male,majority,10-19y,university,middle class,0.6080560740690575,1.0,after 2015,0.0,1.0,32765,9000.0,sedan,0,0,3,0.0,real_source
740498,16-25,male,majority,0-9y,high school,poverty,0.2157278264088223,0.0,before 2015,0.0,0.0,32765,10000.0,sedan,0,0,0,1.0,real_source
539616,26-39,female,majority,0-9y,none,poverty,0.3176973711610151,1.0,before 2015,0.0,0.0,32765,,sedan,0,0,0,0.0,real_source
620447,26-39,female,majority,10-19y,university,upper class,0.7764554390782819,1.0,before 2015,1.0,1.0,10238,12000.0,sedan,1,1,1,0.0,real_source
772315,40-64,female,majority,20-29y,university,upper class,0.5454437446082123,1.0,before 2015,0.0,0.0,10238,11000.0,sedan,1,0,2,0.0,real_source
805314,16-25,male,majority,0-9y,none,poverty,0.3269877087775192,0.0,before 2015,0.0,1.0,10238,10000.0,sedan,0,0,0,1.0,real_source
622295,26-39,female,majority,0-9y,high school,middle class,0.4928181363365424,1.0,before 2015,1.0,1.0,10238,11000.0,sedan,0,0,0,1.0,real_source
769923,65+,female,majority,30y+,high school,upper class,0.6299848044740747,0.0,after 2015,0.0,1.0,10238,15000.0,sedan,2,0,4,0.0,real_source
602588,26-39,female,majority,10-19y,none,poverty,0.3942650149428709,0.0,before 2015,0.0,1.0,10238,11000.0,sedan,0,0,1,0.0,real_source
543924,26-39,male,majority,10-19y,university,upper class,0.7646900997648359,0.0,before 2015,1.0,1.0,10238,11000.0,sports car,1,0,2,1.0,real_source
596744,40-64,female,majority,0-9y,university,upper class,0.6966010337271471,1.0,before 2015,1.0,1.0,32765,10000.0,sedan,0,0,0,0.0,real_source
846855,40-64,female,minority,10-19y,university,upper class,0.6031632370958914,1.0,before 2015,0.0,1.0,32765,11000.0,sedan,2,0,0,0.0,real_source
5949,16-25,female,majority,0-9y,high school,middle class,0.5087644219573085,0.0,before 2015,0.0,1.0,10238,11000.0,sedan,0,0,0,1.0,real_source
764054,40-64,male,majority,20-29y,none,upper class,,1.0,before 2015,1.0,0.0,10238,12000.0,sedan,2,2,2,0.0,real_source
196456,40-64,male,majority,20-29y,none,poverty,0.4070005307400174,0.0,before 2015,0.0,1.0,32765,9000.0,sedan,8,3,4,1.0,real_source
493706,40-64,male,majority,20-29y,university,upper class,0.7641171567990139,0.0,before 2015,1.0,1.0,10238,,sedan,1,0,5,0.0,real_source
241076,26-39,female,minority,0-9y,high school,working class,0.3373787641557072,1.0,before 2015,0.0,0.0,10238,13000.0,sedan,0,0,0,1.0,real_source
70698,40-64,male,minority,20-29y,university,upper class,0.5586102096002697,1.0,after 2015,1.0,1.0,10238,11000.0,sedan,3,1,3,0.0,real_source
900823,65+,male,majority,30y+,university,upper class,0.6082079204337881,0.0,before 2015,1.0,1.0,10238,12000.0,sedan,4,1,3,0.0,real_source
906649,16-25,female,majority,0-9y,high school,poverty,0.3904928315382309,0.0,before 2015,0.0,0.0,10238,11000.0,sedan,0,0,0,1.0,real_source
271782,40-64,female,majority,20-29y,university,upper class,0.5829590446374744,1.0,after 2015,1.0,1.0,21217,10000.0,sedan,1,0,1,1.0,real_source
815139,26-39,female,majority,10-19y,university,middle class,,1.0,before 2015,0.0,0.0,10238,13000.0,sedan,2,0,0,0.0,real_source
872633,16-25,female,minority,0-9y,none,working class,,0.0,before 2015,0.0,0.0,32765,11000.0,sedan,0,0,0,1.0,real_source
865832,65+,male,majority,30y+,high school,upper class,0.5837375306849749,0.0,before 2015,1.0,1.0,10238,10000.0,sedan,3,1,5,0.0,real_source
37656,65+,male,majority,30y+,high school,middle class,0.1995862649955144,1.0,before 2015,1.0,1.0,10238,8000.0,sedan,6,1,6,0.0,real_source
769768,16-25,female,majority,0-9y,none,poverty,0.3485104683249054,1.0,before 2015,0.0,0.0,10238,13000.0,sedan,0,0,0,1.0,real_source
480887,40-64,female,majority,20-29y,none,working class,0.3763609329888923,1.0,before 2015,0.0,0.0,10238,15000.0,sedan,0,0,0,0.0,real_source
330099,26-39,female,majority,10-19y,none,poverty,0.2543928838634379,0.0,before 2015,0.0,0.0,10238,16000.0,sedan,0,0,0,0.0,real_source
613717,16-25,female,minority,0-9y,high school,poverty,0.4301725188324181,0.0,before 2015,0.0,0.0,10238,14000.0,sports car,0,0,0,1.0,real_source
911473,40-64,male,majority,20-29y,high school,upper class,0.5859101362400143,0.0,before 2015,1.0,1.0,32765,10000.0,sedan,5,0,0,0.0,real_source
215445,16-25,male,majority,0-9y,none,poverty,0.4425234857699696,1.0,before 2015,1.0,0.0,10238,,sedan,0,0,0,1.0,real_source
613670,26-39,female,majority,10-19y,university,middle class,0.5528557246369896,1.0,before 2015,0.0,1.0,92101,12000.0,sedan,1,1,0,0.0,real_source
491511,26-39,female,majority,10-19y,high school,middle class,0.4849151408745666,1.0,before 2015,0.0,0.0,32765,13000.0,sports car,1,0,0,1.0,real_source
403031,16-25,female,majority,0-9y,none,working class,,0.0,before 2015,0.0,1.0,32765,12000.0,sedan,0,0,0,1.0,real_source
210484,16-25,male,majority,0-9y,high school,poverty,0.2052827746067424,0.0,before 2015,0.0,0.0,10238,13000.0,sedan,0,0,0,1.0,real_source
602790,16-25,female,majority,0-9y,high school,poverty,0.2412935569513577,0.0,before 2015,0.0,0.0,10238,12000.0,sedan,0,0,0,0.0,real_source
411490,16-25,male,majority,0-9y,high school,poverty,0.3042562428251973,1.0,before 2015,0.0,1.0,92101,14000.0,sedan,0,0,0,1.0,real_source
657351,40-64,female,majority,20-29y,university,upper class,0.6608490340692316,1.0,after 2015,1.0,0.0,32765,10000.0,sedan,5,1,4,0.0,real_source
949479,26-39,male,majority,10-19y,university,middle class,,1.0,before 2015,1.0,1.0,10238,12000.0,sports car,1,0,1,1.0,real_source
709084,26-39,male,majority,10-19y,high school,middle class,,1.0,before 2015,1.0,0.0,10238,7000.0,sedan,2,0,1,0.0,real_source
626587,40-64,female,majority,20-29y,university,upper class,0.6831496294142616,1.0,after 2015,0.0,1.0,32765,9000.0,sedan,2,0,1,0.0,real_source
461730,16-25,female,majority,0-9y,high school,working class,0.5689042718463312,1.0,before 2015,0.0,0.0,32765,14000.0,sedan,0,0,0,1.0,real_source
589218,65+,male,majority,20-29y,high school,upper class,0.4856727576949824,1.0,before 2015,1.0,1.0,10238,14000.0,sedan,4,2,0,0.0,real_source
946498,40-64,male,minority,10-19y,high school,upper class,0.6793754625742531,0.0,before 2015,1.0,0.0,10238,10000.0,sedan,2,1,0,0.0,real_source
479118,40-64,male,majority,10-19y,university,upper class,0.5282959648021781,1.0,after 2015,0.0,1.0,10238,12000.0,sedan,1,0,4,0.0,real_source
744591,26-39,male,majority,0-9y,high school,working class,0.4694285820819799,1.0,before 2015,0.0,0.0,10238,17000.0,sedan,0,0,0,1.0,real_source
633972,16-25,male,majority,0-9y,university,working class,0.1966518580351812,1.0,before 2015,1.0,0.0,10238,15000.0,sedan,0,0,0,0.0,real_source
758891,40-64,male,majority,20-29y,university,middle class,0.4344065093807981,1.0,before 2015,0.0,1.0,21217,11000.0,sports car,1,0,0,1.0,real_source
733325,16-25,female,majority,0-9y,university,middle class,,1.0,after 2015,1.0,1.0,10238,10000.0,sedan,0,0,0,0.0,real_source
471822,65+,male,majority,20-29y,university,upper class,0.6340212804612396,1.0,before 2015,0.0,1.0,32765,9000.0,sedan,3,1,1,0.0,real_source
264164,26-39,female,majority,10-19y,none,poverty,,0.0,before 2015,0.0,0.0,10238,13000.0,sports car,1,0,0,1.0,real_source
505778,65+,male,majority,30y+,none,upper class,0.6111742157695501,0.0,before 2015,0.0,1.0,32765,12000.0,sedan,10,0,0,0.0,real_source
981161,16-25,male,majority,0-9y,high school,poverty,0.4061774183487175,1.0,before 2015,0.0,0.0,10238,16000.0,sedan,0,0,0,1.0,real_source
380644,40-64,female,minority,10-19y,high school,upper class,0.5932952607036057,1.0,before 2015,1.0,1.0,32765,8000.0,sedan,2,1,0,0.0,real_source
436817,26-39,male,majority,10-19y,university,middle class,,0.0,before 2015,1.0,1.0,10238,12000.0,sedan,3,0,2,0.0,real_source
313857,16-25,female,minority,0-9y,none,poverty,0.3597423112305584,0.0,before 2015,0.0,0.0,10238,16000.0,sedan,0,0,0,1.0,real_source
849983,65+,female,majority,0-9y,high school,upper class,0.6952752089780221,0.0,after 2015,0.0,1.0,10238,10000.0,sedan,0,0,0,0.0,real_source
33096,65+,male,majority,0-9y,university,upper class,0.5537761327931844,1.0,before 2015,1.0,1.0,10238,12000.0,sedan,0,0,0,0.0,real_source
820080,65+,male,majority,0-9y,university,upper class,0.8012142311019844,1.0,after 2015,0.0,1.0,10238,10000.0,sedan,0,0,0,0.0,real_source
959200,40-64,male,majority,20-29y,university,upper class,0.8456270968062706,0.0,before 2015,0.0,1.0,32765,,sedan,7,1,0,1.0,real_source
704651,16-25,male,majority,0-9y,university,middle class,0.613793495440892,1.0,after 2015,1.0,1.0,10238,14000.0,sedan,0,0,0,1.0,real_source
516737,40-64,male,majority,20-29y,high school,middle class,0.4748507882647603,0.0,before 2015,0.0,1.0,32765,12000.0,sports car,3,1,2,1.0,real_source
980162,65+,female,majority,30y+,high school,upper class,0.5570043831736404,1.0,after 2015,0.0,0.0,10238,15000.0,sedan,1,0,3,0.0,real_source
145781,26-39,male,majority,10-19y,university,middle class,0.4472392183805535,0.0,before 2015,1.0,0.0,10238,11000.0,sedan,0,1,3,0.0,real_source
884877,26-39,male,majority,10-19y,high school,working class,0.3626070571005141,0.0,before 2015,0.0,0.0,10238,12000.0,sedan,0,0,1,0.0,real_source
603591,16-25,male,majority,0-9y,university,middle class,0.4911714317868657,1.0,before 2015,1.0,0.0,32765,9000.0,sedan,0,0,0,1.0,real_source
527814,26-39,male,minority,10-19y,none,poverty,0.5090413982006466,0.0,before 2015,0.0,1.0,10238,11000.0,sedan,1,0,3,1.0,real_source
856747,16-25,male,majority,0-9y,high school,working class,,1.0,before 2015,1.0,1.0,92101,10000.0,sedan,0,0,0,1.0,real_source
610675,26-39,female,majority,0-9y,high school,working class,0.6231426423796359,1.0,after 2015,0.0,0.0,10238,16000.0,sedan,0,0,0,0.0,real_source
103124,40-64,male,majority,0-9y,high school,middle class,0.5535588872675963,1.0,before 2015,1.0,1.0,10238,12000.0,sedan,0,0,0,1.0,real_source
37021,16-25,female,majority,0-9y,high school,working class,0.4555194990814978,0.0,before 2015,0.0,1.0,10238,13000.0,sedan,0,0,0,0.0,real_source
942534,40-64,male,majority,20-29y,high school,working class,0.397751130243592,0.0,before 2015,0.0,0.0,10238,18000.0,sedan,1,0,3,1.0,real_source
187174,65+,male,majority,10-19y,high school,upper class,,1.0,before 2015,1.0,1.0,10238,8000.0,sedan,2,0,1,0.0,real_source
373573,40-64,male,majority,20-29y,none,upper class,0.6675682172147324,1.0,after 2015,0.0,1.0,10238,11000.0,sedan,3,0,6,0.0,real_source
417589,65+,male,majority,0-9y,university,upper class,0.6063061374642535,1.0,after 2015,1.0,1.0,10238,10000.0,sedan,0,0,0,0.0,real_source
297130,16-25,male,majority,0-9y,none,poverty,0.3909633860367781,0.0,before 2015,1.0,0.0,32765,9000.0,sedan,0,0,0,1.0,real_source
284158,65+,male,majority,30y+,university,upper class,0.5505629540058324,0.0,after 2015,0.0,1.0,10238,17000.0,sedan,4,1,3,0.0,real_source
117479,16-25,male,minority,0-9y,high school,working class,0.355992241229828,1.0,before 2015,0.0,1.0,10238,12000.0,sedan,0,0,0,1.0,real_source
73432,16-25,female,majority,0-9y,high school,poverty,0.3035289246474821,0.0,before 2015,0.0,1.0,10238,12000.0,sedan,0,0,0,1.0,real_source
91308,26-39,male,majority,10-19y,high school,working class,0.2837396402134595,1.0,before 2015,0.0,0.0,32765,13000.0,sedan,2,1,0,1.0,real_source
771944,65+,female,majority,30y+,high school,upper class,0.6563811456013456,1.0,before 2015,1.0,1.0,10238,9000.0,sedan,4,0,5,0.0,real_source
64984,16-25,male,minority,0-9y,none,working class,0.4025785640861608,1.0,before 2015,0.0,0.0,32765,14000.0,sedan,0,0,0,1.0,real_source
739655,65+,male,majority,30y+,high school,upper class,0.6877893170484483,1.0,after 2015,1.0,1.0,10238,11000.0,sedan,4,1,4,0.0,real_source
557158,40-64,male,majority,20-29y,university,upper class,,1.0,after 2015,0.0,1.0,10238,15000.0,sedan,4,0,3,0.0,real_source
104623,40-64,male,majority,20-29y,high school,upper class,0.7146041051611214,1.0,before 2015,0.0,1.0,32765,10000.0,sedan,2,1,3,0.0,real_source
401259,26-39,female,majority,10-19y,university,middle class,0.5876351706646832,1.0,after 2015,0.0,1.0,10238,10000.0,sedan,0,1,0,0.0,real_source
297716,16-25,male,majority,0-9y,high school,poverty,0.3457415848717494,0.0,before 2015,0.0,0.0,32765,13000.0,sedan,0,0,0,1.0,real_source
124833,65+,female,majority,20-29y,university,upper class,0.5704282195243078,1.0,before 2015,1.0,1.0,10238,9000.0,sports car,2,0,3,0.0,real_source
745999,40-64,female,majority,20-29y,high school,middle class,0.5461243165310067,0.0,before 2015,1.0,0.0,10238,9000.0,sedan,3,0,1,0.0,real_source
226,26-39,male,majority,0-9y,none,poverty,0.4541773038411031,1.0,before 2015,0.0,0.0,10238,15000.0,sedan,0,0,0,1.0,real_source
498673,40-64,male,majority,20-29y,university,upper class,0.6952148312049189,1.0,before 2015,1.0,1.0,10238,9000.0,sedan,4,0,5,0.0,real_source
865316,40-64,female,majority,20-29y,university,upper class,0.6527368124494255,1.0,before 2015,1.0,1.0,10238,13000.0,sedan,4,0,2,0.0,real_source
458828,26-39,male,majority,10-19y,high school,poverty,0.3070550976960573,1.0,before 2015,0.0,0.0,10238,14000.0,sedan,3,0,2,0.0,real_source
789131,40-64,female,majority,20-29y,university,upper class,0.5757451296405501,1.0,before 2015,1.0,0.0,92101,12000.0,sedan,0,1,0,0.0,real_source
245852,65+,male,majority,10-19y,high school,middle class,0.5839314559764571,1.0,after 2015,0.0,1.0,32765,11000.0,sedan,3,1,1,0.0,real_source
74744,26-39,female,minority,10-19y,none,poverty,0.3187556952308137,0.0,before 2015,1.0,0.0,32765,9000.0,sedan,1,0,0,0.0,real_source
894333,16-25,male,majority,0-9y,high school,middle class,0.6855670948359924,1.0,before 2015,0.0,1.0,32765,11000.0,sedan,0,0,0,1.0,real_source
849845,26-39,female,majority,0-9y,high school,poverty,0.3406862555323136,0.0,before 2015,0.0,1.0,10238,11000.0,sedan,0,0,0,0.0,real_source
519948,40-64,female,majority,20-29y,none,working class,0.4647727031848582,1.0,after 2015,1.0,0.0,32765,11000.0,sedan,1,0,1,0.0,real_source
503269,40-64,female,minority,20-29y,high school,working class,0.3740604475477269,1.0,before 2015,0.0,1.0,32765,12000.0,sports car,2,1,0,0.0,real_source
337559,40-64,male,majority,20-29y,high school,middle class,0.5795819505506645,1.0,after 2015,1.0,1.0,10238,9000.0,sedan,3,0,2,0.0,real_source
210028,40-64,female,minority,20-29y,none,middle class,0.5216370293764842,1.0,before 2015,0.0,0.0,10238,16000.0,sedan,3,0,1,0.0,real_source
232262,65+,male,majority,10-19y,high school,upper class,0.3995310114066084,1.0,after 2015,1.0,1.0,10238,9000.0,sedan,2,0,0,0.0,real_source
330207,40-64,female,majority,20-29y,university,upper class,0.6172238033115515,0.0,after 2015,1.0,1.0,32765,10000.0,sedan,4,3,3,0.0,real_source
927059,16-25,male,majority,0-9y,none,poverty,0.3449080748268442,0.0,before 2015,0.0,0.0,32765,13000.0,sedan,0,0,0,1.0,real_source
22905,26-39,female,majority,10-19y,high school,upper class,0.5431775519517923,1.0,before 2015,1.0,1.0,32765,8000.0,sedan,1,0,0,0.0,real_source
168510,26-39,female,majority,10-19y,university,upper class,,0.0,before 2015,1.0,1.0,10238,11000.0,sedan,0,1,0,0.0,real_source
125408,65+,male,majority,30y+,university,upper class,0.7079048188214504,1.0,after 2015,1.0,1.0,10238,12000.0,sedan,4,1,2,0.0,real_source
107410,16-25,male,majority,0-9y,none,poverty,0.3086760491529937,0.0,after 2015,1.0,1.0,10238,11000.0,sedan,0,0,0,1.0,real_source
137209,26-39,female,majority,10-19y,university,middle class,0.6680436827403672,0.0,before 2015,0.0,1.0,10238,10000.0,sedan,0,0,1,0.0,real_source
756207,40-64,male,majority,20-29y,university,upper class,0.6165145855943818,1.0,before 2015,0.0,1.0,10238,14000.0,sedan,2,0,2,0.0,real_source
96679,16-25,female,majority,0-9y,none,poverty,0.1541351795574787,1.0,before 2015,0.0,0.0,10238,18000.0,sedan,0,0,0,1.0,real_source
904544,40-64,female,majority,0-9y,university,upper class,0.7976152776255272,1.0,before 2015,1.0,0.0,10238,13000.0,sedan,0,0,0,0.0,real_source
660975,40-64,female,majority,20-29y,university,middle class,0.5752234865821753,1.0,before 2015,1.0,1.0,10238,12000.0,sedan,3,1,1,0.0,real_source
343102,26-39,female,majority,10-19y,none,poverty,0.3763502094705643,1.0,before 2015,1.0,1.0,10238,8000.0,sedan,1,0,0,0.0,real_source
748173,26-39,male,majority,10-19y,none,poverty,0.2539444112229153,1.0,before 2015,0.0,1.0,10238,15000.0,sedan,1,0,1,1.0,real_source
80504,26-39,male,majority,10-19y,university,poverty,,0.0,before 2015,0.0,0.0,10238,14000.0,sedan,0,0,3,1.0,real_source
648192,40-64,male,majority,20-29y,university,middle class,0.4760755481035748,0.0,before 2015,0.0,0.0,10238,16000.0,sedan,2,0,3,0.0,real_source
900525,26-39,male,majority,10-19y,high school,middle class,0.3413656943911265,1.0,before 2015,0.0,0.0,32765,11000.0,sedan,1,0,0,1.0,real_source
629147,65+,male,majority,0-9y,high school,middle class,0.6742126938809867,1.0,before 2015,1.0,1.0,32765,7000.0,sedan,0,0,0,1.0,real_source
474971,40-64,male,majority,20-29y,university,middle class,0.5131929341910539,1.0,before 2015,1.0,1.0,32765,5000.0,sedan,7,1,2,0.0,real_source
584269,40-64,female,majority,20-29y,high school,working class,0.3331783936397684,1.0,before 2015,0.0,0.0,10238,14000.0,sports car,0,0,2,0.0,real_source
450029,65+,female,majority,0-9y,university,upper class,0.6018126779616341,1.0,after 2015,1.0,1.0,10238,,sedan,0,0,0,0.0,real_source
166073,40-64,female,majority,20-29y,high school,middle class,0.545089952761571,1.0,before 2015,1.0,1.0,10238,14000.0,sedan,1,0,0,0.0,real_source
521571,40-64,female,majority,10-19y,none,poverty,0.3582560449825787,0.0,before 2015,0.0,1.0,10238,14000.0,sedan,0,0,0,1.0,real_source
418047,40-64,male,majority,20-29y,high school,upper class,0.5935481774271312,1.0,after 2015,1.0,1.0,10238,8000.0,sedan,6,0,5,0.0,real_source
407435,40-64,female,majority,20-29y,university,upper class,0.6380148539874897,1.0,before 2015,1.0,1.0,92101,11000.0,sedan,3,0,1,0.0,real_source
754120,16-25,male,majority,0-9y,high school,working class,,1.0,after 2015,0.0,1.0,32765,14000.0,sedan,0,0,0,1.0,real_source
747188,26-39,female,majority,0-9y,high school,middle class,0.3921298915339043,1.0,before 2015,1.0,1.0,32765,6000.0,sedan,0,0,0,1.0,real_source
284540,65+,male,majority,30y+,university,upper class,0.6541771817285776,1.0,before 2015,1.0,1.0,10238,,sedan,9,0,4,0.0,real_source
324448,16-25,male,minority,0-9y,none,poverty,0.2652885371930958,0.0,before 2015,0.0,1.0,32765,,sedan,0,0,0,1.0,real_source
638240,26-39,female,majority,0-9y,high school,upper class,0.5797370090434051,1.0,after 2015,1.0,1.0,10238,8000.0,sports car,0,0,0,0.0,real_source
569662,26-39,female,majority,10-19y,none,poverty,0.3674159775277167,0.0,before 2015,1.0,0.0,32765,13000.0,sedan,1,1,0,0.0,real_source
832941,40-64,female,majority,20-29y,university,upper class,0.5231534917481532,1.0,after 2015,1.0,0.0,10238,16000.0,sedan,0,0,0,0.0,real_source
416816,16-25,male,majority,0-9y,none,poverty,0.3243896616360899,1.0,before 2015,0.0,0.0,32765,,sedan,0,0,0,1.0,real_source
905397,16-25,male,majority,0-9y,high school,working class,0.3828274809687304,1.0,before 2015,0.0,0.0,10238,14000.0,sedan,0,0,0,1.0,real_source
314202,16-25,female,majority,0-9y,none,poverty,0.2180558125783903,1.0,before 2015,0.0,1.0,10238,12000.0,sedan,0,0,0,0.0,real_source
922977,26-39,female,majority,10-19y,university,working class,0.3820266609685973,0.0,before 2015,0.0,1.0,10238,11000.0,sedan,1,0,1,0.0,real_source
466383,26-39,male,majority,10-19y,university,upper class,0.4724089205532677,1.0,before 2015,0.0,1.0,32765,11000.0,sedan,2,0,1,0.0,real_source
877770,26-39,female,majority,10-19y,university,working class,0.4691488744590532,0.0,before 2015,0.0,0.0,32765,,sedan,1,0,0,1.0,real_source
439435,40-64,female,majority,20-29y,none,poverty,,0.0,before 2015,0.0,1.0,10238,10000.0,sedan,5,0,0,0.0,real_source
430019,16-25,male,majority,0-9y,high school,middle class,0.5250778544124233,1.0,before 2015,0.0,1.0,10238,13000.0,sedan,0,0,0,1.0,real_source
873325,26-39,female,majority,10-19y,none,poverty,0.4728683213157021,0.0,before 2015,1.0,1.0,32765,9000.0,sedan,2,0,0,0.0,real_source
198903,26-39,female,majority,10-19y,university,middle class,0.4075471513781581,1.0,before 2015,0.0,0.0,32765,13000.0,sedan,2,0,0,0.0,real_source
351071,40-64,male,majority,20-29y,university,middle class,0.3947330860408181,1.0,after 2015,0.0,1.0,10238,10000.0,sedan,3,1,3,0.0,real_source
671746,65+,male,majority,10-19y,university,upper class,0.4887111046934922,1.0,before 2015,1.0,1.0,10238,9000.0,sedan,2,0,4,0.0,real_source
760605,26-39,female,majority,10-19y,none,middle class,0.5050324631686071,0.0,before 2015,0.0,1.0,32765,11000.0,sedan,2,0,0,1.0,real_source
435057,16-25,male,majority,0-9y,none,working class,0.5336166248933796,1.0,after 2015,1.0,0.0,32765,10000.0,sedan,0,0,0,0.0,real_source
311722,16-25,female,majority,0-9y,none,poverty,0.3729905825054102,1.0,before 2015,0.0,0.0,10238,15000.0,sedan,0,0,0,0.0,real_source
309217,26-39,female,majority,0-9y,high school,upper class,0.7124443067499009,1.0,after 2015,0.0,0.0,10238,15000.0,sedan,0,0,0,0.0,real_source
911614,26-39,female,majority,10-19y,university,middle class,0.4631298696568432,1.0,after 2015,0.0,0.0,10238,13000.0,sedan,2,0,0,0.0,real_source
834244,16-25,male,majority,0-9y,university,working class,,1.0,before 2015,0.0,1.0,10238,12000.0,sedan,0,0,0,0.0,real_source
979335,40-64,male,majority,10-19y,high school,upper class,0.5584527325845159,1.0,after 2015,1.0,0.0,10238,7000.0,sedan,5,0,3,0.0,real_source
734738,16-25,female,minority,0-9y,none,poverty,0.4999499112302965,0.0,before 2015,1.0,0.0,10238,13000.0,sedan,0,0,0,1.0,real_source
755140,65+,female,majority,30y+,high school,upper class,0.6393590227883027,1.0,after 2015,0.0,1.0,10238,19000.0,sedan,0,0,1,0.0,real_source
684778,40-64,male,majority,0-9y,university,middle class,0.4559494824210867,1.0,after 2015,0.0,1.0,10238,14000.0,sedan,0,0,0,0.0,real_source
845620,16-25,female,majority,0-9y,high school,middle class,0.2906223251969785,1.0,before 2015,1.0,1.0,32765,7000.0,sedan,0,0,0,1.0,real_source
934382,65+,female,majority,20-29y,university,upper class,0.7241955103170054,1.0,before 2015,1.0,1.0,10238,10000.0,sedan,0,0,1,0.0,real_source
765151,16-25,female,majority,0-9y,high school,middle class,0.6978280154019372,1.0,before 2015,0.0,0.0,32765,15000.0,sedan,0,0,0,1.0,real_source
364440,16-25,female,majority,0-9y,high school,poverty,0.3487762969844098,1.0,before 2015,0.0,1.0,10238,,sedan,0,0,0,1.0,real_source
743449,65+,male,majority,20-29y,high school,upper class,0.5745601199336416,1.0,before 2015,1.0,1.0,10238,10000.0,sedan,3,0,2,0.0,real_source
39529,40-64,male,majority,20-29y,university,upper class,0.6250413249606896,1.0,before 2015,1.0,1.0,92101,,sedan,1,0,1,0.0,real_source
982534,16-25,female,majority,0-9y,high school,poverty,0.4128507805979658,0.0,before 2015,0.0,0.0,10238,,sedan,0,0,0,1.0,real_source
466162,26-39,male,majority,10-19y,high school,working class,0.3737428531911823,1.0,before 2015,0.0,1.0,10238,8000.0,sedan,1,0,3,0.0,real_source
873153,16-25,female,majority,0-9y,university,working class,0.3114582357707357,0.0,before 2015,0.0,0.0,32765,16000.0,sedan,0,0,0,1.0,real_source
29449,40-64,male,majority,20-29y,high school,upper class,0.6271623552865446,1.0,after 2015,1.0,1.0,32765,8000.0,sedan,5,1,1,0.0,real_source
459304,16-25,male,majority,0-9y,none,working class,0.4192330497534948,1.0,before 2015,0.0,0.0,32765,12000.0,sedan,0,0,0,1.0,real_source
143460,26-39,female,majority,10-19y,university,upper class,0.7180500037016229,0.0,before 2015,1.0,0.0,10238,14000.0,sedan,0,0,1,0.0,real_source
723172,16-25,female,majority,0-9y,university,middle class,0.4452397305357933,1.0,before 2015,0.0,0.0,10238,,sedan,0,0,0,0.0,real_source
375459,65+,female,majority,0-9y,high school,upper class,0.6040143143469311,1.0,before 2015,1.0,0.0,10238,9000.0,sedan,0,0,0,0.0,real_source
375184,40-64,female,majority,20-29y,none,working class,0.3684660188079731,1.0,before 2015,1.0,1.0,32765,,sedan,5,2,1,0.0,real_source
137374,26-39,female,majority,10-19y,high school,working class,0.4362970860949016,1.0,before 2015,1.0,1.0,10238,,sedan,0,0,0,0.0,real_source
257003,26-39,male,majority,10-19y,none,poverty,0.3133433098588541,0.0,before 2015,0.0,1.0,10238,12000.0,sedan,2,0,4,0.0,real_source
293988,65+,female,minority,0-9y,university,upper class,0.6001310093299637,1.0,after 2015,1.0,0.0,32765,11000.0,sedan,0,0,0,0.0,real_source
619329,40-64,female,majority,20-29y,university,upper class,0.6258479108755962,1.0,after 2015,0.0,1.0,10238,11000.0,sedan,0,0,5,0.0,real_source
26068,40-64,male,majority,10-19y,high school,middle class,0.4692976564095875,0.0,before 2015,1.0,1.0,32765,8000.0,sedan,2,0,0,0.0,real_source
923366,40-64,male,majority,10-19y,university,middle class,0.5326129835682918,1.0,before 2015,0.0,1.0,10238,11000.0,sedan,1,0,3,0.0,real_source
609396,40-64,female,majority,20-29y,high school,upper class,0.7655869449206536,1.0,after 2015,1.0,1.0,32765,11000.0,sedan,0,2,2,0.0,real_source
207095,26-39,male,majority,10-19y,none,poverty,0.3384209773917692,0.0,before 2015,0.0,1.0,32765,11000.0,sedan,3,0,1,1.0,real_source
370509,65+,male,majority,30y+,university,upper class,0.7885664331293374,1.0,after 2015,1.0,1.0,10238,6000.0,sedan,9,0,8,0.0,real_source
414418,26-39,female,majority,0-9y,high school,middle class,0.5580379199417775,1.0,before 2015,1.0,1.0,32765,,sedan,0,0,0,1.0,real_source
210455,65+,male,majority,30y+,university,upper class,0.4762108230923552,1.0,before 2015,1.0,1.0,10238,10000.0,sedan,4,0,6,0.0,real_source
277877,16-25,female,majority,0-9y,none,poverty,0.3505557155422572,0.0,before 2015,1.0,0.0,10238,14000.0,sedan,0,0,0,1.0,real_source
867133,65+,male,majority,20-29y,university,upper class,,1.0,before 2015,0.0,1.0,10238,12000.0,sedan,3,0,3,0.0,real_source
75850,16-25,female,majority,0-9y,none,working class,0.5060336130247308,1.0,before 2015,0.0,0.0,32765,14000.0,sedan,0,0,0,1.0,real_source
605330,16-25,male,majority,0-9y,none,poverty,0.2367749959616055,1.0,before 2015,0.0,0.0,10238,15000.0,sedan,0,0,0,1.0,real_source
946135,26-39,female,majority,10-19y,high school,working class,0.3774203905415542,1.0,before 2015,0.0,1.0,92101,,sedan,1,0,0,0.0,real_source
583046,40-64,female,majority,20-29y,none,working class,0.4196007692453413,0.0,after 2015,0.0,1.0,10238,14000.0,sedan,0,0,1,0.0,real_source
17273,26-39,male,majority,10-19y,none,poverty,0.123977548630641,0.0,before 2015,1.0,1.0,10238,9000.0,sedan,1,0,2,0.0,real_source
355449,26-39,female,majority,10-19y,university,upper class,0.6453992259248305,1.0,after 2015,1.0,1.0,10238,10000.0,sedan,1,0,1,0.0,real_source
239558,16-25,male,majority,0-9y,none,poverty,0.3629215326623253,1.0,before 2015,1.0,1.0,32765,10000.0,sedan,0,0,0,1.0,real_source
524634,16-25,female,majority,0-9y,none,working class,0.4926039647553179,1.0,before 2015,0.0,1.0,10238,12000.0,sedan,0,0,0,0.0,real_source
171568,40-64,female,majority,20-29y,high school,middle class,0.601822301869865,0.0,before 2015,0.0,1.0,10238,13000.0,sedan,1,0,2,0.0,real_source
375322,26-39,male,majority,10-19y,high school,middle class,0.6062550323138055,1.0,after 2015,1.0,1.0,10238,12000.0,sedan,0,0,2,0.0,real_source
855355,16-25,female,majority,0-9y,none,middle class,0.5353128388192372,0.0,after 2015,0.0,0.0,10238,15000.0,sedan,0,0,0,1.0,real_source
293072,40-64,male,majority,0-9y,high school,middle class,0.4839548732891249,0.0,before 2015,1.0,1.0,10238,11000.0,sedan,0,0,0,1.0,real_source
528528,65+,male,majority,30y+,high school,upper class,0.4225679672628089,1.0,after 2015,1.0,1.0,10238,8000.0,sedan,7,2,7,0.0,real_source
458933,40-64,male,majority,0-9y,high school,poverty,0.2377429797670804,1.0,before 2015,0.0,1.0,32765,9000.0,sedan,0,0,0,1.0,real_source
495705,40-64,female,majority,10-19y,university,upper class,0.8163355504321163,1.0,after 2015,1.0,1.0,10238,11000.0,sedan,1,1,1,0.0,real_source
98072,40-64,female,majority,10-19y,university,upper class,0.7182464696448215,0.0,after 2015,0.0,1.0,10238,14000.0,sedan,0,1,0,0.0,real_source
255141,16-25,male,minority,0-9y,none,poverty,0.3907628569968647,0.0,before 2015,0.0,0.0,10238,13000.0,sports car,0,0,0,1.0,real_source
255200,16-25,female,majority,0-9y,none,poverty,0.0533575454627435,0.0,before 2015,0.0,1.0,10238,11000.0,sedan,0,0,0,1.0,real_source
438776,65+,male,majority,20-29y,university,upper class,0.4918327606370408,1.0,before 2015,1.0,1.0,10238,13000.0,sedan,1,0,2,0.0,real_source
710221,40-64,male,majority,20-29y,none,upper class,0.4517771757837985,1.0,before 2015,1.0,1.0,10238,12000.0,sedan,3,0,2,0.0,real_source
66238,26-39,male,majority,10-19y,high school,middle class,,1.0,before 2015,1.0,0.0,10238,13000.0,sedan,5,0,1,1.0,real_source
909696,40-64,male,majority,0-9y,none,middle class,0.6558041770375599,1.0,before 2015,0.0,1.0,10238,10000.0,sedan,0,0,0,1.0,real_source
778159,26-39,male,majority,10-19y,university,middle class,,0.0,after 2015,0.0,1.0,10238,12000.0,sedan,1,0,2,0.0,real_source
476160,16-25,male,majority,0-9y,none,poverty,0.4730887680061617,0.0,before 2015,0.0,0.0,10238,13000.0,sedan,0,0,0,1.0,real_source
413160,26-39,male,majority,0-9y,high school,poverty,0.3560925928410373,0.0,before 2015,0.0,0.0,10238,14000.0,sedan,0,0,0,1.0,real_source
144033,40-64,female,majority,20-29y,high school,upper class,,1.0,before 2015,1.0,1.0,92101,11000.0,sedan,1,0,1,0.0,real_source
901502,16-25,male,majority,0-9y,high school,middle class,0.5999885146956511,1.0,after 2015,0.0,1.0,10238,12000.0,sports car,0,0,0,0.0,real_source
450283,65+,female,majority,30y+,university,upper class,0.6341607287829374,1.0,before 2015,0.0,1.0,10238,,sedan,5,1,1,0.0,real_source
266757,40-64,male,minority,10-19y,none,working class,0.4411041307313577,1.0,before 2015,0.0,1.0,10238,13000.0,sedan,4,0,0,0.0,real_source
934754,65+,female,majority,10-19y,high school,upper class,0.7246438662273011,1.0,after 2015,1.0,1.0,92101,10000.0,sedan,1,0,0,0.0,real_source
131347,65+,female,majority,30y+,none,working class,0.4919249368588813,0.0,before 2015,0.0,1.0,32765,12000.0,sedan,7,0,2,0.0,real_source
81923,40-64,female,majority,20-29y,high school,upper class,0.4316815860923179,1.0,before 2015,1.0,1.0,10238,13000.0,sedan,0,0,3,0.0,real_source
103963,65+,female,majority,0-9y,high school,upper class,0.7019551732236028,1.0,before 2015,0.0,1.0,10238,,sedan,0,0,0,0.0,real_source
13158,26-39,male,majority,10-19y,none,poverty,0.2625927481910242,0.0,before 2015,0.0,0.0,10238,11000.0,sedan,2,0,3,1.0,real_source
161526,65+,female,majority,30y+,university,upper class,0.6590255213877537,1.0,after 2015,1.0,1.0,32765,8000.0,sedan,7,0,3,0.0,real_source
347548,40-64,male,majority,10-19y,university,upper class,0.6495399151988311,1.0,after 2015,0.0,0.0,10238,,sedan,1,0,0,0.0,real_source
170034,40-64,male,majority,20-29y,university,upper class,0.7258759547550023,1.0,before 2015,1.0,1.0,10238,10000.0,sedan,0,2,0,0.0,real_source
36103,40-64,male,majority,20-29y,high school,middle class,0.6101559992595543,1.0,after 2015,0.0,1.0,10238,10000.0,sedan,6,0,6,0.0,real_source
97567,40-64,female,majority,20-29y,university,middle class,0.3552297444868037,1.0,before 2015,1.0,0.0,10238,15000.0,sedan,0,0,1,0.0,real_source
407469,16-25,female,majority,0-9y,high school,working class,0.5818195278168231,0.0,before 2015,0.0,0.0,10238,13000.0,sedan,0,0,0,1.0,real_source
909401,26-39,female,majority,10-19y,high school,working class,0.5682701951385463,1.0,before 2015,0.0,0.0,32765,,sedan,2,0,0,0.0,real_source
900406,40-64,male,minority,0-9y,none,working class,0.2972676937492963,1.0,before 2015,0.0,1.0,10238,12000.0,sedan,0,0,0,1.0,real_source
631763,26-39,male,minority,10-19y,university,middle class,0.6241214269114793,1.0,before 2015,0.0,1.0,32765,12000.0,sedan,1,0,1,1.0,real_source
349786,40-64,female,majority,20-29y,high school,upper class,0.6312359635092651,1.0,after 2015,1.0,1.0,10238,10000.0,sedan,1,1,2,0.0,real_source
999259,40-64,female,majority,20-29y,high school,poverty,,0.0,before 2015,1.0,1.0,10238,11000.0,sedan,0,0,1,0.0,real_source
63413,40-64,female,majority,20-29y,high school,upper class,0.4750576296457786,1.0,before 2015,1.0,1.0,10238,,sedan,0,0,1,0.0,real_source
816809,40-64,female,majority,0-9y,university,middle class,0.6025768346318514,1.0,before 2015,1.0,1.0,10238,14000.0,sedan,0,0,0,1.0,real_source
149377,16-25,male,majority,0-9y,high school,working class,0.399331859629261,0.0,before 2015,0.0,1.0,32765,13000.0,sedan,0,0,0,1.0,real_source
950482,26-39,male,majority,10-19y,university,working class,0.3762875378405535,0.0,after 2015,0.0,0.0,10238,14000.0,sedan,2,0,1,0.0,real_source
816988,40-64,female,majority,20-29y,university,upper class,0.4600415995270326,1.0,before 2015,1.0,1.0,32765,9000.0,sedan,1,1,1,0.0,real_source
483195,65+,male,majority,10-19y,university,upper class,0.6706215882714347,1.0,before 2015,1.0,1.0,92101,9000.0,sedan,1,0,0,0.0,real_source
703897,26-39,male,majority,10-19y,university,upper class,0.7748838698842198,1.0,before 2015,1.0,1.0,92101,16000.0,sedan,2,1,0,1.0,real_source
511641,26-39,male,minority,10-19y,none,poverty,0.2885813295301705,0.0,before 2015,1.0,0.0,10238,13000.0,sedan,0,0,5,1.0,real_source
621495,26-39,female,majority,10-19y,none,working class,,1.0,before 2015,0.0,1.0,10238,11000.0,sedan,0,0,0,0.0,real_source
564107,26-39,female,minority,10-19y,none,poverty,0.313083578723112,0.0,before 2015,1.0,1.0,10238,13000.0,sedan,0,0,0,1.0,real_source
880485,16-25,female,majority,0-9y,high school,poverty,0.2493628096799179,0.0,before 2015,0.0,0.0,10238,16000.0,sedan,0,0,0,0.0,real_source
912800,40-64,female,majority,10-19y,high school,middle class,0.63594893814627,1.0,before 2015,0.0,1.0,32765,13000.0,sedan,2,0,0,1.0,real_source
431366,26-39,female,majority,10-19y,high school,upper class,0.5957286884093503,1.0,after 2015,0.0,0.0,10238,17000.0,sedan,0,0,0,0.0,real_source
129218,16-25,female,majority,0-9y,high school,middle class,0.4570728331773832,1.0,before 2015,1.0,0.0,32765,10000.0,sedan,0,0,0,1.0,real_source
698612,40-64,female,minority,20-29y,none,working class,0.4933174043193682,1.0,before 2015,1.0,1.0,10238,9000.0,sedan,1,0,4,0.0,real_source
989175,26-39,female,majority,10-19y,high school,middle class,,1.0,before 2015,1.0,1.0,10238,11000.0,sedan,2,0,4,0.0,real_source
628739,65+,female,majority,10-19y,university,upper class,0.6843528623537078,1.0,after 2015,1.0,1.0,10238,12000.0,sedan,1,0,1,0.0,real_source
81498,40-64,male,majority,20-29y,none,working class,0.3493872235356677,0.0,before 2015,0.0,1.0,10238,16000.0,sedan,3,1,0,0.0,real_source
401212,40-64,male,majority,20-29y,none,working class,0.3932963056890176,1.0,before 2015,1.0,1.0,10238,11000.0,sedan,2,0,2,0.0,real_source
647537,16-25,female,majority,0-9y,high school,poverty,0.6053845904364437,0.0,before 2015,1.0,0.0,10238,16000.0,sedan,0,0,0,1.0,real_source
212191,26-39,female,majority,10-19y,none,working class,0.421470788840087,0.0,before 2015,0.0,1.0,10238,12000.0,sedan,0,1,0,1.0,real_source
857839,16-25,male,majority,0-9y,university,working class,,1.0,after 2015,1.0,1.0,10238,10000.0,sedan,0,0,0,0.0,real_source
865298,26-39,female,majority,10-19y,high school,upper class,0.5878164279910353,0.0,after 2015,1.0,1.0,10238,10000.0,sedan,1,0,1,0.0,real_source
235795,16-25,female,majority,0-9y,university,middle class,0.6080659514401169,1.0,before 2015,0.0,0.0,10238,12000.0,sedan,0,0,0,1.0,real_source
386754,26-39,female,minority,10-19y,high school,middle class,0.5438368709450099,1.0,before 2015,0.0,1.0,10238,15000.0,sedan,0,0,0,0.0,real_source
132255,40-64,female,majority,20-29y,university,upper class,,1.0,after 2015,1.0,1.0,92101,7000.0,sedan,1,0,6,0.0,real_source
21679,40-64,male,majority,0-9y,high school,upper class,0.5838536413430283,1.0,after 2015,1.0,0.0,10238,11000.0,sedan,0,0,0,0.0,real_source
826621,26-39,male,majority,10-19y,university,upper class,0.576642413549302,1.0,before 2015,1.0,1.0,32765,10000.0,sedan,1,0,0,0.0,real_source
479665,26-39,female,majority,10-19y,high school,middle class,0.6076431032309679,1.0,after 2015,1.0,1.0,10238,14000.0,sedan,1,0,1,0.0,real_source
472052,16-25,male,majority,0-9y,university,middle class,0.4665225387334632,1.0,before 2015,0.0,1.0,32765,12000.0,sedan,0,0,0,1.0,real_source
601572,40-64,female,majority,0-9y,high school,working class,,1.0,before 2015,1.0,1.0,32765,,sedan,0,0,0,0.0,real_source
229398,65+,male,majority,30y+,high school,upper class,0.7198423257971679,1.0,after 2015,0.0,1.0,10238,17000.0,sedan,3,2,2,0.0,real_source
818352,26-39,male,majority,10-19y,university,middle class,0.5619783574460144,0.0,before 2015,1.0,0.0,32765,12000.0,sedan,0,0,1,1.0,real_source
845185,16-25,male,majority,0-9y,university,middle class,0.4061057835072124,1.0,before 2015,0.0,1.0,10238,10000.0,sedan,0,0,0,0.0,real_source
527103,26-39,male,majority,10-19y,none,poverty,0.4412887875093094,0.0,before 2015,0.0,1.0,10238,16000.0,sedan,0,1,5,1.0,real_source
16371,26-39,female,majority,10-19y,university,upper class,,0.0,before 2015,1.0,1.0,32765,7000.0,sedan,3,0,0,1.0,real_source
696770,26-39,male,majority,10-19y,none,working class,0.4618607083307367,1.0,before 2015,0.0,1.0,10238,16000.0,sedan,0,1,0,0.0,real_source
628348,26-39,female,majority,10-19y,university,middle class,,1.0,before 2015,0.0,1.0,92101,12000.0,sedan,3,1,0,1.0,real_source
631499,65+,male,majority,30y+,university,upper class,0.627282790779749,1.0,after 2015,1.0,1.0,10238,12000.0,sedan,3,0,3,0.0,real_source
55559,16-25,male,majority,0-9y,none,poverty,0.3539233358292851,0.0,before 2015,0.0,0.0,32765,7000.0,sedan,0,0,0,1.0,real_source
491394,26-39,male,majority,10-19y,high school,working class,0.3368387192320729,1.0,before 2015,1.0,1.0,10238,12000.0,sedan,0,0,2,0.0,real_source
896754,26-39,male,majority,0-9y,university,upper class,0.5013975339330701,1.0,before 2015,1.0,1.0,10238,8000.0,sedan,0,0,0,0.0,real_source
8055,16-25,female,majority,0-9y,none,middle class,0.6859296356917879,1.0,after 2015,1.0,0.0,10238,13000.0,sedan,0,0,0,0.0,real_source
229715,40-64,male,majority,20-29y,university,upper class,0.7934413374140356,1.0,before 2015,1.0,1.0,21217,12000.0,sedan,0,0,2,1.0,real_source
361925,40-64,female,minority,10-19y,university,upper class,0.6945959774205787,1.0,after 2015,0.0,1.0,10238,12000.0,sedan,0,0,0,0.0,real_source
216068,65+,male,majority,30y+,high school,middle class,0.5790642583651154,1.0,after 2015,1.0,1.0,10238,12000.0,sedan,3,2,4,0.0,real_source
325967,40-64,male,majority,0-9y,none,working class,0.4803057894369645,1.0,before 2015,0.0,1.0,10238,,sedan,0,0,0,1.0,real_source
777567,65+,female,majority,10-19y,high school,upper class,0.550786240567428,1.0,after 2015,1.0,1.0,10238,15000.0,sedan,0,1,0,0.0,real_source
695357,26-39,female,majority,10-19y,high school,working class,0.4126790215583455,1.0,after 2015,1.0,1.0,10238,13000.0,sedan,0,0,0,0.0,real_source
62619,40-64,male,majority,20-29y,university,middle class,0.4692112924855094,1.0,before 2015,1.0,1.0,10238,,sedan,3,0,5,0.0,real_source
241008,26-39,female,majority,0-9y,high school,poverty,,1.0,before 2015,0.0,1.0,10238,14000.0,sedan,0,0,0,0.0,real_source
464427,16-25,female,majority,0-9y,none,poverty,0.3615365302867908,0.0,before 2015,0.0,0.0,10238,15000.0,sedan,0,0,0,1.0,real_source
269292,40-64,male,majority,20-29y,university,middle class,0.4980226034854465,1.0,before 2015,1.0,1.0,92101,,sedan,1,0,0,0.0,real_source
422409,26-39,female,majority,10-19y,high school,poverty,0.3233952211549333,1.0,before 2015,0.0,1.0,32765,12000.0,sedan,2,0,2,0.0,real_source
850789,16-25,male,majority,0-9y,high school,poverty,0.209207438250117,0.0,before 2015,0.0,1.0,10238,12000.0,sedan,0,0,0,1.0,real_source
29071,40-64,female,majority,20-29y,high school,middle class,0.6587634686642284,1.0,before 2015,0.0,1.0,21217,10000.0,sedan,1,0,1,1.0,real_source
233968,16-25,female,majority,0-9y,high school,middle class,0.4747628156138578,1.0,before 2015,0.0,0.0,32765,14000.0,sedan,0,0,0,1.0,real_source
312512,65+,male,majority,10-19y,university,upper class,0.6249463939906088,1.0,before 2015,0.0,1.0,10238,10000.0,sedan,0,0,1,0.0,real_source
67903,16-25,female,majority,0-9y,none,poverty,,1.0,before 2015,0.0,0.0,92101,15000.0,sedan,0,0,0,1.0,real_source
450086,40-64,female,majority,10-19y,high school,middle class,,1.0,before 2015,0.0,1.0,32765,10000.0,sedan,2,0,0,1.0,real_source
997850,26-39,female,majority,10-19y,high school,working class,0.435684443338844,1.0,after 2015,0.0,0.0,10238,18000.0,sedan,1,0,0,0.0,real_source
753926,26-39,female,majority,10-19y,high school,working class,0.62683738396433,0.0,before 2015,0.0,0.0,10238,18000.0,sedan,0,0,0,1.0,real_source
851148,26-39,female,majority,10-19y,none,poverty,0.3641481700600781,1.0,before 2015,0.0,0.0,32765,15000.0,sedan,0,0,0,0.0,real_source
995068,40-64,female,majority,10-19y,high school,upper class,0.5195896708682597,1.0,after 2015,1.0,1.0,10238,12000.0,sedan,1,0,0,0.0,real_source
636096,26-39,female,majority,10-19y,none,upper class,0.7283059747612598,1.0,before 2015,0.0,1.0,32765,7000.0,sedan,4,0,0,1.0,real_source
249454,40-64,female,majority,20-29y,none,working class,0.5053357773673236,1.0,before 2015,1.0,0.0,32765,16000.0,sedan,0,0,1,0.0,real_source
26981,16-25,female,majority,0-9y,university,middle class,0.5300196346155583,1.0,before 2015,1.0,1.0,10238,12000.0,sedan,0,0,0,1.0,real_source
860859,65+,male,majority,30y+,high school,middle class,0.5003602785833389,1.0,before 2015,0.0,1.0,32765,10000.0,sedan,10,1,5,0.0,real_source
409904,65+,female,majority,0-9y,high school,upper class,0.5585067510751159,1.0,after 2015,0.0,1.0,10238,,sports car,0,0,0,0.0,real_source
560905,26-39,female,majority,10-19y,none,poverty,0.4503478759046066,1.0,before 2015,0.0,1.0,10238,19000.0,sedan,0,0,0,0.0,real_source
639208,16-25,male,majority,0-9y,none,poverty,0.4507118935979788,1.0,before 2015,1.0,0.0,10238,10000.0,sedan,0,0,0,1.0,real_source
114845,65+,female,majority,20-29y,university,upper class,0.6311921398557454,0.0,before 2015,1.0,1.0,32765,5000.0,sedan,5,1,0,0.0,real_source
491567,65+,female,majority,30y+,none,upper class,0.5431625565124614,1.0,after 2015,0.0,0.0,10238,16000.0,sedan,0,0,0,0.0,real_source
605113,26-39,male,minority,10-19y,none,working class,0.4201405305138809,1.0,before 2015,0.0,0.0,10238,14000.0,sedan,0,0,2,1.0,real_source
203166,26-39,male,majority,0-9y,university,middle class,0.4789172761106194,1.0,before 2015,0.0,0.0,10238,14000.0,sedan,0,0,0,0.0,real_source
966351,26-39,male,majority,10-19y,university,middle class,0.4117778046909311,1.0,after 2015,0.0,0.0,10238,16000.0,sedan,0,1,1,0.0,real_source
95325,26-39,male,minority,10-19y,university,middle class,0.5084625781420464,1.0,before 2015,0.0,0.0,10238,,sedan,1,0,2,0.0,real_source
687774,26-39,female,majority,10-19y,none,poverty,0.3550991539047511,0.0,before 2015,1.0,0.0,10238,12000.0,sedan,0,0,0,0.0,real_source
539454,16-25,female,majority,0-9y,high school,middle class,0.5702863779666819,1.0,after 2015,0.0,0.0,10238,,sedan,0,0,0,0.0,real_source
449629,26-39,female,minority,0-9y,none,poverty,0.2959614920166271,0.0,before 2015,1.0,1.0,10238,9000.0,sedan,0,0,0,1.0,real_source
622612,16-25,male,majority,0-9y,none,working class,0.463940368494201,1.0,before 2015,0.0,0.0,10238,18000.0,sports car,0,0,0,0.0,real_source
163488,16-25,female,majority,0-9y,university,poverty,0.3710940022822425,0.0,before 2015,0.0,0.0,92101,16000.0,sedan,0,0,0,1.0,real_source
66535,26-39,female,majority,10-19y,university,middle class,0.4968750939797052,1.0,after 2015,1.0,0.0,32765,6000.0,sedan,3,0,0,0.0,real_source
715538,16-25,female,majority,0-9y,university,middle class,0.428240194950307,0.0,before 2015,1.0,1.0,10238,,sedan,0,0,0,0.0,real_source
438501,16-25,female,majority,0-9y,none,poverty,0.391560874266939,0.0,before 2015,0.0,0.0,32765,11000.0,sedan,0,0,0,1.0,real_source
153771,40-64,male,majority,20-29y,university,upper class,0.4539275558254621,0.0,after 2015,1.0,1.0,10238,8000.0,sedan,4,0,1,0.0,real_source
115279,65+,male,majority,20-29y,high school,upper class,0.5964914522328386,1.0,after 2015,1.0,1.0,10238,11000.0,sedan,0,1,2,0.0,real_source
298157,65+,female,majority,30y+,university,upper class,0.6610339717907807,0.0,before 2015,1.0,1.0,32765,8000.0,sedan,5,2,4,0.0,real_source
194823,40-64,female,majority,20-29y,high school,middle class,0.6599559493185874,0.0,before 2015,1.0,1.0,10238,7000.0,sedan,1,1,0,0.0,real_source
466860,26-39,male,majority,10-19y,high school,middle class,0.5656845974670317,1.0,before 2015,0.0,1.0,10238,16000.0,sedan,0,1,0,0.0,real_source
896944,40-64,female,majority,20-29y,university,middle class,0.4615614389840806,0.0,before 2015,1.0,1.0,21217,8000.0,sedan,0,1,1,1.0,real_source
450963,26-39,male,majority,10-19y,university,upper class,0.5592727404712611,1.0,before 2015,1.0,1.0,10238,13000.0,sedan,4,0,1,0.0,real_source
209390,16-25,female,majority,0-9y,high school,working class,0.1909109064399252,1.0,before 2015,0.0,1.0,92101,12000.0,sedan,0,0,0,0.0,real_source
186796,16-25,male,minority,0-9y,university,middle class,0.4039707635734866,1.0,before 2015,0.0,1.0,10238,12000.0,sedan,0,0,0,0.0,real_source
138845,40-64,male,majority,20-29y,university,upper class,0.5391318538288697,1.0,before 2015,0.0,0.0,10238,13000.0,sedan,3,0,1,0.0,real_source
85869,16-25,female,majority,0-9y,high school,middle class,0.5193651680400878,1.0,after 2015,0.0,0.0,10238,10000.0,sedan,0,0,0,0.0,real_source
598245,40-64,female,majority,10-19y,university,upper class,0.6344892138804339,1.0,before 2015,1.0,1.0,10238,13000.0,sedan,0,1,0,0.0,real_source
540591,65+,female,majority,30y+,university,upper class,0.6995446355113222,1.0,after 2015,0.0,1.0,92101,15000.0,sedan,2,0,0,0.0,real_source
735199,26-39,female,majority,10-19y,university,poverty,0.259542659940459,1.0,before 2015,0.0,1.0,10238,12000.0,sedan,0,0,0,0.0,real_source
641142,65+,male,majority,0-9y,university,upper class,0.4902972048618929,1.0,before 2015,1.0,1.0,10238,8000.0,sedan,0,0,0,1.0,real_source
320298,26-39,male,majority,10-19y,none,working class,0.589182573121297,1.0,before 2015,1.0,1.0,10238,8000.0,sedan,1,1,4,0.0,real_source
683156,26-39,male,majority,10-19y,high school,poverty,0.3223173351774892,1.0,before 2015,0.0,0.0,10238,,sports car,2,0,1,0.0,real_source
802738,65+,male,majority,30y+,none,upper class,0.4869774537170413,1.0,after 2015,0.0,1.0,10238,12000.0,sedan,3,1,5,0.0,real_source
929575,16-25,female,majority,0-9y,high school,poverty,0.3897618136756094,0.0,before 2015,0.0,0.0,32765,12000.0,sedan,0,0,0,1.0,real_source
26559,40-64,male,minority,0-9y,high school,upper class,0.7034822374035306,1.0,after 2015,1.0,1.0,32765,8000.0,sedan,0,0,0,0.0,real_source
217294,40-64,female,majority,10-19y,university,upper class,0.5815748319797237,1.0,before 2015,0.0,0.0,92101,11000.0,sedan,1,0,0,1.0,real_source
294060,40-64,female,majority,20-29y,university,upper class,,0.0,before 2015,1.0,1.0,32765,9000.0,sedan,2,0,3,0.0,real_source
727706,65+,male,majority,10-19y,university,upper class,0.5517639856736082,0.0,before 2015,1.0,1.0,10238,9000.0,sedan,0,0,2,1.0,real_source
696360,16-25,female,majority,0-9y,high school,poverty,,0.0,before 2015,0.0,0.0,10238,14000.0,sedan,0,0,0,0.0,real_source
604990,40-64,male,majority,0-9y,high school,working class,0.3759192547171411,1.0,before 2015,0.0,1.0,32765,,sedan,0,0,0,0.0,real_source
519746,40-64,female,majority,10-19y,high school,middle class,0.537108787941457,1.0,before 2015,1.0,1.0,10238,10000.0,sedan,1,0,2,0.0,real_source
332791,26-39,male,majority,10-19y,university,upper class,,1.0,after 2015,0.0,1.0,10238,13000.0,sedan,2,0,3,0.0,real_source
41036,40-64,male,majority,20-29y,university,upper class,0.5289439454882233,1.0,after 2015,0.0,1.0,10238,,sedan,2,0,4,0.0,real_source
113252,65+,female,majority,30y+,university,upper class,0.7720112601896554,1.0,after 2015,1.0,1.0,32765,8000.0,sedan,4,0,4,0.0,real_source
929235,40-64,male,majority,20-29y,high school,middle class,0.4300539952869113,1.0,before 2015,0.0,1.0,32765,9000.0,sedan,7,1,2,0.0,real_source
318763,26-39,female,majority,10-19y,none,middle class,0.4873745004671126,1.0,before 2015,0.0,1.0,10238,11000.0,sedan,2,0,0,0.0,real_source
870749,40-64,male,minority,10-19y,university,upper class,0.4726022884043881,1.0,after 2015,1.0,1.0,92101,13000.0,sedan,0,0,1,0.0,real_source
85101,16-25,male,majority,0-9y,university,middle class,0.6382422175811462,1.0,before 2015,0.0,0.0,10238,16000.0,sedan,0,0,0,1.0,real_source
293682,40-64,female,majority,10-19y,university,upper class,0.7465264960252933,1.0,after 2015,1.0,1.0,32765,9000.0,sedan,2,0,0,0.0,real_source
423263,26-39,male,majority,10-19y,high school,middle class,0.3934523371870868,0.0,before 2015,1.0,1.0,10238,,sedan,0,1,2,1.0,real_source
779137,26-39,male,minority,10-19y,high school,poverty,0.211156277328606,0.0,before 2015,0.0,1.0,10238,12000.0,sedan,2,0,6,0.0,real_source
306489,65+,female,majority,30y+,high school,upper class,0.6648867528914758,1.0,after 2015,0.0,1.0,32765,13000.0,sedan,3,1,0,0.0,real_source
515280,65+,male,majority,30y+,university,upper class,0.5278907977249014,1.0,after 2015,0.0,1.0,10238,12000.0,sedan,4,2,9,0.0,real_source
446330,65+,female,majority,20-29y,high school,upper class,0.6173145975434446,1.0,after 2015,1.0,1.0,10238,7000.0,sedan,3,0,1,0.0,real_source
374072,40-64,male,majority,20-29y,high school,middle class,0.5031786410700181,0.0,after 2015,0.0,1.0,32765,11000.0,sedan,4,0,1,0.0,real_source
336053,65+,female,majority,10-19y,high school,upper class,0.7342287523012491,1.0,after 2015,1.0,1.0,10238,10000.0,sports car,3,0,0,0.0,real_source
708613,40-64,female,minority,0-9y,none,working class,0.4297041296211053,0.0,before 2015,0.0,0.0,10238,13000.0,sedan,0,0,0,1.0,real_source
514864,40-64,male,majority,20-29y,high school,working class,0.3765403600723969,0.0,before 2015,1.0,0.0,10238,7000.0,sedan,1,0,5,0.0,real_source
133216,40-64,female,majority,0-9y,high school,poverty,0.3219845293205334,0.0,before 2015,0.0,0.0,10238,15000.0,sedan,0,0,0,1.0,real_source
861873,26-39,male,majority,10-19y,high school,working class,0.4453013136753866,1.0,before 2015,1.0,0.0,32765,11000.0,sports car,1,0,1,0.0,real_source
917512,40-64,female,majority,20-29y,high school,upper class,0.5445201947373133,1.0,before 2015,1.0,1.0,32765,8000.0,sedan,6,0,1,0.0,real_source
821738,26-39,male,majority,10-19y,high school,poverty,0.3324021696730569,0.0,before 2015,0.0,1.0,10238,11000.0,sedan,2,0,3,1.0,real_source
481960,40-64,female,majority,0-9y,high school,working class,0.4138142523036839,1.0,before 2015,1.0,1.0,10238,11000.0,sedan,0,0,0,1.0,real_source
335937,65+,female,majority,0-9y,university,upper class,0.5448183748224494,0.0,after 2015,0.0,0.0,32765,10000.0,sedan,0,0,0,1.0,real_source
483065,65+,female,majority,10-19y,none,middle class,,0.0,before 2015,0.0,0.0,32765,,sedan,2,1,0,1.0,real_source
251082,16-25,female,majority,0-9y,high school,working class,0.4615080079476523,0.0,before 2015,0.0,0.0,10238,11000.0,sedan,0,0,0,1.0,real_source
859653,16-25,male,majority,0-9y,none,middle class,0.4868827078558148,0.0,before 2015,0.0,0.0,92101,15000.0,sedan,0,0,0,1.0,real_source
986376,40-64,female,majority,20-29y,high school,upper class,,1.0,after 2015,1.0,1.0,10238,8000.0,sedan,2,1,3,0.0,real_source
146993,40-64,male,majority,20-29y,high school,middle class,0.5826401515017708,0.0,after 2015,0.0,1.0,10238,12000.0,sedan,0,1,3,0.0,real_source
697272,40-64,male,majority,20-29y,none,upper class,0.6724867135077509,1.0,after 2015,0.0,0.0,32765,11000.0,sedan,3,1,2,0.0,real_source
723028,16-25,male,majority,0-9y,none,poverty,0.27904158935576,0.0,before 2015,0.0,0.0,10238,14000.0,sports car,0,0,0,1.0,real_source
866196,40-64,female,majority,20-29y,none,working class,0.4924897200845917,0.0,after 2015,1.0,1.0,32765,4000.0,sedan,4,1,2,0.0,real_source
975805,40-64,male,majority,20-29y,university,upper class,0.7442115208443449,1.0,before 2015,1.0,1.0,32765,5000.0,sedan,9,0,1,0.0,real_source
728398,65+,female,majority,0-9y,high school,upper class,0.6745078429339224,0.0,after 2015,1.0,1.0,10238,10000.0,sedan,0,0,0,0.0,real_source
251778,16-25,male,majority,0-9y,none,poverty,0.3821187918865734,1.0,before 2015,0.0,0.0,10238,15000.0,sedan,0,0,0,1.0,real_source
587520,26-39,male,majority,0-9y,high school,middle class,0.6086626027203363,1.0,before 2015,1.0,1.0,10238,9000.0,sedan,0,0,0,1.0,real_source
906069,26-39,female,majority,10-19y,university,middle class,,1.0,before 2015,1.0,1.0,10238,16000.0,sedan,1,0,0,0.0,real_source
742822,16-25,male,majority,0-9y,high school,working class,0.3039588631859176,1.0,before 2015,0.0,1.0,32765,8000.0,sedan,0,0,0,1.0,real_source
253738,65+,female,minority,20-29y,high school,upper class,0.5899205210584967,0.0,before 2015,0.0,1.0,92101,11000.0,sedan,1,0,0,0.0,real_source
684569,40-64,female,majority,0-9y,high school,poverty,0.4012988307736721,0.0,after 2015,0.0,1.0,32765,9000.0,sedan,0,0,0,0.0,real_source
814717,26-39,male,majority,0-9y,none,poverty,0.2643138656043106,0.0,after 2015,0.0,0.0,10238,14000.0,sedan,0,0,0,1.0,real_source
521762,40-64,female,majority,20-29y,high school,middle class,0.4863440762977281,1.0,before 2015,1.0,1.0,10238,12000.0,sedan,4,0,3,0.0,real_source
595172,65+,female,majority,30y+,university,upper class,0.5652465474664438,1.0,before 2015,1.0,1.0,10238,8000.0,sports car,4,1,5,0.0,real_source
307599,40-64,male,minority,20-29y,none,working class,0.3820656655474345,1.0,before 2015,0.0,1.0,10238,10000.0,sedan,4,0,3,0.0,real_source
377806,26-39,female,majority,10-19y,none,working class,0.5445743815776852,1.0,before 2015,1.0,1.0,32765,11000.0,sedan,4,1,0,0.0,real_source
496158,40-64,male,majority,10-19y,high school,upper class,0.6024901864339096,1.0,after 2015,1.0,1.0,32765,6000.0,sedan,5,0,1,0.0,real_source
731992,65+,female,majority,30y+,high school,upper class,0.6252172502532076,0.0,after 2015,1.0,1.0,32765,9000.0,sedan,6,1,1,0.0,real_source
604531,40-64,female,minority,20-29y,high school,working class,0.5169487326404102,1.0,before 2015,1.0,1.0,10238,13000.0,sedan,0,0,6,0.0,real_source
88703,65+,female,majority,30y+,high school,middle class,0.5118266870864377,1.0,after 2015,1.0,0.0,10238,16000.0,sedan,0,0,1,0.0,real_source
608612,40-64,male,majority,20-29y,university,upper class,0.6212782629746098,0.0,before 2015,1.0,0.0,10238,,sedan,4,1,1,0.0,real_source
192887,40-64,female,majority,20-29y,university,upper class,0.6932490173877479,1.0,before 2015,0.0,1.0,10238,13000.0,sedan,0,0,0,0.0,real_source
285246,26-39,male,majority,0-9y,high school,middle class,0.6960700670567235,0.0,after 2015,1.0,1.0,32765,8000.0,sports car,0,0,0,1.0,real_source
298416,26-39,female,majority,0-9y,high school,working class,0.5159645552273564,1.0,before 2015,0.0,0.0,10238,17000.0,sedan,0,0,0,0.0,real_source
490886,40-64,female,minority,0-9y,university,upper class,0.6911987777696117,1.0,after 2015,0.0,1.0,10238,11000.0,sedan,0,0,0,0.0,real_source
605508,16-25,female,majority,0-9y,high school,working class,0.4412123904579842,1.0,after 2015,0.0,0.0,10238,14000.0,sedan,0,0,0,0.0,real_source
717225,65+,female,majority,10-19y,university,upper class,0.6286553954831501,1.0,after 2015,1.0,1.0,10238,13000.0,sedan,0,0,0,0.0,real_source
191501,26-39,female,majority,10-19y,high school,working class,0.4878101589182866,1.0,before 2015,1.0,1.0,10238,,sedan,1,0,2,0.0,real_source
359804,65+,male,minority,30y+,university,upper class,0.6722376653279449,1.0,before 2015,1.0,1.0,10238,,sedan,3,1,6,0.0,real_source
786837,26-39,male,minority,10-19y,high school,working class,0.3883915867099435,0.0,before 2015,1.0,0.0,10238,10000.0,sedan,1,0,2,0.0,real_source
864007,16-25,female,majority,0-9y,none,poverty,0.2729819143341314,0.0,before 2015,0.0,0.0,10238,12000.0,sedan,0,0,0,1.0,real_source
850079,16-25,female,majority,0-9y,high school,poverty,,0.0,before 2015,0.0,0.0,10238,13000.0,sedan,0,0,0,1.0,real_source
281285,65+,male,majority,0-9y,high school,upper class,0.4532770856218067,1.0,before 2015,1.0,1.0,10238,10000.0,sedan,0,0,0,1.0,real_source
946205,26-39,female,minority,10-19y,high school,middle class,0.5947499468018604,1.0,after 2015,1.0,0.0,10238,11000.0,sedan,1,0,0,0.0,real_source
741619,26-39,female,majority,10-19y,university,upper class,0.5303668303302399,1.0,after 2015,1.0,1.0,92101,14000.0,sedan,0,0,0,0.0,real_source
432684,40-64,male,majority,0-9y,university,upper class,0.5794646580865822,1.0,after 2015,1.0,0.0,10238,11000.0,sedan,0,0,0,0.0,real_source
424224,65+,male,majority,30y+,university,upper class,,1.0,before 2015,1.0,1.0,10238,11000.0,sedan,6,1,5,0.0,real_source
611990,16-25,female,majority,0-9y,university,middle class,0.5137678770981265,1.0,before 2015,0.0,1.0,10238,17000.0,sedan,0,0,0,1.0,real_source
868539,16-25,male,majority,0-9y,none,poverty,,0.0,before 2015,0.0,1.0,10238,7000.0,sedan,0,0,0,1.0,real_source
705254,26-39,male,majority,10-19y,university,upper class,0.5792421978398589,1.0,before 2015,0.0,1.0,10238,11000.0,sedan,1,0,3,0.0,real_source
103781,16-25,male,majority,0-9y,high school,middle class,0.6541748007987723,0.0,before 2015,0.0,1.0,32765,10000.0,sedan,0,0,0,1.0,real_source
156431,26-39,male,majority,10-19y,high school,middle class,0.4806155375047561,1.0,before 2015,1.0,1.0,32765,11000.0,sedan,5,0,3,0.0,real_source
532528,26-39,female,majority,10-19y,high school,working class,,1.0,before 2015,0.0,1.0,10238,,sedan,0,0,0,0.0,real_source
678798,16-25,female,majority,0-9y,high school,poverty,0.2955426897086224,0.0,after 2015,0.0,1.0,10238,10000.0,sedan,0,0,0,0.0,real_source
629251,65+,female,majority,10-19y,university,upper class,0.7827092836569918,1.0,after 2015,0.0,1.0,10238,17000.0,sedan,0,0,0,0.0,real_source
991745,26-39,male,majority,0-9y,high school,working class,0.3753517321705752,0.0,before 2015,0.0,0.0,10238,14000.0,sedan,0,0,0,1.0,real_source
259052,26-39,male,majority,0-9y,high school,middle class,0.3833508257351754,0.0,after 2015,0.0,0.0,10238,19000.0,sedan,0,0,0,1.0,real_source
535774,65+,male,majority,0-9y,university,upper class,0.7563542562715098,1.0,before 2015,1.0,1.0,10238,13000.0,sedan,0,0,0,0.0,real_source
721594,65+,male,majority,0-9y,university,upper class,0.5856176485260333,1.0,before 2015,1.0,1.0,10238,14000.0,sedan,0,0,0,1.0,real_source
673511,40-64,male,majority,20-29y,high school,upper class,,1.0,after 2015,1.0,1.0,10238,14000.0,sedan,3,0,0,0.0,real_source
883553,26-39,male,majority,10-19y,none,poverty,0.4686611361796674,1.0,before 2015,0.0,1.0,10238,,sedan,1,0,2,1.0,real_source
605412,26-39,female,minority,10-19y,high school,poverty,0.1492983955982136,1.0,before 2015,0.0,1.0,32765,8000.0,sedan,2,0,0,0.0,real_source
530755,16-25,male,majority,0-9y,high school,poverty,,0.0,before 2015,1.0,1.0,10238,12000.0,sedan,0,0,0,1.0,real_source
795950,40-64,female,majority,20-29y,university,upper class,0.6583678439104292,1.0,before 2015,0.0,1.0,10238,14000.0,sedan,0,0,5,0.0,real_source
418382,40-64,female,majority,10-19y,university,upper class,0.5891292628484673,1.0,before 2015,1.0,1.0,10238,10000.0,sedan,0,0,1,0.0,real_source
826866,40-64,male,majority,10-19y,university,upper class,0.5893876630741981,0.0,after 2015,0.0,1.0,92101,8000.0,sedan,2,0,1,0.0,real_source
548322,16-25,female,majority,0-9y,university,middle class,0.4738224847809606,1.0,before 2015,1.0,1.0,10238,8000.0,sedan,0,0,0,1.0,real_source
949000,40-64,female,majority,0-9y,none,middle class,0.5158429508195949,1.0,before 2015,0.0,1.0,10238,,sedan,0,0,0,1.0,real_source
440086,40-64,female,majority,20-29y,high school,upper class,,1.0,before 2015,0.0,1.0,21217,12000.0,sedan,0,0,1,1.0,real_source
167040,26-39,male,majority,10-19y,none,working class,0.3577290600870002,1.0,before 2015,1.0,1.0,10238,8000.0,sports car,3,2,1,0.0,real_source
631893,16-25,female,majority,0-9y,none,poverty,0.4648339417669041,1.0,before 2015,1.0,1.0,10238,11000.0,sedan,0,0,0,0.0,real_source
264695,16-25,male,majority,0-9y,high school,poverty,0.3438278859742953,0.0,before 2015,0.0,0.0,32765,7000.0,sedan,0,0,0,1.0,real_source
986522,16-25,male,majority,0-9y,university,poverty,0.1364496536239104,1.0,before 2015,0.0,0.0,10238,13000.0,sedan,0,0,0,1.0,real_source
182355,65+,female,majority,30y+,university,upper class,0.7254229013302661,1.0,before 2015,1.0,1.0,10238,11000.0,sedan,2,0,3,0.0,real_source
635062,40-64,male,majority,20-29y,university,upper class,0.5600486595069087,1.0,after 2015,0.0,1.0,10238,13000.0,sedan,3,1,0,0.0,real_source
800070,40-64,male,majority,20-29y,high school,middle class,0.5877156569116971,1.0,after 2015,1.0,1.0,10238,13000.0,sedan,3,1,4,0.0,real_source
114349,65+,male,majority,30y+,university,upper class,0.7046726751659493,1.0,before 2015,1.0,1.0,32765,9000.0,sedan,10,0,2,0.0,real_source
681452,65+,male,majority,30y+,university,upper class,0.4525296615233908,1.0,before 2015,1.0,1.0,10238,9000.0,sedan,6,0,3,0.0,real_source
442082,26-39,female,minority,10-19y,high school,middle class,0.4795366164624789,0.0,before 2015,0.0,1.0,32765,10000.0,sedan,4,1,0,0.0,real_source
743872,16-25,male,majority,0-9y,high school,poverty,0.4174330967561421,0.0,before 2015,0.0,0.0,10238,14000.0,sedan,0,0,0,1.0,real_source
691177,26-39,male,majority,0-9y,university,middle class,,0.0,after 2015,0.0,1.0,32765,12000.0,sedan,0,0,0,1.0,real_source
773278,16-25,female,majority,0-9y,high school,middle class,0.5685720734723521,0.0,before 2015,0.0,0.0,10238,15000.0,sedan,0,0,0,1.0,real_source
290900,26-39,female,majority,10-19y,none,poverty,0.1932637946609026,0.0,before 2015,0.0,1.0,10238,18000.0,sedan,2,0,0,1.0,real_source
417562,26-39,male,majority,0-9y,high school,working class,0.3419832683410649,0.0,before 2015,0.0,1.0,32765,9000.0,sports car,0,0,0,1.0,real_source
459817,65+,female,majority,30y+,university,upper class,0.6746038512731639,0.0,after 2015,1.0,1.0,10238,5000.0,sedan,3,0,2,0.0,real_source
761268,40-64,male,majority,20-29y,university,upper class,0.6408449598274882,1.0,after 2015,1.0,1.0,10238,12000.0,sedan,1,0,3,0.0,real_source
73883,26-39,female,majority,10-19y,university,upper class,0.687002119857287,0.0,before 2015,1.0,1.0,10238,9000.0,sedan,1,1,1,1.0,real_source
77030,65+,female,majority,30y+,high school,upper class,,1.0,before 2015,1.0,1.0,10238,14000.0,sedan,0,0,0,0.0,real_source
615853,26-39,male,majority,10-19y,high school,middle class,0.6429874754669701,0.0,before 2015,1.0,1.0,10238,7000.0,sedan,2,0,1,0.0,real_source
874967,40-64,male,majority,10-19y,high school,upper class,0.5543798388624734,1.0,after 2015,1.0,1.0,10238,11000.0,sedan,0,0,3,0.0,real_source
898437,40-64,female,majority,10-19y,high school,upper class,0.6552932165806191,1.0,before 2015,1.0,1.0,10238,13000.0,sports car,0,0,0,0.0,real_source
217175,26-39,male,majority,10-19y,high school,working class,,0.0,before 2015,0.0,0.0,10238,10000.0,sedan,0,0,6,1.0,real_source
990159,65+,male,majority,30y+,high school,upper class,0.6573853491786664,1.0,before 2015,1.0,1.0,10238,9000.0,sedan,7,0,8,0.0,real_source
764678,26-39,female,majority,0-9y,university,upper class,0.5574748514861921,0.0,before 2015,0.0,0.0,10238,12000.0,sedan,0,0,0,1.0,real_source
86144,26-39,male,majority,10-19y,high school,upper class,0.6570524604022507,1.0,before 2015,1.0,1.0,10238,,sedan,1,0,2,0.0,real_source
509621,16-25,male,majority,0-9y,university,upper class,0.8324736259336839,0.0,before 2015,0.0,0.0,10238,16000.0,sedan,0,0,0,1.0,real_source
891551,65+,male,majority,30y+,university,upper class,0.6460011119753553,1.0,before 2015,1.0,1.0,32765,9000.0,sedan,10,1,7,0.0,real_source
378713,40-64,male,majority,20-29y,university,upper class,0.5369467752841159,0.0,before 2015,0.0,1.0,10238,12000.0,sedan,0,0,1,0.0,real_source
158167,40-64,female,majority,20-29y,university,upper class,0.7031338233006582,1.0,after 2015,1.0,1.0,32765,11000.0,sedan,1,0,0,0.0,real_source
434663,16-25,female,majority,0-9y,none,poverty,0.4519727445496761,1.0,before 2015,0.0,1.0,32765,8000.0,sedan,0,0,0,1.0,real_source
636547,40-64,female,majority,20-29y,high school,working class,0.5660057779321281,1.0,before 2015,1.0,1.0,32765,10000.0,sedan,6,1,2,0.0,real_source
823976,26-39,female,majority,10-19y,high school,working class,0.6027156169402226,1.0,after 2015,0.0,1.0,32765,12000.0,sedan,3,1,0,0.0,real_source
455772,16-25,male,majority,0-9y,none,working class,0.1875823533910216,0.0,before 2015,0.0,0.0,10238,11000.0,sedan,0,0,0,1.0,real_source
213810,65+,male,majority,0-9y,university,upper class,0.6036059274152892,1.0,before 2015,1.0,1.0,10238,13000.0,sedan,0,0,0,0.0,real_source
158376,65+,male,majority,30y+,university,middle class,0.4477053890232973,1.0,before 2015,0.0,1.0,32765,7000.0,sedan,15,3,4,0.0,real_source
427006,26-39,male,majority,10-19y,high school,working class,0.4078819608139088,1.0,after 2015,0.0,0.0,10238,19000.0,sedan,1,0,1,0.0,real_source
63974,16-25,female,majority,0-9y,high school,working class,0.5288387700729013,1.0,before 2015,0.0,0.0,10238,10000.0,sedan,0,0,0,0.0,real_source
805276,26-39,female,majority,10-19y,high school,upper class,0.676160013744914,1.0,after 2015,0.0,1.0,10238,11000.0,sedan,1,0,1,0.0,real_source
583101,26-39,male,majority,10-19y,university,upper class,0.6855797056639448,1.0,after 2015,0.0,0.0,10238,8000.0,sedan,0,0,1,0.0,real_source
668720,40-64,male,majority,20-29y,none,poverty,0.3994501842011815,0.0,before 2015,0.0,1.0,32765,6000.0,sedan,6,0,1,0.0,real_source
607845,26-39,female,majority,10-19y,university,upper class,0.7008514124485435,1.0,before 2015,0.0,1.0,32765,10000.0,sedan,3,0,1,1.0,real_source
670700,65+,female,minority,30y+,high school,upper class,0.6434371626965216,1.0,after 2015,1.0,1.0,10238,12000.0,sedan,3,0,2,0.0,real_source
326011,65+,female,majority,0-9y,university,upper class,0.6214174409227621,1.0,before 2015,0.0,1.0,10238,13000.0,sedan,0,0,0,0.0,real_source
945740,65+,male,majority,10-19y,high school,upper class,0.541304357097057,1.0,after 2015,1.0,1.0,10238,9000.0,sedan,2,0,1,0.0,real_source
344794,40-64,female,majority,20-29y,university,upper class,0.6204086890787407,1.0,before 2015,1.0,1.0,10238,9000.0,sedan,1,0,2,0.0,real_source
177148,40-64,female,majority,20-29y,university,upper class,0.5338654736182742,1.0,before 2015,1.0,1.0,92101,10000.0,sedan,1,0,0,0.0,real_source
150711,40-64,male,majority,0-9y,university,upper class,0.7225487582439879,1.0,before 2015,1.0,1.0,10238,10000.0,sedan,0,0,0,1.0,real_source
973965,65+,female,majority,20-29y,high school,upper class,0.7841761491780819,1.0,before 2015,1.0,1.0,32765,9000.0,sedan,5,2,2,0.0,real_source
430755,65+,male,majority,0-9y,high school,upper class,0.6938163129324197,1.0,before 2015,1.0,1.0,10238,12000.0,sedan,0,0,0,1.0,real_source
916023,40-64,female,majority,20-29y,high school,middle class,0.4211679240729149,1.0,after 2015,0.0,1.0,10238,14000.0,sedan,2,0,1,0.0,real_source
719837,40-64,female,majority,10-19y,none,working class,0.2204538818988185,1.0,before 2015,0.0,1.0,32765,13000.0,sedan,2,0,1,0.0,real_source
23290,65+,female,minority,30y+,university,upper class,0.5834885559070871,0.0,before 2015,1.0,1.0,32765,6000.0,sedan,10,1,0,0.0,real_source
953565,40-64,male,majority,0-9y,university,upper class,0.6989439112198247,0.0,after 2015,1.0,1.0,10238,12000.0,sedan,0,0,0,1.0,real_source
502316,65+,male,majority,0-9y,high school,upper class,0.6798410052926959,1.0,before 2015,1.0,1.0,10238,12000.0,sedan,0,0,0,1.0,real_source
47765,40-64,female,majority,20-29y,university,upper class,0.5778229934730744,1.0,before 2015,1.0,1.0,10238,16000.0,sports car,0,1,1,0.0,real_source
81259,16-25,female,majority,0-9y,high school,poverty,0.2330229015651575,0.0,before 2015,0.0,0.0,10238,15000.0,sedan,0,0,0,1.0,real_source
727756,65+,female,majority,30y+,high school,upper class,0.698753939728787,1.0,before 2015,0.0,1.0,10238,15000.0,sedan,2,0,2,0.0,real_source
622522,16-25,male,majority,0-9y,university,upper class,0.6132586436138389,1.0,before 2015,1.0,0.0,10238,11000.0,sedan,0,0,0,1.0,real_source
984445,40-64,male,majority,20-29y,none,middle class,0.4256611086148646,1.0,before 2015,1.0,1.0,92101,,sedan,1,1,0,0.0,real_source
71781,16-25,male,majority,0-9y,university,middle class,0.4350460544954154,1.0,after 2015,0.0,1.0,32765,10000.0,sedan,0,0,0,0.0,real_source
294545,40-64,female,majority,10-19y,university,upper class,0.6505476285271355,1.0,before 2015,1.0,1.0,10238,13000.0,sedan,0,0,0,0.0,real_source
829301,40-64,male,majority,20-29y,high school,upper class,0.6129652656266467,1.0,after 2015,1.0,0.0,32765,14000.0,sedan,6,3,0,0.0,real_source
266689,26-39,male,majority,0-9y,high school,working class,0.3765336761885949,0.0,before 2015,1.0,1.0,10238,7000.0,sedan,0,0,0,1.0,real_source
314491,26-39,female,majority,10-19y,high school,middle class,0.6108047334413801,1.0,before 2015,1.0,1.0,10238,10000.0,sedan,0,0,2,0.0,real_source
331100,40-64,female,majority,20-29y,university,upper class,0.5895865051589461,1.0,after 2015,0.0,1.0,10238,14000.0,sedan,1,0,1,0.0,real_source
30599,40-64,male,majority,10-19y,university,upper class,0.5589151573032936,0.0,after 2015,1.0,1.0,10238,12000.0,sedan,5,0,2,0.0,real_source
73810,40-64,male,minority,20-29y,high school,upper class,0.5215891002294921,1.0,before 2015,1.0,0.0,10238,7000.0,sedan,4,2,6,0.0,real_source
217333,16-25,male,majority,0-9y,university,working class,0.5321012540018394,1.0,before 2015,0.0,1.0,10238,16000.0,sedan,0,0,0,1.0,real_source
465150,65+,male,majority,30y+,university,middle class,0.561353084181797,1.0,before 2015,1.0,1.0,10238,6000.0,sedan,8,0,9,0.0,real_source
465998,26-39,female,majority,10-19y,high school,middle class,0.5398349390130314,1.0,before 2015,1.0,1.0,10238,9000.0,sedan,1,0,0,0.0,real_source
866608,16-25,male,majority,0-9y,high school,poverty,0.1921586821692091,1.0,after 2015,0.0,0.0,32765,15000.0,sedan,0,0,0,0.0,real_source
65518,16-25,female,majority,0-9y,high school,poverty,,1.0,before 2015,0.0,1.0,10238,9000.0,sedan,0,0,0,1.0,real_source
647035,26-39,female,majority,10-19y,high school,middle class,,1.0,before 2015,1.0,1.0,10238,9000.0,sedan,1,1,2,0.0,real_source
961078,26-39,female,majority,10-19y,university,upper class,0.6341680695053508,1.0,before 2015,1.0,0.0,10238,8000.0,sedan,0,0,1,0.0,real_source
918977,26-39,male,majority,0-9y,university,working class,0.3324202407398227,1.0,before 2015,1.0,1.0,32765,6000.0,sedan,0,0,0,1.0,real_source
66436,40-64,female,majority,20-29y,none,middle class,0.6969278624817129,1.0,before 2015,1.0,1.0,10238,8000.0,sedan,2,0,1,0.0,real_source
991767,65+,male,majority,30y+,high school,upper class,0.5077832022402061,1.0,after 2015,1.0,1.0,32765,9000.0,sedan,8,3,2,0.0,real_source
149822,40-64,male,majority,20-29y,university,upper class,0.5368074511707565,1.0,before 2015,1.0,1.0,32765,10000.0,sedan,5,2,6,0.0,real_source
154730,16-25,male,majority,0-9y,high school,working class,0.5225798430981168,0.0,before 2015,0.0,1.0,10238,15000.0,sedan,0,0,0,1.0,real_source
39769,65+,female,majority,30y+,university,upper class,0.7063009021300406,1.0,before 2015,0.0,1.0,32765,13000.0,sedan,3,0,0,0.0,real_source
384750,26-39,female,majority,10-19y,none,poverty,0.2519206257754629,1.0,before 2015,0.0,0.0,10238,16000.0,sedan,1,0,1,1.0,real_source
702990,65+,male,majority,0-9y,university,upper class,0.6287896754571439,1.0,before 2015,1.0,1.0,10238,12000.0,sedan,0,0,0,1.0,real_source
460039,16-25,male,majority,0-9y,none,poverty,0.3474697376210051,1.0,before 2015,1.0,1.0,10238,9000.0,sedan,0,0,0,1.0,real_source
747358,40-64,male,minority,10-19y,university,upper class,0.5918523820851359,1.0,after 2015,1.0,0.0,10238,13000.0,sedan,0,0,2,0.0,real_source
893038,40-64,female,majority,0-9y,high school,upper class,0.5999650374288553,1.0,after 2015,0.0,0.0,10238,14000.0,sedan,0,0,0,0.0,real_source
191998,26-39,male,minority,10-19y,high school,middle class,,1.0,before 2015,0.0,1.0,10238,,sedan,2,0,2,0.0,real_source
187211,65+,female,majority,30y+,high school,working class,0.5754871515595443,1.0,before 2015,0.0,1.0,10238,15000.0,sedan,1,0,0,0.0,real_source
233586,40-64,male,majority,20-29y,high school,poverty,0.227390576405316,1.0,before 2015,1.0,1.0,92101,7000.0,sedan,1,0,1,0.0,real_source
721087,40-64,female,majority,10-19y,high school,middle class,0.5459357710295333,1.0,before 2015,0.0,1.0,10238,11000.0,sedan,0,0,0,0.0,real_source
8464,65+,male,majority,10-19y,university,upper class,,1.0,after 2015,1.0,1.0,10238,,sedan,3,0,2,0.0,real_source
881654,16-25,female,majority,0-9y,university,poverty,0.3934557420190439,1.0,before 2015,0.0,0.0,32765,16000.0,sedan,0,0,0,0.0,real_source
45171,40-64,female,minority,10-19y,university,upper class,0.5861167283031539,0.0,before 2015,0.0,1.0,92101,10000.0,sedan,1,0,0,0.0,real_source
192271,40-64,female,majority,20-29y,none,middle class,0.5310233106225158,1.0,before 2015,1.0,1.0,10238,12000.0,sedan,0,3,2,0.0,real_source
475662,40-64,female,majority,10-19y,university,upper class,0.6000842789359292,0.0,before 2015,1.0,1.0,10238,13000.0,sports car,1,0,1,0.0,real_source
961235,26-39,female,majority,10-19y,university,middle class,0.582925835203462,1.0,before 2015,0.0,0.0,10238,12000.0,sports car,0,0,1,0.0,real_source
255743,65+,male,majority,30y+,high school,middle class,,1.0,after 2015,0.0,1.0,10238,11000.0,sedan,4,1,8,0.0,real_source
265584,40-64,female,majority,20-29y,high school,upper class,0.623114483961224,0.0,before 2015,1.0,1.0,10238,10000.0,sedan,1,0,0,0.0,real_source
855349,26-39,male,majority,10-19y,high school,middle class,0.7534458230449081,1.0,before 2015,0.0,0.0,32765,12000.0,sedan,4,0,1,0.0,real_source
769911,26-39,male,majority,10-19y,high school,working class,0.3110188615272209,0.0,before 2015,1.0,1.0,10238,10000.0,sedan,1,0,1,0.0,real_source
757194,40-64,female,minority,0-9y,university,upper class,0.5172018166072347,1.0,after 2015,1.0,1.0,32765,6000.0,sedan,0,0,0,0.0,real_source
883171,26-39,female,minority,0-9y,high school,poverty,0.4351756628940996,1.0,before 2015,0.0,0.0,10238,15000.0,sports car,0,0,0,1.0,real_source
762763,65+,female,majority,0-9y,high school,upper class,0.8191348424366404,1.0,before 2015,1.0,1.0,92101,11000.0,sedan,0,0,0,0.0,real_source
10200,40-64,male,majority,20-29y,university,upper class,0.5224505032873228,0.0,before 2015,1.0,0.0,10238,9000.0,sedan,2,0,6,0.0,real_source
992984,16-25,male,minority,0-9y,none,poverty,0.2869913071211769,0.0,before 2015,0.0,1.0,10238,13000.0,sedan,0,0,0,1.0,real_source
525671,26-39,male,majority,10-19y,university,upper class,0.6559616128626896,1.0,after 2015,1.0,1.0,32765,7000.0,sedan,2,1,1,0.0,real_source
331467,26-39,male,majority,0-9y,none,poverty,0.298678278073503,0.0,before 2015,0.0,0.0,10238,16000.0,sedan,0,0,0,1.0,real_source
348410,26-39,male,majority,10-19y,university,middle class,0.5310501101632631,1.0,after 2015,0.0,1.0,10238,15000.0,sedan,2,0,0,0.0,real_source
493739,65+,male,majority,10-19y,university,upper class,0.499660137787076,1.0,before 2015,1.0,1.0,10238,10000.0,sedan,2,0,6,0.0,real_source
297223,40-64,male,majority,20-29y,high school,working class,,1.0,before 2015,0.0,1.0,10238,10000.0,sedan,3,0,4,0.0,real_source
362279,26-39,male,minority,10-19y,high school,poverty,0.2114238848505276,1.0,before 2015,1.0,1.0,10238,8000.0,sedan,0,0,0,0.0,real_source
406897,16-25,female,majority,0-9y,none,poverty,0.2536832327772527,1.0,before 2015,0.0,0.0,10238,14000.0,sedan,0,0,0,1.0,real_source
541163,16-25,male,majority,0-9y,high school,working class,0.3089742693210341,1.0,before 2015,0.0,0.0,32765,11000.0,sedan,0,0,0,1.0,real_source
69241,26-39,male,majority,0-9y,university,upper class,0.6588498265607253,1.0,before 2015,1.0,1.0,10238,9000.0,sedan,0,0,0,1.0,real_source
414015,26-39,male,majority,10-19y,university,upper class,0.6131174592847092,1.0,before 2015,0.0,0.0,21217,12000.0,sports car,1,0,0,1.0,real_source
949958,16-25,female,majority,0-9y,none,poverty,0.4516269504827541,0.0,before 2015,0.0,0.0,10238,16000.0,sedan,0,0,0,1.0,real_source
593282,16-25,female,majority,0-9y,university,middle class,,0.0,before 2015,0.0,0.0,10238,17000.0,sedan,0,0,0,1.0,real_source
310616,65+,female,majority,10-19y,high school,upper class,0.4419299636477104,1.0,before 2015,1.0,1.0,10238,10000.0,sedan,0,0,0,0.0,real_source
927587,40-64,male,majority,10-19y,university,middle class,,1.0,after 2015,0.0,1.0,10238,12000.0,sedan,2,0,2,0.0,real_source
917153,16-25,male,majority,0-9y,none,poverty,0.2667602155246711,0.0,before 2015,0.0,0.0,10238,16000.0,sedan,0,0,0,1.0,real_source
47113,65+,female,majority,30y+,university,upper class,0.6073189894709127,0.0,before 2015,1.0,1.0,10238,17000.0,sedan,2,0,2,0.0,real_source
614012,40-64,male,majority,10-19y,university,upper class,0.5350458989224304,1.0,before 2015,1.0,1.0,10238,8000.0,sedan,1,2,4,0.0,real_source
103722,40-64,female,majority,20-29y,high school,middle class,0.5750947360282379,1.0,before 2015,1.0,1.0,10238,,sedan,0,0,2,0.0,real_source
192230,65+,female,majority,0-9y,high school,upper class,,1.0,before 2015,0.0,1.0,10238,12000.0,sedan,0,0,0,1.0,real_source
622701,40-64,female,majority,0-9y,none,working class,0.5183478114535179,0.0,after 2015,0.0,1.0,10238,12000.0,sedan,0,0,0,1.0,real_source
893682,26-39,male,majority,10-19y,university,middle class,0.6852652060543032,1.0,before 2015,0.0,1.0,10238,17000.0,sedan,1,0,0,0.0,real_source
25547,16-25,female,majority,0-9y,none,poverty,0.3412755827959321,0.0,before 2015,0.0,1.0,32765,12000.0,sedan,0,0,0,1.0,real_source
184319,16-25,male,majority,0-9y,university,middle class,0.518727948796731,1.0,before 2015,0.0,1.0,92101,14000.0,sedan,0,0,0,1.0,real_source
768080,26-39,male,majority,10-19y,university,middle class,0.2036673764213594,1.0,after 2015,0.0,1.0,10238,13000.0,sedan,0,0,2,0.0,real_source
520811,16-25,female,majority,0-9y,none,poverty,0.5240612874798722,0.0,before 2015,0.0,0.0,32765,15000.0,sports car,0,0,0,1.0,real_source
736894,16-25,female,majority,0-9y,none,poverty,0.4859360660215372,0.0,before 2015,0.0,1.0,10238,11000.0,sedan,0,0,0,1.0,real_source
431213,26-39,female,minority,10-19y,high school,upper class,0.6819701244577162,1.0,after 2015,1.0,0.0,32765,12000.0,sedan,0,0,1,0.0,real_source
250947,26-39,female,majority,10-19y,high school,middle class,0.5467610803924773,1.0,after 2015,0.0,1.0,10238,16000.0,sedan,0,0,1,0.0,real_source
118207,65+,male,majority,30y+,university,upper class,,1.0,after 2015,1.0,1.0,10238,12000.0,sedan,8,1,1,0.0,real_source
30051,40-64,male,majority,20-29y,university,upper class,0.6302062062076871,1.0,after 2015,1.0,1.0,10238,12000.0,sedan,3,0,3,0.0,real_source
572525,65+,male,majority,30y+,high school,middle class,0.6952820041732881,1.0,before 2015,0.0,1.0,10238,12000.0,sedan,10,1,5,0.0,real_source
776955,26-39,female,majority,10-19y,high school,middle class,,0.0,before 2015,1.0,1.0,10238,16000.0,sedan,0,0,0,0.0,real_source
797155,26-39,female,majority,10-19y,high school,poverty,0.3122205327867228,1.0,before 2015,0.0,0.0,10238,15000.0,sedan,0,1,1,0.0,real_source
317561,65+,male,majority,30y+,university,upper class,0.5624884776539817,1.0,before 2015,1.0,1.0,32765,6000.0,sedan,17,2,2,0.0,real_source
929121,40-64,female,majority,20-29y,university,upper class,0.5487401616880897,1.0,after 2015,0.0,1.0,10238,12000.0,sedan,2,0,0,0.0,real_source
957766,40-64,female,majority,20-29y,university,middle class,0.5494002432161839,1.0,before 2015,1.0,1.0,10238,8000.0,sports car,0,0,1,0.0,real_source
930316,26-39,male,majority,10-19y,high school,middle class,0.4610850663254849,1.0,before 2015,0.0,0.0,32765,12000.0,sedan,0,0,0,0.0,real_source
737825,40-64,male,majority,10-19y,university,upper class,0.5511064646902994,0.0,before 2015,1.0,1.0,10238,9000.0,sedan,1,0,3,0.0,real_source
558222,26-39,female,majority,10-19y,none,poverty,0.4171531938610161,0.0,before 2015,1.0,0.0,10238,11000.0,sedan,0,0,0,1.0,real_source
676411,65+,female,majority,30y+,high school,upper class,0.7048660209412088,1.0,before 2015,1.0,1.0,32765,10000.0,sedan,3,0,1,0.0,real_source
799058,16-25,female,majority,0-9y,high school,working class,0.2552813983535689,0.0,before 2015,0.0,1.0,10238,10000.0,sedan,0,0,0,1.0,real_source
563923,16-25,female,majority,0-9y,high school,poverty,0.219474431539439,0.0,before 2015,1.0,0.0,10238,15000.0,sedan,0,0,0,0.0,real_source
145590,65+,male,majority,30y+,university,upper class,0.5769851119276853,1.0,after 2015,1.0,1.0,10238,11000.0,sedan,2,0,3,0.0,real_source
822944,40-64,female,majority,20-29y,high school,upper class,0.5635429652490147,1.0,after 2015,1.0,1.0,32765,6000.0,sedan,1,0,2,0.0,real_source
89556,40-64,male,majority,20-29y,high school,upper class,0.7304737066855177,0.0,before 2015,1.0,1.0,10238,9000.0,sedan,3,0,5,0.0,real_source
792349,65+,female,majority,20-29y,university,upper class,,1.0,before 2015,1.0,1.0,32765,7000.0,sedan,4,1,1,0.0,real_source
835584,26-39,female,majority,10-19y,high school,poverty,0.4297305787175271,0.0,before 2015,0.0,0.0,10238,17000.0,sedan,0,0,0,0.0,real_source
628311,26-39,male,majority,10-19y,high school,poverty,,1.0,before 2015,1.0,1.0,10238,12000.0,sedan,2,0,0,0.0,real_source
265151,65+,female,minority,30y+,none,middle class,0.3573674053757103,1.0,after 2015,0.0,0.0,10238,14000.0,sedan,2,0,1,0.0,real_source
981118,16-25,female,majority,0-9y,high school,poverty,0.3979969052622514,0.0,before 2015,0.0,1.0,92101,10000.0,sedan,0,0,0,1.0,real_source
18985,40-64,male,majority,20-29y,high school,working class,0.353037465751883,0.0,before 2015,0.0,1.0,10238,14000.0,sedan,0,0,2,0.0,real_source
943745,40-64,female,majority,10-19y,none,working class,0.5112240535268353,0.0,before 2015,0.0,1.0,10238,,sports car,0,0,0,1.0,real_source
192473,65+,female,majority,30y+,university,upper class,0.6745265624555116,1.0,after 2015,1.0,1.0,32765,10000.0,sedan,6,2,1,0.0,real_source
630765,26-39,male,majority,10-19y,none,middle class,0.5046098109552535,0.0,before 2015,0.0,1.0,10238,8000.0,sedan,2,0,4,0.0,real_source
551055,65+,male,majority,0-9y,university,upper class,0.5540804042745787,1.0,after 2015,0.0,1.0,10238,14000.0,sedan,0,0,0,0.0,real_source
802517,40-64,female,majority,20-29y,none,poverty,0.4952437707500946,0.0,before 2015,0.0,1.0,10238,16000.0,sedan,1,0,0,0.0,real_source
112200,65+,female,majority,30y+,none,middle class,0.378504877194302,1.0,before 2015,1.0,1.0,10238,12000.0,sedan,4,2,2,0.0,real_source
945619,26-39,female,majority,10-19y,high school,middle class,0.6943885556325824,0.0,after 2015,1.0,1.0,10238,10000.0,sedan,2,0,1,0.0,real_source
380265,26-39,female,majority,0-9y,high school,working class,,1.0,before 2015,0.0,0.0,10238,12000.0,sedan,0,0,0,0.0,real_source
381865,26-39,male,majority,10-19y,university,middle class,0.6341069822933729,0.0,after 2015,0.0,0.0,32765,15000.0,sports car,4,0,2,1.0,real_source
240493,26-39,male,majority,10-19y,none,working class,0.3833086645172717,0.0,before 2015,0.0,1.0,10238,9000.0,sedan,1,0,3,0.0,real_source
778864,65+,female,minority,0-9y,university,upper class,0.3895896430375335,1.0,after 2015,0.0,1.0,10238,,sedan,0,0,0,0.0,real_source
316532,16-25,male,majority,0-9y,high school,poverty,0.3211351863308945,0.0,before 2015,0.0,1.0,32765,11000.0,sedan,0,0,0,1.0,real_source
123802,40-64,male,minority,0-9y,high school,middle class,0.6488951900742446,1.0,before 2015,1.0,1.0,10238,12000.0,sedan,0,0,0,1.0,real_source
286,16-25,male,minority,0-9y,university,poverty,0.2762350064240472,0.0,before 2015,0.0,1.0,10238,13000.0,sedan,0,0,0,1.0,real_source
34790,16-25,female,majority,0-9y,none,poverty,0.1882399427662648,1.0,before 2015,0.0,1.0,10238,14000.0,sedan,0,0,0,1.0,real_source
578035,40-64,female,majority,20-29y,high school,upper class,0.6211206784777938,1.0,before 2015,1.0,1.0,10238,10000.0,sedan,1,1,2,0.0,real_source
86139,40-64,male,majority,0-9y,high school,upper class,0.5082979278654464,1.0,before 2015,1.0,1.0,92101,11000.0,sedan,0,0,0,1.0,real_source
845873,65+,female,majority,20-29y,high school,upper class,0.7033636214554146,1.0,after 2015,0.0,1.0,10238,10000.0,sedan,1,0,0,0.0,real_source
634428,16-25,female,majority,0-9y,high school,poverty,0.25244026019421,0.0,after 2015,1.0,0.0,10238,14000.0,sedan,0,0,0,1.0,real_source
796413,16-25,male,majority,0-9y,none,poverty,,1.0,after 2015,0.0,1.0,92101,10000.0,sedan,0,0,0,1.0,real_source
970143,65+,male,majority,0-9y,university,upper class,0.6603034733296376,1.0,after 2015,1.0,1.0,10238,,sedan,0,0,0,0.0,real_source
311442,16-25,male,majority,0-9y,university,upper class,0.5625408006602023,0.0,after 2015,1.0,1.0,10238,13000.0,sedan,0,0,0,1.0,real_source
631430,26-39,female,majority,10-19y,none,middle class,0.4650176410950612,1.0,after 2015,0.0,0.0,32765,,sedan,1,0,0,0.0,real_source
595493,40-64,female,majority,0-9y,university,upper class,0.5910270591496051,1.0,after 2015,1.0,1.0,10238,9000.0,sedan,0,0,0,0.0,real_source
47896,16-25,female,majority,0-9y,high school,working class,0.5416544222018453,1.0,before 2015,0.0,1.0,10238,15000.0,sedan,0,0,0,1.0,real_source
133368,26-39,male,majority,10-19y,university,middle class,,1.0,after 2015,1.0,1.0,10238,12000.0,sedan,1,0,1,0.0,real_source
384342,65+,female,majority,20-29y,university,upper class,0.512923620015934,1.0,before 2015,1.0,1.0,32765,6000.0,sedan,6,0,0,0.0,real_source
878076,16-25,female,minority,0-9y,none,poverty,0.2988157227487647,0.0,before 2015,1.0,1.0,10238,11000.0,sedan,0,0,0,1.0,real_source
343971,65+,male,majority,30y+,university,upper class,0.6254673939107617,1.0,after 2015,1.0,1.0,92101,9000.0,sedan,4,0,2,0.0,real_source
971841,40-64,female,majority,20-29y,university,upper class,0.5602501519114655,1.0,after 2015,1.0,1.0,10238,15000.0,sedan,1,0,1,0.0,real_source
305028,65+,female,minority,10-19y,university,upper class,0.5822057363830183,1.0,after 2015,1.0,1.0,10238,13000.0,sedan,0,0,3,0.0,real_source
775336,16-25,male,majority,0-9y,none,poverty,0.3155345576766409,0.0,before 2015,0.0,0.0,10238,12000.0,sedan,0,0,0,1.0,real_source
892650,65+,male,minority,10-19y,high school,working class,0.2222805271146608,0.0,after 2015,0.0,1.0,10238,16000.0,sedan,1,0,0,0.0,real_source
381711,26-39,female,majority,0-9y,university,upper class,0.5185065699921058,1.0,after 2015,0.0,0.0,32765,12000.0,sedan,0,0,0,0.0,real_source
219625,65+,male,majority,20-29y,university,upper class,0.4807566449040954,1.0,before 2015,1.0,1.0,10238,10000.0,sedan,4,0,3,0.0,real_source
321057,40-64,male,majority,20-29y,university,upper class,0.5720389751390466,1.0,before 2015,1.0,1.0,32765,7000.0,sedan,13,0,1,0.0,real_source
27809,26-39,male,majority,10-19y,university,upper class,0.7011064219380432,1.0,before 2015,0.0,0.0,10238,16000.0,sedan,0,0,2,1.0,real_source
937771,26-39,male,majority,10-19y,high school,upper class,0.5411583382830242,1.0,after 2015,0.0,1.0,10238,10000.0,sedan,1,0,2,0.0,real_source
242782,65+,male,majority,0-9y,high school,upper class,0.6862062120756587,1.0,after 2015,1.0,1.0,10238,7000.0,sedan,0,0,0,0.0,real_source
547164,40-64,female,majority,20-29y,high school,upper class,0.4945546402758661,1.0,after 2015,0.0,0.0,32765,13000.0,sedan,2,1,0,0.0,real_source
695059,40-64,male,majority,10-19y,university,upper class,0.3835885249830328,1.0,before 2015,0.0,1.0,32765,6000.0,sedan,7,1,1,0.0,real_source
71485,16-25,female,majority,0-9y,none,poverty,0.4461151066196652,0.0,before 2015,1.0,0.0,10238,9000.0,sedan,0,0,0,0.0,real_source
315430,40-64,female,majority,0-9y,none,working class,0.4705707177894082,1.0,before 2015,0.0,1.0,10238,12000.0,sedan,0,0,0,0.0,real_source
40864,40-64,male,majority,0-9y,university,upper class,0.5356041396005512,1.0,before 2015,1.0,0.0,32765,8000.0,sedan,0,0,0,1.0,real_source
377739,65+,male,majority,20-29y,university,upper class,0.7017103211541736,1.0,before 2015,1.0,1.0,32765,8000.0,sedan,9,1,3,0.0,real_source
236599,26-39,male,majority,10-19y,high school,middle class,0.5897009791045345,1.0,before 2015,1.0,1.0,10238,10000.0,sedan,0,0,3,0.0,real_source
863474,40-64,male,majority,10-19y,university,upper class,0.7133739757784759,0.0,before 2015,0.0,0.0,10238,10000.0,sedan,4,0,1,0.0,real_source
403691,26-39,female,majority,10-19y,high school,middle class,0.4744787874496229,1.0,before 2015,1.0,1.0,10238,15000.0,sedan,1,0,0,0.0,real_source
806638,26-39,female,majority,10-19y,none,middle class,0.5921887867818202,1.0,after 2015,0.0,0.0,10238,15000.0,sedan,0,0,0,0.0,real_source
953868,65+,female,majority,30y+,university,upper class,0.731143593597601,1.0,before 2015,1.0,0.0,10238,10000.0,sedan,4,1,3,0.0,real_source
342282,16-25,male,majority,0-9y,university,working class,0.471124315994713,0.0,before 2015,0.0,1.0,10238,,sedan,0,0,0,1.0,real_source
685698,26-39,female,majority,10-19y,university,upper class,,1.0,after 2015,1.0,0.0,32765,7000.0,sedan,6,0,1,1.0,real_source
311662,16-25,male,majority,0-9y,none,poverty,0.2730959922696246,0.0,before 2015,0.0,1.0,10238,14000.0,sedan,0,0,0,1.0,real_source
10486,40-64,male,majority,20-29y,university,upper class,0.5731585837938462,0.0,after 2015,1.0,1.0,32765,9000.0,sedan,9,0,3,0.0,real_source
674205,16-25,female,minority,0-9y,high school,working class,0.4209013627520005,0.0,after 2015,0.0,1.0,32765,8000.0,sedan,0,0,0,0.0,real_source
631816,26-39,female,majority,10-19y,high school,middle class,0.6706576625870653,1.0,after 2015,1.0,1.0,32765,10000.0,sedan,2,0,2,0.0,real_source
902936,65+,female,majority,10-19y,university,upper class,0.7672585842304487,1.0,after 2015,1.0,1.0,10238,12000.0,sedan,0,0,0,0.0,real_source
544845,40-64,male,majority,0-9y,university,upper class,0.4756558061235115,0.0,before 2015,0.0,1.0,32765,,sedan,0,0,0,1.0,real_source
311880,16-25,male,majority,0-9y,none,poverty,0.3357969699282221,0.0,before 2015,0.0,0.0,32765,,sedan,0,0,0,1.0,real_source
726987,65+,male,majority,30y+,high school,upper class,0.6133628265829758,1.0,after 2015,1.0,1.0,10238,11000.0,sedan,5,1,3,0.0,real_source
756603,26-39,female,majority,10-19y,high school,poverty,0.3837809456894412,0.0,before 2015,0.0,1.0,10238,16000.0,sedan,0,0,0,1.0,real_source
99647,16-25,female,majority,0-9y,high school,poverty,0.3183171447890638,0.0,before 2015,0.0,0.0,10238,15000.0,sedan,0,0,0,0.0,real_source
507419,26-39,female,majority,0-9y,university,upper class,0.4089763414208628,1.0,after 2015,0.0,0.0,10238,13000.0,sports car,0,0,0,0.0,real_source
841430,40-64,female,majority,20-29y,none,middle class,0.5113500653183151,0.0,before 2015,1.0,1.0,10238,11000.0,sedan,1,0,2,0.0,real_source
376004,16-25,female,majority,0-9y,high school,working class,,1.0,before 2015,0.0,1.0,10238,9000.0,sedan,0,0,0,0.0,real_source
551195,65+,male,majority,30y+,university,upper class,0.7012927943446796,1.0,before 2015,0.0,0.0,10238,15000.0,sedan,3,0,2,0.0,real_source
184971,40-64,male,majority,10-19y,university,upper class,0.7051030113696413,1.0,before 2015,0.0,0.0,10238,12000.0,sedan,0,0,2,0.0,real_source
17816,26-39,female,majority,10-19y,university,middle class,0.4766142689481032,1.0,before 2015,0.0,1.0,10238,,sedan,0,0,1,0.0,real_source
475210,16-25,male,minority,0-9y,none,poverty,0.3190279628767566,0.0,before 2015,0.0,1.0,10238,,sedan,0,0,0,1.0,real_source
741721,16-25,female,majority,0-9y,none,working class,0.328418073012308,1.0,after 2015,0.0,1.0,10238,12000.0,sedan,0,0,0,0.0,real_source
184176,26-39,female,majority,10-19y,high school,poverty,0.3449776885977702,0.0,before 2015,0.0,0.0,10238,18000.0,sedan,1,0,1,0.0,real_source
118620,26-39,male,majority,10-19y,university,upper class,,1.0,before 2015,1.0,1.0,32765,9000.0,sedan,3,0,0,1.0,real_source
551808,16-25,female,majority,0-9y,high school,middle class,,1.0,before 2015,0.0,0.0,10238,16000.0,sedan,0,0,0,0.0,real_source
679272,26-39,male,majority,0-9y,none,working class,0.3743936063114605,0.0,before 2015,0.0,0.0,32765,11000.0,sedan,0,0,0,1.0,real_source
401740,40-64,male,majority,0-9y,university,upper class,0.6917153580916104,1.0,before 2015,1.0,1.0,10238,13000.0,sedan,0,0,0,0.0,real_source
134351,65+,male,majority,20-29y,university,upper class,0.5306257372859773,0.0,after 2015,0.0,1.0,92101,14000.0,sedan,3,0,0,0.0,real_source
670374,65+,male,majority,0-9y,high school,upper class,0.4255919544188486,1.0,after 2015,1.0,1.0,32765,10000.0,sedan,0,0,0,1.0,real_source
72351,65+,male,majority,30y+,high school,upper class,0.6678303790199109,1.0,after 2015,1.0,1.0,32765,6000.0,sedan,11,0,3,0.0,real_source
140258,40-64,male,majority,0-9y,university,upper class,0.5782552015622614,1.0,before 2015,1.0,1.0,10238,11000.0,sedan,0,0,0,1.0,real_source
163684,40-64,male,majority,20-29y,university,middle class,0.5962146153227567,1.0,before 2015,1.0,1.0,10238,14000.0,sedan,0,0,0,0.0,real_source
454863,40-64,male,majority,20-29y,university,upper class,0.6497793515077945,0.0,after 2015,1.0,1.0,32765,9000.0,sedan,1,1,2,0.0,real_source
533249,40-64,female,majority,10-19y,high school,middle class,0.5101622025093533,1.0,after 2015,1.0,0.0,32765,7000.0,sedan,0,0,1,0.0,real_source
874998,65+,male,majority,10-19y,none,upper class,0.6436708526397987,1.0,after 2015,1.0,1.0,10238,,sedan,1,1,1,0.0,real_source
666386,40-64,male,majority,20-29y,high school,upper class,0.6405034643072922,1.0,after 2015,1.0,1.0,10238,,sedan,4,0,1,0.0,real_source
650235,26-39,female,majority,10-19y,university,middle class,0.5428523404936632,1.0,after 2015,0.0,1.0,10238,12000.0,sedan,1,0,2,0.0,real_source
558054,65+,female,majority,30y+,university,upper class,0.7506033319372304,1.0,before 2015,1.0,1.0,10238,10000.0,sedan,3,1,4,0.0,real_source
412162,26-39,female,majority,10-19y,university,working class,0.4077076280539558,0.0,before 2015,1.0,1.0,10238,,sedan,0,0,0,0.0,real_source
991473,40-64,female,majority,10-19y,none,upper class,,0.0,after 2015,0.0,1.0,10238,14000.0,sedan,0,0,0,0.0,real_source
157813,16-25,female,majority,0-9y,university,poverty,0.457857964989568,1.0,before 2015,0.0,0.0,10238,14000.0,sports car,0,0,0,0.0,real_source
332683,16-25,female,majority,0-9y,university,middle class,,1.0,before 2015,0.0,1.0,10238,10000.0,sedan,0,0,0,0.0,real_source
423856,40-64,female,minority,0-9y,none,working class,0.3272417923694733,1.0,before 2015,1.0,1.0,10238,,sedan,0,0,0,0.0,real_source
455221,26-39,female,majority,10-19y,high school,middle class,0.5840403247120649,0.0,before 2015,1.0,1.0,10238,13000.0,sedan,1,0,2,1.0,real_source
90159,16-25,female,majority,0-9y,none,poverty,,0.0,before 2015,0.0,0.0,10238,19000.0,sedan,0,0,0,1.0,real_source
698383,40-64,male,majority,0-9y,university,upper class,0.5358475482846472,0.0,after 2015,1.0,0.0,10238,8000.0,sedan,0,0,0,1.0,real_source
432502,16-25,male,majority,0-9y,university,working class,0.5015063517354761,0.0,before 2015,0.0,0.0,10238,13000.0,sports car,0,0,0,1.0,real_source
75820,65+,male,majority,30y+,university,upper class,0.6242329315836803,1.0,before 2015,1.0,1.0,10238,8000.0,sedan,1,0,3,0.0,real_source
62005,26-39,female,majority,0-9y,high school,working class,0.3909113322714408,1.0,before 2015,0.0,1.0,10238,15000.0,sedan,0,0,0,0.0,real_source
180479,16-25,female,majority,0-9y,high school,working class,0.4289009998146446,0.0,before 2015,0.0,0.0,10238,15000.0,sedan,0,0,0,1.0,real_source
105788,65+,male,majority,0-9y,university,upper class,0.5654244916892083,1.0,after 2015,1.0,1.0,10238,8000.0,sedan,0,0,0,0.0,real_source
888987,26-39,female,majority,10-19y,university,upper class,0.5692360723379172,1.0,after 2015,1.0,0.0,32765,12000.0,sedan,0,0,0,0.0,real_source
159532,65+,female,majority,20-29y,high school,upper class,0.6980697717017305,1.0,before 2015,1.0,0.0,10238,12000.0,sedan,0,1,1,0.0,real_source
488136,40-64,male,majority,20-29y,university,upper class,0.6191711566143016,1.0,before 2015,0.0,1.0,92101,17000.0,sedan,0,0,0,0.0,real_source
184115,40-64,male,majority,0-9y,university,upper class,0.6169771021803357,1.0,before 2015,1.0,1.0,10238,7000.0,sedan,0,0,0,0.0,real_source
9128,40-64,female,majority,20-29y,high school,middle class,0.4743480011240882,0.0,after 2015,1.0,1.0,10238,9000.0,sedan,1,0,1,0.0,real_source
546140,16-25,male,majority,0-9y,university,middle class,0.5369003787000691,0.0,before 2015,0.0,1.0,32765,10000.0,sedan,0,0,0,1.0,real_source
582402,26-39,female,majority,10-19y,university,upper class,0.6449057726588217,1.0,after 2015,0.0,0.0,10238,13000.0,sedan,0,0,1,0.0,real_source
87473,26-39,male,majority,10-19y,none,poverty,0.3603104623934349,0.0,before 2015,0.0,0.0,32765,14000.0,sedan,2,0,1,1.0,real_source
717551,40-64,male,majority,0-9y,university,upper class,0.6957185478775785,1.0,after 2015,1.0,1.0,10238,12000.0,sedan,0,0,0,0.0,real_source
530970,26-39,male,majority,0-9y,none,working class,0.4515197420397469,0.0,before 2015,0.0,0.0,10238,13000.0,sedan,0,0,0,1.0,real_source
704098,65+,female,minority,30y+,high school,upper class,0.7548499523076003,1.0,before 2015,1.0,1.0,10238,8000.0,sports car,3,1,2,0.0,real_source
352454,26-39,female,majority,10-19y,high school,upper class,0.4694892859395923,1.0,before 2015,0.0,0.0,10238,14000.0,sedan,0,0,0,0.0,real_source
772474,26-39,male,majority,10-19y,high school,poverty,0.3983986936411343,0.0,before 2015,1.0,1.0,10238,11000.0,sedan,1,0,1,0.0,real_source
477976,16-25,male,majority,0-9y,high school,poverty,,0.0,before 2015,0.0,1.0,32765,,sedan,0,0,0,1.0,real_source
871873,16-25,female,majority,0-9y,none,poverty,0.1572774333743463,1.0,before 2015,0.0,0.0,10238,13000.0,sedan,0,0,0,0.0,real_source
446423,40-64,female,majority,20-29y,none,middle class,0.4871334705412062,1.0,before 2015,0.0,1.0,10238,13000.0,sedan,0,0,0,0.0,real_source
614581,26-39,male,majority,10-19y,university,middle class,0.5794335341572858,1.0,before 2015,0.0,1.0,10238,11000.0,sedan,2,0,2,1.0,real_source
186769,16-25,female,majority,0-9y,high school,poverty,0.355637235170655,0.0,before 2015,0.0,1.0,10238,,sedan,0,0,0,1.0,real_source
76364,16-25,female,majority,0-9y,university,working class,0.6053899688373013,1.0,before 2015,0.0,0.0,10238,15000.0,sedan,0,0,0,0.0,real_source
581821,65+,female,majority,20-29y,university,upper class,0.6547218915043161,0.0,after 2015,1.0,1.0,10238,,sedan,0,0,0,0.0,real_source
502443,65+,female,minority,10-19y,high school,middle class,0.4353571128139281,1.0,before 2015,1.0,1.0,10238,9000.0,sedan,0,0,0,0.0,real_source
314241,16-25,male,majority,0-9y,university,poverty,0.4093076060130435,1.0,before 2015,0.0,0.0,10238,12000.0,sedan,0,0,0,1.0,real_source
843780,65+,female,majority,20-29y,high school,middle class,,1.0,before 2015,0.0,1.0,10238,12000.0,sedan,2,1,2,0.0,real_source
588241,40-64,male,majority,10-19y,university,upper class,0.7424759866684622,1.0,after 2015,1.0,1.0,10238,12000.0,sedan,0,0,2,0.0,real_source
937766,16-25,female,majority,0-9y,high school,poverty,0.3123294192491464,0.0,before 2015,0.0,1.0,21217,9000.0,sedan,0,0,0,1.0,real_source
709224,26-39,female,majority,10-19y,none,middle class,0.6270912878053272,1.0,after 2015,0.0,1.0,32765,9000.0,sports car,1,0,0,0.0,real_source
8618,26-39,female,minority,10-19y,university,upper class,0.7048714803406341,1.0,after 2015,0.0,0.0,32765,8000.0,sedan,1,0,0,0.0,real_source
829698,26-39,male,majority,10-19y,high school,middle class,0.3648952891745238,1.0,before 2015,1.0,1.0,32765,9000.0,sedan,5,1,1,1.0,real_source
658150,26-39,male,majority,10-19y,none,poverty,0.3351710892003408,0.0,after 2015,0.0,1.0,10238,13000.0,sedan,2,0,1,0.0,real_source
25959,40-64,male,majority,0-9y,university,upper class,0.5933425287960671,1.0,before 2015,1.0,1.0,10238,11000.0,sports car,0,0,0,1.0,real_source
849780,40-64,male,majority,0-9y,university,upper class,0.5633384695516879,1.0,before 2015,1.0,0.0,10238,10000.0,sedan,0,0,0,1.0,real_source
88282,26-39,female,majority,10-19y,high school,poverty,0.1274177169396,0.0,before 2015,0.0,0.0,92101,13000.0,sedan,3,0,4,0.0,real_source
694933,26-39,female,majority,10-19y,none,poverty,0.3912789861842823,0.0,before 2015,1.0,1.0,10238,9000.0,sedan,0,0,1,0.0,real_source
175995,16-25,female,majority,0-9y,none,working class,,0.0,before 2015,0.0,0.0,10238,14000.0,sedan,0,0,0,1.0,real_source
10585,40-64,female,majority,20-29y,university,upper class,0.5666251871294878,1.0,after 2015,1.0,0.0,10238,13000.0,sedan,1,0,0,0.0,real_source
859400,65+,female,majority,30y+,university,upper class,,1.0,before 2015,1.0,1.0,32765,6000.0,sedan,11,1,1,0.0,real_source
974638,65+,male,majority,0-9y,high school,upper class,0.6780482549923134,1.0,after 2015,1.0,1.0,10238,10000.0,sedan,0,0,0,0.0,real_source
585379,65+,female,majority,10-19y,high school,upper class,0.5694637281652679,0.0,before 2015,1.0,1.0,32765,8000.0,sedan,3,0,0,1.0,real_source
161766,40-64,female,majority,20-29y,none,working class,0.3167766915660789,1.0,after 2015,0.0,1.0,92101,12000.0,sedan,3,1,2,0.0,real_source
860897,40-64,male,majority,20-29y,university,upper class,0.6267889000650932,1.0,before 2015,1.0,1.0,10238,10000.0,sedan,5,0,3,0.0,real_source
5195,40-64,female,majority,0-9y,university,upper class,0.5640824695825345,1.0,after 2015,1.0,1.0,32765,6000.0,sports car,0,0,0,0.0,real_source
480896,40-64,female,majority,10-19y,none,working class,,0.0,before 2015,0.0,1.0,10238,11000.0,sedan,0,0,1,0.0,real_source
608703,65+,female,majority,20-29y,none,upper class,0.7676325928262623,1.0,before 2015,1.0,1.0,10238,,sedan,1,0,0,0.0,real_source
563413,26-39,male,majority,10-19y,none,working class,,1.0,before 2015,0.0,1.0,10238,8000.0,sedan,1,0,1,0.0,real_source
140764,26-39,male,majority,10-19y,none,poverty,,0.0,before 2015,0.0,0.0,10238,12000.0,sedan,1,0,1,1.0,real_source
290615,26-39,male,minority,10-19y,high school,working class,0.3637033471776875,0.0,before 2015,0.0,1.0,10238,12000.0,sedan,2,0,2,1.0,real_source
988795,26-39,male,majority,10-19y,university,middle class,0.4334373332918408,1.0,before 2015,0.0,0.0,32765,13000.0,sports car,1,0,1,0.0,real_source
263950,26-39,male,majority,10-19y,high school,working class,0.5099082074730983,1.0,after 2015,0.0,0.0,10238,12000.0,sedan,1,1,4,0.0,real_source
488928,16-25,male,majority,0-9y,none,poverty,0.3491647332402468,0.0,before 2015,0.0,1.0,10238,13000.0,sedan,0,0,0,1.0,real_source
253805,40-64,female,majority,20-29y,high school,middle class,0.614593254535845,1.0,before 2015,0.0,1.0,10238,13000.0,sedan,1,0,1,0.0,real_source
346658,16-25,female,majority,0-9y,high school,middle class,0.4998626811775605,1.0,before 2015,0.0,1.0,10238,14000.0,sedan,0,0,0,0.0,real_source
266723,40-64,female,majority,20-29y,university,upper class,0.7568497361321834,1.0,after 2015,0.0,1.0,10238,16000.0,sedan,0,1,2,0.0,real_source
94106,26-39,female,majority,0-9y,university,middle class,0.6989972463423352,1.0,before 2015,1.0,1.0,10238,10000.0,sedan,0,0,0,0.0,real_source
956081,26-39,female,minority,10-19y,high school,poverty,0.2868040259094392,0.0,before 2015,0.0,0.0,10238,17000.0,sedan,0,0,2,1.0,real_source
114580,65+,male,majority,30y+,university,upper class,0.5820103077860838,1.0,before 2015,1.0,1.0,92101,10000.0,sedan,3,2,1,0.0,real_source
456703,40-64,female,majority,20-29y,none,poverty,0.5076361069588037,0.0,before 2015,1.0,1.0,32765,7000.0,sedan,6,0,0,0.0,real_source
264463,26-39,male,minority,10-19y,none,working class,0.3162075142100888,0.0,before 2015,1.0,1.0,10238,10000.0,sedan,1,0,4,1.0,real_source
580209,40-64,male,minority,10-19y,high school,upper class,0.7243925070753335,1.0,after 2015,1.0,1.0,10238,7000.0,sedan,2,0,4,0.0,real_source
326435,40-64,female,majority,20-29y,none,working class,0.5494309987122562,0.0,before 2015,0.0,0.0,32765,8000.0,sedan,4,1,2,0.0,real_source
480276,65+,female,majority,20-29y,university,upper class,0.5604292078171568,0.0,after 2015,1.0,1.0,32765,9000.0,sedan,0,1,0,0.0,real_source
881811,16-25,female,majority,0-9y,high school,poverty,0.3176442547991809,0.0,before 2015,0.0,0.0,10238,18000.0,sedan,0,0,0,1.0,real_source
354854,16-25,male,minority,0-9y,none,poverty,0.3097904471078935,1.0,before 2015,0.0,0.0,32765,10000.0,sedan,0,0,0,1.0,real_source
682240,40-64,female,majority,20-29y,high school,upper class,0.5891640296111545,1.0,before 2015,0.0,1.0,10238,11000.0,sedan,0,0,3,0.0,real_source
669186,40-64,male,majority,0-9y,university,upper class,0.5999925100888724,1.0,before 2015,0.0,1.0,10238,10000.0,sedan,0,0,0,1.0,real_source
285501,16-25,female,majority,0-9y,none,poverty,0.4379223036779929,0.0,before 2015,0.0,0.0,32765,13000.0,sedan,0,0,0,1.0,real_source
593292,16-25,female,majority,0-9y,none,poverty,0.3404890676156737,0.0,before 2015,0.0,1.0,32765,10000.0,sedan,0,0,0,1.0,real_source
53151,65+,male,majority,20-29y,high school,upper class,0.6551869767464442,1.0,before 2015,1.0,1.0,32765,9000.0,sedan,3,0,1,0.0,real_source
742412,40-64,female,majority,20-29y,high school,middle class,0.4450427635109293,1.0,before 2015,0.0,0.0,10238,14000.0,sedan,1,1,1,0.0,real_source
898555,16-25,female,majority,0-9y,high school,working class,,1.0,before 2015,1.0,0.0,10238,12000.0,sedan,0,0,0,0.0,real_source
685826,16-25,male,majority,0-9y,high school,poverty,0.2980386470250772,0.0,before 2015,0.0,0.0,10238,15000.0,sedan,0,0,0,1.0,real_source
650607,26-39,female,majority,10-19y,high school,working class,0.2918006114647601,1.0,before 2015,0.0,1.0,10238,11000.0,sedan,0,0,2,0.0,real_source
470627,26-39,male,majority,10-19y,none,working class,0.5756097026465881,0.0,before 2015,0.0,1.0,10238,12000.0,sedan,3,1,4,1.0,real_source
762382,26-39,male,majority,10-19y,university,middle class,0.662974125323889,1.0,after 2015,1.0,1.0,32765,8000.0,sports car,4,0,3,0.0,real_source
69295,40-64,male,majority,20-29y,university,middle class,0.4378821691036571,1.0,before 2015,0.0,0.0,10238,11000.0,sedan,2,0,7,0.0,real_source
568413,26-39,male,majority,10-19y,university,middle class,0.5412294511207146,0.0,before 2015,0.0,0.0,10238,13000.0,sedan,3,0,0,1.0,real_source
427575,16-25,male,majority,0-9y,university,middle class,0.60882895731083,1.0,after 2015,0.0,0.0,10238,14000.0,sedan,0,0,0,0.0,real_source
624500,40-64,male,majority,0-9y,none,working class,0.4764828551296845,1.0,before 2015,1.0,1.0,10238,8000.0,sedan,0,0,0,0.0,real_source
857032,65+,female,minority,20-29y,high school,upper class,0.4349590139646847,1.0,before 2015,1.0,1.0,10238,7000.0,sedan,6,0,3,0.0,real_source
583790,26-39,female,majority,10-19y,none,working class,0.4053779920793006,1.0,before 2015,0.0,0.0,32765,13000.0,sedan,2,0,1,1.0,real_source
66507,40-64,male,majority,20-29y,university,upper class,0.4997298868124343,1.0,after 2015,0.0,1.0,10238,12000.0,sedan,0,0,2,0.0,real_source
660963,16-25,male,majority,0-9y,university,middle class,0.4637218969356029,1.0,after 2015,0.0,0.0,10238,,sedan,0,0,0,1.0,real_source
396892,16-25,male,majority,0-9y,none,poverty,0.2752720004597257,0.0,before 2015,0.0,1.0,10238,13000.0,sports car,0,0,0,1.0,real_source
787390,40-64,male,majority,20-29y,high school,working class,0.4624534606882998,1.0,before 2015,0.0,1.0,10238,12000.0,sedan,2,0,2,1.0,real_source
962897,26-39,male,majority,10-19y,high school,poverty,0.2043133963128014,1.0,before 2015,1.0,1.0,10238,10000.0,sedan,3,0,0,0.0,real_source
433224,26-39,male,majority,0-9y,high school,middle class,0.4589120361925471,1.0,after 2015,0.0,0.0,92101,16000.0,sedan,0,0,0,0.0,real_source
36679,40-64,male,majority,20-29y,university,upper class,0.6388669977066651,1.0,after 2015,0.0,0.0,10238,16000.0,sedan,3,1,2,0.0,real_source
558275,26-39,female,majority,10-19y,none,poverty,0.3437899450363883,1.0,before 2015,0.0,1.0,10238,10000.0,sedan,0,0,0,0.0,real_source
724723,16-25,female,majority,0-9y,none,poverty,,0.0,before 2015,0.0,0.0,10238,,sedan,0,0,0,1.0,real_source
738651,26-39,male,majority,10-19y,university,middle class,0.3956074818387411,1.0,after 2015,0.0,0.0,10238,15000.0,sedan,0,0,1,0.0,real_source
904742,40-64,male,majority,10-19y,high school,middle class,0.438870922090682,1.0,before 2015,1.0,1.0,10238,,sedan,2,0,2,0.0,real_source
172866,16-25,female,majority,0-9y,none,working class,0.5137348627380244,0.0,before 2015,0.0,0.0,10238,11000.0,sedan,0,0,0,1.0,real_source
277818,40-64,male,majority,10-19y,university,upper class,0.4494294839841602,1.0,before 2015,0.0,1.0,10238,,sedan,3,1,2,1.0,real_source
833465,16-25,male,majority,0-9y,university,middle class,0.4461315555362893,1.0,before 2015,0.0,0.0,10238,14000.0,sedan,0,0,0,1.0,real_source
169421,16-25,female,majority,0-9y,university,middle class,0.564717400251573,1.0,after 2015,0.0,1.0,10238,14000.0,sedan,0,0,0,0.0,real_source
461175,40-64,male,majority,20-29y,high school,middle class,0.5846008675834956,1.0,after 2015,0.0,1.0,10238,,sedan,3,2,1,0.0,real_source
768887,40-64,male,majority,10-19y,university,upper class,0.539014053718841,0.0,after 2015,1.0,1.0,10238,11000.0,sedan,2,0,4,0.0,real_source
889608,26-39,male,majority,10-19y,high school,working class,0.453471335053696,0.0,before 2015,0.0,1.0,10238,11000.0,sedan,1,0,3,1.0,real_source
529269,16-25,female,majority,0-9y,high school,working class,0.4439945158376504,1.0,before 2015,1.0,0.0,10238,12000.0,sedan,0,0,0,1.0,real_source
660589,65+,male,majority,30y+,high school,upper class,0.7095147983810901,1.0,before 2015,0.0,1.0,32765,10000.0,sedan,11,1,1,0.0,real_source
147573,16-25,male,majority,0-9y,high school,poverty,0.3412799504711933,1.0,before 2015,0.0,0.0,10238,14000.0,sedan,0,0,0,1.0,real_source
719606,26-39,male,majority,10-19y,university,upper class,0.4892065918233577,1.0,before 2015,1.0,1.0,10238,9000.0,sports car,2,1,0,0.0,real_source
946287,65+,female,majority,30y+,high school,upper class,0.4772941489448981,1.0,after 2015,1.0,1.0,32765,6000.0,sedan,5,0,1,0.0,real_source
967160,16-25,male,majority,0-9y,high school,working class,0.3308445835946743,1.0,after 2015,0.0,0.0,32765,13000.0,sedan,0,0,0,0.0,real_source
41476,65+,female,majority,10-19y,high school,middle class,,1.0,before 2015,0.0,1.0,92101,14000.0,sedan,1,1,0,0.0,real_source
71738,65+,female,majority,30y+,university,upper class,0.6096020843551448,1.0,before 2015,0.0,1.0,10238,12000.0,sedan,2,1,3,0.0,real_source
629213,26-39,female,majority,10-19y,university,upper class,0.5337010547648954,1.0,before 2015,0.0,1.0,32765,,sedan,2,0,1,1.0,real_source
287667,26-39,female,majority,0-9y,university,upper class,0.7052405615459966,1.0,before 2015,1.0,1.0,10238,10000.0,sedan,0,0,0,0.0,real_source
930890,26-39,male,majority,10-19y,none,working class,,1.0,before 2015,0.0,1.0,10238,11000.0,sedan,2,0,1,0.0,real_source
364501,26-39,male,majority,0-9y,high school,middle class,0.6947469624731197,1.0,before 2015,0.0,1.0,10238,13000.0,sedan,0,0,0,1.0,real_source
40972,65+,female,majority,30y+,university,upper class,0.4333321199941906,1.0,after 2015,0.0,1.0,10238,11000.0,sedan,3,0,2,0.0,real_source
149264,16-25,female,majority,0-9y,high school,working class,0.5339210938550758,1.0,after 2015,0.0,1.0,32765,15000.0,sedan,0,0,0,1.0,real_source
606131,16-25,female,majority,0-9y,high school,poverty,0.3145040661291375,1.0,after 2015,0.0,0.0,10238,16000.0,sedan,0,0,0,1.0,real_source
901806,16-25,female,minority,0-9y,high school,poverty,0.2525014821570652,1.0,before 2015,0.0,1.0,10238,9000.0,sedan,0,0,0,1.0,real_source
923149,65+,female,majority,0-9y,university,upper class,0.7576240019420225,1.0,before 2015,1.0,1.0,10238,14000.0,sedan,0,0,0,0.0,real_source
309220,26-39,male,minority,10-19y,none,poverty,0.4032471381863556,0.0,before 2015,0.0,0.0,10238,,sedan,2,0,2,0.0,real_source
702797,40-64,female,majority,20-29y,high school,middle class,,0.0,before 2015,1.0,1.0,32765,5000.0,sedan,3,0,3,0.0,real_source
471696,40-64,male,majority,10-19y,university,middle class,0.3803560286607813,0.0,before 2015,1.0,1.0,10238,8000.0,sedan,2,0,2,1.0,real_source
97081,26-39,male,minority,10-19y,none,poverty,0.3573810138496031,1.0,before 2015,0.0,0.0,10238,14000.0,sedan,0,1,1,1.0,real_source
698126,40-64,male,majority,20-29y,university,upper class,0.701769802887006,1.0,after 2015,1.0,1.0,10238,11000.0,sedan,3,0,3,0.0,real_source
740753,40-64,male,majority,0-9y,university,upper class,0.5427892834696217,1.0,after 2015,1.0,1.0,32765,12000.0,sedan,0,0,0,0.0,real_source
39690,40-64,female,minority,0-9y,high school,upper class,0.5792880833054858,1.0,before 2015,1.0,1.0,10238,13000.0,sedan,0,0,0,0.0,real_source
273754,16-25,male,minority,0-9y,high school,working class,0.431934300248274,1.0,before 2015,1.0,0.0,10238,13000.0,sedan,0,0,0,1.0,real_source
544613,16-25,male,majority,0-9y,high school,poverty,0.4814387645147136,0.0,before 2015,0.0,0.0,32765,13000.0,sedan,0,0,0,1.0,real_source
58313,26-39,male,minority,10-19y,high school,working class,0.4996992570022154,1.0,before 2015,0.0,0.0,10238,16000.0,sedan,2,0,0,0.0,real_source
399343,16-25,female,majority,0-9y,high school,poverty,0.3159066851342934,0.0,before 2015,0.0,0.0,32765,12000.0,sedan,0,0,0,1.0,real_source
247693,16-25,female,majority,0-9y,high school,poverty,0.487319748001361,1.0,before 2015,0.0,1.0,10238,16000.0,sedan,0,0,0,1.0,real_source
871443,40-64,female,majority,20-29y,university,upper class,,1.0,before 2015,1.0,1.0,10238,13000.0,sedan,1,0,1,0.0,real_source
835632,26-39,male,majority,10-19y,university,middle class,,0.0,before 2015,1.0,0.0,32765,12000.0,sedan,1,1,0,1.0,real_source
841651,65+,female,majority,30y+,university,upper class,0.5758531878841718,1.0,after 2015,0.0,1.0,21217,13000.0,sedan,5,0,1,1.0,real_source
565255,16-25,male,majority,0-9y,university,working class,0.4814229489382434,1.0,before 2015,0.0,1.0,10238,13000.0,sedan,0,0,0,0.0,real_source
622256,16-25,female,majority,0-9y,high school,upper class,0.591478692183566,1.0,before 2015,1.0,1.0,10238,13000.0,sedan,0,0,0,0.0,real_source
294405,40-64,male,majority,20-29y,none,poverty,0.2812613732110971,0.0,before 2015,0.0,0.0,32765,14000.0,sedan,3,1,1,0.0,real_source
563041,40-64,female,majority,0-9y,university,upper class,0.8378248302036221,1.0,after 2015,0.0,1.0,32765,,sedan,0,0,0,0.0,real_source
372710,40-64,male,majority,20-29y,high school,middle class,0.6216371393407805,1.0,before 2015,0.0,1.0,10238,16000.0,sedan,2,0,2,0.0,real_source
891189,16-25,female,majority,0-9y,high school,poverty,0.3586332739565848,1.0,before 2015,0.0,0.0,10238,15000.0,sedan,0,0,0,0.0,real_source
523455,26-39,female,majority,10-19y,high school,middle class,0.4383220370386718,0.0,before 2015,0.0,0.0,10238,17000.0,sedan,2,0,0,0.0,real_source
435966,16-25,male,majority,0-9y,high school,working class,0.5325323919648072,0.0,before 2015,0.0,0.0,10238,13000.0,sedan,0,0,0,1.0,real_source
762720,16-25,male,majority,0-9y,none,poverty,0.3071218455823236,0.0,before 2015,0.0,1.0,32765,10000.0,sedan,0,0,0,1.0,real_source
694861,40-64,male,majority,20-29y,high school,upper class,0.5299866281993799,1.0,after 2015,1.0,1.0,92101,10000.0,sedan,2,0,0,0.0,real_source
290229,40-64,female,minority,20-29y,none,poverty,0.3405721843453995,0.0,before 2015,0.0,0.0,10238,14000.0,sedan,1,0,0,1.0,real_source
840160,65+,female,majority,0-9y,high school,upper class,0.5670436317823369,1.0,before 2015,1.0,1.0,32765,,sedan,0,0,0,0.0,real_source
183967,65+,female,majority,10-19y,university,upper class,0.5912125916787476,1.0,after 2015,1.0,1.0,10238,13000.0,sedan,1,0,1,0.0,real_source
258115,40-64,male,majority,20-29y,university,upper class,0.493529174226109,1.0,before 2015,1.0,0.0,10238,8000.0,sedan,1,0,5,0.0,real_source
406487,16-25,male,majority,0-9y,high school,poverty,0.2831110621636425,1.0,before 2015,0.0,0.0,10238,12000.0,sedan,0,0,0,1.0,real_source
466544,65+,male,majority,30y+,university,upper class,0.5723337906263316,1.0,after 2015,1.0,1.0,10238,13000.0,sedan,4,0,5,0.0,real_source
999039,26-39,female,majority,10-19y,university,middle class,0.4970631199385591,1.0,before 2015,1.0,1.0,32765,8000.0,sedan,1,0,0,0.0,real_source
575033,40-64,male,majority,20-29y,high school,upper class,0.5681059173993356,0.0,before 2015,1.0,1.0,10238,9000.0,sedan,7,0,3,0.0,real_source
653396,16-25,male,majority,0-9y,high school,poverty,0.2511179744609818,1.0,before 2015,0.0,0.0,10238,14000.0,sedan,0,0,0,1.0,real_source
104896,40-64,male,majority,20-29y,high school,upper class,0.6479894267730026,1.0,after 2015,1.0,1.0,10238,14000.0,sedan,3,1,2,0.0,real_source
279225,40-64,male,majority,10-19y,high school,middle class,0.6244125383903321,1.0,before 2015,0.0,1.0,32765,11000.0,sedan,4,0,0,1.0,real_source
490664,65+,male,majority,10-19y,university,upper class,0.6530763483634806,1.0,before 2015,1.0,1.0,10238,14000.0,sedan,0,0,0,0.0,real_source
126494,65+,male,majority,30y+,university,upper class,0.4482580060581439,1.0,after 2015,0.0,1.0,32765,9000.0,sports car,19,1,0,0.0,real_source
235478,40-64,female,majority,20-29y,none,working class,0.4585473867377154,0.0,after 2015,0.0,1.0,10238,14000.0,sedan,1,0,0,0.0,real_source
25377,26-39,male,majority,0-9y,university,upper class,0.6384537592587721,1.0,after 2015,1.0,1.0,10238,7000.0,sedan,0,0,0,0.0,real_source
786160,65+,male,majority,0-9y,university,upper class,0.5556246833896312,1.0,after 2015,1.0,1.0,10238,10000.0,sedan,0,0,0,0.0,real_source
908561,40-64,male,majority,20-29y,university,working class,0.4594079459168241,0.0,before 2015,0.0,0.0,10238,14000.0,sedan,1,1,2,0.0,real_source
829918,26-39,male,majority,10-19y,high school,upper class,0.5289724613573763,1.0,before 2015,1.0,1.0,10238,10000.0,sedan,0,0,2,0.0,real_source
559866,26-39,female,majority,10-19y,high school,poverty,0.5273394341183449,0.0,before 2015,0.0,0.0,92101,15000.0,sports car,2,1,0,1.0,real_source
41553,16-25,male,majority,0-9y,high school,working class,0.2686203221878676,1.0,before 2015,0.0,0.0,10238,13000.0,sedan,0,0,0,1.0,real_source
216935,40-64,female,majority,10-19y,none,poverty,0.4556838293051873,0.0,before 2015,0.0,1.0,32765,6000.0,sedan,0,0,0,0.0,real_source
200691,16-25,male,majority,0-9y,high school,poverty,0.2619796286414177,1.0,before 2015,0.0,0.0,10238,12000.0,sedan,0,0,0,1.0,real_source
719567,40-64,female,minority,0-9y,none,poverty,0.3827473465971639,0.0,before 2015,1.0,1.0,10238,10000.0,sedan,0,0,0,1.0,real_source
118986,65+,male,majority,30y+,university,upper class,0.6243246515669466,1.0,before 2015,1.0,1.0,10238,10000.0,sedan,6,0,6,0.0,real_source
5924,26-39,female,majority,10-19y,high school,poverty,0.3250074745875112,0.0,before 2015,0.0,1.0,10238,11000.0,sedan,0,0,1,1.0,real_source
659796,40-64,female,majority,10-19y,university,middle class,,0.0,before 2015,1.0,1.0,10238,8000.0,sedan,1,0,4,0.0,real_source
406082,65+,female,majority,30y+,high school,upper class,0.748549433631923,0.0,after 2015,1.0,1.0,32765,10000.0,sedan,8,0,7,0.0,real_source
800726,65+,female,majority,30y+,university,upper class,,0.0,before 2015,1.0,1.0,32765,9000.0,sedan,9,0,0,0.0,real_source
325554,16-25,male,majority,0-9y,university,upper class,0.6345771810275116,1.0,before 2015,0.0,1.0,10238,10000.0,sedan,0,0,0,1.0,real_source
766245,16-25,male,majority,0-9y,high school,working class,0.1237946155140384,1.0,before 2015,0.0,0.0,10238,11000.0,sedan,0,0,0,1.0,real_source
17502,26-39,female,majority,10-19y,high school,middle class,0.5435232653967891,1.0,before 2015,1.0,1.0,10238,12000.0,sedan,0,0,1,0.0,real_source
33483,65+,male,majority,10-19y,university,upper class,0.765285708520443,0.0,after 2015,1.0,1.0,10238,10000.0,sedan,2,0,1,0.0,real_source
223211,40-64,female,majority,10-19y,university,upper class,0.5748734376541189,0.0,before 2015,1.0,1.0,10238,13000.0,sedan,2,0,0,0.0,real_source
479360,65+,male,majority,10-19y,university,upper class,0.6528730843357405,0.0,before 2015,1.0,1.0,10238,12000.0,sedan,0,0,2,1.0,real_source
68125,65+,male,minority,30y+,university,upper class,0.7466721713834849,1.0,after 2015,0.0,1.0,10238,17000.0,sedan,1,1,2,0.0,real_source
728209,26-39,male,majority,0-9y,none,poverty,0.3969970839837506,0.0,before 2015,0.0,0.0,10238,14000.0,sedan,0,0,0,1.0,real_source
159702,40-64,female,majority,20-29y,high school,upper class,,1.0,after 2015,1.0,1.0,10238,13000.0,sedan,1,0,1,0.0,real_source
862594,65+,male,majority,30y+,university,upper class,0.5578691421373894,1.0,before 2015,1.0,1.0,32765,,sedan,6,1,4,0.0,real_source
982150,16-25,male,majority,0-9y,university,middle class,0.4788538424981473,0.0,before 2015,1.0,0.0,10238,16000.0,sedan,0,0,0,1.0,real_source
788465,26-39,female,majority,10-19y,none,poverty,0.2983550594304999,0.0,before 2015,0.0,1.0,32765,10000.0,sedan,2,0,1,1.0,real_source
307540,40-64,male,majority,20-29y,none,upper class,0.5971950272813463,1.0,before 2015,1.0,1.0,10238,11000.0,sedan,5,1,5,0.0,real_source
113052,26-39,male,majority,0-9y,high school,middle class,0.7347001277334391,1.0,before 2015,0.0,0.0,10238,16000.0,sedan,0,0,0,1.0,real_source
902987,26-39,female,majority,0-9y,university,upper class,0.7943143735731404,1.0,after 2015,0.0,1.0,10238,11000.0,sedan,0,0,0,0.0,real_source
410728,40-64,female,majority,20-29y,high school,upper class,0.6827824260671296,1.0,after 2015,1.0,1.0,32765,9000.0,sedan,4,0,0,0.0,real_source
512062,40-64,male,majority,20-29y,high school,upper class,,1.0,before 2015,1.0,1.0,32765,10000.0,sedan,4,0,0,0.0,real_source
802909,26-39,female,minority,0-9y,none,middle class,0.3642412378627409,0.0,after 2015,0.0,0.0,10238,15000.0,sedan,0,0,0,1.0,real_source
825302,40-64,male,majority,20-29y,high school,middle class,0.5994201344209197,1.0,before 2015,0.0,1.0,10238,14000.0,sedan,3,2,1,0.0,real_source
8309,16-25,male,majority,0-9y,high school,middle class,0.5193228045087914,1.0,after 2015,0.0,1.0,92101,,sedan,0,0,0,1.0,real_source
360864,40-64,male,majority,10-19y,high school,middle class,,1.0,after 2015,0.0,1.0,10238,14000.0,sedan,0,0,1,0.0,real_source
891782,16-25,male,majority,0-9y,high school,poverty,0.1555965806036122,0.0,before 2015,0.0,0.0,10238,13000.0,sedan,0,0,0,1.0,real_source
783720,26-39,male,minority,10-19y,high school,middle class,0.5358780117500972,0.0,before 2015,0.0,1.0,10238,11000.0,sedan,0,0,1,0.0,real_source
409125,26-39,male,majority,0-9y,university,upper class,0.5714563420401908,1.0,after 2015,0.0,1.0,10238,11000.0,sedan,0,0,0,0.0,real_source
64931,65+,female,majority,30y+,university,upper class,0.6700919450647312,0.0,before 2015,1.0,1.0,92101,11000.0,sedan,1,0,1,0.0,real_source
522923,26-39,male,majority,0-9y,university,upper class,0.6447136435473335,1.0,before 2015,0.0,0.0,10238,15000.0,sedan,0,0,0,1.0,real_source
478302,65+,male,majority,30y+,university,upper class,0.5011579904510586,1.0,before 2015,1.0,1.0,10238,12000.0,sedan,7,1,4,0.0,real_source
943632,40-64,male,majority,10-19y,university,upper class,0.8382050400572787,1.0,after 2015,1.0,1.0,10238,10000.0,sedan,1,0,3,0.0,real_source
19712,26-39,female,minority,10-19y,high school,middle class,0.5246137994590073,1.0,before 2015,0.0,1.0,10238,12000.0,sedan,1,0,1,0.0,real_source
276067,65+,male,minority,30y+,none,upper class,0.5548235985306158,1.0,after 2015,0.0,1.0,10238,15000.0,sedan,3,1,4,0.0,real_source
758718,16-25,male,majority,0-9y,high school,working class,0.1991659324100259,0.0,after 2015,1.0,1.0,10238,8000.0,sedan,0,0,0,0.0,real_source
882322,26-39,male,majority,0-9y,high school,middle class,0.345796125929856,1.0,before 2015,0.0,0.0,32765,12000.0,sedan,0,0,0,1.0,real_source
35012,40-64,male,majority,20-29y,none,working class,0.4217406405501712,1.0,before 2015,0.0,1.0,10238,10000.0,sedan,5,0,4,0.0,real_source
748256,16-25,male,majority,0-9y,high school,poverty,,0.0,before 2015,0.0,1.0,32765,,sedan,0,0,0,1.0,real_source
986745,26-39,female,majority,10-19y,none,poverty,0.2528274652676732,1.0,before 2015,0.0,1.0,32765,11000.0,sedan,1,0,1,0.0,real_source
518535,26-39,female,majority,10-19y,university,upper class,0.7387975800320131,0.0,after 2015,1.0,0.0,10238,13000.0,sedan,1,1,0,0.0,real_source
420012,26-39,male,majority,10-19y,none,poverty,0.3800411829483707,0.0,before 2015,0.0,1.0,10238,10000.0,sports car,0,0,2,1.0,real_source
190062,26-39,male,majority,10-19y,high school,working class,0.372447204860674,1.0,before 2015,0.0,0.0,10238,14000.0,sedan,3,1,1,1.0,real_source
836330,40-64,male,majority,20-29y,university,upper class,0.6109676775612789,1.0,before 2015,1.0,1.0,10238,,sedan,4,1,2,0.0,real_source
688730,40-64,male,majority,20-29y,none,middle class,0.5020311962724953,0.0,before 2015,1.0,1.0,32765,10000.0,sedan,9,1,1,0.0,real_source
272339,16-25,male,majority,0-9y,university,middle class,0.4491866119269241,1.0,after 2015,0.0,0.0,10238,13000.0,sedan,0,0,0,1.0,real_source
557804,16-25,female,majority,0-9y,high school,poverty,0.3839383227532641,0.0,before 2015,0.0,0.0,10238,16000.0,sedan,0,0,0,1.0,real_source
895279,40-64,female,majority,20-29y,none,middle class,0.4832471845483816,1.0,after 2015,0.0,1.0,10238,11000.0,sedan,2,0,0,0.0,real_source
72914,26-39,male,majority,10-19y,high school,working class,0.5483499228640025,1.0,before 2015,0.0,1.0,10238,13000.0,sedan,1,1,1,0.0,real_source
246434,65+,female,majority,10-19y,high school,upper class,0.5086825437771137,1.0,before 2015,1.0,1.0,32765,5000.0,sedan,2,0,0,0.0,real_source
552705,40-64,female,majority,0-9y,high school,working class,0.3186677015072492,1.0,before 2015,0.0,1.0,10238,13000.0,sedan,0,0,0,0.0,real_source
273160,40-64,female,majority,0-9y,university,middle class,0.5283154345689651,1.0,after 2015,0.0,0.0,10238,14000.0,sedan,0,0,0,0.0,real_source
67358,40-64,female,majority,20-29y,high school,middle class,0.6463796858330859,1.0,before 2015,0.0,1.0,10238,12000.0,sedan,0,0,1,0.0,real_source
897090,40-64,male,minority,20-29y,high school,upper class,0.6322473942589996,1.0,after 2015,1.0,0.0,10238,9000.0,sedan,2,0,7,0.0,real_source
170435,16-25,female,majority,0-9y,high school,poverty,0.4126367860235233,1.0,before 2015,1.0,0.0,10238,13000.0,sedan,0,0,0,0.0,real_source
281734,65+,female,majority,0-9y,university,upper class,0.6908848837711149,1.0,before 2015,0.0,1.0,92101,13000.0,sedan,0,0,0,1.0,real_source
96024,16-25,male,majority,0-9y,high school,poverty,0.3437902440091854,0.0,before 2015,0.0,1.0,10238,12000.0,sedan,0,0,0,1.0,real_source
378747,26-39,female,majority,0-9y,university,middle class,0.5434608543700327,1.0,before 2015,1.0,0.0,10238,11000.0,sedan,0,0,0,1.0,real_source
590245,26-39,female,minority,10-19y,university,upper class,0.7762155221181141,1.0,before 2015,0.0,1.0,32765,9000.0,sedan,1,0,2,1.0,real_source
213883,65+,female,majority,0-9y,high school,upper class,0.7820833952337761,1.0,after 2015,0.0,1.0,32765,10000.0,sedan,0,0,0,0.0,real_source
250003,40-64,female,majority,20-29y,high school,upper class,,1.0,after 2015,0.0,1.0,10238,10000.0,sedan,3,0,1,0.0,real_source
29534,40-64,male,majority,0-9y,university,upper class,0.5724306198393179,1.0,before 2015,1.0,0.0,10238,13000.0,sedan,0,0,0,1.0,real_source
957391,16-25,female,majority,0-9y,high school,poverty,0.333622141622043,0.0,before 2015,1.0,1.0,10238,10000.0,sedan,0,0,0,1.0,real_source
773045,65+,female,minority,20-29y,university,upper class,0.7351303352292949,0.0,after 2015,0.0,1.0,10238,11000.0,sedan,0,0,3,0.0,real_source
586978,40-64,female,majority,0-9y,university,upper class,0.6921548380276835,1.0,before 2015,1.0,0.0,10238,18000.0,sedan,0,0,0,0.0,real_source
921219,26-39,female,majority,10-19y,none,working class,0.5104505487771847,1.0,after 2015,1.0,1.0,10238,14000.0,sedan,1,0,0,0.0,real_source
207942,26-39,female,minority,0-9y,none,working class,0.4984336380618572,1.0,before 2015,0.0,1.0,10238,13000.0,sedan,0,0,0,0.0,real_source
313208,26-39,male,minority,10-19y,high school,working class,0.5192250173065179,1.0,before 2015,0.0,0.0,32765,11000.0,sedan,1,0,0,0.0,real_source
453375,40-64,male,minority,20-29y,high school,middle class,0.5059289542380285,1.0,before 2015,1.0,0.0,10238,12000.0,sports car,3,0,7,0.0,real_source
487944,16-25,male,majority,0-9y,university,middle class,0.3759390664274271,0.0,after 2015,1.0,0.0,10238,15000.0,sedan,0,0,0,1.0,real_source
227891,16-25,female,majority,0-9y,high school,upper class,0.6212382383504942,1.0,before 2015,0.0,0.0,32765,13000.0,sedan,0,0,0,1.0,real_source
314564,16-25,female,majority,0-9y,high school,poverty,0.3975139345685761,0.0,before 2015,1.0,0.0,10238,13000.0,sedan,0,0,0,1.0,real_source
703581,26-39,male,majority,10-19y,high school,upper class,0.4473939530293328,1.0,before 2015,1.0,1.0,10238,10000.0,sedan,2,0,4,0.0,real_source
998901,26-39,female,majority,10-19y,none,working class,,1.0,before 2015,1.0,1.0,92101,6000.0,sedan,1,0,0,1.0,real_source
550420,26-39,female,minority,10-19y,high school,upper class,0.6100646961488712,1.0,after 2015,0.0,1.0,32765,9000.0,sedan,2,1,1,0.0,real_source
741036,40-64,female,majority,20-29y,university,upper class,0.669831859041465,1.0,before 2015,1.0,0.0,32765,10000.0,sedan,5,0,0,0.0,real_source
765391,40-64,male,majority,20-29y,high school,working class,0.3942030841796357,1.0,before 2015,1.0,1.0,10238,15000.0,sedan,2,0,0,1.0,real_source
778184,65+,female,majority,30y+,university,upper class,0.5069172347691039,1.0,after 2015,1.0,1.0,10238,,sedan,1,0,1,0.0,real_source
511639,40-64,female,majority,20-29y,high school,upper class,0.6504176835900062,1.0,before 2015,1.0,1.0,32765,,sedan,2,0,0,0.0,real_source
389152,16-25,female,majority,0-9y,high school,middle class,0.6002312656355571,1.0,after 2015,1.0,1.0,32765,7000.0,sedan,0,0,0,0.0,real_source
20986,26-39,male,majority,10-19y,university,upper class,0.7481307425472491,1.0,before 2015,1.0,1.0,32765,10000.0,sedan,3,1,2,0.0,real_source
550482,16-25,female,majority,0-9y,high school,working class,0.3549791231763877,1.0,after 2015,0.0,1.0,10238,9000.0,sedan,0,0,0,0.0,real_source
572797,26-39,male,majority,10-19y,high school,middle class,0.5061960446978321,1.0,before 2015,0.0,0.0,10238,13000.0,sedan,1,0,3,0.0,real_source
11854,26-39,male,majority,0-9y,high school,working class,0.5592297740925077,1.0,before 2015,1.0,1.0,10238,13000.0,sedan,0,0,0,1.0,real_source
864356,40-64,male,majority,20-29y,university,upper class,0.4158806589209596,1.0,after 2015,1.0,1.0,10238,12000.0,sedan,6,2,2,0.0,real_source
850066,40-64,female,majority,20-29y,high school,middle class,0.5561059958978236,1.0,before 2015,0.0,1.0,10238,12000.0,sedan,3,0,2,0.0,real_source
428609,26-39,male,majority,10-19y,high school,working class,0.4403229422775207,0.0,before 2015,0.0,0.0,10238,13000.0,sedan,0,0,0,1.0,real_source
926871,40-64,female,majority,10-19y,university,working class,0.4055109351639861,0.0,before 2015,1.0,1.0,32765,8000.0,sedan,3,0,0,0.0,real_source
738180,16-25,female,majority,0-9y,high school,middle class,0.7418778535045897,1.0,before 2015,0.0,0.0,32765,11000.0,sedan,0,0,0,0.0,real_source
201203,40-64,female,majority,20-29y,university,middle class,0.628190237209943,0.0,after 2015,0.0,0.0,32765,,sedan,0,0,0,0.0,real_source
987920,40-64,male,majority,0-9y,university,upper class,0.7754187772381345,1.0,after 2015,0.0,1.0,10238,12000.0,sedan,0,0,0,0.0,real_source
795672,26-39,male,majority,10-19y,none,poverty,0.3364170108636516,1.0,before 2015,0.0,0.0,32765,16000.0,sedan,1,0,1,1.0,real_source
878870,26-39,female,majority,10-19y,high school,poverty,0.160705687872896,1.0,before 2015,0.0,0.0,10238,15000.0,sedan,1,0,0,1.0,real_source
287238,65+,female,majority,30y+,high school,upper class,0.6795259372735327,1.0,before 2015,1.0,1.0,10238,10000.0,sedan,2,1,0,0.0,real_source
210290,65+,female,majority,30y+,university,upper class,0.6120679452933288,1.0,before 2015,0.0,1.0,10238,9000.0,sedan,4,0,2,0.0,real_source
112524,26-39,male,majority,10-19y,university,upper class,0.6527432465482012,1.0,before 2015,0.0,1.0,10238,11000.0,sedan,1,0,2,0.0,real_source
767456,26-39,female,majority,0-9y,none,poverty,0.4415319215110355,0.0,before 2015,0.0,1.0,10238,11000.0,sedan,0,0,0,0.0,real_source
843251,16-25,male,minority,0-9y,high school,working class,,0.0,before 2015,1.0,1.0,10238,10000.0,sedan,0,0,0,1.0,real_source
817613,40-64,female,majority,0-9y,none,middle class,0.5472468071539672,1.0,before 2015,1.0,1.0,10238,11000.0,sedan,0,0,0,0.0,real_source
487791,40-64,male,majority,0-9y,high school,working class,0.319967516514032,0.0,before 2015,0.0,0.0,10238,12000.0,sedan,0,0,0,1.0,real_source
820634,16-25,male,majority,0-9y,university,middle class,0.6514543800907053,1.0,after 2015,0.0,1.0,10238,,sedan,0,0,0,0.0,real_source
946774,26-39,male,majority,10-19y,university,upper class,0.6207699274694463,0.0,before 2015,1.0,1.0,10238,8000.0,sedan,2,0,2,1.0,real_source
94852,26-39,female,majority,10-19y,university,upper class,0.6927344580708275,0.0,after 2015,1.0,1.0,10238,9000.0,sedan,1,0,1,0.0,real_source
297103,16-25,female,majority,0-9y,none,poverty,0.4382240619943719,0.0,before 2015,0.0,0.0,10238,17000.0,sedan,0,0,0,1.0,real_source
153124,65+,female,majority,30y+,high school,upper class,,1.0,before 2015,1.0,1.0,10238,,sedan,1,1,2,0.0,real_source
151422,65+,female,majority,30y+,university,upper class,0.6550009397249718,1.0,after 2015,1.0,1.0,10238,9000.0,sedan,4,1,3,0.0,real_source
330298,16-25,female,majority,0-9y,university,middle class,0.5736784822411335,0.0,before 2015,0.0,1.0,10238,13000.0,sedan,0,0,0,1.0,real_source
3794,16-25,female,minority,0-9y,none,poverty,0.3943319121379165,0.0,before 2015,0.0,0.0,10238,20000.0,sedan,0,0,0,1.0,real_source
987063,65+,male,majority,30y+,high school,upper class,0.5119263879433088,1.0,after 2015,1.0,1.0,10238,8000.0,sedan,4,0,1,0.0,real_source
151493,16-25,male,majority,0-9y,high school,working class,0.3517181900202916,0.0,before 2015,0.0,1.0,10238,,sedan,0,0,0,1.0,real_source
908853,65+,male,majority,10-19y,university,upper class,0.494675905573652,1.0,before 2015,1.0,1.0,10238,10000.0,sedan,0,1,1,0.0,real_source
269359,26-39,female,majority,10-19y,high school,upper class,,1.0,after 2015,1.0,0.0,92101,,sedan,1,0,1,0.0,real_source
969295,16-25,male,minority,0-9y,high school,poverty,0.2418226754915772,0.0,before 2015,1.0,0.0,32765,6000.0,sedan,0,0,0,1.0,real_source
787582,40-64,female,majority,20-29y,university,upper class,0.5524786591526885,1.0,before 2015,1.0,0.0,10238,11000.0,sedan,1,0,2,0.0,real_source
147438,40-64,male,majority,0-9y,university,upper class,0.4931692837662477,1.0,after 2015,1.0,1.0,10238,9000.0,sports car,0,0,0,1.0,real_source
160308,40-64,female,minority,0-9y,high school,upper class,0.7672785497567967,1.0,after 2015,1.0,1.0,10238,9000.0,sedan,0,0,0,0.0,real_source
335262,65+,male,majority,30y+,university,upper class,0.6794838400065706,1.0,after 2015,0.0,1.0,10238,,sedan,1,0,2,0.0,real_source
547620,16-25,female,minority,0-9y,none,poverty,0.3854870339226485,0.0,before 2015,0.0,0.0,10238,,sedan,0,0,0,1.0,real_source
799036,16-25,female,majority,0-9y,none,poverty,0.4214300590871836,0.0,before 2015,0.0,0.0,10238,16000.0,sedan,0,0,0,1.0,real_source
545108,65+,female,majority,20-29y,none,middle class,0.527208345033553,1.0,before 2015,0.0,1.0,32765,13000.0,sedan,1,1,2,1.0,real_source
372351,65+,male,minority,10-19y,high school,upper class,0.6247510484897659,1.0,before 2015,1.0,1.0,10238,12000.0,sedan,2,0,2,0.0,real_source
807197,26-39,male,majority,10-19y,university,upper class,0.5572529676453026,1.0,before 2015,1.0,1.0,10238,10000.0,sedan,3,0,1,0.0,real_source
457744,40-64,female,majority,0-9y,university,upper class,0.7275331285191912,1.0,before 2015,0.0,0.0,10238,14000.0,sedan,0,0,0,1.0,real_source
946971,40-64,female,minority,20-29y,none,middle class,0.3680392190787867,0.0,before 2015,1.0,1.0,10238,13000.0,sedan,0,1,2,0.0,real_source
931908,26-39,female,majority,10-19y,high school,working class,0.5076472452256656,1.0,after 2015,0.0,1.0,10238,14000.0,sedan,3,0,0,0.0,real_source
672440,26-39,male,majority,10-19y,high school,middle class,0.5635735071671988,1.0,before 2015,1.0,1.0,92101,11000.0,sedan,2,0,1,0.0,real_source
297005,65+,male,majority,30y+,high school,upper class,0.5477950986754866,1.0,after 2015,1.0,1.0,32765,8000.0,sedan,10,2,2,0.0,real_source
559584,16-25,male,majority,0-9y,none,poverty,0.6132568376998419,0.0,after 2015,0.0,1.0,10238,13000.0,sedan,0,0,0,1.0,real_source
383423,16-25,female,majority,0-9y,none,poverty,0.3387308869583736,1.0,before 2015,0.0,0.0,10238,,sedan,0,0,0,1.0,real_source
768953,65+,female,majority,30y+,none,working class,0.4572076092107355,0.0,before 2015,0.0,0.0,10238,15000.0,sedan,0,1,0,0.0,real_source
901362,16-25,male,majority,0-9y,none,poverty,0.3471954077087669,1.0,before 2015,1.0,0.0,10238,11000.0,sedan,0,0,0,1.0,real_source
857596,40-64,male,majority,20-29y,high school,upper class,0.6220980397455637,1.0,before 2015,1.0,1.0,32765,7000.0,sedan,6,1,4,0.0,real_source
57078,40-64,male,majority,20-29y,university,upper class,0.5270405908938821,1.0,before 2015,1.0,1.0,10238,9000.0,sedan,5,0,0,0.0,real_source
997007,16-25,female,majority,0-9y,none,poverty,0.4320800379784273,0.0,after 2015,0.0,0.0,10238,,sedan,0,0,0,1.0,real_source
851568,40-64,female,minority,20-29y,none,upper class,0.8473246532148048,1.0,before 2015,0.0,1.0,10238,14000.0,sedan,2,1,1,0.0,real_source
983035,40-64,female,majority,20-29y,high school,working class,0.2755804790418684,1.0,before 2015,0.0,1.0,10238,12000.0,sedan,0,0,3,0.0,real_source
802707,26-39,male,majority,0-9y,none,working class,0.5667317403812019,1.0,before 2015,0.0,0.0,10238,15000.0,sedan,0,0,0,1.0,real_source
808100,26-39,female,majority,10-19y,high school,middle class,0.6784162320169361,1.0,before 2015,0.0,1.0,10238,13000.0,sedan,0,0,1,0.0,real_source
781701,40-64,female,majority,0-9y,university,upper class,0.6424407916930818,1.0,before 2015,1.0,1.0,10238,9000.0,sedan,0,0,0,0.0,real_source
302503,65+,female,majority,30y+,high school,upper class,0.5676115625442515,1.0,before 2015,1.0,1.0,10238,11000.0,sedan,2,0,2,0.0,real_source
88340,16-25,male,majority,0-9y,university,working class,0.3450578498840382,1.0,before 2015,1.0,1.0,10238,,sedan,0,0,0,1.0,real_source
676831,65+,female,majority,30y+,high school,upper class,0.6719840800004058,1.0,after 2015,1.0,1.0,32765,11000.0,sedan,5,3,2,0.0,real_source
484339,65+,female,majority,30y+,high school,upper class,0.5202085739066239,1.0,before 2015,1.0,1.0,92101,7000.0,sedan,4,0,3,0.0,real_source
302592,40-64,female,majority,20-29y,none,upper class,,1.0,after 2015,1.0,1.0,10238,11000.0,sedan,0,1,1,0.0,real_source
512004,26-39,female,majority,10-19y,high school,poverty,0.2684193888044771,1.0,before 2015,0.0,0.0,32765,9000.0,sedan,2,1,0,0.0,real_source
38931,40-64,male,majority,0-9y,high school,upper class,,1.0,after 2015,1.0,1.0,10238,12000.0,sedan,0,0,0,0.0,real_source
858383,26-39,female,majority,10-19y,high school,middle class,0.4916779096305542,1.0,after 2015,0.0,0.0,32765,12000.0,sedan,1,0,1,1.0,real_source
562215,26-39,male,majority,10-19y,high school,working class,0.382266838040224,0.0,before 2015,0.0,1.0,10238,10000.0,sedan,2,1,3,1.0,real_source
348406,65+,female,majority,30y+,university,upper class,0.652187063216511,1.0,before 2015,1.0,1.0,10238,7000.0,sedan,5,1,0,0.0,real_source
223874,65+,female,majority,20-29y,high school,upper class,0.6678192505009327,1.0,before 2015,1.0,1.0,10238,12000.0,sedan,3,0,1,0.0,real_source
670671,40-64,female,majority,10-19y,university,middle class,0.5273961990140225,1.0,after 2015,0.0,1.0,92101,9000.0,sedan,0,0,1,0.0,real_source
970812,16-25,male,majority,0-9y,high school,working class,0.41149689980404,0.0,before 2015,1.0,0.0,10238,14000.0,sedan,0,0,0,1.0,real_source
313597,26-39,female,majority,10-19y,high school,middle class,0.5188499074811044,1.0,before 2015,1.0,1.0,10238,,sedan,1,0,0,0.0,real_source
885413,65+,male,majority,20-29y,high school,upper class,0.5988548494250686,1.0,after 2015,1.0,1.0,32765,7000.0,sedan,6,1,0,0.0,real_source
546066,40-64,male,majority,20-29y,university,middle class,,1.0,after 2015,1.0,1.0,10238,9000.0,sedan,6,0,2,0.0,real_source
58611,16-25,female,majority,0-9y,high school,poverty,0.3652981607970365,1.0,before 2015,0.0,0.0,10238,14000.0,sports car,0,0,0,0.0,real_source
385088,40-64,female,majority,20-29y,university,upper class,0.5687243992218569,1.0,before 2015,0.0,1.0,21217,10000.0,sedan,1,1,0,1.0,real_source
134885,40-64,female,majority,20-29y,university,upper class,0.5167910502777731,0.0,before 2015,1.0,1.0,10238,12000.0,sedan,2,1,1,0.0,real_source
265296,40-64,female,majority,20-29y,high school,working class,0.4520404049216578,0.0,before 2015,0.0,1.0,32765,10000.0,sedan,0,2,0,0.0,real_source
217013,16-25,female,majority,0-9y,high school,upper class,0.6895344083101186,1.0,after 2015,0.0,0.0,10238,14000.0,sedan,0,0,0,0.0,real_source
160496,16-25,male,majority,0-9y,university,middle class,0.3813396180214729,1.0,after 2015,1.0,1.0,10238,6000.0,sedan,0,0,0,0.0,real_source
117854,40-64,female,majority,20-29y,high school,upper class,0.4593780226778861,1.0,after 2015,1.0,1.0,32765,7000.0,sedan,6,0,2,0.0,real_source
901560,16-25,female,majority,0-9y,high school,poverty,0.4015336878789244,0.0,before 2015,0.0,1.0,10238,13000.0,sedan,0,0,0,0.0,real_source
154719,16-25,female,majority,0-9y,high school,poverty,0.3497692618238182,1.0,before 2015,0.0,0.0,10238,14000.0,sedan,0,0,0,1.0,real_source
954393,16-25,male,majority,0-9y,university,working class,0.3775879427770994,1.0,after 2015,0.0,0.0,10238,13000.0,sedan,0,0,0,0.0,real_source
826430,65+,male,majority,30y+,university,upper class,0.5982081058452374,1.0,after 2015,0.0,1.0,10238,12000.0,sedan,6,2,5,0.0,real_source
724812,26-39,male,majority,10-19y,university,middle class,,0.0,after 2015,0.0,1.0,10238,11000.0,sedan,3,0,1,0.0,real_source
846922,65+,male,majority,30y+,university,upper class,0.6050717889516587,1.0,after 2015,1.0,1.0,10238,14000.0,sedan,3,0,3,0.0,real_source
414497,40-64,male,majority,10-19y,university,upper class,0.5571697141942088,1.0,after 2015,1.0,1.0,10238,11000.0,sedan,0,0,0,0.0,real_source
5356,65+,female,majority,10-19y,university,middle class,,1.0,after 2015,1.0,1.0,10238,11000.0,sedan,1,0,0,0.0,real_source
835185,65+,female,majority,30y+,university,upper class,0.7538585911148775,1.0,after 2015,1.0,1.0,32765,8000.0,sedan,2,0,1,0.0,real_source
665587,65+,female,majority,30y+,high school,poverty,0.4545865737204837,1.0,before 2015,1.0,1.0,10238,9000.0,sedan,2,0,0,0.0,real_source
926255,65+,female,majority,30y+,university,upper class,0.5326246407175399,0.0,before 2015,1.0,0.0,10238,11000.0,sedan,1,0,1,0.0,real_source
671866,16-25,female,majority,0-9y,high school,poverty,,0.0,before 2015,0.0,0.0,10238,14000.0,sedan,0,0,0,1.0,real_source
818651,65+,male,majority,30y+,university,upper class,0.7765854707506779,1.0,before 2015,1.0,1.0,10238,11000.0,sedan,3,0,4,0.0,real_source
104504,65+,female,majority,10-19y,university,upper class,0.4990427927530763,1.0,after 2015,1.0,1.0,10238,6000.0,sedan,1,1,0,0.0,real_source
853140,26-39,female,majority,10-19y,none,poverty,0.3663368365838678,1.0,before 2015,0.0,0.0,10238,,sedan,2,0,0,0.0,real_source
75292,40-64,male,majority,0-9y,university,upper class,,1.0,before 2015,1.0,1.0,10238,13000.0,sedan,0,0,0,1.0,real_source
732445,65+,male,majority,10-19y,university,upper class,0.5526961708148909,1.0,before 2015,0.0,1.0,10238,9000.0,sedan,2,0,4,0.0,real_source
480946,65+,female,majority,30y+,none,working class,0.4422737177881304,0.0,before 2015,1.0,1.0,10238,7000.0,sedan,1,1,0,0.0,real_source
176252,65+,female,majority,30y+,high school,upper class,0.6491515853548271,1.0,after 2015,0.0,1.0,10238,9000.0,sedan,0,0,2,0.0,real_source
661119,65+,female,majority,30y+,university,upper class,0.6072563389717687,0.0,before 2015,0.0,1.0,32765,11000.0,sedan,8,4,5,1.0,real_source
118562,16-25,male,majority,0-9y,university,working class,0.4749423084591305,1.0,before 2015,0.0,1.0,10238,15000.0,sedan,0,0,0,1.0,real_source
177932,40-64,female,majority,20-29y,university,upper class,0.7313869023148678,1.0,after 2015,1.0,0.0,10238,9000.0,sedan,1,0,0,0.0,real_source
124952,26-39,male,majority,10-19y,high school,working class,0.5586163243049517,0.0,before 2015,0.0,0.0,10238,,sedan,2,0,2,0.0,real_source
736300,16-25,female,majority,0-9y,high school,working class,0.5311075485742727,0.0,before 2015,0.0,1.0,10238,10000.0,sedan,0,0,0,1.0,real_source
894365,40-64,male,majority,20-29y,university,middle class,0.5055283308456225,1.0,before 2015,0.0,1.0,10238,13000.0,sedan,2,0,4,0.0,real_source
498013,26-39,male,majority,0-9y,high school,working class,0.3746985157862142,0.0,before 2015,1.0,1.0,10238,12000.0,sedan,0,0,0,1.0,real_source
492027,65+,female,majority,30y+,university,upper class,0.8102784235726451,1.0,before 2015,1.0,1.0,10238,,sedan,7,0,0,0.0,real_source
421501,26-39,male,majority,10-19y,high school,poverty,0.3444398567768867,0.0,before 2015,0.0,0.0,10238,15000.0,sedan,1,0,1,0.0,real_source
391790,65+,female,majority,30y+,university,upper class,0.5772001970125457,1.0,before 2015,0.0,1.0,10238,11000.0,sedan,3,0,1,0.0,real_source
411305,26-39,male,majority,10-19y,high school,upper class,,1.0,after 2015,0.0,1.0,10238,14000.0,sports car,0,0,2,0.0,real_source
899957,40-64,female,minority,20-29y,university,upper class,,1.0,before 2015,0.0,1.0,10238,15000.0,sedan,0,1,1,0.0,real_source
214387,40-64,male,minority,10-19y,high school,middle class,0.6183907563356378,1.0,before 2015,1.0,1.0,10238,12000.0,sedan,0,0,1,0.0,real_source
138709,26-39,male,majority,10-19y,high school,middle class,0.5249091088744845,1.0,after 2015,1.0,1.0,32765,10000.0,sedan,7,0,1,0.0,real_source
234822,40-64,female,majority,20-29y,high school,upper class,0.658130511965241,1.0,after 2015,1.0,1.0,92101,13000.0,sedan,1,0,0,0.0,real_source
137113,26-39,male,majority,0-9y,high school,working class,0.484596235100643,0.0,before 2015,1.0,0.0,10238,11000.0,sedan,0,0,0,0.0,real_source
399360,16-25,male,minority,0-9y,high school,working class,0.5499963841741269,1.0,before 2015,0.0,1.0,10238,8000.0,sedan,0,0,0,1.0,real_source
111182,16-25,female,minority,0-9y,none,poverty,0.4236274025393176,1.0,before 2015,0.0,1.0,10238,15000.0,sedan,0,0,0,1.0,real_source
979571,65+,male,majority,0-9y,university,upper class,,1.0,after 2015,1.0,1.0,10238,12000.0,sedan,0,0,0,0.0,real_source
824392,26-39,female,majority,10-19y,high school,working class,0.6524879199044313,0.0,before 2015,0.0,1.0,10238,14000.0,sedan,1,0,0,1.0,real_source
271708,16-25,female,majority,0-9y,high school,working class,0.5705793375134643,1.0,before 2015,0.0,0.0,10238,16000.0,sedan,0,0,0,0.0,real_source
738117,26-39,female,majority,10-19y,high school,middle class,0.5206088095165088,1.0,before 2015,0.0,0.0,32765,14000.0,sedan,1,1,1,0.0,real_source
4674,26-39,female,majority,0-9y,none,poverty,0.3794524438795001,0.0,before 2015,0.0,0.0,10238,13000.0,sedan,0,0,0,1.0,real_source
256125,26-39,male,minority,10-19y,high school,working class,0.3151728953354386,0.0,before 2015,0.0,1.0,32765,,sedan,5,0,2,1.0,real_source
1860,26-39,female,majority,10-19y,high school,poverty,0.4465547424239288,0.0,before 2015,1.0,1.0,10238,11000.0,sedan,2,0,2,1.0,real_source
774955,16-25,male,majority,0-9y,high school,poverty,,1.0,before 2015,0.0,0.0,10238,16000.0,sedan,0,0,0,1.0,real_source
120172,65+,female,majority,20-29y,university,upper class,0.6491782329537904,1.0,before 2015,0.0,1.0,10238,15000.0,sedan,3,0,1,0.0,real_source
114396,16-25,female,minority,0-9y,none,poverty,0.4395710203814109,0.0,before 2015,1.0,0.0,10238,,sedan,0,0,0,1.0,real_source
235565,26-39,male,majority,10-19y,university,middle class,0.5691967569514129,0.0,before 2015,1.0,1.0,10238,13000.0,sedan,1,1,0,1.0,real_source
709079,26-39,male,majority,10-19y,high school,upper class,0.6349649241418664,1.0,before 2015,0.0,0.0,10238,18000.0,sedan,2,2,0,1.0,real_source
807469,16-25,female,majority,0-9y,high school,working class,0.3998788914503896,0.0,before 2015,0.0,0.0,10238,15000.0,sedan,0,0,0,1.0,real_source
745550,40-64,female,majority,20-29y,university,upper class,0.7142061813852079,1.0,before 2015,1.0,1.0,10238,9000.0,sedan,0,0,0,0.0,real_source
431246,40-64,female,majority,20-29y,university,middle class,0.4666142880619932,1.0,before 2015,1.0,1.0,32765,7000.0,sedan,3,0,0,0.0,real_source
577466,26-39,female,majority,10-19y,high school,middle class,0.5014188486086891,1.0,before 2015,0.0,0.0,10238,16000.0,sedan,0,2,1,0.0,real_source
590563,26-39,male,majority,0-9y,none,working class,0.235102472341894,1.0,before 2015,0.0,1.0,10238,13000.0,sedan,0,0,0,1.0,real_source
64441,26-39,female,majority,10-19y,high school,middle class,0.6141936424008992,1.0,before 2015,1.0,1.0,10238,,sedan,1,0,1,0.0,real_source
835670,16-25,male,majority,0-9y,high school,poverty,0.4545587544123305,0.0,before 2015,0.0,1.0,10238,10000.0,sedan,0,0,0,1.0,real_source
647400,40-64,male,minority,10-19y,university,upper class,0.6940772534003904,1.0,after 2015,0.0,1.0,32765,12000.0,sedan,1,0,0,0.0,real_source
296290,65+,male,majority,30y+,university,upper class,0.5595476023022735,1.0,before 2015,1.0,1.0,10238,10000.0,sedan,5,1,3,0.0,real_source
201045,26-39,male,majority,10-19y,high school,middle class,0.6291714655429573,1.0,before 2015,1.0,1.0,10238,11000.0,sedan,2,3,0,0.0,real_source
882194,65+,male,minority,30y+,none,middle class,0.5527703274835478,1.0,before 2015,1.0,1.0,10238,11000.0,sedan,3,2,4,0.0,real_source
84792,26-39,female,majority,10-19y,university,upper class,,1.0,after 2015,0.0,0.0,10238,12000.0,sedan,0,0,1,0.0,real_source
834556,26-39,male,majority,10-19y,university,upper class,0.5714769821309994,1.0,after 2015,0.0,0.0,10238,15000.0,sedan,1,0,2,1.0,real_source
485331,65+,female,majority,0-9y,high school,upper class,0.5086621634112273,1.0,after 2015,1.0,1.0,10238,,sedan,0,0,0,0.0,real_source
517553,65+,female,majority,10-19y,university,upper class,0.8023923038242871,1.0,after 2015,1.0,1.0,10238,8000.0,sedan,0,0,0,0.0,real_source
411187,40-64,female,majority,20-29y,none,poverty,0.3552581575472349,0.0,before 2015,1.0,0.0,32765,11000.0,sedan,4,0,0,0.0,real_source
390473,26-39,male,majority,10-19y,high school,working class,,1.0,before 2015,0.0,1.0,10238,16000.0,sports car,0,1,1,0.0,real_source
217191,26-39,female,minority,10-19y,high school,working class,,0.0,before 2015,0.0,1.0,32765,11000.0,sedan,0,0,0,1.0,real_source
258047,26-39,male,majority,10-19y,high school,upper class,0.5998670608438114,1.0,before 2015,1.0,0.0,10238,10000.0,sedan,2,0,0,0.0,real_source
325099,65+,male,majority,0-9y,university,upper class,0.5762448150052945,1.0,before 2015,1.0,1.0,32765,10000.0,sedan,0,0,0,1.0,real_source
515041,65+,male,minority,10-19y,university,upper class,0.5934258727117244,1.0,after 2015,0.0,1.0,32765,13000.0,sedan,4,1,2,0.0,real_source
138634,65+,female,majority,10-19y,high school,middle class,0.402838852494212,1.0,after 2015,0.0,1.0,32765,11000.0,sedan,2,0,0,0.0,real_source
525952,26-39,female,majority,10-19y,high school,poverty,0.3820049779901528,0.0,before 2015,0.0,1.0,10238,18000.0,sedan,0,0,0,1.0,real_source
616112,65+,female,majority,30y+,university,upper class,0.5172048721255794,1.0,after 2015,1.0,1.0,32765,9000.0,sedan,8,1,3,0.0,real_source
745710,26-39,female,majority,10-19y,high school,middle class,0.3846223295263565,1.0,after 2015,0.0,1.0,32765,12000.0,sedan,0,0,0,0.0,real_source
291841,26-39,male,majority,0-9y,university,upper class,0.6214641469256716,1.0,before 2015,0.0,0.0,10238,13000.0,sedan,0,0,0,1.0,real_source
304155,40-64,female,majority,0-9y,high school,middle class,0.3546476925109761,0.0,after 2015,1.0,1.0,10238,11000.0,sedan,0,0,0,0.0,real_source
180109,65+,female,majority,30y+,university,upper class,0.5843154743836809,1.0,before 2015,0.0,1.0,10238,13000.0,sedan,1,2,2,0.0,real_source
32768,65+,male,majority,30y+,university,upper class,0.6335928935766854,1.0,before 2015,1.0,1.0,32765,7000.0,sedan,10,1,2,0.0,real_source
927948,40-64,male,majority,20-29y,university,upper class,0.7210338094800525,1.0,before 2015,1.0,1.0,10238,15000.0,sedan,0,0,0,0.0,real_source
843957,40-64,male,majority,20-29y,university,upper class,0.5981922872374543,0.0,before 2015,0.0,1.0,10238,16000.0,sedan,2,0,2,0.0,real_source
982817,40-64,male,majority,20-29y,university,middle class,0.5011761380544572,1.0,before 2015,0.0,1.0,32765,11000.0,sedan,7,1,1,0.0,real_source
573543,40-64,male,majority,20-29y,university,upper class,0.4425192746827522,1.0,after 2015,1.0,1.0,32765,7000.0,sedan,6,0,1,0.0,real_source
943535,16-25,female,minority,0-9y,none,poverty,0.3627654869889801,1.0,before 2015,0.0,0.0,32765,9000.0,sedan,0,0,0,1.0,real_source
497172,65+,female,majority,10-19y,university,upper class,0.5959363570499764,1.0,after 2015,1.0,1.0,32765,,sedan,1,0,0,0.0,real_source
299935,40-64,male,majority,20-29y,university,upper class,0.5263052647375484,1.0,before 2015,0.0,0.0,32765,14000.0,sedan,5,1,0,0.0,real_source
440590,26-39,female,majority,10-19y,high school,poverty,0.3676068799144891,1.0,before 2015,0.0,0.0,10238,14000.0,sedan,0,0,0,0.0,real_source
700611,26-39,female,majority,10-19y,none,poverty,0.4159894836173937,1.0,before 2015,1.0,1.0,10238,13000.0,sedan,0,0,0,0.0,real_source
879310,65+,female,majority,20-29y,high school,upper class,0.6973899990930335,1.0,before 2015,1.0,1.0,32765,8000.0,sedan,3,3,0,0.0,real_source
565200,26-39,male,majority,0-9y,university,middle class,0.2830124442097769,1.0,before 2015,0.0,1.0,10238,13000.0,sedan,0,0,0,1.0,real_source
917911,65+,female,majority,30y+,high school,upper class,0.4960177626781432,1.0,after 2015,1.0,1.0,32765,10000.0,sedan,3,1,0,0.0,real_source
571417,65+,female,minority,30y+,university,upper class,0.6707053019283403,1.0,before 2015,0.0,1.0,10238,,sedan,3,0,1,0.0,real_source
940251,40-64,male,majority,20-29y,university,upper class,0.4711204810342066,1.0,before 2015,1.0,1.0,32765,,sedan,10,0,0,0.0,real_source
633889,26-39,female,majority,10-19y,university,poverty,0.4186997107293674,0.0,before 2015,0.0,0.0,10238,16000.0,sedan,0,0,0,1.0,real_source
400248,40-64,female,majority,20-29y,high school,upper class,,1.0,before 2015,1.0,1.0,10238,11000.0,sedan,1,0,0,0.0,real_source
142871,40-64,male,majority,0-9y,university,upper class,0.4545029626384129,1.0,before 2015,1.0,1.0,10238,10000.0,sedan,0,0,0,1.0,real_source
415986,26-39,female,majority,10-19y,high school,middle class,0.6660408548693639,1.0,before 2015,0.0,1.0,92101,12000.0,sedan,1,0,1,0.0,real_source
914938,40-64,female,majority,20-29y,university,upper class,0.5928095959478218,1.0,after 2015,0.0,1.0,32765,10000.0,sports car,4,0,0,0.0,real_source
299496,65+,male,majority,30y+,university,upper class,0.7728441028636157,0.0,after 2015,1.0,1.0,10238,11000.0,sedan,4,0,4,0.0,real_source
425386,65+,female,majority,0-9y,high school,upper class,0.6391966091369224,1.0,after 2015,1.0,1.0,10238,12000.0,sedan,0,0,0,0.0,real_source
24737,40-64,female,majority,20-29y,none,poverty,0.5194542755967739,0.0,before 2015,0.0,1.0,32765,10000.0,sedan,6,1,1,0.0,real_source
84888,26-39,female,majority,10-19y,none,poverty,0.2067286602969292,0.0,before 2015,0.0,1.0,10238,9000.0,sports car,1,1,0,0.0,real_source
865228,40-64,female,majority,20-29y,university,upper class,0.4751933712775319,1.0,after 2015,1.0,1.0,10238,13000.0,sedan,3,1,1,0.0,real_source
463081,65+,male,majority,10-19y,university,upper class,0.4358841545947401,1.0,after 2015,1.0,1.0,32765,9000.0,sedan,6,0,1,0.0,real_source
811798,40-64,male,majority,0-9y,university,upper class,0.4895571839123349,1.0,after 2015,0.0,0.0,32765,9000.0,sedan,0,0,0,1.0,real_source
54618,65+,male,minority,30y+,none,upper class,0.5764772088664449,1.0,after 2015,1.0,1.0,10238,,sedan,4,0,4,0.0,real_source
90516,16-25,male,majority,0-9y,high school,poverty,0.2778711865905412,0.0,before 2015,1.0,1.0,32765,9000.0,sedan,0,0,0,1.0,real_source
104957,26-39,female,minority,10-19y,none,poverty,0.3104697986515039,1.0,before 2015,1.0,1.0,32765,9000.0,sedan,2,0,0,0.0,real_source
547709,26-39,female,majority,10-19y,university,middle class,0.5543812568000287,1.0,before 2015,0.0,1.0,10238,13000.0,sedan,0,0,1,0.0,real_source
162303,40-64,male,majority,0-9y,university,upper class,0.6215140656050815,1.0,before 2015,0.0,1.0,10238,,sedan,0,0,0,1.0,real_source
425445,26-39,female,minority,10-19y,none,working class,0.3219214290801678,0.0,before 2015,0.0,1.0,10238,12000.0,sedan,1,0,1,0.0,real_source
665093,40-64,male,majority,10-19y,high school,upper class,0.6660169385061697,1.0,before 2015,1.0,1.0,32765,9000.0,sedan,7,1,0,0.0,real_source
679945,26-39,female,majority,10-19y,university,upper class,0.5522640227216978,1.0,before 2015,0.0,0.0,10238,17000.0,sedan,0,0,0,0.0,real_source
745764,16-25,male,majority,0-9y,none,poverty,,1.0,before 2015,0.0,1.0,10238,15000.0,sedan,0,0,0,1.0,real_source
113390,40-64,female,minority,20-29y,high school,working class,,1.0,before 2015,0.0,1.0,21217,15000.0,sedan,0,1,0,1.0,real_source
757285,26-39,male,majority,10-19y,high school,middle class,0.478717087520263,1.0,before 2015,1.0,0.0,10238,14000.0,sedan,2,0,0,0.0,real_source
929532,26-39,male,majority,10-19y,university,middle class,0.4778462941216112,0.0,before 2015,1.0,1.0,32765,7000.0,sedan,6,2,3,1.0,real_source
711782,65+,female,majority,10-19y,high school,upper class,,1.0,after 2015,1.0,1.0,10238,10000.0,sedan,0,0,0,0.0,real_source
894644,16-25,female,majority,0-9y,university,working class,0.5030333670825582,1.0,before 2015,1.0,1.0,10238,,sedan,0,0,0,1.0,real_source
816776,26-39,female,majority,10-19y,high school,upper class,0.6616702922734885,1.0,before 2015,1.0,1.0,10238,10000.0,sedan,1,0,1,0.0,real_source
212863,26-39,female,majority,10-19y,high school,middle class,0.4949959840087744,1.0,before 2015,1.0,1.0,21217,10000.0,sports car,2,0,0,1.0,real_source
30802,65+,female,majority,0-9y,university,upper class,0.5902500669549591,1.0,after 2015,1.0,1.0,10238,12000.0,sedan,0,0,0,0.0,real_source
280788,16-25,female,minority,0-9y,high school,working class,0.5184407641921249,0.0,before 2015,1.0,0.0,10238,16000.0,sedan,0,0,0,1.0,real_source
502421,65+,female,majority,30y+,high school,upper class,0.6618255641921521,1.0,after 2015,1.0,1.0,10238,8000.0,sedan,2,0,0,0.0,real_source
772803,40-64,male,majority,0-9y,high school,middle class,0.5214787704332866,1.0,after 2015,0.0,1.0,32765,9000.0,sedan,0,0,0,1.0,real_source
262959,40-64,female,majority,0-9y,none,poverty,0.4626937365539586,1.0,before 2015,0.0,1.0,10238,14000.0,sedan,0,0,0,0.0,real_source
568672,65+,female,majority,30y+,university,upper class,0.5923441394404004,1.0,after 2015,1.0,1.0,10238,,sedan,1,1,6,0.0,real_source
826315,16-25,male,majority,0-9y,high school,working class,0.3421790283330124,0.0,before 2015,1.0,1.0,10238,12000.0,sedan,0,0,0,1.0,real_source
950796,40-64,male,majority,20-29y,university,upper class,0.6451115359858628,0.0,after 2015,1.0,1.0,10238,9000.0,sedan,1,0,2,0.0,real_source
961602,16-25,male,majority,0-9y,high school,poverty,0.2347600240130202,1.0,before 2015,0.0,1.0,92101,11000.0,sedan,0,0,0,1.0,real_source
676952,26-39,male,majority,10-19y,high school,middle class,0.5548795032659856,1.0,before 2015,1.0,1.0,10238,12000.0,sedan,0,0,1,0.0,real_source
325771,40-64,male,majority,0-9y,high school,middle class,,1.0,before 2015,0.0,1.0,10238,16000.0,sedan,0,0,0,1.0,real_source
604631,26-39,male,majority,0-9y,university,upper class,0.6569867760775172,0.0,after 2015,1.0,1.0,10238,10000.0,sedan,0,0,0,0.0,real_source
620243,65+,male,minority,30y+,university,upper class,0.4873628706992316,1.0,before 2015,1.0,1.0,10238,13000.0,sedan,5,4,9,0.0,real_source
197062,26-39,male,minority,0-9y,none,poverty,0.4397448439215724,1.0,before 2015,0.0,1.0,10238,13000.0,sedan,0,0,0,1.0,real_source
704595,40-64,male,minority,20-29y,university,upper class,,1.0,after 2015,1.0,1.0,10238,8000.0,sedan,3,1,0,0.0,real_source
955335,16-25,male,majority,0-9y,none,poverty,0.1342465210434547,0.0,before 2015,0.0,0.0,10238,14000.0,sedan,0,0,0,1.0,real_source
726115,65+,female,majority,20-29y,high school,upper class,0.6388076527644454,1.0,before 2015,1.0,1.0,10238,,sedan,2,0,2,0.0,real_source
646269,40-64,female,majority,0-9y,high school,upper class,0.6280267944003208,1.0,before 2015,0.0,1.0,10238,16000.0,sedan,0,0,0,1.0,real_source
828634,65+,female,majority,30y+,high school,upper class,0.6278036899751401,0.0,before 2015,1.0,1.0,10238,9000.0,sedan,1,0,0,0.0,real_source
64396,40-64,male,majority,20-29y,high school,upper class,0.5516997777782384,0.0,before 2015,0.0,1.0,32765,8000.0,sedan,6,3,2,0.0,real_source
272702,26-39,male,majority,10-19y,high school,middle class,0.5876650860713116,1.0,after 2015,1.0,1.0,32765,9000.0,sports car,5,0,1,0.0,real_source
142738,26-39,male,majority,10-19y,university,upper class,0.4959789450418574,0.0,after 2015,0.0,0.0,10238,14000.0,sedan,0,0,1,0.0,real_source
455460,16-25,male,majority,0-9y,high school,middle class,0.5698551276345389,1.0,after 2015,1.0,0.0,10238,11000.0,sedan,0,0,0,0.0,real_source
361974,65+,female,majority,30y+,university,upper class,,1.0,before 2015,1.0,1.0,10238,,sedan,3,1,3,0.0,real_source
103197,16-25,male,majority,0-9y,high school,poverty,0.4202483308878989,0.0,before 2015,0.0,1.0,10238,12000.0,sedan,0,0,0,1.0,real_source
117006,65+,female,majority,30y+,high school,upper class,0.7472307451362703,1.0,after 2015,0.0,1.0,21217,11000.0,sedan,0,0,0,1.0,real_source
436146,65+,male,majority,20-29y,high school,upper class,0.5611425361739292,1.0,before 2015,1.0,1.0,10238,8000.0,sedan,3,1,3,0.0,real_source
502873,16-25,male,majority,0-9y,university,middle class,0.5195575514701699,1.0,before 2015,0.0,0.0,32765,10000.0,sedan,0,0,0,0.0,real_source
425719,16-25,female,majority,0-9y,none,working class,0.3655393332307893,1.0,after 2015,0.0,1.0,10238,11000.0,sedan,0,0,0,0.0,real_source
797595,16-25,female,majority,0-9y,high school,poverty,0.4566316734496904,0.0,before 2015,0.0,1.0,10238,,sedan,0,0,0,1.0,real_source
754878,40-64,female,majority,20-29y,high school,upper class,,1.0,after 2015,1.0,1.0,10238,9000.0,sedan,3,0,1,0.0,real_source
141111,40-64,male,majority,0-9y,high school,middle class,0.5059066956176601,0.0,before 2015,1.0,1.0,10238,4000.0,sedan,0,0,0,1.0,real_source
126096,40-64,female,majority,0-9y,university,upper class,0.5894011677961919,1.0,before 2015,1.0,1.0,21217,5000.0,sedan,0,0,0,1.0,real_source
777893,26-39,male,majority,10-19y,high school,middle class,0.4658956886530882,1.0,after 2015,0.0,1.0,10238,,sedan,4,1,3,0.0,real_source
147362,16-25,female,majority,0-9y,high school,poverty,0.3443427869982636,1.0,before 2015,0.0,0.0,10238,17000.0,sedan,0,0,0,1.0,real_source
941328,26-39,female,majority,10-19y,high school,working class,0.3758981606207664,1.0,after 2015,0.0,0.0,10238,13000.0,sedan,1,0,1,0.0,real_source
428377,40-64,male,majority,20-29y,none,middle class,0.5341854066381309,1.0,before 2015,1.0,1.0,10238,10000.0,sedan,3,0,1,0.0,real_source
300461,40-64,female,majority,20-29y,none,middle class,0.5199374755302306,1.0,before 2015,0.0,0.0,10238,13000.0,sedan,2,0,0,0.0,real_source
334193,26-39,male,majority,10-19y,high school,middle class,,1.0,before 2015,0.0,0.0,10238,10000.0,sedan,1,0,0,0.0,real_source
235880,40-64,male,majority,20-29y,university,upper class,0.5837447823245655,1.0,after 2015,1.0,1.0,32765,7000.0,sedan,7,3,1,0.0,real_source
302006,26-39,female,majority,10-19y,high school,upper class,0.614557827125036,1.0,before 2015,1.0,1.0,10238,9000.0,sedan,2,0,0,0.0,real_source
449353,16-25,female,majority,0-9y,none,poverty,0.3484416080159446,1.0,before 2015,0.0,0.0,10238,18000.0,sedan,0,0,0,1.0,real_source
158794,16-25,male,majority,0-9y,high school,middle class,0.4379113324577937,1.0,before 2015,1.0,1.0,32765,16000.0,sedan,0,0,0,1.0,real_source
161694,16-25,female,majority,0-9y,high school,poverty,0.4129767799268769,0.0,before 2015,0.0,0.0,10238,17000.0,sedan,0,0,0,1.0,real_source
888859,40-64,male,majority,20-29y,university,upper class,0.4557132194752298,1.0,after 2015,1.0,0.0,10238,13000.0,sedan,3,0,1,0.0,real_source
723998,26-39,male,majority,10-19y,high school,middle class,0.4103206508687377,1.0,before 2015,1.0,1.0,32765,10000.0,sedan,4,1,0,1.0,real_source
118367,65+,female,majority,20-29y,university,upper class,0.5945300649371015,1.0,after 2015,1.0,1.0,10238,,sedan,1,1,4,0.0,real_source
597837,26-39,male,majority,10-19y,none,poverty,0.3753076504602436,1.0,before 2015,0.0,0.0,10238,14000.0,sedan,1,2,3,0.0,real_source
648596,16-25,female,majority,0-9y,none,poverty,0.542158167144009,1.0,before 2015,0.0,0.0,10238,18000.0,sedan,0,0,0,0.0,real_source
386720,16-25,female,minority,0-9y,high school,working class,0.4289344307831929,0.0,before 2015,0.0,0.0,10238,11000.0,sports car,0,0,0,1.0,real_source
209117,26-39,female,majority,10-19y,university,upper class,0.5836102270313487,1.0,before 2015,1.0,1.0,92101,11000.0,sedan,0,0,0,0.0,real_source
310896,26-39,male,majority,10-19y,none,poverty,0.3412134704538641,0.0,before 2015,0.0,0.0,10238,11000.0,sedan,0,0,2,1.0,real_source
237716,26-39,female,majority,0-9y,none,upper class,0.8194194033510579,1.0,after 2015,1.0,1.0,10238,11000.0,sedan,0,0,0,0.0,real_source
753750,26-39,male,majority,10-19y,university,middle class,0.481660460220477,1.0,before 2015,0.0,1.0,32765,11000.0,sedan,8,0,0,0.0,real_source
295280,65+,male,majority,0-9y,university,upper class,0.7342960185997135,0.0,after 2015,1.0,1.0,10238,10000.0,sedan,0,0,0,1.0,real_source
279812,40-64,male,majority,20-29y,university,upper class,0.6765079490117237,1.0,before 2015,1.0,1.0,32765,8000.0,sedan,4,5,6,0.0,real_source
180870,40-64,female,majority,20-29y,university,upper class,0.5915072906372144,1.0,after 2015,1.0,1.0,10238,11000.0,sedan,0,0,2,0.0,real_source
780787,26-39,female,majority,10-19y,university,upper class,0.6931513030630937,1.0,after 2015,0.0,1.0,10238,12000.0,sedan,0,2,3,0.0,real_source
689196,16-25,male,majority,0-9y,high school,middle class,0.636867176141497,0.0,before 2015,1.0,1.0,21217,13000.0,sedan,0,0,0,1.0,real_source
352448,40-64,female,majority,20-29y,high school,working class,0.6346275060849624,1.0,before 2015,1.0,1.0,10238,10000.0,sedan,3,0,2,0.0,real_source
359367,26-39,male,majority,10-19y,university,middle class,0.5417905219674991,1.0,before 2015,1.0,1.0,10238,9000.0,sedan,1,0,1,0.0,real_source
540977,26-39,female,majority,10-19y,university,upper class,0.674254143860007,1.0,after 2015,0.0,1.0,10238,7000.0,sedan,2,0,0,0.0,real_source
660616,16-25,male,majority,0-9y,university,middle class,0.3590617023108921,1.0,before 2015,1.0,1.0,10238,8000.0,sedan,0,0,0,0.0,real_source
302978,40-64,female,majority,20-29y,university,upper class,0.7073807601666705,1.0,after 2015,1.0,1.0,32765,8000.0,sedan,4,0,1,0.0,real_source
842781,40-64,female,majority,20-29y,high school,upper class,0.7130791317570622,1.0,before 2015,0.0,1.0,10238,10000.0,sedan,3,0,1,0.0,real_source
346076,16-25,female,majority,0-9y,university,middle class,0.5406161317274277,1.0,before 2015,0.0,1.0,10238,12000.0,sedan,0,0,0,1.0,real_source
541183,26-39,female,majority,10-19y,high school,working class,0.508515717330417,0.0,after 2015,0.0,1.0,10238,9000.0,sedan,0,0,1,0.0,real_source
81474,26-39,female,majority,0-9y,high school,middle class,0.5891423791815076,0.0,after 2015,1.0,1.0,10238,10000.0,sedan,0,0,0,0.0,real_source
424219,26-39,male,majority,10-19y,high school,middle class,0.5853603535113396,0.0,before 2015,1.0,1.0,10238,9000.0,sedan,1,0,5,0.0,real_source
464241,65+,male,majority,20-29y,high school,upper class,0.3317126596291948,1.0,before 2015,1.0,1.0,10238,10000.0,sports car,5,0,3,0.0,real_source
509238,40-64,female,majority,0-9y,high school,working class,0.5590702903683684,0.0,before 2015,0.0,1.0,32765,11000.0,sedan,0,0,0,1.0,real_source
56549,40-64,female,majority,20-29y,high school,upper class,0.5223910921912841,1.0,before 2015,1.0,1.0,32765,4000.0,sedan,5,0,0,0.0,real_source
896253,40-64,male,majority,20-29y,university,upper class,0.4360174612631199,1.0,before 2015,0.0,0.0,32765,11000.0,sedan,7,3,1,0.0,real_source
387154,40-64,male,majority,10-19y,high school,upper class,,1.0,after 2015,1.0,1.0,32765,9000.0,sports car,3,0,3,0.0,real_source
821082,65+,male,majority,30y+,university,upper class,0.7404954552119138,1.0,after 2015,1.0,1.0,10238,10000.0,sedan,7,0,3,0.0,real_source
811607,26-39,male,majority,10-19y,high school,middle class,,1.0,before 2015,0.0,0.0,32765,15000.0,sedan,2,0,2,1.0,real_source
330576,26-39,male,minority,0-9y,none,upper class,0.4486733405374232,1.0,after 2015,1.0,1.0,10238,11000.0,sedan,0,0,0,0.0,real_source
397069,16-25,male,minority,0-9y,none,poverty,0.2474479455051233,0.0,before 2015,0.0,0.0,10238,,sedan,0,0,0,1.0,real_source
178343,65+,male,majority,30y+,none,working class,0.3483040632933534,1.0,before 2015,0.0,1.0,10238,11000.0,sedan,3,2,4,0.0,real_source
249580,65+,female,majority,30y+,high school,upper class,0.6499923034488538,1.0,after 2015,0.0,1.0,32765,16000.0,sedan,2,1,0,0.0,real_source
145134,40-64,female,minority,20-29y,university,upper class,0.5701310569787049,1.0,before 2015,0.0,1.0,32765,,sedan,1,0,2,0.0,real_source
191471,16-25,male,majority,0-9y,none,working class,0.2304479256816975,1.0,before 2015,1.0,1.0,10238,11000.0,sedan,0,0,0,0.0,real_source
632202,16-25,male,majority,0-9y,university,middle class,0.4173056835917697,1.0,before 2015,0.0,0.0,10238,13000.0,sedan,0,0,0,1.0,real_source
665874,40-64,female,majority,20-29y,high school,working class,0.5026192525671145,0.0,before 2015,0.0,0.0,10238,14000.0,sedan,2,0,2,0.0,real_source
247689,16-25,female,majority,0-9y,none,poverty,0.3039996361396223,1.0,before 2015,0.0,0.0,10238,19000.0,sports car,0,0,0,1.0,real_source
468798,40-64,female,majority,0-9y,university,upper class,,1.0,after 2015,0.0,1.0,10238,13000.0,sedan,0,0,0,0.0,real_source
816782,16-25,female,minority,0-9y,none,poverty,0.4264165088544689,1.0,before 2015,1.0,1.0,92101,10000.0,sedan,0,0,0,0.0,real_source
62050,16-25,female,majority,0-9y,high school,poverty,0.3431036233243319,1.0,before 2015,0.0,0.0,10238,19000.0,sedan,0,0,0,0.0,real_source
349170,16-25,female,majority,0-9y,none,poverty,0.49487834334464,0.0,before 2015,1.0,1.0,10238,3000.0,sedan,0,0,0,1.0,real_source
941549,65+,male,majority,30y+,university,upper class,0.6919378536797907,1.0,after 2015,1.0,1.0,10238,11000.0,sedan,4,0,8,0.0,real_source
796795,65+,female,majority,30y+,high school,upper class,0.7265427548472954,1.0,after 2015,1.0,1.0,10238,14000.0,sedan,1,0,0,0.0,real_source
151430,40-64,male,majority,20-29y,none,middle class,0.6281965922296394,1.0,after 2015,1.0,1.0,10238,10000.0,sedan,2,1,3,0.0,real_source
646869,26-39,female,majority,0-9y,none,poverty,,0.0,after 2015,0.0,1.0,10238,16000.0,sedan,0,0,0,1.0,real_source
10314,40-64,male,majority,0-9y,university,upper class,0.6383298810181021,1.0,before 2015,1.0,1.0,10238,10000.0,sedan,0,0,0,0.0,real_source
730682,26-39,male,majority,10-19y,none,working class,0.5346391972409114,0.0,before 2015,1.0,1.0,10238,12000.0,sedan,1,0,3,1.0,real_source
799204,65+,female,majority,20-29y,university,upper class,0.7087505588212191,1.0,after 2015,1.0,1.0,10238,8000.0,sedan,3,0,0,0.0,real_source
913410,26-39,female,majority,10-19y,none,working class,0.2744498319563411,1.0,before 2015,0.0,0.0,10238,11000.0,sedan,2,0,0,0.0,real_source
272017,65+,male,majority,30y+,university,upper class,0.48677813254442,1.0,after 2015,1.0,1.0,10238,13000.0,sedan,4,0,5,0.0,real_source
673967,65+,male,majority,30y+,university,upper class,,1.0,after 2015,1.0,1.0,10238,7000.0,sedan,4,1,6,0.0,real_source
818226,26-39,female,majority,0-9y,high school,middle class,0.4538684843293158,0.0,before 2015,0.0,1.0,32765,13000.0,sedan,0,0,0,0.0,real_source
566667,65+,male,majority,30y+,none,upper class,0.6268903334367436,0.0,before 2015,1.0,1.0,10238,9000.0,sedan,1,0,6,0.0,real_source
412534,65+,female,majority,10-19y,high school,upper class,0.6748467584014937,1.0,after 2015,1.0,1.0,10238,9000.0,sedan,0,0,1,0.0,real_source
476601,40-64,female,majority,0-9y,high school,poverty,0.41263478024781,0.0,before 2015,1.0,1.0,10238,9000.0,sports car,0,0,0,0.0,real_source
597023,40-64,female,majority,20-29y,university,upper class,0.611290601481709,1.0,after 2015,1.0,0.0,10238,15000.0,sedan,1,1,3,0.0,real_source
187139,16-25,male,majority,0-9y,none,poverty,0.3813670253394419,1.0,after 2015,0.0,1.0,10238,12000.0,sedan,0,0,0,0.0,real_source
572861,16-25,female,majority,0-9y,none,poverty,0.3003323425382041,1.0,before 2015,1.0,0.0,10238,14000.0,sedan,0,0,0,1.0,real_source
806393,65+,male,minority,30y+,university,upper class,0.6194525598603691,1.0,before 2015,0.0,1.0,10238,13000.0,sedan,2,0,6,0.0,real_source
74341,40-64,male,majority,0-9y,university,upper class,0.5713034864796575,1.0,after 2015,1.0,1.0,10238,9000.0,sedan,0,0,0,0.0,real_source
484203,65+,female,majority,30y+,high school,poverty,0.5220227607561476,0.0,before 2015,0.0,1.0,10238,14000.0,sedan,2,1,2,0.0,real_source
394213,16-25,female,majority,0-9y,university,middle class,0.7212331977911265,0.0,after 2015,0.0,0.0,10238,15000.0,sedan,0,0,0,1.0,real_source
753743,26-39,female,majority,10-19y,high school,poverty,0.3779425489679235,0.0,before 2015,0.0,1.0,32765,12000.0,sedan,0,0,1,1.0,real_source
380555,65+,male,majority,10-19y,university,upper class,,1.0,after 2015,0.0,0.0,10238,16000.0,sedan,1,0,0,0.0,real_source
217075,65+,female,majority,10-19y,high school,upper class,0.5859331602944396,1.0,before 2015,1.0,0.0,10238,11000.0,sedan,0,1,0,0.0,real_source
610450,40-64,male,majority,0-9y,high school,upper class,0.6369108567946822,1.0,after 2015,1.0,1.0,10238,11000.0,sedan,0,0,0,1.0,real_source
374367,40-64,female,majority,20-29y,university,upper class,0.6230590448522321,1.0,before 2015,1.0,1.0,32765,8000.0,sedan,5,1,2,0.0,real_source
641530,65+,male,majority,10-19y,none,upper class,0.6633930592226557,1.0,after 2015,1.0,1.0,10238,12000.0,sedan,2,0,0,0.0,real_source
86754,40-64,male,majority,20-29y,university,upper class,0.4899924372348231,1.0,before 2015,1.0,1.0,32765,8000.0,sedan,6,4,1,0.0,real_source
840731,40-64,female,majority,20-29y,university,upper class,0.7377958624314571,1.0,before 2015,1.0,1.0,10238,11000.0,sedan,0,1,0,0.0,real_source
754339,65+,male,majority,30y+,university,upper class,0.6185102473225245,1.0,after 2015,1.0,1.0,10238,10000.0,sedan,4,1,8,0.0,real_source
265061,26-39,male,majority,10-19y,university,middle class,0.4426723177096776,1.0,before 2015,1.0,0.0,92101,10000.0,sports car,0,1,0,1.0,real_source
303542,16-25,male,majority,0-9y,none,poverty,0.4300974940890192,1.0,before 2015,0.0,0.0,10238,16000.0,sedan,0,0,0,0.0,real_source
102405,65+,female,majority,10-19y,university,upper class,0.5863557667356879,1.0,before 2015,1.0,1.0,32765,8000.0,sedan,2,0,1,0.0,real_source
208733,26-39,male,majority,10-19y,university,middle class,0.4769572830617087,1.0,after 2015,0.0,0.0,10238,,sedan,2,0,0,0.0,real_source
245306,16-25,male,majority,0-9y,university,upper class,0.608480093781135,1.0,before 2015,1.0,1.0,32765,9000.0,sedan,0,0,0,0.0,real_source
613989,26-39,male,majority,10-19y,high school,middle class,0.4646762889805906,0.0,after 2015,1.0,1.0,10238,12000.0,sedan,1,1,1,1.0,real_source
621464,65+,female,majority,30y+,high school,upper class,0.5579703352368941,0.0,before 2015,1.0,1.0,10238,10000.0,sedan,4,2,5,0.0,real_source
301838,26-39,female,majority,10-19y,high school,working class,0.4294617799119659,0.0,before 2015,0.0,0.0,10238,16000.0,sedan,0,0,1,1.0,real_source
579201,65+,male,majority,30y+,university,upper class,0.6316163309947952,1.0,before 2015,1.0,1.0,10238,7000.0,sedan,9,2,11,0.0,real_source
76003,26-39,male,majority,10-19y,high school,working class,0.3777435957147451,0.0,before 2015,1.0,1.0,10238,,sedan,3,1,2,0.0,real_source
775772,65+,female,majority,10-19y,high school,upper class,0.5152512634730513,1.0,before 2015,1.0,1.0,10238,11000.0,sedan,2,0,2,0.0,real_source
105389,26-39,female,majority,10-19y,none,working class,0.3350076408868216,1.0,before 2015,0.0,0.0,10238,16000.0,sedan,1,0,0,0.0,real_source
57461,16-25,male,majority,0-9y,high school,poverty,0.178051021339576,1.0,before 2015,0.0,1.0,10238,12000.0,sedan,0,0,0,0.0,real_source
842614,40-64,female,majority,20-29y,university,middle class,0.5707619137316899,0.0,after 2015,1.0,1.0,32765,,sedan,3,0,2,0.0,real_source
876999,26-39,female,majority,0-9y,none,poverty,0.3958739380079953,0.0,before 2015,0.0,1.0,32765,12000.0,sedan,0,0,0,1.0,real_source
11666,26-39,female,majority,10-19y,high school,working class,0.3883856803575157,0.0,before 2015,0.0,0.0,32765,13000.0,sedan,1,0,0,1.0,real_source
528044,40-64,male,majority,20-29y,high school,upper class,0.6431578288259611,1.0,after 2015,1.0,1.0,10238,9000.0,sedan,2,0,1,0.0,real_source
851446,40-64,male,majority,20-29y,university,upper class,,1.0,before 2015,1.0,1.0,32765,9000.0,sedan,3,0,1,0.0,real_source
666784,65+,male,majority,20-29y,high school,upper class,0.7282010425337404,1.0,after 2015,1.0,1.0,32765,9000.0,sedan,5,0,1,0.0,real_source
451963,65+,male,majority,30y+,high school,upper class,0.713619531907858,1.0,before 2015,1.0,1.0,10238,11000.0,sedan,2,1,2,0.0,real_source
832592,40-64,female,majority,20-29y,high school,middle class,0.5261709046884722,1.0,after 2015,0.0,1.0,10238,12000.0,sedan,1,0,5,0.0,real_source
469490,16-25,female,majority,0-9y,university,upper class,0.6632948509821023,1.0,before 2015,0.0,0.0,32765,15000.0,sedan,0,0,0,1.0,real_source
379389,26-39,female,majority,0-9y,university,middle class,,1.0,before 2015,1.0,1.0,10238,9000.0,sedan,0,0,0,0.0,real_source
726757,40-64,female,majority,0-9y,university,upper class,0.5800585073921776,1.0,after 2015,1.0,1.0,10238,12000.0,sedan,0,0,0,0.0,real_source
73961,16-25,female,majority,0-9y,high school,working class,0.3918469002457876,1.0,before 2015,0.0,0.0,32765,13000.0,sedan,0,0,0,0.0,real_source
441403,26-39,male,majority,10-19y,high school,working class,0.4727881902305562,1.0,before 2015,1.0,0.0,32765,7000.0,sedan,9,0,2,0.0,real_source
906536,26-39,male,majority,10-19y,university,working class,0.5008680670175222,0.0,before 2015,1.0,1.0,10238,12000.0,sedan,2,0,1,1.0,real_source
792208,26-39,female,majority,10-19y,university,upper class,0.6284960662120435,1.0,after 2015,1.0,1.0,10238,11000.0,sedan,0,0,2,0.0,real_source
709288,26-39,male,majority,10-19y,none,middle class,0.4507150361003323,1.0,before 2015,0.0,0.0,10238,17000.0,sedan,0,0,2,1.0,real_source
940061,16-25,female,minority,0-9y,high school,working class,0.5357838703302212,1.0,after 2015,1.0,0.0,10238,12000.0,sedan,0,0,0,0.0,real_source
414765,26-39,male,majority,0-9y,high school,poverty,,1.0,before 2015,0.0,0.0,10238,16000.0,sedan,0,0,0,1.0,real_source
798631,26-39,female,majority,0-9y,university,upper class,0.5764420898857827,0.0,before 2015,0.0,1.0,10238,13000.0,sedan,0,0,0,1.0,real_source
725524,65+,female,majority,30y+,high school,middle class,0.5839628143132889,1.0,before 2015,1.0,1.0,10238,13000.0,sedan,5,0,1,0.0,real_source
653578,16-25,female,majority,0-9y,university,middle class,0.4868132675107175,0.0,before 2015,0.0,1.0,10238,,sedan,0,0,0,0.0,real_source
587659,40-64,male,majority,10-19y,university,middle class,0.4705041616549497,1.0,before 2015,0.0,1.0,10238,9000.0,sedan,4,1,3,0.0,real_source
364265,16-25,female,minority,0-9y,high school,middle class,0.5605136817904375,1.0,after 2015,0.0,1.0,10238,10000.0,sports car,0,0,0,0.0,real_source
503289,65+,female,majority,30y+,none,upper class,0.5984477801924861,1.0,before 2015,1.0,0.0,32765,14000.0,sedan,1,1,1,0.0,real_source
283255,16-25,male,majority,0-9y,high school,working class,0.5075623003804361,1.0,before 2015,0.0,0.0,10238,13000.0,sedan,0,0,0,1.0,real_source
574217,40-64,male,majority,10-19y,university,upper class,0.5433718956835348,0.0,after 2015,0.0,0.0,32765,12000.0,sedan,7,0,0,0.0,real_source
763621,40-64,female,majority,20-29y,none,upper class,0.5535358801137119,1.0,before 2015,1.0,1.0,10238,12000.0,sedan,1,0,4,0.0,real_source
125857,40-64,male,majority,10-19y,none,middle class,0.3646366077692855,1.0,after 2015,0.0,0.0,10238,,sedan,1,0,1,0.0,real_source
73235,65+,male,minority,30y+,high school,upper class,0.6080055626977543,1.0,after 2015,0.0,1.0,32765,12000.0,sedan,7,1,2,0.0,real_source
921978,40-64,male,minority,20-29y,none,working class,0.2917081032559605,0.0,after 2015,0.0,1.0,32765,10000.0,sedan,9,0,2,0.0,real_source
16925,16-25,male,majority,0-9y,high school,poverty,0.4053794646469236,0.0,before 2015,1.0,0.0,10238,,sedan,0,0,0,1.0,real_source
506850,65+,male,majority,20-29y,high school,upper class,0.5631597807852956,1.0,before 2015,1.0,1.0,32765,6000.0,sedan,6,1,2,0.0,real_source
855116,65+,male,minority,0-9y,university,upper class,0.7077876452998693,1.0,after 2015,1.0,1.0,10238,11000.0,sedan,0,0,0,0.0,real_source
555993,65+,female,majority,20-29y,university,upper class,0.5832027760991236,1.0,before 2015,1.0,1.0,10238,9000.0,sedan,3,0,2,0.0,real_source
608175,26-39,female,minority,10-19y,high school,upper class,0.5978612595139868,1.0,after 2015,0.0,1.0,32765,9000.0,sedan,1,1,0,0.0,real_source
637550,26-39,female,minority,10-19y,university,middle class,0.5085490064052536,1.0,before 2015,1.0,0.0,10238,11000.0,sedan,0,0,0,0.0,real_source
235902,26-39,male,majority,10-19y,university,middle class,0.5432926152062738,1.0,before 2015,0.0,1.0,10238,15000.0,sedan,2,1,1,1.0,real_source
563738,65+,female,majority,10-19y,high school,middle class,0.4580994588525864,1.0,before 2015,1.0,1.0,10238,8000.0,sedan,1,0,1,0.0,real_source
668757,65+,female,majority,20-29y,university,middle class,,0.0,after 2015,1.0,1.0,10238,9000.0,sedan,2,0,2,0.0,real_source
721998,26-39,female,majority,0-9y,high school,poverty,,0.0,before 2015,1.0,0.0,10238,14000.0,sedan,0,0,0,1.0,real_source
819635,40-64,male,majority,0-9y,high school,middle class,0.4636812834943048,0.0,before 2015,0.0,1.0,32765,10000.0,sedan,0,0,0,1.0,real_source
308032,16-25,male,majority,0-9y,none,poverty,0.2201608322372889,0.0,before 2015,0.0,0.0,32765,16000.0,sedan,0,0,0,1.0,real_source
12262,40-64,male,minority,10-19y,high school,middle class,,1.0,after 2015,1.0,1.0,92101,13000.0,sedan,1,0,1,1.0,real_source
133581,40-64,male,majority,10-19y,university,upper class,0.5899150926094233,1.0,after 2015,0.0,0.0,32765,15000.0,sedan,0,0,1,0.0,real_source
673091,65+,male,majority,30y+,high school,upper class,0.6024711233596267,1.0,after 2015,1.0,1.0,10238,10000.0,sedan,11,1,5,0.0,real_source
547501,40-64,female,majority,10-19y,university,upper class,,1.0,before 2015,1.0,1.0,32765,,sedan,2,1,0,0.0,real_source
76282,26-39,female,majority,0-9y,university,upper class,0.5233289385213963,1.0,after 2015,0.0,0.0,32765,,sedan,0,0,0,0.0,real_source
299279,65+,female,majority,30y+,university,upper class,0.7030774125609487,1.0,before 2015,1.0,1.0,92101,11000.0,sedan,4,1,1,0.0,real_source
928094,40-64,female,majority,20-29y,university,upper class,0.6990267248939761,1.0,before 2015,1.0,1.0,10238,10000.0,sports car,4,1,3,0.0,real_source
322968,40-64,female,minority,10-19y,none,middle class,0.3940613182551309,0.0,before 2015,1.0,1.0,32765,,sedan,2,0,3,0.0,real_source
625037,40-64,male,majority,0-9y,university,upper class,0.6840376256963578,1.0,before 2015,1.0,1.0,32765,7000.0,sedan,0,0,0,1.0,real_source
11165,16-25,female,majority,0-9y,none,poverty,0.4133565343754057,1.0,before 2015,0.0,1.0,32765,6000.0,sedan,0,0,0,0.0,real_source
680335,26-39,male,minority,10-19y,none,middle class,0.5041868550105627,1.0,after 2015,0.0,1.0,10238,13000.0,sedan,1,1,2,0.0,real_source
197241,16-25,male,majority,0-9y,none,poverty,0.3328558315587265,1.0,before 2015,1.0,0.0,32765,14000.0,sedan,0,0,0,1.0,real_source
43001,65+,male,majority,20-29y,university,upper class,0.6668111715512849,1.0,before 2015,0.0,1.0,10238,14000.0,sedan,4,0,5,0.0,real_source
776035,40-64,female,majority,20-29y,university,upper class,0.5408720914004326,1.0,before 2015,1.0,1.0,10238,12000.0,sedan,2,2,2,0.0,real_source
472358,40-64,male,majority,0-9y,high school,middle class,0.4564132480064739,1.0,before 2015,1.0,1.0,10238,12000.0,sedan,0,0,0,1.0,real_source
229818,65+,female,majority,30y+,high school,upper class,0.6738683211153389,1.0,before 2015,1.0,1.0,10238,11000.0,sedan,4,0,4,0.0,real_source
615030,26-39,female,majority,0-9y,high school,middle class,0.4170365371162503,0.0,before 2015,1.0,1.0,32765,3000.0,sedan,0,0,0,1.0,real_source
426781,40-64,female,majority,20-29y,university,upper class,0.4699738631400742,1.0,before 2015,1.0,1.0,10238,10000.0,sedan,1,0,3,0.0,real_source
372252,40-64,male,majority,10-19y,high school,upper class,0.7006798531441334,1.0,before 2015,0.0,0.0,10238,16000.0,sedan,1,0,0,1.0,real_source
884549,26-39,female,majority,10-19y,none,working class,0.7149563722771033,1.0,before 2015,1.0,1.0,10238,11000.0,sedan,1,0,0,0.0,real_source
25072,16-25,female,minority,0-9y,high school,poverty,0.5039245145240226,0.0,before 2015,0.0,0.0,32765,13000.0,sedan,0,0,0,1.0,real_source
293850,16-25,male,majority,0-9y,none,poverty,0.4143299489842847,1.0,before 2015,0.0,1.0,10238,15000.0,sedan,0,0,0,1.0,real_source
958242,26-39,female,majority,10-19y,university,middle class,0.6273120197677802,1.0,before 2015,0.0,0.0,10238,15000.0,sedan,0,0,1,0.0,real_source
475556,26-39,female,majority,10-19y,high school,working class,0.3562232691382527,1.0,before 2015,0.0,1.0,10238,13000.0,sedan,0,0,0,0.0,real_source
914844,40-64,female,majority,20-29y,high school,upper class,0.4434855693727209,1.0,before 2015,1.0,0.0,10238,10000.0,sedan,0,0,3,0.0,real_source
78568,65+,male,majority,30y+,university,upper class,0.5854794736959827,1.0,before 2015,0.0,1.0,10238,12000.0,sedan,5,2,4,0.0,real_source
598844,16-25,male,majority,0-9y,none,upper class,0.5334138645351603,1.0,after 2015,0.0,1.0,10238,,sedan,0,0,0,0.0,real_source
705089,65+,male,majority,30y+,university,upper class,0.5662170436640729,1.0,after 2015,0.0,1.0,32765,9000.0,sedan,15,2,8,0.0,real_source
873729,16-25,male,majority,0-9y,high school,poverty,0.3691687773320478,1.0,before 2015,0.0,0.0,10238,12000.0,sports car,0,0,0,1.0,real_source
169783,26-39,male,minority,10-19y,university,upper class,0.6099165563503943,1.0,before 2015,0.0,1.0,32765,12000.0,sedan,5,1,1,0.0,real_source
239505,16-25,female,majority,0-9y,high school,working class,0.3732088126578889,1.0,before 2015,0.0,1.0,10238,15000.0,sedan,0,0,0,0.0,real_source
262721,26-39,female,majority,10-19y,high school,poverty,0.3801588643206439,0.0,after 2015,0.0,0.0,10238,17000.0,sedan,0,0,0,1.0,real_source
476077,26-39,male,majority,10-19y,university,middle class,0.3946292553209671,1.0,before 2015,0.0,1.0,10238,11000.0,sedan,2,0,3,0.0,real_source
138028,40-64,male,majority,20-29y,university,upper class,0.5912090890514593,1.0,before 2015,1.0,1.0,32765,7000.0,sedan,6,1,2,1.0,real_source
851207,65+,female,majority,0-9y,high school,upper class,,1.0,before 2015,0.0,1.0,10238,13000.0,sports car,0,0,0,0.0,real_source
941648,65+,female,majority,30y+,high school,upper class,,0.0,after 2015,1.0,1.0,10238,13000.0,sedan,1,0,3,0.0,real_source
383749,26-39,male,minority,10-19y,university,working class,0.4341160068029161,0.0,before 2015,0.0,0.0,10238,11000.0,sedan,4,1,4,0.0,real_source
159418,40-64,male,majority,0-9y,high school,working class,0.4644116361856702,1.0,after 2015,0.0,0.0,32765,13000.0,sedan,0,0,0,0.0,real_source
732666,65+,male,majority,30y+,high school,upper class,0.7224652708981298,1.0,after 2015,1.0,1.0,32765,9000.0,sedan,6,0,2,0.0,real_source
228185,16-25,female,majority,0-9y,none,poverty,0.3972600644606003,1.0,before 2015,0.0,0.0,10238,17000.0,sedan,0,0,0,1.0,real_source
951457,16-25,female,majority,0-9y,none,poverty,0.387494157281359,0.0,before 2015,0.0,0.0,92101,13000.0,sedan,0,0,0,1.0,real_source
414599,26-39,female,majority,0-9y,university,upper class,0.6161776510564136,1.0,before 2015,1.0,0.0,10238,12000.0,sedan,0,0,0,0.0,real_source
298663,40-64,male,majority,20-29y,none,middle class,0.4463857379667779,1.0,before 2015,1.0,1.0,10238,9000.0,sedan,2,0,8,0.0,real_source
540609,26-39,male,majority,0-9y,university,poverty,,0.0,before 2015,0.0,1.0,10238,10000.0,sedan,0,0,0,1.0,real_source
575987,16-25,female,majority,0-9y,university,poverty,0.5007952712760815,0.0,after 2015,0.0,0.0,10238,15000.0,sedan,0,0,0,0.0,real_source
971097,40-64,female,majority,20-29y,high school,upper class,0.5377264351451709,0.0,before 2015,1.0,1.0,32765,6000.0,sedan,3,2,1,0.0,real_source
406606,16-25,female,minority,0-9y,high school,working class,0.4494306672912852,1.0,before 2015,0.0,0.0,10238,14000.0,sedan,0,0,0,1.0,real_source
377653,65+,female,majority,20-29y,high school,upper class,,1.0,after 2015,0.0,1.0,10238,9000.0,sedan,1,2,1,0.0,real_source
554754,40-64,male,majority,20-29y,high school,working class,0.2146247702466887,1.0,before 2015,1.0,1.0,32765,8000.0,sedan,4,1,3,0.0,real_source
81463,40-64,female,majority,0-9y,university,middle class,0.6192052732804539,1.0,before 2015,0.0,0.0,10238,,sedan,0,0,0,1.0,real_source
571030,65+,male,majority,30y+,high school,working class,,1.0,before 2015,1.0,1.0,10238,9000.0,sedan,2,1,3,0.0,real_source
194108,65+,male,majority,10-19y,university,upper class,0.633071230742688,1.0,after 2015,1.0,1.0,21217,9000.0,sedan,1,0,1,1.0,real_source
538003,26-39,female,majority,10-19y,university,middle class,,1.0,before 2015,0.0,1.0,10238,9000.0,sedan,0,0,0,0.0,real_source
458054,40-64,male,majority,10-19y,none,middle class,0.4921034653293973,1.0,before 2015,0.0,1.0,10238,15000.0,sedan,5,0,1,0.0,real_source
17297,16-25,female,majority,0-9y,none,poverty,0.2908504256966667,1.0,before 2015,1.0,1.0,10238,12000.0,sedan,0,0,0,1.0,real_source
86349,16-25,female,majority,0-9y,none,middle class,0.5063949608921451,0.0,after 2015,0.0,1.0,21217,13000.0,sedan,0,0,0,1.0,real_source
299927,16-25,male,majority,0-9y,high school,poverty,0.2503919654124169,1.0,before 2015,1.0,1.0,10238,,sedan,0,0,0,1.0,real_source
4035,40-64,female,majority,20-29y,university,upper class,0.5331305918669431,1.0,before 2015,1.0,0.0,32765,6000.0,sedan,2,1,1,0.0,real_source
210243,16-25,male,majority,0-9y,none,poverty,0.2744219686884673,0.0,before 2015,0.0,1.0,10238,10000.0,sedan,0,0,0,1.0,real_source
543550,26-39,female,majority,10-19y,none,middle class,0.5953988488773871,1.0,before 2015,0.0,1.0,10238,14000.0,sedan,0,0,1,0.0,real_source
13712,40-64,male,majority,0-9y,none,working class,0.2750996000343182,1.0,before 2015,1.0,1.0,32765,8000.0,sedan,0,0,0,1.0,real_source
124584,26-39,female,minority,10-19y,none,poverty,0.4013773864396517,0.0,before 2015,0.0,1.0,10238,12000.0,sedan,1,0,3,0.0,real_source
902361,40-64,male,majority,10-19y,university,upper class,0.5407668643202043,1.0,before 2015,0.0,1.0,10238,14000.0,sedan,1,0,0,0.0,real_source
324572,16-25,female,majority,0-9y,none,poverty,0.4349262934292713,1.0,before 2015,0.0,0.0,10238,17000.0,sedan,0,0,0,1.0,real_source
211850,65+,female,majority,30y+,university,upper class,,1.0,before 2015,1.0,1.0,10238,12000.0,sedan,4,1,5,0.0,real_source
309784,65+,female,majority,10-19y,high school,upper class,0.6336320793002547,1.0,after 2015,1.0,1.0,21217,9000.0,sports car,2,0,0,1.0,real_source
645539,16-25,male,majority,0-9y,high school,poverty,0.4398313250498819,0.0,after 2015,0.0,1.0,10238,16000.0,sedan,0,0,0,1.0,real_source
760850,40-64,male,majority,0-9y,university,middle class,0.5666786986571251,0.0,before 2015,0.0,0.0,32765,12000.0,sedan,0,0,0,1.0,real_source
660265,40-64,female,majority,20-29y,university,upper class,0.556783098109776,1.0,after 2015,1.0,0.0,10238,12000.0,sedan,0,2,1,0.0,real_source
211439,26-39,male,majority,10-19y,none,middle class,,0.0,before 2015,1.0,1.0,10238,12000.0,sedan,0,0,2,0.0,real_source
616100,26-39,male,majority,10-19y,none,poverty,0.1942253046228653,1.0,before 2015,1.0,0.0,32765,,sedan,5,0,1,0.0,real_source
392753,16-25,female,majority,0-9y,high school,poverty,0.3298192764480144,0.0,before 2015,0.0,1.0,92101,10000.0,sedan,0,0,0,1.0,real_source
742475,26-39,female,majority,10-19y,high school,poverty,,1.0,before 2015,0.0,1.0,10238,15000.0,sedan,0,0,1,0.0,real_source
265238,40-64,female,majority,20-29y,none,upper class,0.5503199404022722,1.0,before 2015,1.0,1.0,10238,12000.0,sedan,1,0,0,0.0,real_source
976988,40-64,male,majority,20-29y,university,upper class,0.7848660690191614,1.0,after 2015,1.0,0.0,92101,10000.0,sedan,0,0,0,1.0,real_source
787825,26-39,female,majority,10-19y,high school,upper class,0.5650068538094034,0.0,before 2015,1.0,1.0,10238,,sedan,1,0,1,0.0,real_source
907579,40-64,male,minority,20-29y,high school,working class,0.4132449761316563,0.0,after 2015,0.0,1.0,32765,13000.0,sedan,3,0,1,0.0,real_source
403255,65+,female,majority,30y+,university,upper class,0.6414588168870665,0.0,before 2015,1.0,1.0,10238,11000.0,sedan,2,1,2,0.0,real_source
323189,65+,female,majority,0-9y,high school,upper class,0.5523820009958419,1.0,before 2015,0.0,1.0,10238,11000.0,sedan,0,0,0,0.0,real_source
645162,26-39,female,majority,10-19y,university,upper class,0.6423073532552126,1.0,after 2015,0.0,1.0,10238,13000.0,sports car,0,0,0,0.0,real_source
777652,65+,male,majority,30y+,university,upper class,0.4578742381491754,1.0,before 2015,1.0,1.0,10238,7000.0,sedan,7,2,8,0.0,real_source
183176,16-25,male,majority,0-9y,high school,poverty,0.3600050510656812,0.0,after 2015,0.0,1.0,10238,,sedan,0,0,0,0.0,real_source
576135,26-39,male,majority,10-19y,university,middle class,0.6445534831335273,1.0,before 2015,0.0,1.0,32765,10000.0,sedan,1,0,0,0.0,real_source
398191,40-64,male,minority,20-29y,university,working class,0.4150653775799153,1.0,before 2015,1.0,1.0,10238,,sedan,2,1,2,0.0,real_source
752000,26-39,female,majority,0-9y,high school,poverty,0.292291992136978,0.0,before 2015,1.0,1.0,10238,8000.0,sedan,0,0,0,1.0,real_source
392072,26-39,male,majority,10-19y,university,upper class,0.7506215355606997,1.0,after 2015,0.0,1.0,10238,9000.0,sedan,1,0,1,0.0,real_source
662319,40-64,female,majority,0-9y,university,upper class,0.7201250434929349,1.0,after 2015,1.0,1.0,10238,11000.0,sedan,0,0,0,0.0,real_source
696919,40-64,male,majority,0-9y,high school,upper class,0.5673375898657691,1.0,after 2015,1.0,1.0,10238,15000.0,sedan,0,0,0,1.0,real_source
343177,40-64,female,majority,20-29y,none,poverty,0.3059841735897833,1.0,before 2015,1.0,1.0,10238,9000.0,sedan,3,0,2,0.0,real_source
194042,65+,male,majority,30y+,university,upper class,0.6792507617398853,1.0,before 2015,1.0,1.0,10238,10000.0,sedan,3,1,6,0.0,real_source
176374,16-25,male,majority,0-9y,high school,poverty,0.5252297900602075,1.0,before 2015,0.0,1.0,10238,12000.0,sedan,0,0,0,1.0,real_source
696638,26-39,male,majority,0-9y,high school,poverty,0.1218260842948218,0.0,before 2015,1.0,1.0,10238,13000.0,sedan,0,0,0,1.0,real_source
942824,26-39,male,majority,10-19y,university,upper class,0.5004667891679593,1.0,after 2015,1.0,1.0,10238,6000.0,sedan,1,0,1,0.0,real_source
671968,40-64,female,majority,20-29y,high school,middle class,0.4550563031107966,1.0,before 2015,0.0,1.0,32765,14000.0,sedan,2,1,1,0.0,real_source
840643,40-64,female,majority,20-29y,university,upper class,0.4376431157751824,0.0,after 2015,0.0,1.0,32765,12000.0,sedan,2,1,1,0.0,real_source
625580,40-64,male,majority,10-19y,university,upper class,0.5293520117190708,1.0,before 2015,1.0,1.0,10238,9000.0,sedan,2,0,3,0.0,real_source
965608,40-64,female,majority,10-19y,university,upper class,0.573464223595704,1.0,after 2015,1.0,1.0,10238,,sedan,0,1,3,0.0,real_source
732405,40-64,female,minority,20-29y,high school,middle class,,1.0,before 2015,1.0,1.0,10238,11000.0,sedan,2,1,1,0.0,real_source
555632,26-39,male,majority,10-19y,high school,working class,0.281077753628128,0.0,before 2015,0.0,0.0,32765,12000.0,sedan,2,0,0,1.0,real_source
338062,65+,male,majority,30y+,university,upper class,,1.0,after 2015,1.0,1.0,10238,10000.0,sedan,4,1,6,0.0,real_source
258366,16-25,male,majority,0-9y,high school,middle class,0.4778315974899332,1.0,before 2015,1.0,0.0,10238,13000.0,sedan,0,0,0,1.0,real_source
557897,40-64,female,majority,0-9y,high school,middle class,0.5434013894211195,1.0,before 2015,1.0,1.0,32765,11000.0,sedan,0,0,0,1.0,real_source
577935,16-25,female,majority,0-9y,high school,poverty,,1.0,before 2015,0.0,1.0,32765,9000.0,sedan,0,0,0,1.0,real_source
416198,65+,female,majority,30y+,high school,upper class,0.5605807418504817,0.0,before 2015,1.0,1.0,32765,,sedan,4,2,2,0.0,real_source
454271,26-39,female,majority,10-19y,university,middle class,0.4776383009311198,1.0,before 2015,0.0,1.0,10238,8000.0,sedan,0,2,4,0.0,real_source
136835,16-25,male,majority,0-9y,university,poverty,0.3026722151022247,0.0,before 2015,0.0,0.0,10238,12000.0,sedan,0,0,0,1.0,real_source
179889,26-39,female,majority,10-19y,none,working class,0.3504134685963745,0.0,before 2015,0.0,1.0,32765,12000.0,sedan,1,0,0,1.0,real_source
583013,26-39,male,majority,10-19y,high school,working class,0.4363794659689697,0.0,after 2015,0.0,1.0,10238,13000.0,sedan,3,2,0,0.0,real_source
338977,40-64,female,majority,20-29y,university,upper class,0.6940907736953073,1.0,before 2015,0.0,1.0,10238,11000.0,sports car,2,0,5,0.0,real_source
555255,26-39,male,majority,0-9y,high school,upper class,0.6317992974828051,1.0,after 2015,1.0,1.0,32765,5000.0,sedan,0,0,0,0.0,real_source
820436,40-64,male,majority,20-29y,university,upper class,,1.0,after 2015,0.0,0.0,10238,16000.0,sedan,1,0,2,0.0,real_source
944774,40-64,male,majority,10-19y,high school,upper class,0.534859770445961,1.0,before 2015,1.0,1.0,10238,9000.0,sedan,1,0,4,0.0,real_source
954538,40-64,female,majority,0-9y,high school,middle class,0.5948693351349871,1.0,after 2015,0.0,1.0,32765,11000.0,sedan,0,0,0,1.0,real_source
444088,65+,male,majority,30y+,university,upper class,0.6384338538021537,1.0,after 2015,1.0,1.0,10238,11000.0,sedan,2,1,10,0.0,real_source
209583,40-64,female,majority,0-9y,high school,upper class,0.6734074069818765,1.0,before 2015,0.0,0.0,32765,14000.0,sedan,0,0,0,1.0,real_source
599629,16-25,female,majority,0-9y,high school,middle class,0.5884170099732666,1.0,after 2015,0.0,0.0,32765,12000.0,sedan,0,0,0,0.0,real_source
855590,40-64,male,majority,10-19y,high school,upper class,0.6234212425301384,1.0,after 2015,1.0,1.0,92101,12000.0,sports car,1,0,0,1.0,real_source
186979,65+,female,majority,20-29y,university,upper class,0.7305603602992483,1.0,after 2015,1.0,1.0,10238,11000.0,sports car,1,0,4,0.0,real_source
791917,40-64,female,majority,20-29y,high school,upper class,0.6789547922251441,1.0,after 2015,1.0,0.0,32765,,sedan,7,0,0,0.0,real_source
770862,65+,female,majority,0-9y,university,upper class,0.6094154675963287,1.0,after 2015,1.0,1.0,32765,10000.0,sedan,0,0,0,0.0,real_source
216658,16-25,male,majority,0-9y,high school,working class,0.4722745486937124,1.0,after 2015,1.0,0.0,10238,10000.0,sedan,0,0,0,0.0,real_source
818830,26-39,male,majority,10-19y,high school,working class,0.6686394835300978,0.0,before 2015,0.0,0.0,10238,18000.0,sedan,0,0,0,1.0,real_source
201088,65+,female,majority,0-9y,high school,middle class,0.574961078622218,1.0,after 2015,1.0,1.0,10238,11000.0,sedan,0,0,0,0.0,real_source
529478,40-64,male,majority,20-29y,university,upper class,0.5167747560186352,1.0,after 2015,1.0,1.0,10238,11000.0,sedan,3,0,1,0.0,real_source
818927,16-25,female,majority,0-9y,high school,working class,0.4289032526470881,1.0,before 2015,0.0,0.0,10238,,sedan,0,0,0,1.0,real_source
294928,65+,female,majority,0-9y,university,upper class,0.7401870890843271,1.0,before 2015,1.0,1.0,10238,8000.0,sedan,0,0,0,1.0,real_source
301662,26-39,female,majority,0-9y,high school,working class,0.4966346372552317,1.0,before 2015,0.0,0.0,10238,12000.0,sedan,0,0,0,0.0,real_source
90787,65+,female,minority,10-19y,high school,upper class,0.7094289088273653,0.0,before 2015,1.0,1.0,10238,12000.0,sedan,0,0,0,0.0,real_source
272901,65+,male,majority,0-9y,high school,upper class,0.5777629937378045,1.0,after 2015,1.0,1.0,10238,11000.0,sedan,0,0,0,0.0,real_source
135709,40-64,male,majority,20-29y,high school,upper class,0.6137617811958841,1.0,after 2015,1.0,1.0,10238,8000.0,sedan,1,0,5,0.0,real_source
869971,16-25,male,majority,0-9y,none,poverty,,0.0,before 2015,0.0,1.0,92101,12000.0,sedan,0,0,0,1.0,real_source
952019,40-64,female,majority,10-19y,university,upper class,0.7505761646832245,1.0,after 2015,1.0,1.0,32765,10000.0,sports car,1,0,3,0.0,real_source
133123,26-39,female,majority,0-9y,university,upper class,0.5195081912594821,0.0,after 2015,1.0,1.0,10238,8000.0,sedan,0,0,0,0.0,real_source
557185,65+,female,majority,30y+,university,upper class,,1.0,after 2015,1.0,1.0,10238,9000.0,sedan,2,0,2,0.0,real_source
520901,26-39,female,majority,0-9y,university,upper class,0.6373474577984933,1.0,after 2015,0.0,0.0,10238,16000.0,sedan,0,0,0,0.0,real_source
779129,26-39,male,majority,10-19y,university,upper class,0.523813899780489,1.0,after 2015,0.0,0.0,10238,18000.0,sedan,1,0,1,0.0,real_source
459680,26-39,female,majority,0-9y,high school,middle class,0.5031641628599612,1.0,before 2015,1.0,1.0,10238,9000.0,sedan,0,0,0,1.0,real_source
88046,16-25,male,majority,0-9y,high school,poverty,0.3241067104378144,1.0,before 2015,0.0,0.0,10238,15000.0,sedan,0,0,0,1.0,real_source
656025,16-25,female,majority,0-9y,none,poverty,0.2748373257247578,0.0,before 2015,0.0,1.0,10238,13000.0,sedan,0,0,0,1.0,real_source
125011,16-25,male,majority,0-9y,high school,poverty,0.3285803792468538,1.0,before 2015,0.0,0.0,10238,16000.0,sedan,0,0,0,1.0,real_source
545432,16-25,female,majority,0-9y,high school,working class,0.2705635141230467,1.0,before 2015,0.0,0.0,10238,16000.0,sedan,0,0,0,0.0,real_source
692670,16-25,female,majority,0-9y,high school,poverty,0.4989129082427346,0.0,before 2015,0.0,1.0,10238,,sports car,0,0,0,1.0,real_source
282905,26-39,female,majority,10-19y,high school,poverty,0.2872590318115285,0.0,before 2015,0.0,1.0,10238,,sedan,3,0,0,0.0,real_source
794081,16-25,female,majority,0-9y,high school,middle class,0.6152823692233873,1.0,before 2015,0.0,0.0,10238,11000.0,sedan,0,0,0,0.0,real_source
527884,65+,female,majority,30y+,high school,upper class,0.6963481668112647,1.0,before 2015,1.0,1.0,10238,10000.0,sedan,2,0,0,0.0,real_source
944103,40-64,male,majority,20-29y,university,upper class,0.6124200256695846,1.0,after 2015,1.0,1.0,10238,7000.0,sedan,4,0,3,0.0,real_source
345279,40-64,male,majority,20-29y,none,working class,,1.0,before 2015,1.0,1.0,10238,9000.0,sedan,0,1,2,0.0,real_source
160230,26-39,male,minority,10-19y,none,working class,0.4125766334796993,0.0,after 2015,0.0,0.0,10238,14000.0,sedan,2,0,1,0.0,real_source
750236,40-64,male,majority,20-29y,university,upper class,0.5391551687999482,1.0,before 2015,1.0,0.0,32765,8000.0,sedan,5,0,1,0.0,real_source
625190,65+,male,majority,20-29y,high school,upper class,0.5822318867802224,1.0,after 2015,0.0,1.0,10238,13000.0,sedan,2,0,3,0.0,real_source
658726,26-39,male,minority,10-19y,high school,working class,0.4960027855229831,1.0,after 2015,0.0,1.0,10238,12000.0,sedan,2,0,1,0.0,real_source
715175,26-39,male,majority,10-19y,university,middle class,0.3354506418625349,0.0,before 2015,1.0,0.0,10238,12000.0,sports car,0,0,1,1.0,real_source
226374,40-64,male,majority,20-29y,university,upper class,0.5128731861610063,1.0,before 2015,1.0,1.0,32765,10000.0,sports car,8,1,0,0.0,real_source
747737,16-25,female,minority,0-9y,high school,poverty,0.5023757436356552,1.0,before 2015,0.0,1.0,10238,10000.0,sports car,0,0,0,0.0,real_source
202664,16-25,male,majority,0-9y,none,poverty,0.3251507895065117,0.0,before 2015,1.0,1.0,32765,6000.0,sedan,0,0,0,1.0,real_source
892385,26-39,female,majority,10-19y,none,working class,0.5112126383499591,0.0,after 2015,0.0,1.0,10238,15000.0,sedan,0,0,0,0.0,real_source
425088,16-25,male,majority,0-9y,university,working class,0.4883411676791918,1.0,after 2015,0.0,1.0,32765,11000.0,sedan,0,0,0,0.0,real_source
18141,40-64,female,majority,20-29y,high school,working class,,1.0,before 2015,1.0,0.0,32765,10000.0,sports car,2,1,0,0.0,real_source
493806,26-39,female,majority,10-19y,university,upper class,,1.0,after 2015,1.0,1.0,10238,15000.0,sedan,3,0,1,0.0,real_source
439942,65+,female,majority,30y+,university,upper class,0.5835051700162286,1.0,after 2015,1.0,1.0,10238,,sedan,2,1,1,0.0,real_source
56179,40-64,female,majority,20-29y,high school,upper class,0.5906781386208667,1.0,after 2015,1.0,1.0,10238,12000.0,sedan,2,0,0,0.0,real_source
245814,65+,female,majority,30y+,high school,upper class,0.7194051606457107,1.0,after 2015,1.0,1.0,10238,15000.0,sedan,1,1,1,0.0,real_source
75025,26-39,male,majority,10-19y,university,middle class,0.5229674616696696,1.0,before 2015,1.0,1.0,32765,5000.0,sedan,5,0,0,0.0,real_source
464079,65+,female,majority,0-9y,university,upper class,0.7163840295153565,0.0,after 2015,1.0,1.0,10238,11000.0,sedan,0,0,0,0.0,real_source
918463,26-39,male,majority,10-19y,none,poverty,0.2256017788949476,0.0,before 2015,0.0,1.0,10238,9000.0,sedan,5,1,2,1.0,real_source
152675,40-64,female,majority,20-29y,none,working class,,1.0,before 2015,0.0,1.0,10238,7000.0,sedan,4,0,5,0.0,real_source
260651,40-64,male,majority,20-29y,university,middle class,0.5789921717005608,1.0,before 2015,0.0,1.0,10238,10000.0,sedan,1,1,1,0.0,real_source
827830,26-39,male,majority,10-19y,university,middle class,0.5237848350630818,1.0,before 2015,1.0,0.0,10238,15000.0,sedan,0,0,0,0.0,real_source
589267,40-64,female,majority,20-29y,none,middle class,0.6110576861218359,0.0,before 2015,1.0,1.0,32765,12000.0,sedan,3,1,0,0.0,real_source
869232,16-25,female,minority,0-9y,none,poverty,0.4804927632251741,1.0,before 2015,0.0,0.0,10238,15000.0,sedan,0,0,0,1.0,real_source
458602,26-39,female,majority,10-19y,none,working class,0.4130576032882253,1.0,before 2015,1.0,1.0,10238,9000.0,sedan,0,0,1,0.0,real_source
124739,40-64,male,majority,20-29y,university,middle class,0.5413705542246398,0.0,before 2015,0.0,1.0,10238,11000.0,sedan,3,0,6,0.0,real_source
618868,26-39,female,majority,10-19y,none,poverty,0.361869660279577,0.0,before 2015,0.0,1.0,10238,12000.0,sedan,0,0,0,1.0,real_source
944066,26-39,male,majority,10-19y,university,working class,0.5086395791958668,0.0,before 2015,1.0,0.0,92101,15000.0,sedan,1,1,0,1.0,real_source
711932,65+,female,majority,30y+,university,upper class,0.6641610956184248,1.0,before 2015,1.0,0.0,10238,14000.0,sedan,2,1,2,0.0,real_source
737792,26-39,female,majority,10-19y,high school,poverty,0.3888608733962092,1.0,before 2015,1.0,1.0,10238,10000.0,sedan,0,0,0,0.0,real_source
807428,40-64,female,majority,0-9y,high school,upper class,0.6223099193283916,1.0,before 2015,1.0,0.0,10238,14000.0,sedan,0,0,0,0.0,real_source
645815,40-64,female,majority,20-29y,university,upper class,0.562966957754165,1.0,after 2015,1.0,1.0,10238,14000.0,sedan,1,0,0,0.0,real_source
552870,16-25,female,majority,0-9y,university,working class,0.6010093646233018,0.0,after 2015,0.0,1.0,21217,11000.0,sedan,0,0,0,1.0,real_source
828827,40-64,female,majority,10-19y,high school,upper class,0.4537171051493988,1.0,after 2015,1.0,0.0,10238,12000.0,sedan,1,1,0,0.0,real_source
607032,40-64,female,majority,10-19y,university,upper class,0.6535894904788779,1.0,after 2015,1.0,1.0,32765,9000.0,sedan,0,0,0,0.0,real_source
685204,26-39,female,majority,0-9y,none,poverty,0.3543726914678801,1.0,before 2015,0.0,1.0,32765,,sedan,0,0,0,1.0,real_source
744174,40-64,male,majority,0-9y,high school,working class,0.3685447255468517,0.0,before 2015,1.0,1.0,10238,9000.0,sedan,0,0,0,1.0,real_source
629055,26-39,male,majority,10-19y,university,middle class,0.6275475078157623,1.0,before 2015,0.0,1.0,10238,15000.0,sedan,0,1,3,0.0,real_source
450254,16-25,male,majority,0-9y,university,poverty,0.217981843033208,1.0,after 2015,0.0,0.0,10238,18000.0,sedan,0,0,0,0.0,real_source
626709,26-39,female,majority,10-19y,none,working class,0.3854748679417675,1.0,before 2015,0.0,0.0,10238,15000.0,sedan,2,0,0,0.0,real_source
637149,26-39,male,majority,10-19y,university,upper class,0.553854321301905,1.0,after 2015,1.0,1.0,10238,12000.0,sports car,1,0,0,0.0,real_source
917126,65+,male,majority,30y+,university,upper class,,1.0,before 2015,1.0,1.0,32765,9000.0,sedan,11,2,4,0.0,real_source
814672,40-64,female,majority,0-9y,none,working class,0.5955911027102082,1.0,before 2015,0.0,1.0,10238,10000.0,sedan,0,0,0,1.0,real_source
952132,26-39,female,majority,10-19y,high school,working class,0.4506548630943139,1.0,before 2015,0.0,1.0,32765,,sedan,0,0,3,0.0,real_source
799742,26-39,male,majority,10-19y,high school,middle class,0.3333936771677006,1.0,before 2015,1.0,0.0,10238,13000.0,sedan,1,0,1,0.0,real_source
849334,40-64,male,majority,10-19y,university,upper class,0.5990789728864245,0.0,after 2015,1.0,1.0,10238,8000.0,sedan,1,0,1,0.0,real_source
875240,26-39,male,majority,10-19y,university,middle class,0.6830355617513156,1.0,before 2015,0.0,1.0,32765,12000.0,sedan,3,0,1,0.0,real_source
5362,40-64,female,majority,20-29y,university,upper class,0.7046912991851355,1.0,after 2015,0.0,1.0,10238,14000.0,sedan,0,0,0,0.0,real_source
28902,26-39,female,majority,0-9y,high school,upper class,0.6789816549655315,1.0,before 2015,1.0,1.0,10238,9000.0,sedan,0,0,0,1.0,real_source
574071,65+,male,majority,0-9y,high school,upper class,0.5877826133380222,1.0,before 2015,1.0,1.0,10238,,sedan,0,0,0,0.0,real_source
273327,40-64,male,majority,20-29y,high school,working class,0.4086012575773675,1.0,before 2015,0.0,1.0,10238,13000.0,sedan,1,0,0,0.0,real_source
667374,40-64,male,majority,20-29y,none,poverty,0.4754131702415028,1.0,before 2015,0.0,1.0,32765,10000.0,sedan,9,2,1,0.0,real_source
972848,65+,male,majority,30y+,high school,upper class,,0.0,before 2015,0.0,1.0,32765,10000.0,sedan,5,1,4,0.0,real_source
368318,40-64,male,majority,20-29y,university,upper class,0.6399373910831938,1.0,before 2015,1.0,1.0,10238,13000.0,sedan,1,1,2,0.0,real_source
110356,26-39,female,majority,10-19y,high school,middle class,,1.0,before 2015,0.0,1.0,10238,8000.0,sedan,2,0,3,0.0,real_source
713743,26-39,male,majority,0-9y,university,middle class,0.4455023492665376,1.0,before 2015,1.0,1.0,10238,9000.0,sedan,0,0,0,1.0,real_source
226487,40-64,male,majority,10-19y,university,upper class,0.4825937115382703,1.0,after 2015,1.0,1.0,10238,11000.0,sedan,0,0,0,0.0,real_source
326322,26-39,female,majority,10-19y,university,middle class,0.5580977398483193,1.0,before 2015,1.0,0.0,10238,12000.0,sedan,1,0,0,0.0,real_source
982205,40-64,male,majority,10-19y,high school,upper class,,1.0,after 2015,1.0,1.0,10238,,sedan,0,0,1,0.0,real_source
690340,26-39,male,majority,10-19y,university,upper class,0.646020544496006,1.0,after 2015,0.0,1.0,32765,9000.0,sedan,5,0,0,0.0,real_source
278143,16-25,male,majority,0-9y,high school,middle class,0.5715750964442425,0.0,before 2015,1.0,1.0,10238,10000.0,sedan,0,0,0,0.0,real_source
26634,65+,male,majority,20-29y,university,upper class,0.5227822065568758,1.0,before 2015,0.0,1.0,32765,13000.0,sedan,6,0,0,1.0,real_source
686633,40-64,male,minority,10-19y,high school,working class,0.4403876390907521,0.0,before 2015,1.0,1.0,32765,4000.0,sedan,3,1,0,1.0,real_source
588867,65+,male,majority,30y+,university,upper class,0.5696387767787482,1.0,before 2015,1.0,0.0,32765,,sedan,19,0,2,0.0,real_source
682855,26-39,male,majority,10-19y,university,upper class,0.4942487743707514,1.0,after 2015,0.0,1.0,32765,11000.0,sedan,4,0,1,1.0,real_source
883888,40-64,male,majority,10-19y,high school,middle class,0.5848186739158909,1.0,before 2015,1.0,1.0,10238,,sedan,0,1,2,0.0,real_source
808176,65+,male,majority,30y+,university,upper class,0.7070801556006744,1.0,after 2015,1.0,1.0,10238,17000.0,sedan,3,1,4,0.0,real_source
48308,26-39,male,majority,0-9y,none,poverty,0.2889033378846438,0.0,before 2015,0.0,1.0,10238,10000.0,sedan,0,0,0,1.0,real_source
969703,40-64,male,majority,10-19y,high school,upper class,0.7270552312687804,1.0,after 2015,1.0,1.0,10238,13000.0,sedan,1,0,1,0.0,real_source
724901,40-64,female,majority,10-19y,none,working class,0.3222020805094051,1.0,before 2015,1.0,1.0,10238,11000.0,sedan,0,0,2,0.0,real_source
462042,40-64,male,majority,20-29y,high school,upper class,0.5940948969999378,0.0,before 2015,0.0,1.0,10238,7000.0,sedan,5,0,3,0.0,real_source
576595,65+,female,majority,30y+,university,upper class,0.6221266814858362,1.0,after 2015,1.0,1.0,92101,9000.0,sedan,1,0,0,0.0,real_source
618098,65+,female,majority,30y+,university,upper class,0.6531163397408137,1.0,before 2015,1.0,1.0,10238,8000.0,sedan,1,2,5,0.0,real_source
728593,26-39,female,majority,10-19y,none,poverty,0.4917578507406149,1.0,before 2015,0.0,1.0,10238,14000.0,sedan,1,1,0,0.0,real_source
520668,40-64,male,minority,0-9y,high school,upper class,0.4994051200840842,1.0,after 2015,1.0,1.0,32765,8000.0,sedan,0,0,0,0.0,real_source
777709,65+,male,majority,10-19y,high school,upper class,0.7612352430943371,1.0,before 2015,0.0,1.0,10238,13000.0,sedan,1,0,1,1.0,real_source
87102,26-39,male,majority,0-9y,none,working class,0.3527347459592498,0.0,before 2015,0.0,1.0,32765,12000.0,sedan,0,0,0,1.0,real_source
801325,26-39,female,majority,0-9y,high school,middle class,0.6522244431750291,1.0,after 2015,0.0,1.0,10238,9000.0,sedan,0,0,0,0.0,real_source
668975,16-25,male,majority,0-9y,high school,poverty,0.2816226283589605,1.0,before 2015,0.0,1.0,10238,10000.0,sedan,0,0,0,1.0,real_source
188143,65+,female,minority,30y+,none,upper class,0.7414788853671013,1.0,before 2015,1.0,1.0,10238,8000.0,sedan,4,0,1,0.0,real_source
436540,65+,male,majority,30y+,university,upper class,0.6062600542312837,1.0,before 2015,1.0,1.0,32765,10000.0,sedan,10,2,0,0.0,real_source
947579,26-39,female,majority,0-9y,high school,middle class,0.5468239401238333,1.0,after 2015,0.0,0.0,92101,14000.0,sedan,0,0,0,0.0,real_source
200255,16-25,male,majority,0-9y,high school,poverty,0.371059332043078,0.0,before 2015,1.0,0.0,10238,11000.0,sedan,0,0,0,1.0,real_source
642266,26-39,male,majority,10-19y,high school,working class,0.4122108362171879,1.0,after 2015,0.0,1.0,10238,12000.0,sedan,0,0,1,0.0,real_source
360726,16-25,female,majority,0-9y,none,poverty,0.2754043637143335,0.0,before 2015,0.0,0.0,10238,18000.0,sedan,0,0,0,1.0,real_source
841254,26-39,male,majority,10-19y,university,upper class,0.6552892437626465,1.0,after 2015,1.0,1.0,32765,10000.0,sedan,5,0,0,0.0,real_source
786567,65+,female,majority,20-29y,high school,middle class,0.5786717804820862,1.0,before 2015,1.0,1.0,10238,9000.0,sedan,2,0,0,0.0,real_source
905084,26-39,male,minority,0-9y,university,working class,0.3492317463026974,1.0,before 2015,0.0,1.0,32765,16000.0,sedan,0,0,0,1.0,real_source
873747,26-39,female,majority,10-19y,university,middle class,,1.0,before 2015,1.0,1.0,10238,8000.0,sedan,1,1,2,0.0,real_source
882823,26-39,male,majority,10-19y,university,middle class,0.3951845731989301,1.0,before 2015,0.0,1.0,32765,7000.0,sedan,0,2,2,0.0,real_source
815798,40-64,male,majority,0-9y,university,upper class,0.6167520788507199,1.0,before 2015,0.0,1.0,32765,,sedan,0,0,0,0.0,real_source
672128,16-25,female,majority,0-9y,high school,middle class,0.5898682089570818,1.0,before 2015,0.0,0.0,10238,18000.0,sedan,0,0,0,0.0,real_source
303710,26-39,female,majority,10-19y,high school,working class,0.4739938270141786,1.0,before 2015,1.0,0.0,92101,14000.0,sedan,1,0,0,0.0,real_source
595150,26-39,female,majority,10-19y,university,upper class,,1.0,after 2015,1.0,0.0,10238,11000.0,sports car,2,0,0,0.0,real_source
721009,26-39,male,minority,10-19y,university,upper class,0.6293245630278811,1.0,after 2015,1.0,0.0,92101,13000.0,sedan,0,1,0,0.0,real_source
77780,26-39,female,majority,10-19y,none,upper class,0.6398907902160134,1.0,before 2015,0.0,1.0,10238,,sedan,0,1,0,0.0,real_source
847235,26-39,female,majority,10-19y,none,poverty,0.3913025099949014,0.0,before 2015,0.0,1.0,10238,14000.0,sports car,0,0,0,0.0,real_source
62485,40-64,male,majority,20-29y,university,upper class,0.5575315995275689,1.0,before 2015,1.0,1.0,10238,9000.0,sedan,2,0,7,0.0,real_source
4617,26-39,male,majority,10-19y,university,upper class,0.6976300010187892,1.0,after 2015,1.0,0.0,32765,12000.0,sports car,3,1,2,0.0,real_source
309963,26-39,male,majority,0-9y,none,poverty,0.2658980027474724,1.0,before 2015,0.0,0.0,10238,12000.0,sedan,0,0,0,0.0,real_source
700776,26-39,female,minority,10-19y,high school,upper class,,0.0,before 2015,0.0,0.0,10238,13000.0,sedan,1,0,1,0.0,real_source
679434,40-64,female,majority,0-9y,high school,upper class,0.730986080846365,1.0,after 2015,0.0,1.0,10238,10000.0,sedan,0,0,0,0.0,real_source
402116,16-25,male,majority,0-9y,high school,poverty,0.4466288938870481,0.0,before 2015,0.0,0.0,10238,16000.0,sedan,0,0,0,1.0,real_source
458094,65+,male,majority,30y+,high school,upper class,0.5915099991988411,1.0,before 2015,1.0,1.0,10238,11000.0,sports car,1,0,4,0.0,real_source
652469,65+,male,majority,20-29y,high school,upper class,0.434597730710752,1.0,after 2015,1.0,1.0,10238,12000.0,sedan,4,0,5,0.0,real_source
164531,26-39,female,majority,10-19y,high school,poverty,0.3781913096842228,0.0,before 2015,1.0,1.0,10238,11000.0,sedan,0,0,0,1.0,real_source
490750,65+,female,majority,30y+,high school,upper class,0.7355131231779599,1.0,after 2015,1.0,0.0,10238,11000.0,sedan,2,0,2,0.0,real_source
512835,26-39,female,majority,10-19y,high school,upper class,0.6115662954001968,1.0,after 2015,1.0,1.0,10238,13000.0,sports car,0,0,0,1.0,real_source
872833,26-39,male,majority,10-19y,none,working class,0.3669005328156921,1.0,before 2015,0.0,1.0,32765,9000.0,sedan,3,3,2,0.0,real_source
683370,65+,male,majority,20-29y,university,upper class,0.7283465539759247,1.0,before 2015,1.0,1.0,10238,11000.0,sedan,3,0,0,0.0,real_source
306304,40-64,male,majority,0-9y,university,upper class,0.6057877815752679,1.0,before 2015,0.0,0.0,10238,17000.0,sedan,0,0,0,1.0,real_source
696332,40-64,female,majority,20-29y,high school,middle class,0.5514217625574434,0.0,before 2015,1.0,1.0,10238,11000.0,sports car,2,0,2,0.0,real_source
320560,40-64,male,majority,20-29y,high school,upper class,0.6695619712687617,1.0,after 2015,1.0,1.0,10238,7000.0,sedan,4,0,5,0.0,real_source
451269,40-64,female,majority,10-19y,high school,upper class,0.5463428377961653,1.0,before 2015,0.0,1.0,10238,13000.0,sedan,1,0,1,0.0,real_source
502001,16-25,female,majority,0-9y,none,poverty,0.4964076324309058,1.0,before 2015,0.0,0.0,10238,14000.0,sedan,0,0,0,1.0,real_source
566124,40-64,male,majority,10-19y,university,upper class,0.4857316650856686,1.0,before 2015,1.0,1.0,10238,9000.0,sedan,1,1,2,0.0,real_source
706126,16-25,female,majority,0-9y,none,poverty,0.3103293309375807,0.0,before 2015,0.0,0.0,32765,14000.0,sedan,0,0,0,1.0,real_source
364517,16-25,female,majority,0-9y,high school,poverty,,0.0,before 2015,0.0,1.0,10238,11000.0,sedan,0,0,0,1.0,real_source
275895,65+,female,majority,30y+,high school,middle class,0.3548714481593307,0.0,before 2015,0.0,1.0,32765,12000.0,sedan,2,0,0,0.0,real_source
311129,16-25,female,minority,0-9y,none,working class,0.2882838020562417,1.0,after 2015,0.0,0.0,32765,12000.0,sedan,0,0,0,0.0,real_source
591696,65+,male,majority,20-29y,university,upper class,0.6366509961363068,1.0,after 2015,0.0,1.0,10238,,sedan,3,0,1,0.0,real_source
658300,40-64,male,majority,10-19y,university,upper class,0.7871021493260222,1.0,before 2015,1.0,1.0,32765,,sedan,5,1,0,1.0,real_source
535065,26-39,male,majority,10-19y,university,middle class,0.495913655413944,1.0,before 2015,0.0,0.0,10238,18000.0,sedan,0,0,0,0.0,real_source
791574,26-39,female,majority,0-9y,university,upper class,0.7536886922462925,1.0,before 2015,0.0,1.0,32765,12000.0,sedan,0,0,0,0.0,real_source
350475,26-39,male,majority,10-19y,university,upper class,0.4740870981019768,1.0,before 2015,0.0,1.0,32765,11000.0,sedan,2,0,1,1.0,real_source
415422,40-64,female,majority,20-29y,university,middle class,0.5375697591393559,0.0,before 2015,1.0,1.0,10238,8000.0,sedan,0,1,4,0.0,real_source
122155,40-64,female,majority,0-9y,university,upper class,0.6118301365103622,1.0,after 2015,1.0,1.0,10238,11000.0,sedan,0,0,0,0.0,real_source
116715,26-39,male,majority,10-19y,high school,middle class,0.4927255531978476,1.0,before 2015,1.0,0.0,32765,12000.0,sedan,1,0,0,1.0,real_source
88175,65+,female,majority,10-19y,university,upper class,0.4938822332443966,1.0,before 2015,1.0,1.0,10238,14000.0,sedan,0,0,2,0.0,real_source
491673,16-25,male,majority,0-9y,university,upper class,0.636925632976282,1.0,after 2015,1.0,1.0,92101,11000.0,sedan,0,0,0,0.0,real_source
830583,26-39,male,majority,10-19y,none,poverty,0.2982248042630011,1.0,before 2015,0.0,1.0,10238,8000.0,sedan,2,0,1,0.0,real_source
666250,16-25,male,majority,0-9y,university,poverty,,0.0,before 2015,0.0,0.0,32765,11000.0,sedan,0,0,0,1.0,real_source
634266,40-64,male,majority,20-29y,high school,upper class,0.6728746331104438,0.0,after 2015,1.0,1.0,10238,8000.0,sedan,3,0,2,0.0,real_source
690562,65+,female,majority,20-29y,high school,upper class,0.8356412446550553,0.0,before 2015,1.0,1.0,32765,10000.0,sedan,3,0,0,0.0,real_source
768829,65+,male,majority,30y+,university,upper class,0.5429139360138032,1.0,before 2015,1.0,1.0,32765,7000.0,sedan,11,0,2,0.0,real_source
511404,40-64,female,majority,20-29y,high school,middle class,0.4588386634619821,1.0,before 2015,0.0,1.0,10238,10000.0,sedan,4,0,4,0.0,real_source
81428,65+,female,majority,0-9y,university,upper class,0.4774929541500663,0.0,before 2015,0.0,1.0,32765,13000.0,sedan,0,0,0,1.0,real_source
383805,40-64,female,majority,0-9y,university,upper class,0.4745987661541453,1.0,after 2015,1.0,1.0,10238,13000.0,sedan,0,0,0,0.0,real_source
218682,26-39,female,majority,10-19y,none,poverty,0.4285438142554471,0.0,before 2015,0.0,1.0,10238,12000.0,sedan,0,0,1,1.0,real_source
216688,40-64,male,majority,20-29y,university,upper class,0.586254297708767,1.0,before 2015,1.0,1.0,32765,10000.0,sedan,10,2,3,0.0,real_source
195356,40-64,female,majority,20-29y,none,middle class,0.4968856408377733,1.0,after 2015,0.0,1.0,10238,13000.0,sedan,1,0,1,0.0,real_source
328612,40-64,female,majority,20-29y,high school,working class,0.4688958725441862,1.0,before 2015,0.0,1.0,10238,8000.0,sedan,4,0,0,0.0,real_source
58468,26-39,male,minority,10-19y,none,poverty,0.3269451922754459,1.0,before 2015,0.0,1.0,32765,11000.0,sedan,1,0,0,0.0,real_source
466304,26-39,female,majority,10-19y,university,upper class,0.5926907628730326,1.0,before 2015,0.0,1.0,10238,15000.0,sedan,3,0,0,0.0,real_source
566905,16-25,male,majority,0-9y,university,working class,0.4087289251424027,0.0,before 2015,1.0,0.0,32765,11000.0,sedan,0,0,0,1.0,real_source
684976,65+,female,majority,20-29y,university,upper class,0.5121409650657095,1.0,before 2015,1.0,1.0,32765,11000.0,sedan,4,0,0,0.0,real_source
352818,40-64,female,majority,10-19y,university,upper class,0.6291183686908367,1.0,after 2015,0.0,1.0,32765,15000.0,sports car,0,0,0,1.0,real_source
397329,40-64,male,majority,0-9y,high school,upper class,0.5566387394320059,1.0,after 2015,1.0,1.0,10238,5000.0,sedan,0,0,0,0.0,real_source
486909,26-39,female,majority,10-19y,high school,working class,0.3387680692112217,0.0,before 2015,0.0,0.0,10238,14000.0,sedan,1,0,1,0.0,real_source
197417,40-64,male,majority,20-29y,university,upper class,0.6539520896541305,1.0,before 2015,1.0,1.0,32765,7000.0,sedan,8,1,3,0.0,real_source
496928,26-39,male,majority,10-19y,none,poverty,0.5589694924623478,1.0,before 2015,0.0,1.0,32765,11000.0,sedan,3,1,0,0.0,real_source
539170,16-25,male,majority,0-9y,university,upper class,0.5181926485336383,1.0,after 2015,0.0,0.0,10238,,sedan,0,0,0,1.0,real_source
698548,26-39,male,majority,0-9y,university,middle class,,0.0,before 2015,1.0,1.0,32765,8000.0,sedan,0,0,0,1.0,real_source
724516,40-64,male,majority,10-19y,high school,middle class,0.6731197410249281,1.0,before 2015,1.0,1.0,32765,10000.0,sedan,1,0,0,0.0,real_source
520159,65+,female,majority,30y+,none,working class,0.5029382551910931,0.0,before 2015,1.0,0.0,10238,15000.0,sedan,1,0,2,0.0,real_source
727579,26-39,female,majority,0-9y,university,upper class,0.6386459151478944,1.0,before 2015,0.0,1.0,32765,12000.0,sedan,0,0,0,0.0,real_source
859449,40-64,male,majority,20-29y,university,middle class,0.5372112166423622,1.0,before 2015,0.0,0.0,10238,15000.0,sedan,1,2,1,0.0,real_source
892539,65+,male,minority,0-9y,none,upper class,0.5440336665163721,0.0,before 2015,1.0,1.0,10238,9000.0,sedan,0,0,0,1.0,real_source
534080,40-64,male,majority,10-19y,university,upper class,0.4046021758569752,1.0,after 2015,1.0,0.0,10238,15000.0,sedan,0,0,0,0.0,real_source
876030,16-25,male,majority,0-9y,none,poverty,0.4361154831961551,0.0,before 2015,0.0,1.0,32765,,sedan,0,0,0,1.0,real_source
502222,26-39,male,majority,10-19y,university,middle class,0.6572279819218579,1.0,before 2015,0.0,1.0,32765,10000.0,sedan,4,1,0,0.0,real_source
822554,40-64,male,majority,20-29y,high school,upper class,0.6192855160029541,1.0,after 2015,1.0,1.0,10238,13000.0,sedan,1,0,3,0.0,real_source
960015,16-25,female,majority,0-9y,high school,poverty,0.2837973974036036,0.0,before 2015,0.0,1.0,32765,11000.0,sedan,0,0,0,1.0,real_source
367223,26-39,female,majority,10-19y,none,middle class,0.4860998376306382,0.0,after 2015,0.0,0.0,10238,17000.0,sedan,1,0,0,1.0,real_source
891460,16-25,female,minority,0-9y,none,poverty,0.4140194915050581,1.0,before 2015,0.0,0.0,10238,16000.0,sedan,0,0,0,0.0,real_source
137992,26-39,female,majority,10-19y,high school,middle class,0.5494170438158834,1.0,before 2015,1.0,1.0,10238,12000.0,sedan,0,0,2,0.0,real_source
883235,40-64,male,majority,20-29y,university,upper class,0.5648446174027543,1.0,after 2015,1.0,1.0,32765,5000.0,sports car,8,2,4,0.0,real_source
18019,26-39,female,majority,10-19y,high school,poverty,0.4680109816957202,1.0,before 2015,1.0,0.0,32765,11000.0,sedan,2,1,1,0.0,real_source
451869,65+,male,majority,20-29y,university,upper class,0.5538531509542752,1.0,before 2015,1.0,1.0,10238,11000.0,sedan,3,1,5,0.0,real_source
794478,40-64,male,majority,20-29y,university,upper class,0.7412951424667544,1.0,before 2015,1.0,1.0,10238,8000.0,sedan,0,0,4,0.0,real_source
600208,26-39,female,minority,10-19y,none,poverty,0.5032461856158662,0.0,before 2015,1.0,1.0,10238,,sedan,1,0,2,1.0,real_source
880371,26-39,male,majority,10-19y,high school,poverty,0.2606224091335968,0.0,before 2015,0.0,1.0,32765,12000.0,sedan,6,0,0,0.0,real_source
591674,65+,female,majority,10-19y,high school,upper class,0.6235512105970467,0.0,before 2015,1.0,1.0,32765,,sedan,4,0,2,0.0,real_source
946022,40-64,female,majority,20-29y,high school,upper class,0.5679118054383314,1.0,before 2015,0.0,1.0,10238,13000.0,sedan,2,0,1,0.0,real_source
684432,26-39,male,majority,10-19y,university,middle class,0.5315681020693871,0.0,before 2015,1.0,0.0,10238,,sedan,1,0,2,0.0,real_source
847094,26-39,male,majority,10-19y,none,poverty,0.3377927034554485,0.0,before 2015,0.0,0.0,32765,9000.0,sports car,3,0,0,0.0,real_source
847123,26-39,male,majority,10-19y,university,middle class,0.6010544919804129,1.0,before 2015,0.0,0.0,32765,11000.0,sedan,5,1,0,0.0,real_source
85694,26-39,female,majority,10-19y,university,upper class,0.8051424796194883,1.0,after 2015,1.0,1.0,10238,11000.0,sedan,2,0,0,0.0,real_source
287995,26-39,male,majority,0-9y,high school,middle class,0.4840656050048584,1.0,before 2015,1.0,1.0,10238,,sedan,0,0,0,1.0,real_source
124905,26-39,male,majority,10-19y,none,working class,0.4641418595822629,1.0,before 2015,0.0,0.0,10238,12000.0,sedan,1,0,1,0.0,real_source
713446,26-39,female,majority,10-19y,high school,upper class,0.7562320518124087,1.0,after 2015,1.0,0.0,10238,11000.0,sedan,2,0,0,0.0,real_source
555505,26-39,male,majority,10-19y,high school,working class,0.4244052719925573,0.0,before 2015,1.0,1.0,92101,15000.0,sedan,0,0,2,0.0,real_source
475782,65+,female,minority,30y+,university,upper class,0.5044433469485096,1.0,before 2015,1.0,1.0,32765,8000.0,sedan,3,2,3,0.0,real_source
29307,26-39,female,majority,10-19y,high school,middle class,,0.0,before 2015,0.0,1.0,32765,12000.0,sedan,2,1,0,1.0,real_source
67451,26-39,male,majority,0-9y,high school,middle class,0.535099309674635,1.0,before 2015,1.0,0.0,10238,11000.0,sedan,0,0,0,0.0,real_source
417052,40-64,female,majority,10-19y,high school,middle class,0.5278690369131379,0.0,before 2015,1.0,1.0,32765,7000.0,sedan,3,0,1,0.0,real_source
420358,65+,female,majority,30y+,high school,middle class,0.7148460209664852,1.0,after 2015,0.0,1.0,32765,10000.0,sedan,7,1,3,0.0,real_source
46823,26-39,male,majority,0-9y,university,middle class,0.4674817919871914,1.0,after 2015,1.0,0.0,10238,9000.0,sedan,0,0,0,0.0,real_source
3413,65+,male,majority,30y+,university,upper class,0.4507950284447316,1.0,after 2015,0.0,1.0,32765,13000.0,sedan,9,3,3,0.0,real_source
49260,40-64,female,majority,20-29y,high school,upper class,0.6519464626674301,0.0,before 2015,0.0,1.0,10238,13000.0,sedan,0,0,0,0.0,real_source
271725,26-39,female,majority,0-9y,university,working class,0.4430145479425897,1.0,before 2015,0.0,1.0,32765,10000.0,sedan,0,0,0,0.0,real_source
373662,65+,male,majority,30y+,university,upper class,0.6101291854145474,1.0,after 2015,1.0,1.0,10238,13000.0,sedan,2,1,4,0.0,real_source
579302,16-25,male,minority,0-9y,high school,working class,0.3727521731241363,1.0,before 2015,0.0,0.0,32765,14000.0,sedan,0,0,0,1.0,real_source
135645,26-39,male,majority,10-19y,high school,upper class,0.548390842965459,1.0,after 2015,1.0,1.0,21217,10000.0,sedan,0,0,0,1.0,real_source
303552,26-39,female,majority,10-19y,high school,middle class,0.469221801432757,1.0,before 2015,0.0,0.0,32765,,sedan,2,0,2,1.0,real_source
141127,26-39,female,majority,10-19y,none,working class,0.3821163478434951,1.0,before 2015,1.0,0.0,10238,10000.0,sedan,1,0,1,0.0,real_source
706731,65+,female,majority,0-9y,university,upper class,0.5442840095847793,1.0,before 2015,1.0,1.0,32765,,sedan,0,0,0,1.0,real_source
475769,65+,female,majority,30y+,high school,upper class,0.6317162489968055,1.0,before 2015,1.0,1.0,10238,9000.0,sedan,4,0,3,0.0,real_source
208394,16-25,female,majority,0-9y,none,poverty,0.2957938284988567,1.0,before 2015,0.0,0.0,32765,12000.0,sedan,0,0,0,0.0,real_source
605712,26-39,female,majority,0-9y,none,middle class,0.5840322145419959,1.0,before 2015,1.0,1.0,10238,9000.0,sedan,0,0,0,1.0,real_source
775470,65+,male,majority,20-29y,university,upper class,0.4527311642074429,1.0,before 2015,1.0,1.0,10238,9000.0,sedan,3,0,5,0.0,real_source
429865,65+,male,majority,30y+,high school,upper class,0.6427072842693191,1.0,before 2015,1.0,1.0,10238,13000.0,sedan,3,0,5,0.0,real_source
507630,16-25,female,minority,0-9y,none,working class,0.3363792834475979,1.0,before 2015,0.0,0.0,10238,16000.0,sedan,0,0,0,0.0,real_source
619605,40-64,male,majority,0-9y,high school,working class,0.4410965972714857,1.0,before 2015,0.0,1.0,10238,,sports car,0,0,0,1.0,real_source
529048,16-25,female,majority,0-9y,none,poverty,0.261335712354411,1.0,before 2015,0.0,1.0,10238,,sedan,0,0,0,1.0,real_source
702390,40-64,female,majority,10-19y,high school,working class,0.5644548897521487,0.0,after 2015,0.0,1.0,10238,9000.0,sedan,1,0,0,0.0,real_source
248818,26-39,male,majority,10-19y,university,middle class,0.4831697647361444,1.0,after 2015,1.0,1.0,10238,,sedan,4,0,1,0.0,real_source
26194,65+,male,majority,20-29y,high school,middle class,0.5075091029971444,1.0,before 2015,0.0,0.0,10238,14000.0,sedan,4,1,6,0.0,real_source
453174,40-64,male,majority,10-19y,high school,middle class,0.5757887710277748,1.0,before 2015,0.0,1.0,10238,,sedan,1,0,3,0.0,real_source
483077,26-39,female,majority,10-19y,none,middle class,0.6177517413016478,0.0,before 2015,1.0,1.0,32765,9000.0,sedan,2,0,0,1.0,real_source
9857,65+,female,majority,30y+,university,upper class,0.5086065492247792,1.0,before 2015,1.0,1.0,10238,9000.0,sedan,3,0,3,0.0,real_source
571360,26-39,male,majority,10-19y,none,working class,0.4544642815297128,0.0,before 2015,0.0,1.0,10238,15000.0,sedan,3,0,2,1.0,real_source
293395,16-25,female,majority,0-9y,high school,working class,,1.0,before 2015,0.0,0.0,32765,,sedan,0,0,0,1.0,real_source
536951,40-64,male,majority,0-9y,university,upper class,0.6043960242703331,1.0,before 2015,1.0,1.0,10238,12000.0,sedan,0,0,0,1.0,real_source
364151,65+,female,majority,30y+,high school,upper class,0.6844905315437373,1.0,after 2015,0.0,1.0,10238,9000.0,sedan,5,0,3,0.0,real_source
500060,40-64,male,majority,10-19y,university,upper class,0.8155105319665683,1.0,before 2015,0.0,0.0,10238,21000.0,sedan,0,0,0,1.0,real_source
698433,40-64,male,majority,20-29y,high school,middle class,0.4109851290714213,0.0,before 2015,1.0,0.0,10238,15000.0,sedan,3,1,1,0.0,real_source
152981,26-39,female,majority,10-19y,high school,working class,0.4194678754342423,0.0,before 2015,0.0,0.0,92101,15000.0,sports car,0,0,1,1.0,real_source
50342,16-25,male,majority,0-9y,high school,working class,0.4344654911466842,1.0,before 2015,0.0,0.0,10238,,sedan,0,0,0,1.0,real_source
442318,26-39,female,majority,10-19y,high school,middle class,0.6256430991610666,1.0,before 2015,0.0,1.0,10238,13000.0,sedan,1,1,1,0.0,real_source
921070,26-39,male,majority,0-9y,none,working class,0.4697749576369592,1.0,before 2015,0.0,0.0,10238,19000.0,sedan,0,0,0,0.0,real_source
260636,26-39,male,majority,10-19y,university,working class,0.2785622328432288,1.0,before 2015,0.0,0.0,10238,13000.0,sedan,0,0,0,0.0,real_source
454230,65+,male,majority,20-29y,university,upper class,0.6204753127320177,1.0,after 2015,0.0,0.0,10238,20000.0,sedan,2,0,0,0.0,real_source
8852,26-39,female,minority,10-19y,high school,middle class,0.6689812112447873,1.0,before 2015,0.0,1.0,32765,,sports car,3,0,0,0.0,real_source
96376,16-25,female,minority,0-9y,none,poverty,0.3092953102442031,0.0,before 2015,0.0,1.0,32765,13000.0,sedan,0,0,0,1.0,real_source
918589,26-39,female,majority,10-19y,none,poverty,,0.0,before 2015,0.0,0.0,32765,15000.0,sedan,2,0,0,1.0,real_source
473544,26-39,female,majority,10-19y,university,middle class,0.4963759417869247,1.0,before 2015,1.0,1.0,10238,,sedan,2,0,1,0.0,real_source
80089,40-64,female,majority,20-29y,university,upper class,0.7972187504783907,1.0,after 2015,1.0,1.0,10238,7000.0,sedan,2,0,1,0.0,real_source
853693,26-39,male,majority,10-19y,none,middle class,0.4292448592231091,1.0,after 2015,1.0,1.0,92101,11000.0,sedan,3,0,1,0.0,real_source
690509,65+,female,majority,30y+,high school,upper class,0.4815070547969057,1.0,after 2015,1.0,1.0,10238,11000.0,sedan,3,0,4,0.0,real_source
22899,16-25,male,majority,0-9y,university,working class,0.5795616081745322,1.0,after 2015,0.0,1.0,21217,11000.0,sedan,0,0,0,1.0,real_source
268247,16-25,male,majority,0-9y,university,middle class,0.4589791271064004,0.0,before 2015,0.0,1.0,10238,12000.0,sedan,0,0,0,1.0,real_source
229417,16-25,male,majority,0-9y,high school,middle class,0.3429919679805145,1.0,before 2015,0.0,0.0,32765,11000.0,sedan,0,0,0,0.0,real_source
561094,16-25,female,majority,0-9y,none,working class,0.3726072321973579,0.0,before 2015,0.0,1.0,10238,13000.0,sedan,0,0,0,1.0,real_source
429676,65+,female,majority,0-9y,university,upper class,0.7105541821801868,0.0,after 2015,1.0,1.0,10238,6000.0,sedan,0,0,0,0.0,real_source
354117,16-25,male,majority,0-9y,high school,middle class,0.5692990604033793,1.0,before 2015,0.0,1.0,10238,16000.0,sedan,0,0,0,0.0,real_source
992537,16-25,female,majority,0-9y,none,poverty,0.3502986139950299,0.0,before 2015,1.0,1.0,10238,,sedan,0,0,0,1.0,real_source
983202,16-25,female,majority,0-9y,high school,poverty,0.125876021475771,0.0,before 2015,0.0,0.0,10238,13000.0,sedan,0,0,0,1.0,real_source
776567,16-25,female,majority,0-9y,high school,working class,0.3619797686528825,1.0,before 2015,1.0,1.0,32765,9000.0,sedan,0,0,0,1.0,real_source
817281,65+,male,majority,10-19y,high school,upper class,0.6493051965795881,1.0,after 2015,1.0,0.0,10238,,sedan,0,0,2,0.0,real_source
323683,26-39,male,majority,10-19y,university,upper class,0.6146055541785024,1.0,before 2015,1.0,0.0,10238,13000.0,sedan,2,0,2,0.0,real_source
693802,65+,male,majority,20-29y,high school,upper class,0.5007809330173665,1.0,before 2015,1.0,1.0,10238,12000.0,sedan,3,1,4,0.0,real_source
542178,40-64,female,majority,20-29y,university,upper class,0.4342868826115913,1.0,before 2015,1.0,1.0,10238,8000.0,sedan,2,0,3,0.0,real_source
974769,26-39,female,majority,10-19y,university,upper class,0.7387942652421202,1.0,after 2015,1.0,0.0,32765,7000.0,sedan,1,1,2,0.0,real_source
359584,16-25,female,majority,0-9y,high school,poverty,0.4785171808870951,0.0,before 2015,0.0,0.0,32765,,sedan,0,0,0,1.0,real_source
804909,26-39,female,minority,0-9y,none,working class,0.6617623171027551,0.0,before 2015,0.0,0.0,32765,12000.0,sedan,0,0,0,1.0,real_source
283904,40-64,male,majority,20-29y,high school,middle class,0.5413064292913027,0.0,after 2015,1.0,1.0,10238,15000.0,sedan,3,1,5,0.0,real_source
170475,40-64,female,minority,0-9y,high school,middle class,0.5000213867376812,0.0,after 2015,1.0,1.0,10238,7000.0,sedan,0,0,0,1.0,real_source
46953,16-25,female,majority,0-9y,high school,working class,0.3719966212360733,1.0,after 2015,0.0,0.0,32765,13000.0,sedan,0,0,0,1.0,real_source
383201,26-39,male,majority,10-19y,university,middle class,0.3733517484190592,1.0,after 2015,0.0,1.0,32765,12000.0,sedan,2,0,1,0.0,real_source
899525,40-64,male,minority,10-19y,high school,working class,0.3676999467873958,0.0,before 2015,0.0,1.0,10238,11000.0,sedan,3,0,1,1.0,real_source
317463,16-25,female,majority,0-9y,university,middle class,0.5166275624988707,1.0,before 2015,1.0,1.0,32765,11000.0,sports car,0,0,0,0.0,real_source
326735,16-25,male,majority,0-9y,none,poverty,,0.0,before 2015,0.0,0.0,10238,13000.0,sedan,0,0,0,1.0,real_source
940917,26-39,female,minority,10-19y,none,poverty,0.2906585782861853,0.0,before 2015,0.0,1.0,10238,11000.0,sedan,0,0,0,1.0,real_source
524531,65+,male,majority,0-9y,university,upper class,0.5664803541417762,1.0,after 2015,1.0,1.0,92101,13000.0,sedan,0,0,0,1.0,real_source
479053,65+,male,majority,0-9y,university,upper class,0.6537539401202856,1.0,before 2015,1.0,1.0,10238,12000.0,sedan,0,0,0,0.0,real_source
394712,40-64,female,majority,20-29y,university,upper class,0.7803260213286224,1.0,before 2015,1.0,1.0,10238,11000.0,sedan,3,2,2,0.0,real_source
91223,40-64,male,majority,10-19y,university,upper class,0.4756415573198944,1.0,before 2015,0.0,1.0,32765,11000.0,sedan,3,0,1,0.0,real_source
193127,16-25,male,majority,0-9y,high school,poverty,0.4171379042012048,0.0,before 2015,0.0,1.0,32765,9000.0,sedan,0,0,0,1.0,real_source
699351,16-25,male,majority,0-9y,university,poverty,0.3062405743253307,0.0,before 2015,0.0,0.0,10238,,sedan,0,0,0,1.0,real_source
621378,40-64,female,majority,20-29y,high school,middle class,0.6542522695839297,1.0,before 2015,1.0,1.0,10238,14000.0,sedan,0,0,5,0.0,real_source
808297,40-64,female,majority,20-29y,university,upper class,0.6313729366403598,1.0,before 2015,1.0,1.0,10238,,sedan,1,0,1,0.0,real_source
560257,26-39,male,majority,10-19y,high school,working class,0.3563552245022904,1.0,before 2015,0.0,1.0,10238,11000.0,sedan,0,0,2,0.0,real_source
496641,65+,female,majority,30y+,none,upper class,,1.0,before 2015,1.0,0.0,32765,14000.0,sedan,2,1,0,0.0,real_source
414136,16-25,male,minority,0-9y,none,poverty,0.2780592730162457,0.0,before 2015,0.0,0.0,32765,13000.0,sedan,0,0,0,1.0,real_source
830971,40-64,female,minority,0-9y,high school,middle class,0.5705501188346498,0.0,before 2015,0.0,1.0,10238,13000.0,sedan,0,0,0,1.0,real_source
613882,40-64,female,majority,10-19y,university,upper class,0.6382398477061927,1.0,before 2015,1.0,1.0,10238,,sedan,3,0,0,0.0,real_source
879172,26-39,female,majority,10-19y,none,poverty,0.3687405751299056,0.0,before 2015,0.0,1.0,10238,10000.0,sedan,0,1,0,1.0,real_source
500659,40-64,male,majority,20-29y,university,upper class,0.5301296786789398,1.0,before 2015,1.0,1.0,10238,7000.0,sedan,7,1,7,0.0,real_source
201965,16-25,male,majority,0-9y,high school,working class,0.2937734797657989,1.0,after 2015,1.0,0.0,10238,15000.0,sedan,0,0,0,0.0,real_source
188850,40-64,female,majority,20-29y,none,middle class,0.5104519008425812,1.0,before 2015,1.0,1.0,10238,13000.0,sedan,2,0,0,0.0,real_source
868965,40-64,male,majority,20-29y,high school,upper class,0.6259845554110721,1.0,after 2015,1.0,1.0,10238,9000.0,sedan,5,0,4,0.0,real_source
85611,16-25,female,majority,0-9y,none,poverty,0.2742965947555988,0.0,before 2015,0.0,1.0,10238,13000.0,sedan,0,0,0,1.0,real_source
799734,26-39,male,majority,0-9y,university,upper class,0.3995197370775148,1.0,before 2015,0.0,0.0,10238,12000.0,sedan,0,0,0,1.0,real_source
537020,65+,female,majority,20-29y,university,upper class,0.6131027456976457,1.0,before 2015,1.0,1.0,32765,11000.0,sedan,2,0,1,0.0,real_source
80785,26-39,female,majority,10-19y,university,middle class,0.5270502779694257,1.0,before 2015,1.0,0.0,10238,14000.0,sedan,0,0,0,1.0,real_source
812307,40-64,female,majority,20-29y,none,middle class,,1.0,before 2015,0.0,1.0,10238,,sedan,4,0,0,0.0,real_source
760083,65+,female,majority,30y+,university,upper class,0.7317510997528144,0.0,before 2015,0.0,1.0,10238,11000.0,sports car,3,1,3,0.0,real_source
905839,65+,female,minority,20-29y,university,upper class,0.7619142282454627,1.0,after 2015,1.0,1.0,32765,4000.0,sedan,3,0,2,0.0,real_source
659258,65+,female,majority,20-29y,high school,upper class,0.5643945162909217,1.0,after 2015,1.0,1.0,10238,8000.0,sedan,1,1,1,0.0,real_source
268472,26-39,male,majority,10-19y,high school,working class,0.5301561613693467,0.0,before 2015,1.0,1.0,10238,,sedan,2,0,2,0.0,real_source
470492,65+,female,majority,30y+,high school,upper class,,1.0,after 2015,0.0,1.0,10238,11000.0,sedan,5,0,4,0.0,real_source
789219,16-25,male,majority,0-9y,none,poverty,0.3535914355308349,0.0,before 2015,0.0,0.0,10238,18000.0,sedan,0,0,0,1.0,real_source
1126,40-64,male,majority,20-29y,university,upper class,0.4942586346498898,1.0,before 2015,0.0,1.0,32765,10000.0,sedan,5,0,1,0.0,real_source
364765,40-64,male,majority,0-9y,university,upper class,0.700903983018759,1.0,after 2015,1.0,1.0,10238,13000.0,sedan,0,0,0,0.0,real_source
759523,65+,male,majority,30y+,high school,upper class,0.6357864862470928,1.0,before 2015,1.0,1.0,10238,9000.0,sedan,1,0,4,0.0,real_source
3141,26-39,female,majority,0-9y,none,working class,0.5081461701497614,0.0,before 2015,0.0,0.0,10238,16000.0,sedan,0,0,0,1.0,real_source
416575,26-39,male,majority,10-19y,high school,middle class,0.4410815998953904,1.0,before 2015,1.0,1.0,10238,7000.0,sedan,1,0,5,0.0,real_source
891508,40-64,female,majority,20-29y,university,upper class,0.6996415652113668,1.0,before 2015,1.0,1.0,10238,15000.0,sedan,2,0,4,0.0,real_source
443325,26-39,male,majority,10-19y,high school,poverty,0.3388037064687044,0.0,before 2015,1.0,0.0,10238,11000.0,sedan,1,0,2,1.0,real_source
915389,26-39,female,majority,10-19y,none,poverty,0.4133590098652053,0.0,before 2015,1.0,1.0,10238,13000.0,sedan,0,0,0,0.0,real_source
341794,26-39,female,majority,10-19y,high school,upper class,0.7959581827339991,1.0,before 2015,1.0,1.0,10238,12000.0,sedan,1,0,0,0.0,real_source
3114,65+,female,majority,30y+,university,upper class,0.7757473661757602,1.0,after 2015,0.0,1.0,10238,15000.0,sedan,1,0,0,0.0,real_source
928361,16-25,male,majority,0-9y,high school,poverty,0.3798713560182286,1.0,before 2015,0.0,0.0,10238,12000.0,sedan,0,0,0,1.0,real_source
940414,26-39,male,majority,10-19y,none,poverty,0.267850926228347,1.0,after 2015,0.0,1.0,10238,11000.0,sports car,2,0,1,0.0,real_source
156980,40-64,female,majority,20-29y,university,upper class,0.6894583760122324,1.0,after 2015,1.0,1.0,10238,10000.0,sports car,2,0,0,0.0,real_source
813034,26-39,male,majority,10-19y,high school,poverty,,0.0,before 2015,0.0,0.0,10238,17000.0,sedan,0,0,3,1.0,real_source
618266,16-25,male,majority,0-9y,high school,working class,0.3624019906938345,1.0,after 2015,0.0,0.0,10238,19000.0,sedan,0,0,0,0.0,real_source
605525,26-39,female,majority,0-9y,high school,working class,0.5125749545613042,1.0,before 2015,1.0,0.0,10238,12000.0,sedan,0,0,0,1.0,real_source
14662,16-25,female,majority,0-9y,none,poverty,0.4162127670592956,1.0,before 2015,0.0,1.0,10238,12000.0,sedan,0,0,0,0.0,real_source
396921,65+,female,majority,0-9y,university,upper class,,1.0,after 2015,1.0,1.0,10238,8000.0,sedan,0,0,0,0.0,real_source
511444,16-25,male,majority,0-9y,none,poverty,0.3658610998046321,0.0,before 2015,1.0,0.0,10238,,sedan,0,0,0,1.0,real_source
936592,65+,female,majority,30y+,university,upper class,0.5486902877324284,1.0,before 2015,1.0,1.0,32765,7000.0,sedan,8,1,3,0.0,real_source
598794,65+,male,majority,20-29y,university,upper class,0.5652583172558898,1.0,before 2015,0.0,1.0,10238,11000.0,sedan,0,1,6,0.0,real_source
819023,26-39,female,majority,10-19y,high school,upper class,0.6074893477679281,1.0,before 2015,1.0,0.0,10238,12000.0,sedan,2,0,2,0.0,real_source
247809,40-64,male,majority,20-29y,university,upper class,0.4279715507148589,0.0,before 2015,1.0,0.0,92101,14000.0,sedan,5,1,1,0.0,real_source
395478,16-25,male,majority,0-9y,none,poverty,0.4115718511621122,0.0,before 2015,0.0,1.0,10238,13000.0,sedan,0,0,0,1.0,real_source
182758,16-25,male,majority,0-9y,high school,poverty,,0.0,before 2015,0.0,0.0,10238,14000.0,sedan,0,0,0,1.0,real_source
952775,40-64,male,majority,20-29y,high school,middle class,0.463855482996792,1.0,before 2015,0.0,1.0,10238,12000.0,sedan,1,1,2,0.0,real_source
413424,40-64,female,majority,10-19y,university,upper class,,1.0,after 2015,1.0,1.0,32765,4000.0,sedan,2,0,0,0.0,real_source
690238,16-25,female,majority,0-9y,none,poverty,0.4542164593661432,1.0,before 2015,0.0,1.0,10238,11000.0,sedan,0,0,0,1.0,real_source
743166,40-64,male,majority,20-29y,university,upper class,0.644447075341619,1.0,after 2015,1.0,1.0,92101,13000.0,sedan,1,0,0,0.0,real_source
43317,16-25,female,majority,0-9y,high school,poverty,0.4204690769573473,0.0,before 2015,0.0,0.0,10238,19000.0,sedan,0,0,0,1.0,real_source
263946,16-25,female,majority,0-9y,university,working class,0.461407191078389,1.0,before 2015,1.0,1.0,10238,12000.0,sedan,0,0,0,0.0,real_source
617394,26-39,female,majority,0-9y,high school,working class,0.5544887300796564,0.0,before 2015,1.0,1.0,10238,11000.0,sedan,0,0,0,1.0,real_source
778715,26-39,female,majority,10-19y,high school,working class,0.4586346490181029,1.0,before 2015,0.0,1.0,10238,14000.0,sedan,1,0,0,0.0,real_source
224416,26-39,female,majority,10-19y,high school,upper class,0.9158831831488206,1.0,after 2015,0.0,0.0,32765,8000.0,sedan,1,0,0,0.0,real_source
187312,26-39,male,majority,10-19y,none,middle class,0.3823578060284721,1.0,before 2015,1.0,0.0,32765,9000.0,sedan,5,1,2,1.0,real_source
292609,65+,female,majority,10-19y,university,upper class,0.6603027887946995,1.0,after 2015,1.0,1.0,10238,14000.0,sedan,0,0,0,0.0,real_source
114198,16-25,female,majority,0-9y,high school,poverty,0.3717103885775602,0.0,after 2015,0.0,0.0,32765,16000.0,sedan,0,0,0,1.0,real_source
68672,40-64,female,majority,20-29y,university,middle class,0.4364309323734987,1.0,before 2015,0.0,1.0,32765,11000.0,sedan,5,1,1,0.0,real_source
687969,26-39,female,majority,10-19y,none,working class,0.4607490448966651,0.0,after 2015,0.0,0.0,10238,17000.0,sedan,0,0,2,1.0,real_source
208802,26-39,male,majority,10-19y,none,poverty,0.5302377246883134,1.0,before 2015,0.0,0.0,10238,,sedan,0,0,1,1.0,real_source
947931,26-39,female,majority,10-19y,high school,middle class,0.3652866241614818,1.0,before 2015,1.0,0.0,10238,15000.0,sedan,0,2,1,0.0,real_source
403549,40-64,female,minority,10-19y,university,middle class,0.7061275331201278,1.0,before 2015,0.0,0.0,10238,15000.0,sedan,1,1,0,0.0,real_source
876900,40-64,male,majority,0-9y,university,upper class,0.572233119572234,0.0,after 2015,1.0,0.0,10238,15000.0,sedan,0,0,0,1.0,real_source
882271,40-64,male,majority,20-29y,none,poverty,0.4002505875039869,0.0,before 2015,1.0,1.0,10238,10000.0,sedan,1,1,0,0.0,real_source
72781,65+,male,majority,30y+,university,upper class,0.6639085673279531,1.0,after 2015,1.0,1.0,10238,11000.0,sedan,5,1,3,0.0,real_source
917480,26-39,male,majority,10-19y,high school,upper class,0.5386000312163111,1.0,before 2015,1.0,1.0,10238,,sedan,1,0,2,0.0,real_source
592029,16-25,female,majority,0-9y,high school,middle class,0.6303596053783685,1.0,after 2015,0.0,0.0,10238,17000.0,sedan,0,0,0,0.0,real_source
731733,40-64,female,minority,20-29y,none,poverty,0.3170848157196212,0.0,before 2015,0.0,1.0,10238,10000.0,sedan,1,0,1,0.0,real_source
74109,65+,female,majority,30y+,high school,upper class,0.7325167189145091,1.0,after 2015,0.0,1.0,10238,14000.0,sedan,1,1,1,0.0,real_source
36193,26-39,female,majority,10-19y,high school,working class,,1.0,before 2015,1.0,1.0,21217,11000.0,sedan,5,1,0,1.0,real_source
925147,40-64,male,minority,10-19y,none,upper class,0.5165137726504382,1.0,before 2015,1.0,1.0,92101,11000.0,sedan,1,0,0,1.0,real_source
186642,40-64,male,majority,10-19y,university,upper class,0.5532878649453684,1.0,before 2015,1.0,1.0,32765,,sedan,5,1,0,1.0,real_source
955052,65+,female,majority,30y+,university,upper class,0.7040167848993909,0.0,before 2015,1.0,1.0,32765,9000.0,sedan,8,3,2,0.0,real_source
400990,26-39,male,majority,0-9y,none,poverty,0.3436194334626074,0.0,before 2015,0.0,0.0,10238,13000.0,sedan,0,0,0,1.0,real_source
442998,65+,male,majority,10-19y,university,upper class,0.5177198597638372,1.0,after 2015,0.0,1.0,10238,14000.0,sedan,0,0,1,0.0,real_source
739850,40-64,female,majority,20-29y,none,working class,0.2004533927670908,1.0,before 2015,1.0,1.0,92101,13000.0,sedan,1,0,3,0.0,real_source
302157,65+,male,minority,0-9y,university,upper class,0.4636819987592986,1.0,before 2015,1.0,1.0,32765,,sedan,0,0,0,1.0,real_source
66987,16-25,male,minority,0-9y,high school,poverty,0.3361296916996169,0.0,before 2015,0.0,0.0,10238,15000.0,sports car,0,0,0,1.0,real_source
446910,26-39,female,majority,10-19y,none,working class,0.4687956515558582,1.0,after 2015,0.0,1.0,10238,,sedan,3,0,3,0.0,real_source
833863,26-39,female,majority,10-19y,high school,working class,0.2108689054754592,0.0,before 2015,0.0,1.0,32765,,sedan,1,0,2,0.0,real_source
288172,65+,female,majority,10-19y,high school,upper class,0.5111929995274689,1.0,before 2015,1.0,1.0,10238,10000.0,sedan,1,0,1,0.0,real_source
830337,26-39,female,majority,10-19y,high school,upper class,0.715479376690354,1.0,before 2015,0.0,1.0,10238,11000.0,sedan,3,0,3,0.0,real_source
777879,26-39,female,majority,10-19y,high school,middle class,0.6251524522713268,0.0,after 2015,1.0,1.0,10238,9000.0,sedan,5,0,0,0.0,real_source
749577,65+,male,majority,0-9y,university,upper class,0.7175269462003973,0.0,after 2015,0.0,0.0,10238,15000.0,sports car,0,0,0,1.0,real_source
974103,40-64,female,majority,10-19y,none,upper class,0.6326816478087667,1.0,before 2015,1.0,1.0,10238,11000.0,sedan,0,1,2,0.0,real_source
93333,40-64,female,majority,10-19y,high school,upper class,0.6027829997778529,1.0,after 2015,1.0,1.0,32765,7000.0,sports car,4,0,0,0.0,real_source
530628,65+,male,majority,30y+,university,upper class,,1.0,after 2015,0.0,1.0,10238,8000.0,sedan,6,1,5,0.0,real_source
13561,40-64,male,majority,20-29y,university,upper class,0.6472514091979392,1.0,after 2015,1.0,1.0,92101,,sedan,2,1,0,0.0,real_source
854068,65+,female,majority,30y+,university,upper class,0.8200196878140237,1.0,after 2015,1.0,1.0,10238,15000.0,sedan,1,1,1,0.0,real_source
964168,26-39,female,majority,10-19y,university,middle class,0.562390088556753,1.0,before 2015,0.0,0.0,10238,13000.0,sedan,0,0,1,0.0,real_source
348690,65+,female,majority,30y+,high school,upper class,,1.0,after 2015,1.0,1.0,92101,6000.0,sedan,3,3,2,0.0,real_source
569821,26-39,male,majority,10-19y,university,upper class,0.6385326675776967,1.0,before 2015,0.0,1.0,32765,12000.0,sedan,1,0,2,0.0,real_source
980948,16-25,female,majority,0-9y,university,middle class,0.5446819795280333,0.0,after 2015,0.0,0.0,10238,16000.0,sedan,0,0,0,1.0,real_source
667580,26-39,female,majority,10-19y,high school,working class,0.4474534475555053,1.0,before 2015,0.0,1.0,32765,13000.0,sedan,2,1,1,0.0,real_source
375844,16-25,male,majority,0-9y,high school,middle class,0.6095981129999479,1.0,before 2015,0.0,0.0,32765,,sedan,0,0,0,0.0,real_source
492558,65+,male,majority,0-9y,university,upper class,0.5987105265088776,1.0,before 2015,1.0,1.0,32765,9000.0,sedan,0,0,0,1.0,real_source
168698,26-39,male,minority,10-19y,university,middle class,0.5198664943388236,0.0,before 2015,1.0,1.0,92101,11000.0,sedan,1,0,1,1.0,real_source
236909,16-25,male,majority,0-9y,high school,working class,0.3225694941788896,1.0,before 2015,1.0,0.0,10238,,sedan,0,0,0,1.0,real_source
935327,65+,male,majority,10-19y,high school,upper class,0.4784375832901694,1.0,after 2015,1.0,1.0,10238,11000.0,sedan,0,0,1,0.0,real_source
937359,65+,male,majority,20-29y,university,upper class,0.4585831321444608,1.0,before 2015,1.0,1.0,10238,14000.0,sedan,4,0,2,0.0,real_source
296497,40-64,male,majority,10-19y,university,upper class,0.6608672323543052,1.0,after 2015,1.0,1.0,21217,10000.0,sedan,1,0,1,1.0,real_source
673813,65+,female,majority,10-19y,high school,upper class,0.4549700561261504,1.0,after 2015,1.0,1.0,10238,5000.0,sedan,0,1,0,0.0,real_source
472301,40-64,female,majority,20-29y,high school,middle class,0.5350647203236554,1.0,after 2015,1.0,1.0,10238,,sedan,1,0,4,0.0,real_source
367639,65+,male,majority,30y+,high school,middle class,0.5330511243895587,1.0,before 2015,0.0,1.0,10238,12000.0,sedan,2,1,6,0.0,real_source
786100,26-39,female,majority,10-19y,high school,middle class,0.5866044035645778,1.0,before 2015,1.0,1.0,10238,11000.0,sedan,0,0,2,0.0,real_source
168937,16-25,female,majority,0-9y,high school,upper class,0.6621970815237619,1.0,after 2015,0.0,0.0,10238,12000.0,sedan,0,0,0,0.0,real_source
287710,65+,male,majority,10-19y,university,upper class,0.5520767973926749,0.0,before 2015,0.0,1.0,10238,13000.0,sedan,1,0,1,1.0,real_source
378620,16-25,male,majority,0-9y,high school,poverty,0.3919416002202052,0.0,before 2015,0.0,0.0,32765,,sports car,0,0,0,1.0,real_source
889867,40-64,male,minority,0-9y,none,middle class,0.6328643879795967,1.0,before 2015,1.0,1.0,10238,10000.0,sedan,0,0,0,1.0,real_source
705744,16-25,female,majority,0-9y,high school,poverty,0.3719044158733219,0.0,before 2015,0.0,0.0,10238,16000.0,sedan,0,0,0,1.0,real_source
267400,40-64,male,majority,0-9y,high school,upper class,0.5533950888413254,1.0,before 2015,1.0,1.0,10238,9000.0,sedan,0,0,0,1.0,real_source
166423,40-64,male,majority,20-29y,high school,middle class,0.5038033404653214,1.0,before 2015,1.0,1.0,10238,10000.0,sedan,3,0,2,0.0,real_source
968533,26-39,female,minority,10-19y,none,working class,0.3618314257599834,0.0,before 2015,0.0,1.0,10238,11000.0,sedan,1,0,0,1.0,real_source
995133,40-64,female,majority,20-29y,high school,middle class,,0.0,after 2015,0.0,1.0,32765,13000.0,sedan,1,1,0,0.0,real_source
539002,40-64,male,majority,20-29y,high school,working class,0.4076322765382582,0.0,before 2015,1.0,1.0,10238,11000.0,sedan,5,0,4,0.0,real_source
709190,40-64,male,majority,10-19y,university,upper class,0.3935696626424533,1.0,before 2015,1.0,0.0,10238,9000.0,sedan,2,0,1,0.0,real_source
200709,26-39,male,minority,0-9y,high school,working class,0.4845533311312765,0.0,before 2015,0.0,0.0,32765,13000.0,sedan,0,0,0,1.0,real_source
666379,26-39,female,majority,0-9y,none,working class,0.4194646966156586,1.0,before 2015,0.0,0.0,10238,12000.0,sedan,0,0,0,1.0,real_source
235972,65+,female,majority,20-29y,university,upper class,0.7387633756082187,1.0,after 2015,1.0,1.0,10238,10000.0,sedan,4,0,0,0.0,real_source
936534,16-25,female,majority,0-9y,none,working class,0.5795235938386997,1.0,before 2015,1.0,1.0,32765,9000.0,sedan,0,0,0,0.0,real_source
502299,26-39,male,minority,10-19y,high school,middle class,0.5069636356843386,1.0,before 2015,0.0,1.0,10238,12000.0,sedan,0,0,2,0.0,real_source
183997,40-64,female,minority,20-29y,high school,middle class,0.7523626049543374,0.0,before 2015,1.0,1.0,10238,9000.0,sedan,3,1,1,0.0,real_source
250667,40-64,male,majority,0-9y,high school,upper class,0.4795135788273541,1.0,after 2015,0.0,1.0,10238,13000.0,sedan,0,0,0,0.0,real_source
980884,65+,female,majority,10-19y,university,upper class,0.4463844946941819,1.0,before 2015,0.0,1.0,10238,8000.0,sedan,1,0,3,0.0,real_source
114922,26-39,female,majority,0-9y,university,upper class,0.5591236098410128,1.0,after 2015,1.0,1.0,10238,6000.0,sports car,0,0,0,0.0,real_source
668924,16-25,female,majority,0-9y,high school,working class,0.2927542812589402,1.0,before 2015,0.0,1.0,10238,,sedan,0,0,0,0.0,real_source
701405,26-39,female,majority,0-9y,high school,poverty,0.2508318262318689,0.0,before 2015,0.0,1.0,92101,13000.0,sedan,0,0,0,0.0,real_source
677281,16-25,female,majority,0-9y,high school,working class,0.4948093876201021,0.0,before 2015,0.0,0.0,10238,16000.0,sedan,0,0,0,1.0,real_source
10693,40-64,female,majority,20-29y,none,working class,0.3753440227515216,1.0,before 2015,1.0,1.0,21217,9000.0,sedan,4,0,2,1.0,real_source
548489,26-39,female,majority,10-19y,high school,working class,0.5211344299762245,0.0,after 2015,1.0,1.0,10238,13000.0,sedan,1,0,0,0.0,real_source
158614,40-64,male,majority,20-29y,university,upper class,0.6007118624815957,1.0,after 2015,1.0,1.0,32765,,sedan,12,0,3,0.0,real_source
384061,26-39,female,majority,10-19y,university,poverty,0.2291647302298253,0.0,before 2015,1.0,0.0,10238,15000.0,sedan,0,0,1,0.0,real_source
360663,40-64,male,majority,20-29y,university,upper class,0.5927698538282068,0.0,before 2015,1.0,1.0,32765,11000.0,sedan,7,0,3,0.0,real_source
752576,16-25,female,majority,0-9y,none,poverty,0.4652236746119535,1.0,before 2015,0.0,0.0,10238,16000.0,sedan,0,0,0,0.0,real_source
890058,16-25,female,majority,0-9y,none,poverty,0.3041750304936165,1.0,after 2015,0.0,0.0,92101,14000.0,sedan,0,0,0,1.0,real_source
365755,65+,male,majority,30y+,high school,upper class,0.7606175236961679,0.0,before 2015,1.0,1.0,92101,8000.0,sedan,7,0,1,0.0,real_source
159521,65+,female,majority,20-29y,high school,upper class,0.5534622777479923,1.0,before 2015,1.0,0.0,10238,8000.0,sedan,3,1,4,0.0,real_source
897682,16-25,female,majority,0-9y,high school,working class,0.3717009607507985,1.0,after 2015,0.0,1.0,10238,,sedan,0,0,0,0.0,real_source
770058,16-25,female,majority,0-9y,university,poverty,0.3240043349815389,0.0,before 2015,0.0,0.0,92101,17000.0,sedan,0,0,0,1.0,real_source
13112,16-25,female,majority,0-9y,none,poverty,0.226734278562446,0.0,before 2015,0.0,0.0,10238,9000.0,sedan,0,0,0,1.0,real_source
157338,16-25,female,majority,0-9y,none,poverty,0.2150234265757672,0.0,before 2015,0.0,1.0,10238,14000.0,sedan,0,0,0,1.0,real_source
320647,16-25,male,majority,0-9y,high school,poverty,0.3566508009417655,1.0,before 2015,0.0,1.0,10238,11000.0,sedan,0,0,0,1.0,real_source
701169,40-64,female,majority,20-29y,university,upper class,0.6817110154432734,1.0,before 2015,0.0,1.0,10238,13000.0,sedan,1,1,3,0.0,real_source
537092,40-64,male,majority,20-29y,university,upper class,0.6700656571076721,1.0,after 2015,1.0,1.0,10238,,sedan,1,1,1,0.0,real_source
739999,40-64,female,minority,10-19y,university,middle class,0.5638599791376707,0.0,before 2015,1.0,1.0,10238,13000.0,sedan,0,0,1,0.0,real_source
951613,26-39,female,majority,10-19y,none,working class,0.4056386696737108,1.0,before 2015,0.0,1.0,10238,15000.0,sedan,1,1,0,0.0,real_source
310988,40-64,female,majority,20-29y,high school,working class,0.3296752876443378,1.0,after 2015,1.0,1.0,10238,13000.0,sedan,1,0,5,0.0,real_source
67841,26-39,male,majority,10-19y,none,poverty,0.4166623408665704,0.0,before 2015,1.0,0.0,10238,12000.0,sedan,3,0,2,0.0,real_source
589352,16-25,male,majority,0-9y,university,working class,0.4040996330416273,0.0,before 2015,0.0,0.0,10238,17000.0,sedan,0,0,0,1.0,real_source
330613,40-64,female,majority,20-29y,high school,upper class,0.4912530942089903,1.0,before 2015,0.0,0.0,10238,14000.0,sedan,0,0,2,0.0,real_source
641218,16-25,female,majority,0-9y,high school,working class,0.3784275122206737,1.0,before 2015,0.0,0.0,10238,10000.0,sedan,0,0,0,1.0,real_source
920953,26-39,male,majority,10-19y,none,poverty,0.239601811089347,1.0,before 2015,0.0,0.0,10238,17000.0,sedan,0,0,0,0.0,real_source
607136,40-64,female,majority,20-29y,high school,middle class,0.6218330526938859,1.0,before 2015,0.0,1.0,10238,16000.0,sedan,0,1,0,0.0,real_source
48680,40-64,male,majority,20-29y,high school,working class,0.5141863808882946,0.0,before 2015,1.0,1.0,10238,10000.0,sedan,0,2,2,1.0,real_source
657577,40-64,male,majority,20-29y,high school,upper class,0.6846906708686749,1.0,after 2015,1.0,0.0,10238,11000.0,sedan,2,1,6,0.0,real_source
372219,16-25,male,majority,0-9y,university,working class,,1.0,before 2015,1.0,0.0,10238,12000.0,sedan,0,0,0,0.0,real_source
272107,40-64,male,majority,20-29y,none,poverty,0.4252781870544744,0.0,before 2015,0.0,1.0,10238,12000.0,sports car,4,1,0,0.0,real_source
952705,40-64,male,majority,20-29y,high school,upper class,0.5423362429107399,1.0,before 2015,1.0,1.0,10238,10000.0,sedan,3,0,5,0.0,real_source
876500,40-64,female,majority,20-29y,university,upper class,0.6495023966946109,1.0,before 2015,1.0,1.0,21217,14000.0,sedan,1,1,0,1.0,real_source
288139,26-39,female,majority,10-19y,none,working class,0.5095214601607623,1.0,after 2015,0.0,1.0,32765,13000.0,sedan,2,1,0,0.0,real_source
232585,40-64,male,minority,20-29y,high school,middle class,0.6008004231570677,0.0,after 2015,0.0,1.0,10238,14000.0,sedan,4,0,1,0.0,real_source
732352,65+,male,minority,30y+,high school,middle class,0.4752202699814938,1.0,after 2015,0.0,1.0,10238,14000.0,sedan,4,1,1,0.0,real_source
32207,40-64,female,majority,20-29y,high school,working class,0.4481947429015405,1.0,before 2015,1.0,1.0,10238,12000.0,sedan,0,0,1,0.0,real_source
225207,40-64,male,majority,20-29y,high school,middle class,0.6783361946053551,1.0,after 2015,1.0,1.0,10238,8000.0,sedan,2,0,7,0.0,real_source
561674,16-25,female,minority,0-9y,none,poverty,0.535812428215268,1.0,before 2015,0.0,0.0,10238,15000.0,sedan,0,0,0,1.0,real_source
604387,40-64,female,majority,20-29y,none,middle class,0.4779300200328349,1.0,before 2015,1.0,1.0,32765,12000.0,sedan,3,0,0,0.0,real_source
698813,16-25,male,majority,0-9y,none,poverty,,1.0,before 2015,0.0,0.0,10238,14000.0,sedan,0,0,0,1.0,real_source
487393,65+,male,majority,10-19y,none,working class,0.6154656983877915,1.0,after 2015,1.0,1.0,32765,5000.0,sedan,2,0,0,0.0,real_source
659012,16-25,female,majority,0-9y,high school,poverty,0.4161597154112488,0.0,before 2015,0.0,0.0,10238,15000.0,sedan,0,0,0,1.0,real_source
546281,26-39,male,majority,10-19y,none,working class,,0.0,before 2015,1.0,1.0,10238,14000.0,sedan,0,0,3,1.0,real_source
332743,26-39,male,majority,0-9y,university,upper class,0.6367641521533212,1.0,before 2015,1.0,1.0,10238,10000.0,sedan,0,0,0,1.0,real_source
827433,65+,female,majority,10-19y,university,upper class,0.5857094807969453,0.0,after 2015,1.0,1.0,32765,,sedan,1,0,0,0.0,real_source
456333,26-39,male,majority,10-19y,high school,middle class,0.3949779906148981,0.0,before 2015,0.0,0.0,10238,15000.0,sedan,1,0,1,1.0,real_source
784502,26-39,female,majority,10-19y,none,poverty,0.1950515541346116,0.0,before 2015,0.0,1.0,10238,,sedan,0,0,1,1.0,real_source
998932,26-39,male,majority,10-19y,high school,poverty,0.3132319641776033,1.0,after 2015,0.0,1.0,10238,15000.0,sedan,1,0,1,0.0,real_source
632407,40-64,female,majority,0-9y,none,upper class,0.7895325092012228,1.0,after 2015,1.0,0.0,10238,11000.0,sedan,0,0,0,0.0,real_source
227830,65+,female,majority,10-19y,high school,upper class,0.6533333041615769,0.0,after 2015,1.0,0.0,10238,13000.0,sedan,0,1,1,0.0,real_source
287438,40-64,male,majority,0-9y,none,poverty,0.3591904547041292,1.0,before 2015,0.0,1.0,10238,12000.0,sedan,0,0,0,1.0,real_source
744904,40-64,male,majority,20-29y,none,working class,0.3939002596613116,0.0,before 2015,0.0,1.0,32765,9000.0,sedan,9,2,1,0.0,real_source
364089,26-39,male,majority,10-19y,none,poverty,0.4220315334045105,1.0,before 2015,0.0,1.0,92101,11000.0,sedan,1,0,0,0.0,real_source
248851,65+,male,majority,30y+,university,upper class,0.5695226383731321,0.0,before 2015,1.0,1.0,10238,8000.0,sedan,5,0,8,0.0,real_source
378286,26-39,female,majority,0-9y,high school,poverty,0.4818224352879133,0.0,before 2015,1.0,1.0,10238,7000.0,sedan,0,0,0,0.0,real_source
515945,65+,female,majority,30y+,university,upper class,,1.0,after 2015,0.0,0.0,10238,,sedan,2,0,2,0.0,real_source
277346,65+,male,minority,30y+,high school,upper class,0.6778904594231552,1.0,before 2015,1.0,1.0,32765,10000.0,sedan,8,4,4,0.0,real_source
103562,26-39,female,majority,10-19y,high school,working class,0.5736257505092719,1.0,before 2015,1.0,1.0,32765,9000.0,sedan,4,0,0,0.0,real_source
780698,26-39,male,majority,10-19y,high school,middle class,0.4369648248142893,1.0,before 2015,1.0,0.0,10238,9000.0,sedan,1,0,1,1.0,real_source
648168,26-39,female,majority,0-9y,university,middle class,0.4717364514419842,1.0,after 2015,1.0,1.0,10238,10000.0,sedan,0,0,0,0.0,real_source
227619,40-64,female,majority,20-29y,high school,upper class,0.5452703935182526,1.0,before 2015,1.0,1.0,10238,13000.0,sedan,1,0,0,0.0,real_source
8488,16-25,female,majority,0-9y,university,middle class,0.2484012154074144,1.0,after 2015,1.0,1.0,32765,10000.0,sedan,0,0,0,0.0,real_source
116556,26-39,male,majority,0-9y,university,upper class,0.5623422577370347,0.0,after 2015,0.0,1.0,10238,10000.0,sedan,0,0,0,1.0,real_source
550812,26-39,male,majority,10-19y,high school,upper class,0.642579092659453,1.0,before 2015,1.0,1.0,10238,9000.0,sedan,0,0,3,0.0,real_source
933814,65+,female,majority,30y+,university,upper class,0.5859691100658124,1.0,before 2015,0.0,0.0,10238,16000.0,sedan,2,1,0,0.0,real_source
780111,40-64,female,majority,20-29y,high school,working class,0.4945190973664008,1.0,before 2015,0.0,1.0,10238,14000.0,sedan,2,0,1,0.0,real_source
637107,26-39,male,majority,10-19y,none,poverty,0.2826139640894628,0.0,before 2015,0.0,0.0,10238,13000.0,sedan,0,0,3,0.0,real_source
134022,65+,female,majority,20-29y,university,upper class,0.6863038567846291,1.0,after 2015,1.0,1.0,10238,11000.0,sedan,0,0,2,0.0,real_source
679306,65+,male,majority,20-29y,high school,middle class,0.5466101369180384,0.0,before 2015,0.0,1.0,10238,,sedan,1,0,3,0.0,real_source
224209,26-39,female,majority,0-9y,high school,poverty,0.427006899811128,1.0,before 2015,0.0,0.0,10238,14000.0,sports car,0,0,0,0.0,real_source
86202,40-64,female,majority,20-29y,high school,middle class,,1.0,before 2015,0.0,1.0,32765,12000.0,sedan,2,0,0,0.0,real_source
237506,26-39,female,majority,0-9y,university,middle class,0.3439552966265479,1.0,before 2015,1.0,0.0,32765,7000.0,sedan,0,0,0,0.0,real_source
664350,65+,male,majority,30y+,university,upper class,0.6832851473970699,1.0,after 2015,1.0,1.0,10238,10000.0,sedan,9,2,8,0.0,real_source
168479,65+,female,majority,30y+,university,upper class,0.6172552350571828,0.0,after 2015,1.0,1.0,10238,,sedan,3,0,3,0.0,real_source
215397,65+,male,majority,30y+,university,upper class,0.6486291459700178,1.0,after 2015,1.0,1.0,10238,10000.0,sedan,5,2,7,0.0,real_source
95223,26-39,female,majority,10-19y,none,working class,0.3413065150579024,1.0,before 2015,0.0,0.0,10238,13000.0,sedan,0,0,1,0.0,real_source
232232,65+,male,majority,30y+,none,upper class,0.4543733814127589,1.0,before 2015,1.0,1.0,10238,8000.0,sedan,6,2,4,0.0,real_source
343880,65+,male,majority,20-29y,university,upper class,0.5799573254872007,1.0,before 2015,1.0,1.0,10238,11000.0,sedan,3,1,5,0.0,real_source
875152,40-64,male,minority,0-9y,high school,upper class,0.5638113135204869,0.0,before 2015,1.0,0.0,10238,14000.0,sedan,0,0,0,1.0,real_source
302883,26-39,male,majority,10-19y,university,middle class,0.5428894787174905,0.0,before 2015,1.0,1.0,21217,12000.0,sports car,3,0,1,1.0,real_source
443332,65+,male,majority,30y+,university,upper class,0.5663226663241003,1.0,after 2015,1.0,1.0,32765,8000.0,sedan,8,1,1,0.0,real_source
488856,26-39,female,majority,10-19y,high school,upper class,0.6231936826485045,1.0,before 2015,1.0,1.0,32765,6000.0,sedan,3,0,1,0.0,real_source
299698,16-25,male,majority,0-9y,high school,poverty,0.2632650538999824,1.0,before 2015,0.0,1.0,10238,15000.0,sports car,0,0,0,0.0,real_source
336173,40-64,female,majority,0-9y,university,upper class,0.675859002609907,0.0,before 2015,1.0,1.0,92101,12000.0,sedan,0,0,0,1.0,real_source
992673,26-39,male,majority,10-19y,university,middle class,0.5309254852137539,1.0,before 2015,1.0,1.0,32765,9000.0,sedan,3,1,0,0.0,real_source
676770,16-25,female,minority,0-9y,high school,poverty,0.5580618709969322,1.0,before 2015,0.0,1.0,10238,9000.0,sedan,0,0,0,0.0,real_source
142780,65+,male,minority,10-19y,university,upper class,0.7382936679621042,1.0,before 2015,1.0,1.0,32765,7000.0,sedan,2,3,2,1.0,real_source
659897,65+,male,majority,20-29y,university,upper class,0.6701214761226999,1.0,after 2015,1.0,1.0,32765,,sedan,4,1,2,0.0,real_source
352690,16-25,male,majority,0-9y,university,middle class,0.4350849901631921,1.0,before 2015,1.0,1.0,32765,9000.0,sedan,0,0,0,1.0,real_source
45797,16-25,female,majority,0-9y,high school,poverty,0.3734827746520789,0.0,before 2015,0.0,0.0,10238,18000.0,sedan,0,0,0,1.0,real_source
564461,65+,female,majority,30y+,high school,middle class,0.5454738217021173,1.0,before 2015,0.0,1.0,10238,15000.0,sedan,3,0,2,0.0,real_source
541804,26-39,male,majority,10-19y,none,poverty,0.3754611884221273,0.0,before 2015,0.0,0.0,10238,17000.0,sedan,0,0,1,1.0,real_source
291575,26-39,male,majority,10-19y,none,poverty,0.3688141910403541,0.0,before 2015,0.0,0.0,10238,12000.0,sedan,0,0,3,1.0,real_source
625152,26-39,male,majority,0-9y,high school,middle class,,1.0,before 2015,0.0,0.0,32765,15000.0,sports car,0,0,0,1.0,real_source
265608,26-39,male,majority,10-19y,university,middle class,0.3914763680965406,1.0,before 2015,0.0,1.0,10238,,sedan,3,0,1,1.0,real_source
157712,40-64,female,majority,10-19y,university,upper class,0.7010779053023868,1.0,after 2015,1.0,1.0,10238,8000.0,sedan,3,0,0,0.0,real_source
420995,16-25,female,minority,0-9y,none,poverty,0.3322852305538436,0.0,before 2015,0.0,1.0,10238,15000.0,sports car,0,0,0,0.0,real_source
370361,65+,male,majority,30y+,university,upper class,0.6360928203941096,1.0,after 2015,1.0,0.0,10238,17000.0,sedan,3,2,3,0.0,real_source
690969,26-39,female,majority,10-19y,university,upper class,0.8523818296709694,1.0,before 2015,0.0,0.0,32765,14000.0,sedan,0,1,0,0.0,real_source
980505,26-39,male,minority,10-19y,high school,upper class,0.7456780692155659,0.0,before 2015,1.0,0.0,10238,14000.0,sports car,1,0,1,1.0,real_source
745009,26-39,male,majority,10-19y,high school,middle class,0.3934292195083172,1.0,after 2015,1.0,0.0,10238,12000.0,sedan,0,0,1,0.0,real_source
66820,26-39,male,majority,0-9y,university,working class,0.5457876403430777,1.0,before 2015,1.0,1.0,32765,8000.0,sedan,0,0,0,1.0,real_source
278365,40-64,male,majority,20-29y,university,upper class,0.5822420108370873,1.0,before 2015,0.0,1.0,10238,14000.0,sedan,1,1,7,0.0,real_source
653704,26-39,female,majority,10-19y,none,working class,0.3942206789712544,0.0,before 2015,0.0,1.0,10238,13000.0,sedan,1,0,2,1.0,real_source
537037,26-39,male,majority,10-19y,high school,middle class,0.5909271047250865,1.0,before 2015,0.0,0.0,10238,15000.0,sedan,0,1,0,0.0,real_source
102661,26-39,female,majority,10-19y,university,upper class,,1.0,after 2015,0.0,0.0,10238,15000.0,sedan,1,0,0,0.0,real_source
42872,26-39,male,majority,10-19y,university,upper class,0.6636154524180936,1.0,before 2015,1.0,0.0,32765,8000.0,sedan,2,0,2,1.0,real_source
847915,40-64,male,majority,0-9y,university,upper class,0.6714062798340049,1.0,after 2015,1.0,1.0,10238,12000.0,sedan,0,0,0,0.0,real_source
257264,16-25,female,majority,0-9y,high school,poverty,0.2344680861436483,0.0,before 2015,0.0,0.0,32765,10000.0,sedan,0,0,0,1.0,real_source
664096,40-64,male,majority,20-29y,high school,upper class,0.5109020423243751,1.0,after 2015,0.0,1.0,10238,,sedan,4,0,6,0.0,real_source
406803,16-25,male,majority,0-9y,university,middle class,0.4754719949134253,1.0,before 2015,0.0,0.0,10238,13000.0,sedan,0,0,0,0.0,real_source
909251,65+,male,majority,30y+,university,upper class,0.6801737707726987,1.0,after 2015,0.0,1.0,10238,9000.0,sedan,6,1,12,0.0,real_source
794541,26-39,female,majority,10-19y,none,poverty,0.4437392139614944,0.0,before 2015,0.0,0.0,10238,,sports car,1,1,2,0.0,real_source
360906,40-64,female,majority,0-9y,university,upper class,0.5058338435466339,1.0,before 2015,1.0,1.0,10238,13000.0,sedan,0,0,0,1.0,real_source
187054,26-39,female,majority,10-19y,high school,upper class,0.5819921084455086,1.0,before 2015,1.0,1.0,10238,8000.0,sedan,1,0,1,0.0,real_source
255685,40-64,male,majority,20-29y,high school,upper class,0.5597353692525334,1.0,after 2015,0.0,1.0,92101,,sedan,5,0,1,0.0,real_source
274793,65+,male,minority,30y+,university,upper class,0.5841638627422637,1.0,after 2015,1.0,1.0,10238,9000.0,sedan,10,1,3,0.0,real_source
34708,40-64,female,majority,20-29y,university,upper class,0.6684571148957105,1.0,before 2015,1.0,1.0,32765,11000.0,sedan,4,3,0,0.0,real_source
55949,16-25,female,majority,0-9y,none,poverty,0.4758086378895234,1.0,before 2015,0.0,0.0,10238,14000.0,sports car,0,0,0,0.0,real_source
128281,26-39,male,minority,10-19y,high school,middle class,0.513847778394383,0.0,after 2015,0.0,1.0,32765,8000.0,sedan,6,0,4,0.0,real_source
887100,65+,female,majority,20-29y,university,upper class,0.7425581471666168,1.0,before 2015,1.0,1.0,10238,10000.0,sedan,2,1,1,0.0,real_source
312478,26-39,male,majority,10-19y,university,working class,0.4103400623409491,0.0,before 2015,0.0,0.0,10238,15000.0,sedan,1,1,2,1.0,real_source
93366,40-64,female,majority,20-29y,university,upper class,0.5696383080061281,1.0,before 2015,1.0,1.0,32765,6000.0,sedan,5,1,2,0.0,real_source
294112,65+,female,majority,30y+,high school,upper class,0.4609072687719204,0.0,after 2015,1.0,1.0,10238,8000.0,sedan,3,0,5,0.0,real_source
432592,65+,male,majority,30y+,university,upper class,0.5921220578663743,1.0,before 2015,0.0,0.0,10238,13000.0,sedan,3,0,5,0.0,real_source
860863,26-39,female,majority,0-9y,high school,working class,0.5178938127826952,0.0,before 2015,0.0,1.0,32765,7000.0,sedan,0,0,0,1.0,real_source
212760,16-25,female,majority,0-9y,none,poverty,0.40109256010844,0.0,before 2015,1.0,0.0,10238,10000.0,sedan,0,0,0,0.0,real_source
269471,40-64,female,majority,20-29y,high school,upper class,0.6407798046102287,1.0,before 2015,1.0,1.0,10238,,sedan,0,0,2,0.0,real_source
135863,26-39,male,majority,10-19y,high school,upper class,0.6449558925023856,1.0,after 2015,0.0,1.0,10238,11000.0,sedan,3,1,2,0.0,real_source
106974,65+,male,majority,30y+,university,upper class,0.4697990837580598,0.0,before 2015,1.0,1.0,10238,,sedan,3,0,1,0.0,real_source
53935,26-39,male,majority,10-19y,high school,working class,0.4888103261264866,0.0,after 2015,1.0,1.0,10238,12000.0,sedan,0,0,2,0.0,real_source
838898,65+,female,majority,0-9y,high school,upper class,0.5845541538211065,1.0,after 2015,1.0,1.0,10238,12000.0,sports car,0,0,0,0.0,real_source
194624,65+,male,majority,30y+,university,upper class,0.6018449383011959,1.0,before 2015,1.0,1.0,10238,9000.0,sedan,4,0,2,0.0,real_source
928788,16-25,male,majority,0-9y,high school,middle class,0.5237147822845126,1.0,before 2015,1.0,0.0,10238,15000.0,sedan,0,0,0,1.0,real_source
869505,65+,female,minority,0-9y,high school,upper class,0.6174783889735851,1.0,before 2015,1.0,1.0,10238,9000.0,sedan,0,0,0,0.0,real_source
984659,16-25,male,majority,0-9y,high school,poverty,0.2029270437920447,1.0,before 2015,1.0,1.0,10238,8000.0,sedan,0,0,0,0.0,real_source
757136,40-64,female,majority,10-19y,university,upper class,0.6902691770071121,1.0,before 2015,1.0,1.0,10238,11000.0,sedan,1,0,1,0.0,real_source
637909,40-64,male,majority,0-9y,high school,upper class,0.5565157388101949,1.0,before 2015,1.0,1.0,10238,9000.0,sports car,0,0,0,1.0,real_source
526748,16-25,male,majority,0-9y,university,middle class,0.435456191598556,1.0,before 2015,0.0,0.0,10238,13000.0,sedan,0,0,0,0.0,real_source
397209,26-39,female,majority,10-19y,none,poverty,0.2151696546054047,0.0,after 2015,1.0,1.0,10238,10000.0,sedan,2,0,1,0.0,real_source
597605,40-64,male,majority,0-9y,high school,upper class,0.6944607253512556,1.0,before 2015,1.0,1.0,92101,,sedan,0,0,0,1.0,real_source
26836,40-64,female,majority,10-19y,university,upper class,0.6657579836268851,1.0,before 2015,1.0,1.0,10238,,sedan,1,0,0,0.0,real_source
787748,26-39,male,majority,10-19y,high school,middle class,0.3767820351485029,1.0,after 2015,0.0,0.0,10238,,sedan,3,0,1,0.0,real_source
487003,26-39,male,majority,0-9y,high school,middle class,,0.0,after 2015,0.0,0.0,10238,15000.0,sedan,0,0,0,1.0,real_source
296014,26-39,female,majority,10-19y,university,upper class,0.6394250854418368,1.0,after 2015,0.0,0.0,10238,13000.0,sedan,1,0,3,0.0,real_source
764835,26-39,male,minority,10-19y,high school,poverty,0.3045684602333574,0.0,before 2015,0.0,0.0,10238,14000.0,sedan,1,0,1,0.0,real_source
235168,65+,female,majority,30y+,university,upper class,0.7217744198745549,0.0,before 2015,1.0,1.0,10238,9000.0,sedan,4,0,0,0.0,real_source
233728,26-39,male,majority,10-19y,high school,middle class,0.5052441837930965,1.0,before 2015,1.0,1.0,32765,9000.0,sedan,5,1,1,1.0,real_source
786931,65+,male,majority,10-19y,university,upper class,0.7031643827756698,1.0,before 2015,0.0,1.0,10238,15000.0,sedan,1,0,2,0.0,real_source
567238,26-39,female,majority,10-19y,high school,middle class,0.4851718364383785,0.0,before 2015,0.0,1.0,10238,8000.0,sedan,2,1,1,0.0,real_source
384636,26-39,male,majority,10-19y,university,working class,0.4262702299476665,0.0,before 2015,0.0,1.0,10238,13000.0,sedan,0,0,0,1.0,real_source
481678,65+,male,majority,30y+,university,upper class,0.5862739821585983,1.0,after 2015,1.0,1.0,10238,11000.0,sedan,3,1,5,0.0,real_source
825000,40-64,male,minority,0-9y,high school,upper class,0.6435845629097965,0.0,before 2015,0.0,1.0,10238,14000.0,sedan,0,0,0,1.0,real_source
563666,40-64,male,majority,20-29y,high school,upper class,0.5664168167346517,1.0,before 2015,0.0,1.0,32765,13000.0,sedan,6,0,1,1.0,real_source
591627,40-64,female,majority,20-29y,university,middle class,,1.0,after 2015,1.0,1.0,10238,11000.0,sedan,4,0,2,0.0,real_source
709679,40-64,male,majority,20-29y,university,middle class,0.6398290247158106,1.0,before 2015,1.0,1.0,10238,10000.0,sedan,3,0,1,0.0,real_source
695020,40-64,female,majority,20-29y,high school,upper class,,0.0,before 2015,1.0,0.0,10238,11000.0,sedan,0,0,0,0.0,real_source
809451,40-64,male,majority,20-29y,none,working class,0.3392888504833096,0.0,before 2015,0.0,1.0,10238,12000.0,sedan,4,0,5,0.0,real_source
869905,26-39,female,majority,10-19y,high school,working class,0.4940669801717974,0.0,before 2015,0.0,1.0,92101,10000.0,sedan,2,1,0,0.0,real_source
741837,26-39,male,majority,10-19y,high school,upper class,0.4883110329953223,1.0,after 2015,1.0,0.0,10238,,sedan,0,0,1,0.0,real_source
925179,16-25,male,majority,0-9y,high school,poverty,0.3306596233133351,0.0,before 2015,0.0,1.0,32765,11000.0,sedan,0,0,0,1.0,real_source
154695,40-64,male,majority,0-9y,university,upper class,0.5176533639161799,1.0,before 2015,1.0,1.0,32765,10000.0,sedan,0,0,0,1.0,real_source
603168,26-39,male,majority,0-9y,high school,poverty,,0.0,before 2015,0.0,0.0,10238,12000.0,sedan,0,0,0,1.0,real_source
471479,40-64,male,majority,20-29y,high school,working class,0.3354650473170224,0.0,before 2015,0.0,0.0,10238,16000.0,sedan,2,1,0,1.0,real_source
730370,65+,female,majority,20-29y,high school,upper class,0.649742279786596,1.0,before 2015,0.0,1.0,10238,9000.0,sedan,3,0,1,0.0,real_source
881078,26-39,female,majority,10-19y,university,working class,0.459369099801009,1.0,after 2015,0.0,0.0,10238,12000.0,sedan,2,0,0,0.0,real_source
996949,40-64,female,majority,20-29y,high school,working class,0.5926094176945508,0.0,before 2015,0.0,1.0,10238,,sedan,3,2,1,0.0,real_source
932068,65+,male,majority,30y+,university,middle class,,0.0,before 2015,1.0,1.0,10238,10000.0,sedan,3,2,4,0.0,real_source
507289,65+,male,majority,10-19y,high school,upper class,0.7651678828229611,1.0,before 2015,1.0,1.0,10238,9000.0,sedan,0,1,0,0.0,real_source
878865,65+,male,majority,20-29y,high school,middle class,0.3724167809827318,1.0,before 2015,1.0,1.0,10238,12000.0,sedan,6,1,2,0.0,real_source
197431,65+,male,majority,30y+,high school,middle class,0.5891088863016741,1.0,before 2015,1.0,1.0,10238,11000.0,sedan,8,0,4,0.0,real_source
974712,65+,male,minority,20-29y,university,upper class,0.4136142077561675,1.0,after 2015,1.0,1.0,10238,12000.0,sedan,4,0,4,0.0,real_source
237974,16-25,male,majority,0-9y,none,poverty,0.0648103533102058,1.0,before 2015,0.0,1.0,10238,11000.0,sedan,0,0,0,0.0,real_source
528837,40-64,female,majority,10-19y,high school,upper class,0.6173644827066088,1.0,before 2015,0.0,0.0,32765,13000.0,sedan,3,0,0,0.0,real_source
392048,26-39,male,majority,0-9y,high school,working class,,0.0,before 2015,1.0,1.0,32765,9000.0,sedan,0,0,0,0.0,real_source
86219,26-39,male,majority,10-19y,university,upper class,0.467843765632501,1.0,after 2015,1.0,1.0,10238,12000.0,sedan,1,0,3,0.0,real_source
539702,40-64,male,majority,20-29y,university,upper class,0.5557121773732416,1.0,after 2015,0.0,0.0,32765,13000.0,sedan,2,2,2,0.0,real_source
767312,26-39,male,majority,10-19y,high school,working class,0.4708203950012678,1.0,before 2015,0.0,1.0,32765,9000.0,sedan,2,0,0,0.0,real_source
670634,16-25,male,majority,0-9y,university,working class,0.3577224688029924,1.0,before 2015,1.0,1.0,32765,8000.0,sedan,0,0,0,1.0,real_source
337500,40-64,female,majority,0-9y,university,working class,0.3792686190518363,1.0,before 2015,0.0,0.0,10238,14000.0,sedan,0,0,0,0.0,real_source
567122,26-39,female,majority,10-19y,university,upper class,0.5213673670739867,1.0,before 2015,1.0,1.0,10238,8000.0,sedan,0,0,0,0.0,real_source
339147,65+,male,majority,30y+,university,upper class,0.6549887012388683,1.0,after 2015,1.0,1.0,10238,10000.0,sedan,7,0,6,0.0,real_source
123508,65+,female,majority,30y+,university,upper class,,1.0,after 2015,1.0,1.0,32765,7000.0,sedan,10,1,1,0.0,real_source
409057,26-39,female,majority,10-19y,high school,middle class,0.5725081487426337,1.0,before 2015,1.0,1.0,21217,10000.0,sedan,1,0,2,1.0,real_source
623545,40-64,male,majority,20-29y,high school,working class,0.4701261680539295,1.0,before 2015,0.0,0.0,10238,12000.0,sedan,6,0,4,0.0,real_source
910030,26-39,female,majority,10-19y,high school,working class,0.5351063887763012,0.0,before 2015,0.0,1.0,10238,13000.0,sedan,0,0,1,1.0,real_source
720601,40-64,female,majority,20-29y,high school,upper class,,1.0,before 2015,1.0,1.0,10238,13000.0,sedan,5,1,1,0.0,real_source
258865,65+,male,majority,10-19y,university,upper class,0.6794953657901539,1.0,before 2015,0.0,0.0,10238,14000.0,sedan,2,1,0,0.0,real_source
313903,16-25,male,majority,0-9y,none,poverty,,0.0,before 2015,0.0,0.0,10238,14000.0,sedan,0,0,0,1.0,real_source
712117,65+,female,majority,20-29y,high school,upper class,0.4492972668548298,1.0,after 2015,1.0,1.0,32765,3000.0,sedan,8,0,2,0.0,real_source
422097,65+,male,minority,30y+,high school,upper class,0.4964109169481421,0.0,before 2015,1.0,1.0,10238,9000.0,sports car,4,0,4,0.0,real_source
113980,40-64,female,majority,20-29y,university,upper class,,1.0,after 2015,1.0,1.0,10238,9000.0,sedan,3,0,3,0.0,real_source
511532,26-39,male,majority,10-19y,none,poverty,0.218675950842752,1.0,before 2015,0.0,1.0,10238,10000.0,sedan,1,0,1,0.0,real_source
993939,16-25,female,majority,0-9y,none,poverty,0.438014692691121,1.0,before 2015,0.0,1.0,10238,12000.0,sedan,0,0,0,0.0,real_source
335122,40-64,female,majority,0-9y,none,middle class,0.3460145477683494,1.0,before 2015,1.0,1.0,32765,6000.0,sedan,0,0,0,1.0,real_source
57623,26-39,male,minority,10-19y,university,upper class,0.6456613939576508,0.0,after 2015,0.0,1.0,10238,12000.0,sedan,1,0,2,0.0,real_source
968185,65+,male,majority,30y+,high school,upper class,0.5616097217808832,1.0,after 2015,1.0,1.0,10238,9000.0,sedan,2,0,11,0.0,real_source
822227,16-25,female,majority,0-9y,high school,working class,0.4466683299509061,1.0,after 2015,0.0,0.0,92101,17000.0,sedan,0,0,0,0.0,real_source
306268,40-64,female,majority,10-19y,university,upper class,0.5137216359540138,1.0,before 2015,1.0,1.0,92101,9000.0,sedan,0,0,1,0.0,real_source
618829,65+,male,majority,0-9y,high school,upper class,0.7621694620604794,1.0,before 2015,1.0,1.0,92101,10000.0,sedan,0,0,0,1.0,real_source
614254,65+,female,majority,30y+,high school,upper class,0.6080699138239518,1.0,before 2015,1.0,1.0,32765,7000.0,sedan,3,2,0,0.0,real_source
733736,26-39,male,majority,10-19y,none,upper class,0.5386463764059186,1.0,after 2015,1.0,0.0,10238,12000.0,sedan,1,0,2,0.0,real_source
454069,26-39,male,majority,10-19y,none,poverty,0.3993721682161127,0.0,before 2015,0.0,1.0,10238,14000.0,sedan,0,0,3,1.0,real_source
581563,16-25,female,majority,0-9y,university,working class,0.3158472659456788,0.0,before 2015,1.0,1.0,32765,7000.0,sedan,0,0,0,1.0,real_source
773778,16-25,male,minority,0-9y,none,poverty,0.4368255409619409,1.0,before 2015,1.0,0.0,10238,13000.0,sedan,0,0,0,0.0,real_source
829396,16-25,male,majority,0-9y,high school,poverty,0.2241372662621859,0.0,before 2015,0.0,0.0,10238,14000.0,sedan,0,0,0,1.0,real_source
474755,65+,male,majority,30y+,university,upper class,0.6597562707205796,1.0,before 2015,1.0,1.0,32765,3000.0,sedan,14,0,3,0.0,real_source
331227,16-25,female,majority,0-9y,university,working class,0.4877696980616919,1.0,before 2015,0.0,0.0,32765,11000.0,sedan,0,0,0,1.0,real_source
934596,40-64,male,majority,0-9y,university,upper class,0.5130256637688121,0.0,before 2015,1.0,1.0,10238,11000.0,sedan,0,0,0,1.0,real_source
404601,16-25,female,minority,0-9y,high school,poverty,0.2768632872237605,0.0,before 2015,0.0,1.0,10238,16000.0,sedan,0,0,0,1.0,real_source
848121,65+,male,majority,30y+,university,upper class,0.5354411836435228,1.0,before 2015,1.0,1.0,10238,,sedan,2,1,2,0.0,real_source
701805,26-39,female,majority,10-19y,high school,working class,0.4983794504788841,1.0,before 2015,0.0,0.0,10238,,sedan,0,1,0,0.0,real_source
439808,65+,male,majority,30y+,university,upper class,0.6325236813473631,0.0,after 2015,1.0,1.0,32765,9000.0,sedan,12,2,3,0.0,real_source
278596,26-39,female,majority,10-19y,high school,working class,0.5817659713567438,0.0,before 2015,0.0,0.0,10238,17000.0,sedan,0,0,0,1.0,real_source
722998,40-64,male,majority,0-9y,university,upper class,0.5433038756168699,1.0,before 2015,0.0,0.0,10238,11000.0,sports car,0,0,0,1.0,real_source
591088,16-25,female,majority,0-9y,university,middle class,0.3993583524589249,1.0,after 2015,0.0,1.0,10238,13000.0,sedan,0,0,0,0.0,real_source
769692,16-25,female,majority,0-9y,high school,working class,0.5697721184546425,1.0,before 2015,0.0,0.0,10238,15000.0,sedan,0,0,0,1.0,real_source
728169,26-39,male,majority,0-9y,high school,poverty,0.4261745228265034,0.0,before 2015,0.0,1.0,32765,13000.0,sedan,0,0,0,1.0,real_source
871987,26-39,female,majority,10-19y,high school,middle class,0.5914057960806905,1.0,after 2015,1.0,1.0,10238,8000.0,sedan,1,0,0,0.0,real_source
931786,40-64,female,majority,20-29y,none,working class,0.4141748435485591,1.0,before 2015,1.0,0.0,32765,,sedan,2,1,2,0.0,real_source
274929,16-25,male,majority,0-9y,high school,middle class,,1.0,before 2015,0.0,0.0,10238,19000.0,sedan,0,0,0,1.0,real_source
725213,16-25,male,minority,0-9y,none,poverty,0.4219520977864965,0.0,before 2015,0.0,1.0,10238,15000.0,sedan,0,0,0,1.0,real_source
853098,65+,male,majority,30y+,high school,upper class,,0.0,after 2015,1.0,0.0,10238,13000.0,sedan,4,1,5,0.0,real_source
552377,16-25,female,majority,0-9y,none,poverty,,1.0,before 2015,0.0,0.0,10238,19000.0,sedan,0,0,0,0.0,real_source
781391,16-25,female,minority,0-9y,none,poverty,0.2709286480860354,1.0,before 2015,0.0,0.0,32765,,sedan,0,0,0,0.0,real_source
422536,65+,male,majority,30y+,university,upper class,0.5391203183649663,1.0,before 2015,1.0,1.0,32765,10000.0,sedan,16,0,3,0.0,real_source
593636,65+,male,majority,20-29y,none,middle class,0.5761410516863594,1.0,after 2015,0.0,1.0,10238,11000.0,sedan,3,1,1,0.0,real_source
912129,65+,male,majority,30y+,high school,upper class,0.6789714861404762,1.0,before 2015,0.0,1.0,10238,9000.0,sedan,6,2,6,0.0,real_source
829121,26-39,female,majority,10-19y,none,poverty,0.3064889685313171,1.0,before 2015,1.0,0.0,10238,16000.0,sedan,1,1,1,0.0,real_source
217627,26-39,female,majority,0-9y,high school,working class,0.4783849470563195,1.0,before 2015,0.0,0.0,10238,13000.0,sedan,0,0,0,1.0,real_source
94394,16-25,female,minority,0-9y,none,poverty,0.38254236422457,0.0,before 2015,1.0,1.0,10238,12000.0,sedan,0,0,0,0.0,real_source
990555,40-64,male,majority,20-29y,high school,upper class,0.5734894955803178,1.0,after 2015,1.0,1.0,92101,9000.0,sedan,3,0,1,0.0,real_source
358555,65+,male,majority,30y+,high school,upper class,0.5596547606368724,1.0,after 2015,1.0,1.0,10238,,sedan,1,2,2,0.0,real_source
26848,65+,female,majority,30y+,university,upper class,0.6373600775462374,1.0,after 2015,1.0,1.0,32765,9000.0,sedan,5,1,1,0.0,real_source
992975,65+,female,majority,10-19y,none,middle class,0.6827064892633193,1.0,after 2015,0.0,1.0,32765,11000.0,sedan,3,0,0,0.0,real_source
118326,40-64,male,majority,20-29y,high school,upper class,0.7238108578569211,1.0,before 2015,1.0,1.0,10238,8000.0,sedan,5,0,5,0.0,real_source
147347,26-39,female,majority,10-19y,high school,working class,0.5395318255861207,0.0,before 2015,0.0,1.0,10238,10000.0,sedan,1,0,0,0.0,real_source
892833,26-39,male,majority,10-19y,high school,middle class,0.5660760717938017,1.0,before 2015,0.0,1.0,32765,11000.0,sedan,5,0,0,0.0,real_source
716262,65+,female,majority,30y+,university,upper class,0.6998108206900251,1.0,before 2015,1.0,1.0,10238,12000.0,sedan,3,1,2,0.0,real_source
711193,26-39,male,majority,0-9y,university,upper class,,1.0,before 2015,0.0,0.0,10238,14000.0,sedan,0,0,0,1.0,real_source
459835,16-25,male,majority,0-9y,high school,poverty,0.2595222818911519,1.0,before 2015,0.0,0.0,10238,11000.0,sedan,0,0,0,1.0,real_source
812532,26-39,female,majority,10-19y,high school,working class,,1.0,before 2015,0.0,1.0,32765,11000.0,sedan,0,1,0,0.0,real_source
273918,26-39,female,majority,10-19y,high school,middle class,0.6001147130776033,1.0,before 2015,0.0,0.0,10238,15000.0,sedan,0,0,0,0.0,real_source
947915,26-39,female,majority,10-19y,none,poverty,0.3075267135224393,1.0,before 2015,1.0,0.0,10238,12000.0,sedan,0,1,2,0.0,real_source
586547,16-25,female,majority,0-9y,high school,poverty,0.2502084663246026,1.0,before 2015,0.0,1.0,32765,10000.0,sedan,0,0,0,0.0,real_source
63508,16-25,female,majority,0-9y,high school,poverty,0.4287138097752097,0.0,before 2015,1.0,1.0,10238,13000.0,sedan,0,0,0,1.0,real_source
527357,26-39,female,majority,10-19y,university,upper class,0.5679144194169256,1.0,after 2015,1.0,0.0,10238,12000.0,sedan,1,0,1,0.0,real_source
385925,26-39,female,minority,0-9y,high school,working class,0.442557093562144,0.0,before 2015,1.0,1.0,10238,10000.0,sedan,0,0,0,1.0,real_source
7048,16-25,male,majority,0-9y,university,upper class,,1.0,after 2015,0.0,0.0,10238,17000.0,sedan,0,0,0,0.0,real_source
249505,26-39,female,majority,10-19y,none,poverty,0.4577862365222054,0.0,before 2015,0.0,1.0,10238,,sedan,1,0,0,0.0,real_source
559301,26-39,female,majority,10-19y,none,poverty,0.3028705972574476,0.0,before 2015,0.0,0.0,10238,15000.0,sedan,0,0,1,0.0,real_source
267190,40-64,male,majority,10-19y,high school,middle class,0.5051554316143794,1.0,after 2015,1.0,1.0,10238,12000.0,sedan,1,0,0,0.0,real_source
25459,65+,female,majority,30y+,university,upper class,0.5982796403762255,1.0,before 2015,1.0,1.0,32765,9000.0,sedan,10,1,5,0.0,real_source
256304,26-39,male,majority,10-19y,university,poverty,,0.0,before 2015,0.0,1.0,10238,11000.0,sedan,1,0,0,1.0,real_source
374142,65+,female,majority,10-19y,university,upper class,0.6655668427949974,0.0,after 2015,0.0,1.0,10238,14000.0,sedan,0,0,1,1.0,real_source
908652,16-25,male,majority,0-9y,high school,middle class,0.3930218877792529,0.0,before 2015,0.0,0.0,10238,13000.0,sedan,0,0,0,1.0,real_source
907528,26-39,male,majority,10-19y,high school,working class,0.4118003401511624,1.0,before 2015,0.0,1.0,10238,14000.0,sedan,3,0,2,0.0,real_source
665946,40-64,male,majority,10-19y,university,middle class,0.6093539898614507,1.0,before 2015,1.0,1.0,10238,,sedan,1,0,4,0.0,real_source
990622,26-39,female,majority,10-19y,high school,working class,0.534190231206679,1.0,before 2015,0.0,1.0,10238,10000.0,sedan,0,1,1,0.0,real_source
507424,65+,female,majority,20-29y,none,upper class,0.4450130053554757,1.0,before 2015,1.0,1.0,32765,8000.0,sedan,6,0,1,0.0,real_source
515684,26-39,male,majority,10-19y,high school,working class,0.4056422745779473,1.0,before 2015,0.0,0.0,10238,,sedan,1,0,0,0.0,real_source
833770,40-64,male,majority,20-29y,university,upper class,0.613220489579212,1.0,after 2015,1.0,1.0,10238,14000.0,sedan,0,0,3,0.0,real_source
527006,40-64,female,majority,0-9y,university,upper class,0.644414834802091,1.0,after 2015,0.0,1.0,10238,11000.0,sedan,0,0,0,0.0,real_source
370672,26-39,male,majority,10-19y,none,poverty,0.2874575410236509,0.0,before 2015,0.0,1.0,32765,,sedan,2,1,2,1.0,real_source
479043,16-25,female,majority,0-9y,none,poverty,0.5474717561610799,0.0,before 2015,0.0,0.0,10238,14000.0,sedan,0,0,0,1.0,real_source
19568,40-64,male,majority,10-19y,university,upper class,0.6353945656273279,1.0,after 2015,0.0,1.0,10238,15000.0,sedan,0,0,2,0.0,real_source
57769,26-39,female,majority,10-19y,high school,working class,0.3456316481039522,1.0,before 2015,1.0,0.0,10238,10000.0,sedan,0,1,1,0.0,real_source
896096,26-39,male,majority,0-9y,university,middle class,0.5193479438514836,1.0,before 2015,1.0,0.0,10238,18000.0,sedan,0,0,0,1.0,real_source
279212,40-64,male,majority,20-29y,high school,working class,0.4207561350863127,0.0,before 2015,1.0,0.0,32765,,sedan,7,2,3,0.0,real_source
406571,40-64,male,majority,20-29y,high school,middle class,,0.0,before 2015,1.0,1.0,10238,8000.0,sedan,5,0,9,0.0,real_source
372369,26-39,female,majority,10-19y,high school,middle class,,1.0,before 2015,1.0,0.0,10238,14000.0,sedan,1,0,2,0.0,real_source
12509,26-39,male,majority,10-19y,university,upper class,0.6528807993417568,1.0,before 2015,0.0,1.0,10238,10000.0,sedan,0,2,1,0.0,real_source
862085,26-39,female,majority,10-19y,none,working class,0.4367462837571669,0.0,before 2015,0.0,0.0,32765,13000.0,sedan,1,1,0,1.0,real_source
936024,65+,female,majority,30y+,none,working class,0.3278243327742141,0.0,before 2015,1.0,1.0,32765,8000.0,sedan,3,0,2,0.0,real_source
302189,16-25,male,majority,0-9y,high school,poverty,0.3563114306897274,1.0,before 2015,0.0,0.0,10238,13000.0,sedan,0,0,0,1.0,real_source
971471,16-25,female,minority,0-9y,none,poverty,0.3109816429091414,0.0,before 2015,0.0,0.0,32765,14000.0,sedan,0,0,0,1.0,real_source
189179,26-39,male,majority,10-19y,university,middle class,0.5614045221710208,1.0,before 2015,0.0,0.0,32765,15000.0,sedan,3,1,1,0.0,real_source
715622,40-64,male,majority,20-29y,university,upper class,0.6178115829185272,1.0,after 2015,1.0,0.0,10238,11000.0,sedan,1,1,5,0.0,real_source
556911,65+,male,majority,30y+,high school,upper class,0.6900696335241753,1.0,before 2015,1.0,1.0,10238,10000.0,sedan,3,1,5,0.0,real_source
750937,40-64,female,majority,20-29y,university,upper class,0.7744583614588328,1.0,before 2015,0.0,1.0,10238,,sedan,3,0,0,0.0,real_source
810417,26-39,male,majority,10-19y,none,working class,0.4131181464759037,1.0,before 2015,0.0,1.0,21217,15000.0,sedan,0,0,1,1.0,real_source
13552,40-64,female,majority,20-29y,high school,middle class,0.5871553381197856,1.0,after 2015,0.0,0.0,10238,14000.0,sedan,2,0,1,0.0,real_source
567055,40-64,female,minority,20-29y,none,upper class,0.6744237039305945,1.0,after 2015,0.0,1.0,92101,12000.0,sedan,2,0,3,0.0,real_source
422188,40-64,female,majority,0-9y,none,middle class,0.6787681469910648,1.0,before 2015,1.0,0.0,10238,9000.0,sports car,0,0,0,0.0,real_source
875592,40-64,male,majority,20-29y,university,upper class,0.5064172047172271,1.0,before 2015,0.0,1.0,32765,12000.0,sedan,4,1,1,0.0,real_source
388171,26-39,male,majority,10-19y,high school,working class,0.427473042131671,1.0,before 2015,0.0,1.0,10238,12000.0,sedan,0,0,0,0.0,real_source
446063,16-25,male,majority,0-9y,none,poverty,0.371813066706245,0.0,before 2015,0.0,1.0,32765,8000.0,sedan,0,0,0,1.0,real_source
280107,16-25,male,majority,0-9y,none,poverty,0.4814900180091189,0.0,before 2015,0.0,0.0,10238,21000.0,sedan,0,0,0,1.0,real_source
520649,65+,male,majority,30y+,high school,upper class,0.6547958229179276,1.0,before 2015,1.0,1.0,10238,11000.0,sedan,4,1,5,0.0,real_source
293796,26-39,male,majority,10-19y,university,working class,0.588337216849703,0.0,before 2015,1.0,1.0,32765,6000.0,sedan,1,0,1,1.0,real_source
833120,40-64,male,majority,20-29y,high school,middle class,0.5125204353330771,1.0,before 2015,0.0,1.0,10238,,sedan,4,1,2,0.0,real_source
651213,26-39,male,majority,10-19y,high school,poverty,0.2307192677794806,1.0,before 2015,0.0,0.0,10238,17000.0,sedan,1,0,1,0.0,real_source
142709,40-64,female,majority,10-19y,high school,poverty,0.4057523426788669,0.0,before 2015,1.0,0.0,10238,10000.0,sedan,4,0,0,0.0,real_source
218271,16-25,female,majority,0-9y,high school,middle class,0.5535496501307879,0.0,before 2015,0.0,1.0,92101,12000.0,sedan,0,0,0,1.0,real_source
459055,40-64,male,majority,20-29y,university,upper class,0.6540567904445873,1.0,before 2015,1.0,1.0,10238,13000.0,sports car,2,0,2,0.0,real_source
643290,65+,female,majority,0-9y,university,upper class,0.7431654508072568,1.0,before 2015,0.0,1.0,32765,9000.0,sedan,0,0,0,0.0,real_source
448347,40-64,female,majority,20-29y,university,upper class,0.5007565863468161,1.0,after 2015,1.0,1.0,32765,10000.0,sedan,4,0,1,0.0,real_source
362814,16-25,female,majority,0-9y,none,working class,0.527302248297344,1.0,before 2015,1.0,0.0,10238,13000.0,sedan,0,0,0,0.0,real_source
202230,16-25,female,majority,0-9y,high school,poverty,0.5075828928455902,0.0,before 2015,0.0,0.0,32765,15000.0,sedan,0,0,0,1.0,real_source
315893,65+,female,majority,30y+,high school,upper class,0.5708790194853859,1.0,before 2015,1.0,1.0,10238,12000.0,sedan,0,2,3,0.0,real_source
55603,40-64,male,majority,20-29y,high school,middle class,0.4716399096490579,1.0,before 2015,0.0,1.0,10238,15000.0,sedan,1,1,2,0.0,real_source
800943,26-39,male,minority,10-19y,none,poverty,0.3797179437274305,1.0,before 2015,0.0,0.0,32765,9000.0,sedan,2,0,0,0.0,real_source
599732,65+,male,majority,0-9y,university,upper class,0.6943393878817111,1.0,before 2015,1.0,1.0,92101,12000.0,sedan,0,0,0,1.0,real_source
590314,26-39,male,majority,10-19y,high school,upper class,,1.0,before 2015,1.0,0.0,32765,9000.0,sedan,3,0,3,0.0,real_source
615641,26-39,male,minority,10-19y,university,working class,0.4572646204776518,1.0,before 2015,1.0,1.0,10238,10000.0,sedan,2,0,4,0.0,real_source
548888,40-64,female,majority,20-29y,university,upper class,0.5488939939280708,0.0,after 2015,1.0,1.0,10238,12000.0,sedan,1,0,1,0.0,real_source
217002,16-25,male,majority,0-9y,high school,poverty,0.3863880207638034,0.0,before 2015,0.0,0.0,10238,13000.0,sedan,0,0,0,1.0,real_source
218063,65+,male,majority,30y+,university,upper class,0.4167486425392473,1.0,before 2015,1.0,1.0,32765,9000.0,sedan,10,1,3,1.0,real_source
674120,16-25,male,majority,0-9y,university,working class,0.5219565746594471,1.0,after 2015,0.0,0.0,10238,11000.0,sedan,0,0,0,0.0,real_source
506080,40-64,male,majority,20-29y,high school,middle class,0.6028335988480005,0.0,after 2015,0.0,1.0,10238,15000.0,sedan,2,0,4,0.0,real_source
148676,40-64,male,minority,10-19y,high school,upper class,0.5678186917072966,1.0,after 2015,1.0,0.0,32765,7000.0,sedan,4,0,1,0.0,real_source
263202,65+,female,majority,20-29y,university,upper class,0.6949200720707026,1.0,before 2015,1.0,1.0,10238,9000.0,sedan,2,0,2,0.0,real_source
949445,16-25,female,majority,0-9y,high school,poverty,0.4936007646121511,0.0,before 2015,0.0,0.0,10238,15000.0,sedan,0,0,0,1.0,real_source
785433,40-64,female,minority,10-19y,high school,middle class,0.5175180906935773,1.0,after 2015,1.0,1.0,10238,7000.0,sedan,0,0,0,0.0,real_source
464094,26-39,female,majority,0-9y,high school,upper class,0.5612935460191896,1.0,after 2015,0.0,1.0,10238,13000.0,sedan,0,0,0,0.0,real_source
657999,65+,male,majority,0-9y,high school,upper class,0.4871216304800666,0.0,before 2015,1.0,1.0,32765,7000.0,sedan,0,0,0,1.0,real_source
511769,26-39,female,majority,10-19y,high school,poverty,0.3740571032388322,0.0,before 2015,0.0,1.0,10238,12000.0,sedan,1,0,0,1.0,real_source
298277,26-39,female,majority,10-19y,none,poverty,0.2125402312931636,1.0,before 2015,1.0,1.0,10238,15000.0,sedan,0,0,1,0.0,real_source
750105,65+,female,minority,10-19y,university,upper class,0.5359382220542888,1.0,after 2015,1.0,1.0,10238,13000.0,sedan,0,1,2,0.0,real_source
893246,65+,male,majority,30y+,high school,middle class,0.469759362610576,1.0,before 2015,0.0,0.0,10238,14000.0,sedan,6,2,5,0.0,real_source
772042,26-39,male,majority,10-19y,none,working class,0.5981145934451958,0.0,before 2015,0.0,1.0,32765,,sedan,3,0,1,1.0,real_source
673145,40-64,female,minority,0-9y,none,middle class,0.5687434240980338,1.0,before 2015,0.0,1.0,10238,14000.0,sedan,0,0,0,0.0,real_source
784982,40-64,male,minority,10-19y,none,middle class,0.5338552034439775,1.0,before 2015,0.0,0.0,32765,18000.0,sedan,0,0,0,0.0,real_source
873573,16-25,male,minority,0-9y,none,poverty,0.2739856772686334,0.0,before 2015,0.0,0.0,10238,11000.0,sedan,0,0,0,1.0,real_source
728983,26-39,male,majority,0-9y,university,upper class,0.5812026447520117,0.0,after 2015,1.0,1.0,10238,13000.0,sedan,0,0,0,1.0,real_source
57792,26-39,male,majority,10-19y,none,poverty,0.3002081668900594,1.0,before 2015,1.0,1.0,10238,5000.0,sedan,3,0,5,0.0,real_source
604407,40-64,female,majority,20-29y,high school,upper class,0.4952958891181545,1.0,before 2015,0.0,0.0,32765,13000.0,sedan,3,0,0,0.0,real_source
565694,40-64,female,majority,20-29y,university,upper class,0.4518349804466685,1.0,before 2015,1.0,1.0,10238,9000.0,sedan,0,0,6,0.0,real_source
234567,40-64,female,majority,20-29y,none,middle class,0.5590663741166904,0.0,before 2015,1.0,1.0,32765,10000.0,sedan,1,0,3,0.0,real_source
883688,26-39,male,minority,10-19y,university,upper class,0.5589096259275953,1.0,after 2015,1.0,1.0,10238,12000.0,sedan,3,0,2,0.0,real_source
948725,40-64,female,majority,20-29y,high school,upper class,0.6973301225555232,1.0,after 2015,1.0,1.0,92101,10000.0,sedan,3,0,1,0.0,real_source
26790,40-64,male,majority,10-19y,none,middle class,,1.0,after 2015,1.0,1.0,10238,15000.0,sedan,0,0,2,0.0,real_source
402818,26-39,male,majority,10-19y,university,poverty,0.3532201325624401,0.0,before 2015,0.0,0.0,92101,,sedan,2,0,1,1.0,real_source
222143,26-39,male,majority,10-19y,university,middle class,0.4429716029268183,1.0,after 2015,0.0,1.0,32765,8000.0,sedan,7,0,2,0.0,real_source
442504,26-39,female,majority,0-9y,high school,upper class,,0.0,after 2015,1.0,1.0,10238,11000.0,sedan,0,0,0,0.0,real_source
813027,40-64,male,majority,20-29y,high school,upper class,0.8145502937682847,0.0,after 2015,1.0,1.0,10238,8000.0,sedan,4,1,4,0.0,real_source
209176,40-64,female,majority,0-9y,high school,upper class,0.6833724316979629,1.0,after 2015,1.0,1.0,10238,,sedan,0,0,0,0.0,real_source
962859,16-25,male,majority,0-9y,high school,poverty,0.2455327005454158,1.0,after 2015,0.0,1.0,10238,12000.0,sedan,0,0,0,0.0,real_source
80869,40-64,male,majority,20-29y,university,upper class,,1.0,after 2015,0.0,0.0,10238,,sedan,2,0,0,0.0,real_source
252553,40-64,male,majority,20-29y,university,upper class,0.4856706507522165,1.0,after 2015,1.0,1.0,10238,12000.0,sedan,2,0,3,0.0,real_source
228488,40-64,male,minority,20-29y,high school,middle class,0.6197015175639705,0.0,before 2015,1.0,1.0,10238,13000.0,sedan,4,1,1,0.0,real_source
122492,16-25,female,minority,0-9y,high school,working class,0.4826291669367409,0.0,before 2015,0.0,0.0,10238,10000.0,sedan,0,0,0,1.0,real_source
52965,65+,male,minority,30y+,university,upper class,0.6131925853472315,1.0,after 2015,1.0,1.0,92101,10000.0,sedan,5,0,1,0.0,real_source
461594,65+,female,majority,30y+,university,upper class,0.7140153403774167,1.0,before 2015,1.0,1.0,32765,11000.0,sedan,6,0,0,0.0,real_source
739281,16-25,male,majority,0-9y,high school,upper class,0.5764579008950959,1.0,after 2015,0.0,0.0,10238,15000.0,sedan,0,0,0,0.0,real_source
322058,40-64,female,majority,10-19y,university,upper class,0.6258322983127815,0.0,before 2015,0.0,1.0,10238,12000.0,sedan,0,0,2,0.0,real_source
421862,40-64,female,majority,20-29y,university,upper class,0.64826623609342,1.0,before 2015,1.0,1.0,32765,6000.0,sedan,6,0,0,0.0,real_source
809511,26-39,female,majority,10-19y,none,working class,0.3678303573721413,1.0,before 2015,0.0,0.0,10238,,sedan,0,0,0,0.0,real_source
11244,65+,male,majority,30y+,university,upper class,0.5745716255486694,1.0,after 2015,1.0,1.0,32765,7000.0,sports car,11,1,3,0.0,real_source
324309,16-25,male,majority,0-9y,high school,poverty,0.3344023919698644,0.0,before 2015,0.0,0.0,10238,,sedan,0,0,0,1.0,real_source
698622,16-25,female,majority,0-9y,high school,working class,0.3264397847182172,1.0,before 2015,0.0,0.0,10238,18000.0,sedan,0,0,0,1.0,real_source
359298,40-64,female,majority,20-29y,university,upper class,,0.0,before 2015,0.0,1.0,10238,11000.0,sedan,3,0,3,0.0,real_source
751259,16-25,female,majority,0-9y,high school,poverty,0.3092538030358533,1.0,before 2015,0.0,1.0,32765,10000.0,sedan,0,0,0,1.0,real_source
618996,16-25,male,majority,0-9y,high school,poverty,0.2698257959692807,0.0,before 2015,1.0,1.0,10238,10000.0,sports car,0,0,0,1.0,real_source
809040,40-64,female,majority,20-29y,university,upper class,0.7754948133696272,0.0,after 2015,0.0,1.0,10238,14000.0,sedan,3,0,1,0.0,real_source
582739,26-39,male,minority,10-19y,high school,upper class,0.6121181563110022,1.0,before 2015,0.0,0.0,32765,,sedan,3,0,1,0.0,real_source
143302,26-39,male,minority,0-9y,high school,poverty,0.3280344035024009,1.0,before 2015,0.0,1.0,10238,12000.0,sedan,0,0,0,0.0,real_source
268143,65+,male,majority,30y+,university,upper class,0.7265597100432507,1.0,before 2015,1.0,0.0,32765,12000.0,sedan,11,1,1,1.0,real_source
961840,16-25,female,majority,0-9y,none,poverty,0.3724255107914251,0.0,before 2015,0.0,0.0,10238,15000.0,sedan,0,0,0,1.0,real_source
597738,26-39,female,majority,10-19y,none,poverty,0.4254350369606835,1.0,before 2015,0.0,0.0,10238,15000.0,sedan,0,0,1,1.0,real_source
453506,16-25,male,majority,0-9y,university,working class,0.3817876115009899,0.0,before 2015,0.0,0.0,32765,13000.0,sedan,0,0,0,0.0,real_source
537211,16-25,female,majority,0-9y,none,poverty,0.3449328776108291,1.0,before 2015,0.0,1.0,10238,8000.0,sedan,0,0,0,0.0,real_source
870115,65+,female,majority,10-19y,none,middle class,0.4208492260444822,0.0,before 2015,1.0,1.0,10238,,sedan,0,0,1,0.0,real_source
792526,26-39,male,majority,0-9y,high school,working class,0.546417410483119,1.0,before 2015,0.0,0.0,32765,11000.0,sedan,0,0,0,1.0,real_source
780469,65+,male,majority,10-19y,university,upper class,0.5140602918684554,1.0,before 2015,1.0,1.0,10238,10000.0,sedan,0,0,2,0.0,real_source
542431,40-64,female,majority,20-29y,university,upper class,,1.0,before 2015,0.0,0.0,10238,16000.0,sedan,0,0,0,0.0,real_source
27653,26-39,male,majority,0-9y,university,middle class,0.5393392181496564,1.0,after 2015,0.0,1.0,32765,11000.0,sedan,0,0,0,0.0,real_source
129323,65+,female,majority,20-29y,high school,upper class,0.5811899693152835,1.0,after 2015,1.0,1.0,10238,10000.0,sedan,2,0,5,0.0,real_source
256445,65+,male,majority,20-29y,high school,upper class,0.5998640282161689,1.0,before 2015,1.0,1.0,10238,,sedan,3,2,6,0.0,real_source
473737,40-64,male,majority,20-29y,high school,upper class,0.6498365562719705,1.0,before 2015,0.0,1.0,10238,10000.0,sedan,1,2,4,0.0,real_source
950182,26-39,female,majority,10-19y,high school,middle class,0.5949317714664302,1.0,before 2015,1.0,1.0,10238,8000.0,sedan,1,0,0,0.0,real_source
761146,26-39,male,majority,0-9y,university,upper class,0.6494150842472346,1.0,after 2015,1.0,1.0,10238,10000.0,sedan,0,0,0,0.0,real_source
938131,26-39,female,majority,10-19y,high school,working class,0.3844651126449446,1.0,before 2015,1.0,1.0,10238,11000.0,sedan,0,1,2,0.0,real_source
380653,40-64,female,majority,20-29y,none,working class,,0.0,before 2015,1.0,1.0,92101,11000.0,sedan,1,0,1,0.0,real_source
640124,40-64,female,majority,10-19y,high school,middle class,0.4581195186110832,0.0,after 2015,0.0,1.0,10238,13000.0,sedan,0,0,0,1.0,real_source
102549,26-39,female,majority,10-19y,high school,working class,0.2449353696592061,0.0,before 2015,0.0,1.0,10238,8000.0,sedan,1,0,2,0.0,real_source
818328,16-25,female,majority,0-9y,high school,poverty,0.3910631302545065,0.0,before 2015,0.0,0.0,32765,14000.0,sedan,0,0,0,1.0,real_source
387579,40-64,female,majority,20-29y,university,upper class,0.6039352516727398,1.0,after 2015,1.0,1.0,10238,9000.0,sedan,1,0,3,0.0,real_source
316586,40-64,male,majority,20-29y,university,upper class,0.5190666772069142,1.0,before 2015,1.0,1.0,10238,11000.0,sedan,1,0,5,0.0,real_source
412548,16-25,female,majority,0-9y,university,middle class,0.6427538918131847,1.0,after 2015,0.0,0.0,21217,15000.0,sedan,0,0,0,1.0,real_source
869442,40-64,male,majority,20-29y,university,upper class,0.5465222146897489,1.0,before 2015,1.0,0.0,10238,9000.0,sedan,3,0,5,0.0,real_source
576743,40-64,female,minority,10-19y,university,upper class,0.6868684280913652,1.0,after 2015,1.0,0.0,10238,14000.0,sedan,0,0,0,0.0,real_source
33658,40-64,female,majority,20-29y,university,upper class,,1.0,after 2015,1.0,1.0,10238,11000.0,sedan,1,1,0,0.0,real_source
514828,26-39,female,majority,0-9y,none,working class,0.6027630037031885,1.0,after 2015,0.0,1.0,10238,13000.0,sedan,0,0,0,0.0,real_source
589593,16-25,male,majority,0-9y,high school,upper class,0.4925300820024674,1.0,before 2015,0.0,0.0,10238,18000.0,sedan,0,0,0,1.0,real_source
826145,40-64,female,minority,10-19y,high school,working class,0.4392108106129482,1.0,before 2015,0.0,1.0,10238,,sedan,0,1,0,0.0,real_source
416671,40-64,male,minority,0-9y,none,working class,,1.0,before 2015,0.0,1.0,10238,16000.0,sedan,0,0,0,1.0,real_source
244241,26-39,female,majority,10-19y,high school,middle class,0.5985207718839584,1.0,after 2015,1.0,1.0,10238,15000.0,sedan,1,0,1,0.0,real_source
457618,40-64,male,majority,10-19y,university,upper class,0.6113288178842612,1.0,before 2015,1.0,1.0,10238,,sedan,4,0,4,0.0,real_source
137496,40-64,female,majority,20-29y,high school,upper class,0.5440686984599911,1.0,before 2015,1.0,1.0,10238,12000.0,sedan,2,0,3,0.0,real_source
171787,65+,male,majority,20-29y,university,upper class,0.5768973389326224,1.0,after 2015,1.0,1.0,21217,11000.0,sedan,4,1,0,1.0,real_source
945932,40-64,female,majority,20-29y,none,middle class,0.6211866592060428,1.0,after 2015,0.0,1.0,10238,12000.0,sedan,2,0,0,0.0,real_source
271385,26-39,male,majority,10-19y,university,upper class,0.7222973127522446,1.0,before 2015,1.0,0.0,10238,10000.0,sedan,2,0,2,0.0,real_source
969530,26-39,female,minority,0-9y,university,middle class,0.6674176964471904,1.0,before 2015,1.0,1.0,10238,12000.0,sports car,0,0,0,1.0,real_source
331767,40-64,female,minority,20-29y,high school,middle class,,1.0,before 2015,1.0,1.0,92101,11000.0,sedan,2,0,0,0.0,real_source
816498,26-39,female,majority,10-19y,university,upper class,,1.0,before 2015,1.0,1.0,92101,10000.0,sedan,1,0,0,0.0,real_source
418062,65+,female,majority,30y+,university,upper class,0.6824651070901286,0.0,before 2015,0.0,1.0,32765,8000.0,sedan,2,0,5,0.0,real_source
661856,16-25,female,majority,0-9y,university,middle class,,1.0,after 2015,0.0,0.0,10238,17000.0,sedan,0,0,0,0.0,real_source
257789,26-39,male,majority,0-9y,university,upper class,0.7196443625175253,1.0,after 2015,0.0,0.0,10238,,sedan,0,0,0,0.0,real_source
971942,26-39,male,majority,10-19y,high school,upper class,0.6479770463649296,1.0,after 2015,1.0,1.0,92101,11000.0,sedan,1,0,2,0.0,real_source
269425,40-64,male,majority,0-9y,university,upper class,0.626638095087831,1.0,after 2015,1.0,0.0,10238,,sedan,0,0,0,0.0,real_source
822658,16-25,male,majority,0-9y,high school,working class,0.5116263619778629,1.0,before 2015,0.0,0.0,92101,15000.0,sedan,0,0,0,1.0,real_source
801428,40-64,female,majority,0-9y,high school,upper class,0.5501689732279997,1.0,before 2015,1.0,0.0,10238,14000.0,sedan,0,0,0,0.0,real_source
687330,16-25,male,majority,0-9y,none,working class,,1.0,before 2015,1.0,1.0,10238,8000.0,sedan,0,0,0,1.0,real_source
472577,26-39,male,majority,10-19y,none,working class,0.4458537521945647,0.0,before 2015,0.0,0.0,10238,16000.0,sedan,1,0,0,0.0,real_source
749180,40-64,female,majority,10-19y,university,upper class,0.6413439757795402,1.0,before 2015,1.0,1.0,10238,10000.0,sedan,1,0,2,0.0,real_source
434271,40-64,female,majority,20-29y,none,working class,,0.0,after 2015,0.0,1.0,32765,11000.0,sedan,2,1,2,0.0,real_source
727827,16-25,female,majority,0-9y,university,working class,0.4451567199459931,0.0,before 2015,0.0,1.0,21217,10000.0,sedan,0,0,0,1.0,real_source
894602,40-64,male,majority,20-29y,university,upper class,0.5911474645962597,1.0,before 2015,0.0,1.0,10238,10000.0,sedan,2,1,6,0.0,real_source
955804,40-64,female,majority,10-19y,university,upper class,0.6511049385549011,0.0,before 2015,1.0,1.0,10238,10000.0,sports car,1,0,1,0.0,real_source
163142,65+,male,majority,30y+,university,upper class,0.5571016855346206,1.0,after 2015,0.0,1.0,10238,10000.0,sedan,9,0,3,0.0,real_source
430369,40-64,male,majority,20-29y,high school,working class,0.3837539233886431,0.0,before 2015,0.0,1.0,10238,16000.0,sedan,2,0,6,1.0,real_source
103184,65+,female,minority,30y+,none,middle class,0.5075860135282544,0.0,before 2015,1.0,1.0,10238,13000.0,sedan,0,0,7,0.0,real_source
687248,26-39,male,majority,0-9y,high school,working class,0.5028713305704363,1.0,after 2015,0.0,1.0,10238,16000.0,sedan,0,0,0,0.0,real_source
189479,16-25,male,majority,0-9y,high school,working class,0.3780741998209805,0.0,before 2015,1.0,0.0,10238,12000.0,sports car,0,0,0,1.0,real_source
918883,26-39,female,majority,10-19y,high school,poverty,0.6173329268979808,1.0,before 2015,0.0,1.0,10238,13000.0,sedan,0,0,0,0.0,real_source
438362,16-25,male,majority,0-9y,university,poverty,0.215443692063603,0.0,before 2015,0.0,1.0,10238,13000.0,sedan,0,0,0,1.0,real_source
483085,65+,male,majority,0-9y,university,upper class,0.5624090225859201,1.0,before 2015,1.0,1.0,10238,11000.0,sports car,0,0,0,0.0,real_source
181687,40-64,male,minority,20-29y,high school,middle class,0.4548693853003646,1.0,before 2015,1.0,1.0,10238,9000.0,sedan,3,1,3,0.0,real_source
619293,40-64,male,minority,20-29y,university,upper class,0.4641380241105987,1.0,before 2015,1.0,1.0,10238,12000.0,sedan,0,2,5,0.0,real_source
373070,40-64,female,majority,20-29y,university,upper class,,1.0,before 2015,1.0,1.0,92101,9000.0,sedan,4,0,1,0.0,real_source
796102,16-25,female,majority,0-9y,high school,middle class,0.4638017334660947,1.0,after 2015,0.0,0.0,10238,14000.0,sedan,0,0,0,0.0,real_source
692007,16-25,male,majority,0-9y,university,middle class,0.3339164227907947,1.0,before 2015,1.0,1.0,10238,8000.0,sedan,0,0,0,1.0,real_source
741247,26-39,female,majority,10-19y,high school,middle class,0.6165924777058676,1.0,before 2015,1.0,1.0,32765,10000.0,sedan,1,1,1,0.0,real_source
171918,40-64,male,majority,20-29y,university,upper class,0.5747705498222261,1.0,after 2015,0.0,0.0,10238,17000.0,sedan,0,2,1,0.0,real_source
616386,16-25,male,minority,0-9y,none,poverty,0.2854385224065506,0.0,before 2015,0.0,0.0,10238,13000.0,sedan,0,0,0,1.0,real_source
581027,40-64,female,majority,20-29y,high school,middle class,0.5010614346395708,1.0,after 2015,1.0,0.0,32765,11000.0,sedan,4,1,0,0.0,real_source
101839,16-25,female,majority,0-9y,high school,working class,0.4315947194318469,0.0,before 2015,0.0,0.0,32765,10000.0,sedan,0,0,0,1.0,real_source
991191,16-25,male,majority,0-9y,high school,poverty,0.244800637971111,1.0,before 2015,1.0,0.0,10238,14000.0,sedan,0,0,0,1.0,real_source
295737,65+,female,majority,30y+,university,upper class,0.6260097035993797,1.0,after 2015,1.0,1.0,10238,,sedan,0,0,2,0.0,real_source
998776,40-64,male,majority,0-9y,none,poverty,0.2787200789506119,0.0,before 2015,1.0,1.0,10238,15000.0,sedan,0,0,0,0.0,real_source
290962,26-39,male,majority,0-9y,high school,middle class,,0.0,before 2015,0.0,0.0,10238,14000.0,sedan,0,0,0,0.0,real_source
67741,16-25,male,majority,0-9y,high school,poverty,0.2991477099763047,1.0,before 2015,0.0,1.0,10238,13000.0,sedan,0,0,0,1.0,real_source
914799,65+,male,majority,30y+,high school,upper class,0.7387876516708358,1.0,after 2015,0.0,0.0,10238,13000.0,sedan,7,2,4,0.0,real_source
655686,26-39,female,majority,10-19y,high school,working class,0.4891458193447778,1.0,before 2015,1.0,1.0,10238,10000.0,sedan,0,0,0,0.0,real_source
528944,40-64,male,majority,20-29y,university,upper class,0.7154070373943805,1.0,before 2015,1.0,1.0,10238,13000.0,sedan,4,0,2,0.0,real_source
927765,26-39,female,majority,10-19y,none,poverty,0.4777488822974931,1.0,before 2015,0.0,0.0,10238,16000.0,sedan,0,0,0,0.0,real_source
202838,40-64,female,minority,20-29y,high school,upper class,0.5500124561034115,1.0,after 2015,1.0,1.0,10238,,sedan,1,0,0,0.0,real_source
472762,40-64,female,majority,20-29y,none,poverty,,0.0,before 2015,1.0,1.0,10238,7000.0,sedan,0,0,2,0.0,real_source
75361,65+,male,majority,30y+,high school,upper class,0.6587101106094441,1.0,before 2015,1.0,1.0,10238,10000.0,sedan,4,0,1,0.0,real_source
977617,40-64,female,majority,20-29y,university,middle class,0.7005592185702892,1.0,after 2015,1.0,1.0,21217,12000.0,sedan,2,0,0,1.0,real_source
331884,65+,female,majority,20-29y,high school,upper class,0.6343871687986368,0.0,before 2015,1.0,1.0,32765,7000.0,sedan,0,0,1,1.0,real_source
715735,40-64,male,majority,10-19y,high school,working class,0.1958165116504413,0.0,before 2015,0.0,1.0,32765,11000.0,sedan,0,0,2,1.0,real_source
125970,65+,male,majority,30y+,university,upper class,0.7936940171873031,1.0,before 2015,1.0,1.0,10238,10000.0,sedan,4,0,5,0.0,real_source
95244,26-39,male,majority,10-19y,high school,working class,0.6361092160766116,0.0,before 2015,1.0,0.0,10238,15000.0,sedan,1,0,0,1.0,real_source
763955,16-25,female,majority,0-9y,none,poverty,,0.0,after 2015,0.0,1.0,10238,11000.0,sedan,0,0,0,0.0,real_source
531981,65+,female,majority,30y+,university,upper class,0.7060512035565447,1.0,before 2015,0.0,1.0,10238,13000.0,sedan,1,2,2,0.0,real_source
855986,26-39,male,majority,10-19y,none,poverty,0.3617358619790349,0.0,after 2015,1.0,1.0,10238,10000.0,sedan,1,0,4,0.0,real_source
105163,40-64,male,majority,20-29y,none,working class,,1.0,before 2015,1.0,1.0,32765,10000.0,sports car,5,0,1,0.0,real_source
94766,16-25,female,majority,0-9y,high school,working class,0.356589005878555,0.0,before 2015,0.0,1.0,10238,14000.0,sedan,0,0,0,1.0,real_source
782647,16-25,male,majority,0-9y,high school,working class,,1.0,before 2015,0.0,1.0,10238,,sedan,0,0,0,0.0,real_source
537205,26-39,female,majority,10-19y,none,poverty,0.2989742861548093,0.0,before 2015,0.0,1.0,10238,12000.0,sedan,0,0,1,0.0,real_source
948344,26-39,male,majority,10-19y,university,working class,,1.0,before 2015,0.0,1.0,32765,9000.0,sedan,4,1,3,0.0,real_source
726139,65+,female,majority,30y+,university,upper class,0.7103579999924677,1.0,before 2015,1.0,1.0,10238,13000.0,sedan,0,0,4,0.0,real_source
668589,16-25,male,majority,0-9y,university,working class,0.3309433924050565,1.0,before 2015,0.0,0.0,10238,15000.0,sedan,0,0,0,0.0,real_source
34516,26-39,male,majority,10-19y,none,poverty,0.2513881755026152,0.0,before 2015,0.0,0.0,10238,,sedan,0,0,0,1.0,real_source
321160,65+,female,majority,0-9y,university,upper class,0.5945664258743222,1.0,after 2015,0.0,1.0,10238,13000.0,sports car,0,0,0,0.0,real_source
537983,16-25,female,majority,0-9y,high school,working class,0.3985080736592945,1.0,before 2015,1.0,0.0,10238,11000.0,sedan,0,0,0,0.0,real_source
494066,26-39,male,majority,10-19y,high school,working class,0.3669961573638322,0.0,before 2015,1.0,0.0,10238,,sedan,1,0,4,1.0,real_source
255774,40-64,female,majority,20-29y,none,middle class,0.4101260599444145,1.0,before 2015,1.0,1.0,10238,11000.0,sedan,0,1,2,0.0,real_source
747616,26-39,female,majority,10-19y,high school,working class,0.4301818574429716,1.0,before 2015,1.0,1.0,10238,13000.0,sedan,0,0,0,0.0,real_source
527636,40-64,male,minority,20-29y,none,middle class,0.4035809619252694,0.0,before 2015,0.0,1.0,32765,8000.0,sedan,7,0,1,1.0,real_source
20455,40-64,female,majority,10-19y,university,upper class,0.72851460888228,1.0,before 2015,1.0,1.0,32765,,sedan,1,0,0,0.0,real_source
567014,40-64,male,majority,20-29y,university,upper class,0.6811059027128888,0.0,before 2015,1.0,1.0,10238,10000.0,sedan,5,2,3,0.0,real_source
110130,65+,female,majority,10-19y,high school,upper class,0.6571063914586049,1.0,before 2015,0.0,1.0,10238,,sedan,0,0,0,1.0,real_source
629221,65+,male,majority,30y+,high school,upper class,0.7309096978663604,1.0,before 2015,1.0,1.0,10238,9000.0,sedan,7,0,4,0.0,real_source
489949,65+,female,majority,10-19y,high school,upper class,0.692112519652541,1.0,before 2015,1.0,1.0,10238,13000.0,sedan,0,0,0,0.0,real_source
270914,16-25,female,majority,0-9y,high school,poverty,,0.0,before 2015,0.0,0.0,10238,19000.0,sedan,0,0,0,1.0,real_source
598852,26-39,male,majority,0-9y,high school,upper class,0.6139049982758503,1.0,before 2015,0.0,1.0,10238,10000.0,sedan,0,0,0,1.0,real_source
621643,40-64,male,majority,10-19y,high school,upper class,0.6206126651253843,1.0,before 2015,1.0,0.0,32765,10000.0,sedan,0,1,1,1.0,real_source
871231,40-64,female,majority,0-9y,high school,middle class,0.5632703768670823,1.0,before 2015,0.0,0.0,10238,13000.0,sedan,0,0,0,0.0,real_source
195743,16-25,female,majority,0-9y,none,poverty,0.4633027803572463,0.0,before 2015,0.0,0.0,10238,17000.0,sedan,0,0,0,1.0,real_source
638512,16-25,female,majority,0-9y,none,poverty,0.3455421925452009,1.0,before 2015,0.0,0.0,10238,19000.0,sedan,0,0,0,1.0,real_source
689147,40-64,female,majority,20-29y,none,upper class,0.7898273758743399,1.0,after 2015,1.0,1.0,32765,10000.0,sedan,6,0,0,0.0,real_source
440095,40-64,male,majority,20-29y,high school,middle class,0.7159739637303552,1.0,after 2015,1.0,1.0,10238,7000.0,sedan,3,0,4,0.0,real_source
332804,40-64,female,majority,0-9y,high school,upper class,0.6706734981138612,1.0,after 2015,1.0,1.0,10238,10000.0,sports car,0,0,0,0.0,real_source
954342,40-64,female,minority,0-9y,university,upper class,,1.0,before 2015,1.0,1.0,10238,13000.0,sedan,0,0,0,0.0,real_source
809136,26-39,female,majority,10-19y,high school,working class,0.3824578961514226,1.0,before 2015,0.0,0.0,10238,14000.0,sedan,0,0,5,0.0,real_source
645189,40-64,male,majority,20-29y,university,upper class,0.6868561188620521,1.0,after 2015,1.0,1.0,10238,12000.0,sedan,4,1,2,0.0,real_source
230845,40-64,female,majority,20-29y,university,upper class,0.5870487075202626,1.0,before 2015,1.0,1.0,32765,9000.0,sedan,3,0,1,0.0,real_source
414658,16-25,female,majority,0-9y,high school,middle class,0.5544708380887144,1.0,before 2015,1.0,1.0,32765,6000.0,sedan,0,0,0,1.0,real_source
599432,26-39,female,majority,10-19y,university,upper class,0.4775235133805459,1.0,before 2015,1.0,0.0,10238,12000.0,sedan,1,0,1,0.0,real_source
509738,26-39,male,majority,0-9y,university,upper class,0.4562250485636365,1.0,after 2015,0.0,1.0,10238,13000.0,sedan,0,0,0,0.0,real_source
179788,65+,male,majority,30y+,high school,upper class,0.4780573085955254,1.0,after 2015,1.0,1.0,10238,15000.0,sedan,5,1,1,0.0,real_source
802092,40-64,male,majority,20-29y,none,working class,0.2464195848584321,1.0,after 2015,1.0,0.0,10238,11000.0,sedan,2,1,3,0.0,real_source
744204,16-25,male,majority,0-9y,high school,poverty,0.2062917281037285,0.0,before 2015,0.0,1.0,10238,14000.0,sedan,0,0,0,1.0,real_source
773115,26-39,female,majority,0-9y,high school,upper class,0.5512923604855493,1.0,before 2015,0.0,1.0,10238,10000.0,sedan,0,0,0,0.0,real_source
647213,40-64,female,majority,20-29y,high school,upper class,0.7015504211745749,1.0,after 2015,1.0,1.0,10238,10000.0,sedan,1,0,0,0.0,real_source
27276,40-64,female,majority,20-29y,high school,upper class,0.7256255924328835,1.0,after 2015,1.0,1.0,32765,5000.0,sedan,2,0,0,0.0,real_source
531131,40-64,female,majority,0-9y,university,upper class,0.6282435604247023,1.0,before 2015,0.0,1.0,92101,12000.0,sedan,0,0,0,1.0,real_source
939389,40-64,female,majority,20-29y,university,upper class,0.6421734254406013,1.0,after 2015,1.0,1.0,92101,10000.0,sedan,1,0,0,0.0,real_source
834282,26-39,male,majority,10-19y,high school,working class,0.4592380021150925,0.0,before 2015,0.0,0.0,10238,14000.0,sedan,1,0,1,1.0,real_source
981793,40-64,male,minority,20-29y,university,upper class,0.7124790221331048,1.0,after 2015,0.0,1.0,10238,9000.0,sedan,2,1,5,0.0,real_source
417941,16-25,female,majority,0-9y,none,poverty,0.3259890202984261,0.0,before 2015,0.0,0.0,10238,8000.0,sedan,0,0,0,1.0,real_source
858084,40-64,male,majority,20-29y,university,upper class,0.4403711776611202,1.0,after 2015,1.0,1.0,10238,9000.0,sedan,5,0,5,0.0,real_source
460721,65+,male,majority,0-9y,university,upper class,0.5918399062712096,1.0,before 2015,1.0,1.0,10238,12000.0,sedan,0,0,0,0.0,real_source
965356,65+,male,majority,30y+,high school,upper class,0.5320779726945177,1.0,after 2015,1.0,1.0,10238,10000.0,sedan,4,1,2,0.0,real_source
815396,40-64,male,majority,20-29y,university,upper class,0.5924263144055677,1.0,before 2015,0.0,1.0,10238,12000.0,sedan,6,1,7,0.0,real_source
752125,65+,male,majority,30y+,university,upper class,0.6885158887359731,1.0,after 2015,1.0,1.0,10238,12000.0,sedan,7,0,5,0.0,real_source
625980,40-64,female,majority,20-29y,high school,middle class,0.6153652606482864,1.0,after 2015,0.0,0.0,21217,17000.0,sedan,0,0,0,1.0,real_source
151717,16-25,male,majority,0-9y,none,poverty,0.2473359219693926,1.0,before 2015,1.0,1.0,10238,9000.0,sedan,0,0,0,1.0,real_source
463625,40-64,female,majority,20-29y,none,working class,,1.0,before 2015,0.0,0.0,10238,19000.0,sedan,1,0,1,0.0,real_source
194478,26-39,female,majority,0-9y,none,working class,,0.0,before 2015,0.0,1.0,10238,13000.0,sedan,0,0,0,1.0,real_source
223064,26-39,male,majority,10-19y,university,upper class,0.719918789869379,1.0,after 2015,1.0,1.0,10238,11000.0,sedan,0,0,3,0.0,real_source
928068,65+,male,majority,30y+,university,upper class,0.6362682710000093,1.0,after 2015,1.0,1.0,32765,,sedan,9,0,2,0.0,real_source
280990,65+,male,majority,30y+,university,upper class,0.6361665009084327,1.0,after 2015,1.0,1.0,10238,14000.0,sedan,6,0,3,0.0,real_source
656450,16-25,female,majority,0-9y,none,poverty,0.4784936524828958,1.0,after 2015,0.0,1.0,10238,16000.0,sedan,0,0,0,0.0,real_source
977464,40-64,female,majority,20-29y,high school,upper class,0.5491402858463559,1.0,before 2015,0.0,1.0,92101,,sedan,2,0,0,0.0,real_source
323541,40-64,male,majority,20-29y,high school,middle class,0.505099201641905,0.0,before 2015,0.0,0.0,10238,18000.0,sedan,0,1,1,1.0,real_source
672023,16-25,female,majority,0-9y,high school,working class,0.3705200427462645,1.0,before 2015,0.0,0.0,10238,13000.0,sedan,0,0,0,1.0,real_source
658421,16-25,female,majority,0-9y,none,working class,0.530699754687861,1.0,after 2015,0.0,0.0,10238,12000.0,sedan,0,0,0,0.0,real_source
562261,16-25,female,majority,0-9y,none,poverty,0.3039855834682566,0.0,before 2015,0.0,1.0,10238,13000.0,sedan,0,0,0,1.0,real_source
51377,40-64,female,majority,0-9y,none,upper class,0.4466752233449097,1.0,before 2015,1.0,1.0,32765,6000.0,sedan,0,0,0,1.0,real_source
284372,40-64,male,majority,10-19y,university,upper class,,1.0,before 2015,1.0,1.0,10238,12000.0,sedan,3,0,3,0.0,real_source
100870,26-39,female,minority,0-9y,high school,middle class,0.5610299695298051,1.0,before 2015,0.0,0.0,10238,17000.0,sedan,0,0,0,0.0,real_source
438080,16-25,female,majority,0-9y,none,poverty,0.357690476762901,0.0,before 2015,0.0,0.0,10238,17000.0,sedan,0,0,0,1.0,real_source
20500,16-25,male,majority,0-9y,high school,working class,0.6370300180927041,0.0,after 2015,0.0,0.0,10238,13000.0,sedan,0,0,0,0.0,real_source
233711,40-64,female,majority,20-29y,university,upper class,0.612433309524402,1.0,before 2015,0.0,1.0,10238,10000.0,sedan,0,0,2,0.0,real_source
100734,65+,female,majority,30y+,university,upper class,0.6327745320998979,1.0,after 2015,1.0,1.0,10238,11000.0,sedan,1,0,2,0.0,real_source
661605,26-39,male,majority,10-19y,university,middle class,0.6834511721264427,0.0,before 2015,0.0,0.0,10238,15000.0,sedan,2,1,0,0.0,real_source
903686,65+,female,majority,0-9y,high school,middle class,0.5677020303309737,1.0,before 2015,1.0,1.0,92101,,sedan,0,0,0,1.0,real_source
443691,16-25,male,majority,0-9y,high school,working class,,0.0,after 2015,0.0,0.0,92101,13000.0,sports car,0,0,0,1.0,real_source
76113,40-64,female,majority,20-29y,high school,upper class,,1.0,after 2015,1.0,0.0,32765,11000.0,sedan,0,2,0,0.0,real_source
920288,16-25,male,majority,0-9y,university,middle class,0.5731158598023448,1.0,before 2015,0.0,0.0,10238,14000.0,sports car,0,0,0,1.0,real_source
723319,16-25,male,majority,0-9y,high school,poverty,0.3842040037156091,0.0,after 2015,0.0,0.0,10238,18000.0,sedan,0,0,0,1.0,real_source
696548,40-64,female,majority,20-29y,university,upper class,0.5700233971623834,1.0,after 2015,1.0,1.0,10238,10000.0,sedan,4,0,1,0.0,real_source
222322,40-64,male,minority,20-29y,none,poverty,0.3955280580569708,0.0,before 2015,0.0,1.0,32765,13000.0,sedan,1,0,1,0.0,real_source
584671,26-39,male,majority,0-9y,high school,working class,0.2833602432791338,1.0,before 2015,1.0,1.0,10238,12000.0,sedan,0,0,0,0.0,real_source
582062,65+,male,majority,10-19y,high school,upper class,0.6145719365822296,1.0,before 2015,0.0,1.0,10238,14000.0,sedan,0,0,0,0.0,real_source
684476,26-39,male,minority,10-19y,none,working class,0.4723044867799925,0.0,before 2015,0.0,0.0,10238,14000.0,sedan,1,0,0,0.0,real_source
562582,16-25,female,majority,0-9y,high school,poverty,0.4153855425063041,0.0,before 2015,0.0,0.0,10238,13000.0,sedan,0,0,0,1.0,real_source
434349,26-39,male,majority,10-19y,high school,upper class,0.7184397644508588,1.0,after 2015,0.0,0.0,10238,12000.0,sedan,2,0,1,0.0,real_source
749301,26-39,female,majority,10-19y,high school,middle class,0.5513387192212215,1.0,after 2015,0.0,0.0,10238,13000.0,sedan,0,0,0,0.0,real_source
96383,65+,female,majority,30y+,university,upper class,,1.0,after 2015,0.0,1.0,32765,,sedan,3,0,1,0.0,real_source
57631,26-39,female,majority,10-19y,none,poverty,0.4342217990572816,1.0,before 2015,0.0,0.0,10238,12000.0,sedan,0,0,2,0.0,real_source
454040,16-25,female,majority,0-9y,high school,poverty,0.4566319871550529,0.0,before 2015,0.0,0.0,10238,16000.0,sedan,0,0,0,1.0,real_source
565650,26-39,female,majority,10-19y,university,upper class,0.5769773254537305,1.0,before 2015,0.0,0.0,32765,14000.0,sedan,2,0,1,0.0,real_source
619374,40-64,female,majority,10-19y,high school,upper class,0.6671127983410179,1.0,after 2015,0.0,0.0,10238,10000.0,sedan,0,1,0,0.0,real_source
612763,40-64,male,majority,10-19y,high school,upper class,0.8196276850171244,1.0,after 2015,1.0,1.0,32765,13000.0,sedan,5,0,1,1.0,real_source
418826,26-39,male,majority,10-19y,none,working class,0.3745204644095052,1.0,before 2015,0.0,1.0,10238,14000.0,sedan,1,0,1,1.0,real_source
218247,65+,male,majority,30y+,high school,upper class,0.7340918436647348,1.0,before 2015,1.0,1.0,10238,12000.0,sedan,4,1,3,0.0,real_source
258553,16-25,male,minority,0-9y,none,poverty,0.3760961011420076,1.0,before 2015,0.0,1.0,10238,13000.0,sedan,0,0,0,1.0,real_source
166158,26-39,male,majority,10-19y,university,upper class,0.4508257531023888,1.0,after 2015,0.0,1.0,92101,12000.0,sedan,1,0,0,0.0,real_source
677159,65+,female,majority,30y+,high school,upper class,0.6390790425446663,1.0,before 2015,1.0,1.0,32765,13000.0,sedan,1,1,0,0.0,real_source
269039,26-39,male,majority,0-9y,university,working class,0.388131979866247,0.0,after 2015,0.0,1.0,32765,15000.0,sedan,0,0,0,1.0,real_source
85547,65+,female,majority,20-29y,high school,middle class,0.4614475649214911,1.0,after 2015,1.0,1.0,10238,13000.0,sedan,2,0,2,0.0,real_source
188650,40-64,female,majority,20-29y,high school,middle class,0.5732018403359646,0.0,before 2015,1.0,1.0,32765,,sedan,4,0,1,0.0,real_source
668634,16-25,female,majority,0-9y,none,poverty,0.362858054962891,1.0,before 2015,0.0,1.0,10238,,sedan,0,0,0,1.0,real_source
23923,16-25,female,majority,0-9y,high school,middle class,0.5509754043111912,1.0,before 2015,0.0,0.0,32765,13000.0,sedan,0,0,0,1.0,real_source
661421,16-25,female,majority,0-9y,high school,working class,0.5064146081732177,0.0,before 2015,0.0,1.0,10238,10000.0,sedan,0,0,0,1.0,real_source
793749,26-39,male,majority,10-19y,university,working class,0.4650458561539821,0.0,before 2015,1.0,0.0,32765,,sedan,4,2,1,0.0,real_source
329867,65+,female,majority,30y+,university,upper class,0.6493076730253869,1.0,before 2015,1.0,1.0,92101,8000.0,sedan,2,0,4,0.0,real_source
825349,26-39,female,majority,10-19y,high school,working class,0.3963181478273684,1.0,before 2015,0.0,1.0,32765,14000.0,sedan,2,0,0,0.0,real_source
523141,26-39,male,majority,10-19y,high school,upper class,0.6579598171546398,1.0,after 2015,0.0,1.0,10238,11000.0,sedan,1,0,1,0.0,real_source
545575,16-25,female,majority,0-9y,high school,poverty,0.3187312451367876,1.0,before 2015,1.0,0.0,10238,10000.0,sedan,0,0,0,0.0,real_source
970684,26-39,male,minority,10-19y,high school,upper class,0.4786100661720618,1.0,before 2015,1.0,1.0,10238,13000.0,sedan,2,0,2,0.0,real_source
158967,26-39,female,majority,0-9y,none,poverty,0.3773706451759009,0.0,before 2015,0.0,1.0,10238,,sedan,0,0,0,1.0,real_source
808611,40-64,male,majority,0-9y,university,upper class,0.7113338774099593,1.0,before 2015,0.0,0.0,10238,14000.0,sedan,0,0,0,1.0,real_source
205549,65+,male,majority,10-19y,high school,upper class,0.6202806985864459,1.0,before 2015,1.0,1.0,10238,11000.0,sedan,2,0,1,0.0,real_source
172991,16-25,female,majority,0-9y,none,poverty,0.331407984186196,1.0,before 2015,0.0,0.0,32765,8000.0,sedan,0,0,0,1.0,real_source
584626,16-25,male,majority,0-9y,high school,middle class,0.3197485541699239,1.0,before 2015,1.0,1.0,10238,9000.0,sedan,0,0,0,0.0,real_source
717549,26-39,female,majority,10-19y,university,upper class,0.6529489130496074,1.0,after 2015,1.0,1.0,32765,11000.0,sedan,1,0,2,0.0,real_source
959391,26-39,male,minority,10-19y,none,poverty,0.3651316068151384,0.0,before 2015,0.0,0.0,10238,16000.0,sedan,0,0,1,1.0,real_source
312454,16-25,female,majority,0-9y,none,poverty,,0.0,before 2015,0.0,0.0,10238,,sedan,0,0,0,1.0,real_source
771922,40-64,male,majority,10-19y,university,upper class,,1.0,before 2015,1.0,0.0,10238,12000.0,sedan,0,0,1,1.0,real_source
915758,26-39,male,majority,10-19y,high school,middle class,0.4552095432864814,1.0,after 2015,0.0,1.0,10238,15000.0,sedan,1,0,2,0.0,real_source
726016,26-39,female,minority,0-9y,high school,middle class,0.4379250670042249,1.0,after 2015,1.0,1.0,32765,10000.0,sedan,0,0,0,1.0,real_source
950320,16-25,male,majority,0-9y,none,working class,0.3997537210680139,1.0,before 2015,0.0,0.0,10238,13000.0,sports car,0,0,0,0.0,real_source
73871,26-39,female,majority,10-19y,high school,middle class,0.4280016332556178,1.0,before 2015,1.0,0.0,10238,12000.0,sedan,2,0,0,0.0,real_source
652421,40-64,male,majority,20-29y,high school,poverty,0.1978523331797128,0.0,before 2015,0.0,1.0,10238,15000.0,sedan,0,0,2,0.0,real_source
673931,40-64,male,majority,20-29y,university,upper class,0.5613073851208908,1.0,before 2015,1.0,1.0,10238,11000.0,sedan,2,0,3,0.0,real_source
305055,16-25,female,majority,0-9y,high school,middle class,0.5301156928395896,1.0,before 2015,0.0,0.0,32765,12000.0,sedan,0,0,0,0.0,real_source
575571,16-25,female,majority,0-9y,high school,poverty,0.3231935002770373,0.0,before 2015,0.0,0.0,10238,16000.0,sedan,0,0,0,1.0,real_source
213996,26-39,female,majority,10-19y,university,upper class,0.6528140260579788,1.0,after 2015,1.0,1.0,10238,11000.0,sedan,1,0,1,0.0,real_source
800126,65+,male,majority,20-29y,university,upper class,0.5820319285827447,1.0,before 2015,1.0,1.0,10238,10000.0,sedan,1,0,4,0.0,real_source
919735,40-64,female,majority,20-29y,high school,middle class,0.4416212841608317,1.0,before 2015,1.0,1.0,10238,10000.0,sedan,2,0,1,0.0,real_source
230073,40-64,male,majority,0-9y,none,working class,0.4816090098474042,1.0,before 2015,1.0,1.0,10238,12000.0,sedan,0,0,0,0.0,real_source
505219,26-39,female,majority,10-19y,university,upper class,0.5342378134576791,1.0,after 2015,1.0,1.0,10238,13000.0,sedan,1,0,0,0.0,real_source
262243,65+,female,majority,20-29y,university,upper class,0.7676855180298198,1.0,before 2015,1.0,1.0,10238,11000.0,sedan,2,0,2,0.0,real_source
120748,40-64,female,majority,20-29y,high school,upper class,0.654942816500423,1.0,after 2015,1.0,0.0,10238,12000.0,sedan,0,0,1,0.0,real_source
328633,16-25,male,majority,0-9y,university,middle class,0.41480763135074,0.0,before 2015,0.0,0.0,10238,13000.0,sedan,0,0,0,1.0,real_source
370707,26-39,male,majority,10-19y,high school,upper class,0.6238595839166803,1.0,before 2015,1.0,0.0,32765,9000.0,sedan,5,0,1,0.0,real_source
216071,40-64,male,minority,0-9y,university,middle class,0.4680292913926392,1.0,before 2015,0.0,1.0,10238,12000.0,sedan,0,0,0,0.0,real_source
820590,26-39,female,majority,0-9y,university,middle class,0.5074008408508591,1.0,before 2015,0.0,0.0,10238,18000.0,sedan,0,0,0,1.0,real_source
922572,26-39,male,majority,10-19y,university,working class,0.3164716661126049,1.0,before 2015,0.0,0.0,10238,19000.0,sports car,1,0,0,0.0,real_source
805369,26-39,female,majority,10-19y,university,working class,0.4883662031691745,1.0,before 2015,0.0,1.0,32765,11000.0,sedan,1,0,0,0.0,real_source
372985,16-25,female,majority,0-9y,university,working class,0.4834977826092593,0.0,before 2015,0.0,1.0,10238,9000.0,sedan,0,0,0,1.0,real_source
32633,26-39,male,majority,10-19y,none,middle class,0.4248440726698839,0.0,after 2015,0.0,1.0,10238,13000.0,sedan,2,0,2,0.0,real_source
81772,26-39,female,majority,10-19y,university,poverty,0.4865883085074041,0.0,before 2015,1.0,1.0,10238,14000.0,sedan,1,0,2,0.0,real_source
277057,26-39,female,majority,0-9y,none,poverty,0.4431854239918825,1.0,before 2015,1.0,1.0,32765,8000.0,sedan,0,0,0,0.0,real_source
954449,65+,female,majority,0-9y,university,upper class,0.4917783269031488,1.0,before 2015,1.0,0.0,10238,11000.0,sedan,0,0,0,0.0,real_source
30163,26-39,male,majority,0-9y,none,poverty,0.4863356551428036,0.0,before 2015,0.0,0.0,10238,,sedan,0,0,0,1.0,real_source
822325,26-39,female,minority,10-19y,none,working class,0.5054014188775956,0.0,before 2015,0.0,1.0,10238,11000.0,sports car,1,0,1,0.0,real_source
814001,40-64,female,majority,20-29y,high school,upper class,0.8242392308473437,1.0,before 2015,1.0,1.0,10238,11000.0,sedan,2,1,0,0.0,real_source
9810,16-25,male,minority,0-9y,high school,working class,0.3777147276110605,1.0,before 2015,0.0,0.0,10238,14000.0,sedan,0,0,0,1.0,real_source
115999,40-64,male,majority,10-19y,university,upper class,0.6764409759079514,1.0,after 2015,1.0,0.0,10238,7000.0,sedan,1,0,2,0.0,real_source
701029,16-25,male,majority,0-9y,university,poverty,,1.0,after 2015,1.0,0.0,32765,,sedan,0,0,0,1.0,real_source
703280,40-64,female,majority,20-29y,university,upper class,,1.0,before 2015,1.0,0.0,10238,10000.0,sedan,1,0,1,0.0,real_source
831779,40-64,female,majority,10-19y,high school,upper class,0.4554149588279552,1.0,before 2015,0.0,1.0,10238,15000.0,sedan,0,0,2,0.0,real_source
965317,26-39,male,majority,0-9y,university,upper class,,0.0,after 2015,0.0,1.0,10238,11000.0,sedan,0,0,0,1.0,real_source
347835,40-64,female,majority,20-29y,none,upper class,0.6356549784727117,0.0,after 2015,1.0,0.0,32765,8000.0,sedan,2,0,0,0.0,real_source
102613,26-39,female,majority,10-19y,high school,middle class,0.5449753837822652,1.0,before 2015,1.0,0.0,10238,10000.0,sedan,1,0,0,0.0,real_source
511284,65+,female,majority,0-9y,university,upper class,0.6194783739193893,0.0,before 2015,1.0,1.0,10238,9000.0,sedan,0,0,0,1.0,real_source
53818,40-64,male,majority,10-19y,none,upper class,,1.0,after 2015,1.0,0.0,32765,,sedan,5,0,1,0.0,real_source
191852,40-64,male,majority,20-29y,high school,working class,,0.0,before 2015,1.0,1.0,10238,9000.0,sedan,7,1,5,0.0,real_source
549759,65+,male,majority,0-9y,high school,working class,0.4116977364125221,0.0,before 2015,0.0,0.0,10238,14000.0,sports car,0,0,0,1.0,real_source
535095,65+,male,majority,10-19y,university,upper class,,1.0,after 2015,1.0,1.0,10238,,sedan,3,0,0,0.0,real_source
815920,40-64,male,majority,0-9y,university,upper class,0.5785928814180488,1.0,before 2015,0.0,1.0,32765,,sedan,0,0,0,1.0,real_source
506166,16-25,male,majority,0-9y,high school,upper class,0.6545601347417324,1.0,before 2015,0.0,0.0,10238,13000.0,sedan,0,0,0,1.0,real_source
361771,26-39,male,majority,10-19y,high school,poverty,0.2906128603527876,0.0,before 2015,0.0,1.0,10238,12000.0,sedan,2,0,1,0.0,real_source
569313,65+,female,majority,10-19y,high school,upper class,0.6749652735613098,1.0,after 2015,1.0,1.0,10238,9000.0,sedan,0,0,3,0.0,real_source
877603,40-64,male,majority,20-29y,university,upper class,0.6365452038481185,1.0,after 2015,0.0,1.0,10238,13000.0,sedan,2,0,2,0.0,real_source
346384,40-64,female,majority,20-29y,university,upper class,0.5307622793835239,1.0,before 2015,1.0,1.0,32765,7000.0,sedan,4,2,1,0.0,real_source
192740,40-64,female,majority,10-19y,high school,upper class,0.5668524545458234,1.0,after 2015,1.0,1.0,32765,10000.0,sedan,1,0,0,0.0,real_source
346737,16-25,female,majority,0-9y,university,working class,0.6053700521644583,1.0,before 2015,1.0,0.0,10238,11000.0,sedan,0,0,0,1.0,real_source
957592,16-25,female,majority,0-9y,high school,poverty,0.3447260205156397,0.0,before 2015,0.0,1.0,32765,10000.0,sedan,0,0,0,1.0,real_source
747424,40-64,female,majority,10-19y,university,upper class,0.6114863840559009,1.0,before 2015,0.0,0.0,10238,19000.0,sedan,1,1,1,1.0,real_source
978142,26-39,female,majority,10-19y,high school,poverty,0.292752440609447,0.0,before 2015,1.0,1.0,32765,6000.0,sedan,3,0,0,0.0,real_source
398420,26-39,female,majority,10-19y,university,upper class,0.6310710282783221,1.0,before 2015,0.0,1.0,10238,14000.0,sedan,0,0,2,0.0,real_source
393578,26-39,male,majority,10-19y,high school,middle class,0.4749628788875642,1.0,after 2015,1.0,1.0,92101,13000.0,sedan,1,0,1,0.0,real_source
438810,26-39,female,majority,10-19y,high school,upper class,0.6919818981488954,1.0,before 2015,0.0,1.0,10238,10000.0,sedan,0,0,0,0.0,real_source
928634,40-64,male,majority,10-19y,university,upper class,0.5258122890796684,1.0,before 2015,0.0,1.0,10238,15000.0,sedan,1,0,1,0.0,real_source
688910,40-64,female,majority,20-29y,high school,middle class,,1.0,after 2015,1.0,1.0,10238,,sedan,2,1,1,0.0,real_source
213400,26-39,female,majority,10-19y,university,middle class,0.5625420927020848,0.0,before 2015,1.0,0.0,10238,11000.0,sedan,0,0,0,0.0,real_source
948302,40-64,female,majority,0-9y,university,upper class,0.5753697596133064,1.0,after 2015,1.0,1.0,32765,9000.0,sedan,0,0,0,0.0,real_source
574897,40-64,female,majority,20-29y,high school,upper class,0.6260824844126037,0.0,after 2015,1.0,1.0,32765,4000.0,sedan,3,0,1,0.0,real_source
860511,40-64,female,majority,20-29y,high school,upper class,0.579613604777953,1.0,before 2015,1.0,1.0,32765,8000.0,sedan,4,0,1,0.0,real_source
844035,26-39,female,minority,10-19y,none,poverty,0.4988020070215582,1.0,before 2015,1.0,1.0,10238,12000.0,sedan,0,0,0,0.0,real_source
597762,26-39,male,majority,10-19y,university,middle class,0.4928317497912149,1.0,before 2015,0.0,1.0,10238,10000.0,sedan,0,0,0,0.0,real_source
795820,16-25,male,majority,0-9y,high school,working class,0.3489358689840792,1.0,after 2015,0.0,0.0,32765,9000.0,sedan,0,0,0,0.0,real_source
103535,26-39,female,majority,10-19y,high school,poverty,0.2715958688606358,0.0,before 2015,0.0,0.0,10238,14000.0,sedan,1,0,0,1.0,real_source
592075,26-39,male,majority,0-9y,high school,middle class,0.4475817236304154,0.0,before 2015,1.0,1.0,10238,10000.0,sedan,0,0,0,0.0,real_source
948376,26-39,male,majority,10-19y,university,upper class,0.7175963040548891,0.0,before 2015,1.0,1.0,32765,6000.0,sedan,7,0,1,1.0,real_source
160733,40-64,female,majority,20-29y,high school,working class,0.5646016008340309,0.0,before 2015,0.0,1.0,32765,13000.0,sedan,1,0,1,0.0,real_source
215190,40-64,female,majority,10-19y,high school,middle class,0.6694575152378006,0.0,before 2015,0.0,1.0,10238,13000.0,sedan,2,0,0,1.0,real_source
251765,26-39,female,majority,10-19y,none,working class,0.5669224482583299,1.0,before 2015,1.0,1.0,10238,16000.0,sedan,0,0,1,0.0,real_source
978770,40-64,female,majority,10-19y,university,upper class,0.7203760616486813,1.0,after 2015,1.0,1.0,10238,10000.0,sedan,1,0,0,0.0,real_source
882715,16-25,male,majority,0-9y,none,poverty,,0.0,before 2015,0.0,0.0,10238,17000.0,sedan,0,0,0,1.0,real_source
552826,16-25,male,majority,0-9y,university,poverty,0.4850689156287118,0.0,before 2015,0.0,0.0,32765,,sedan,0,0,0,1.0,real_source
746148,40-64,female,majority,20-29y,university,upper class,0.6822991723890577,0.0,before 2015,1.0,1.0,10238,8000.0,sedan,1,0,0,0.0,real_source
473110,65+,male,majority,30y+,university,upper class,0.4877128748047643,1.0,after 2015,0.0,1.0,32765,10000.0,sedan,9,3,2,0.0,real_source
394605,16-25,female,majority,0-9y,university,working class,0.4023083383913712,1.0,before 2015,0.0,0.0,10238,,sedan,0,0,0,1.0,real_source
167554,26-39,male,majority,10-19y,university,upper class,0.6197971712851519,1.0,before 2015,0.0,0.0,32765,17000.0,sedan,1,0,0,1.0,real_source
796159,26-39,female,majority,10-19y,high school,working class,0.4042087080511602,0.0,before 2015,0.0,1.0,10238,12000.0,sedan,0,0,1,0.0,real_source
111767,65+,male,majority,0-9y,university,upper class,0.643831742884168,1.0,after 2015,1.0,1.0,10238,11000.0,sedan,0,0,0,0.0,real_source
535241,26-39,female,majority,10-19y,university,poverty,0.3008940984336004,1.0,before 2015,0.0,1.0,32765,,sedan,2,1,0,1.0,real_source
256640,40-64,female,majority,10-19y,high school,upper class,0.5140519835356001,1.0,after 2015,0.0,1.0,32765,11000.0,sedan,4,0,0,0.0,real_source
776131,40-64,male,majority,20-29y,high school,upper class,0.6076010361513239,1.0,after 2015,1.0,1.0,10238,14000.0,sedan,4,1,6,0.0,real_source
635647,40-64,male,majority,20-29y,high school,upper class,0.5606472181250814,0.0,before 2015,0.0,1.0,32765,10000.0,sedan,2,0,4,0.0,real_source
133714,26-39,female,majority,10-19y,none,poverty,0.4343425302586593,1.0,before 2015,0.0,0.0,10238,17000.0,sedan,1,0,0,1.0,real_source
644091,26-39,female,majority,0-9y,high school,upper class,0.6930352236326813,1.0,before 2015,1.0,1.0,92101,12000.0,sedan,0,0,0,1.0,real_source
839040,40-64,male,majority,10-19y,university,upper class,0.5219898989080595,1.0,before 2015,1.0,1.0,10238,10000.0,sedan,3,2,1,0.0,real_source
294244,26-39,male,majority,10-19y,none,working class,0.3184456295189433,1.0,before 2015,1.0,1.0,10238,13000.0,sports car,1,0,2,0.0,real_source
348519,65+,male,majority,20-29y,high school,upper class,0.5136368091119007,1.0,before 2015,1.0,1.0,10238,10000.0,sports car,5,1,3,0.0,real_source
880786,26-39,female,minority,10-19y,high school,middle class,0.6599500775694354,0.0,after 2015,0.0,1.0,10238,10000.0,sedan,0,0,1,0.0,real_source
649384,40-64,female,minority,20-29y,university,upper class,0.6249116337335517,1.0,after 2015,1.0,0.0,92101,12000.0,sports car,1,0,0,1.0,real_source
579898,26-39,female,majority,10-19y,high school,upper class,0.5009739750388296,1.0,before 2015,1.0,1.0,32765,6000.0,sedan,2,0,1,0.0,real_source
22073,16-25,female,majority,0-9y,university,working class,0.3459734247812538,1.0,before 2015,0.0,1.0,10238,15000.0,sedan,0,0,0,1.0,real_source
326773,26-39,male,majority,10-19y,university,poverty,0.2966851929272209,0.0,before 2015,0.0,1.0,10238,11000.0,sedan,0,0,3,1.0,real_source
567626,65+,female,majority,0-9y,high school,upper class,0.6391931117655615,1.0,before 2015,1.0,1.0,21217,11000.0,sedan,0,0,0,1.0,real_source
143654,16-25,female,majority,0-9y,high school,poverty,0.3190805295725597,0.0,before 2015,0.0,0.0,10238,16000.0,sedan,0,0,0,1.0,real_source
257171,26-39,female,majority,10-19y,university,working class,0.4463443759766256,1.0,before 2015,0.0,0.0,32765,12000.0,sedan,2,0,0,0.0,real_source
267849,16-25,female,minority,0-9y,none,poverty,0.4895098267007148,1.0,before 2015,0.0,1.0,10238,,sedan,0,0,0,1.0,real_source
641737,40-64,female,majority,10-19y,university,upper class,0.5797829400692501,1.0,after 2015,0.0,1.0,10238,9000.0,sedan,1,0,0,0.0,real_source
182298,40-64,female,majority,20-29y,none,working class,,0.0,before 2015,0.0,0.0,10238,11000.0,sedan,2,0,1,0.0,real_source
222879,65+,male,majority,20-29y,high school,upper class,0.5801247496816917,1.0,after 2015,1.0,1.0,10238,11000.0,sedan,6,2,2,0.0,real_source
453587,16-25,male,majority,0-9y,none,poverty,0.5011041861477193,1.0,before 2015,0.0,1.0,32765,14000.0,sedan,0,0,0,1.0,real_source
201973,65+,female,majority,0-9y,high school,middle class,0.5364084591026463,1.0,before 2015,0.0,1.0,10238,16000.0,sedan,0,0,0,0.0,real_source
170494,26-39,female,majority,10-19y,university,upper class,0.5223975134341897,1.0,before 2015,1.0,1.0,10238,8000.0,sedan,3,0,0,0.0,real_source
574170,40-64,female,majority,10-19y,university,upper class,0.6354807022016492,1.0,before 2015,1.0,1.0,32765,12000.0,sedan,0,0,1,1.0,real_source
49178,40-64,male,majority,10-19y,none,middle class,0.6441631184817507,0.0,before 2015,0.0,1.0,10238,10000.0,sedan,1,0,1,1.0,real_source
89454,26-39,female,majority,0-9y,high school,working class,0.563520096524054,1.0,before 2015,0.0,1.0,10238,12000.0,sedan,0,0,0,0.0,real_source
758530,26-39,male,majority,10-19y,high school,middle class,0.5547457193004666,0.0,before 2015,0.0,0.0,10238,13000.0,sedan,1,0,1,1.0,real_source
132325,40-64,female,majority,10-19y,high school,upper class,0.4244342185765001,1.0,before 2015,0.0,0.0,92101,15000.0,sedan,0,0,0,0.0,real_source
476097,16-25,male,majority,0-9y,high school,poverty,0.4022681274949393,1.0,before 2015,1.0,0.0,10238,11000.0,sports car,0,0,0,0.0,real_source
99414,16-25,female,majority,0-9y,high school,poverty,0.3061140397207567,1.0,before 2015,0.0,0.0,10238,,sedan,0,0,0,1.0,real_source
925552,40-64,male,majority,20-29y,university,middle class,0.4990091237901978,1.0,before 2015,0.0,0.0,10238,13000.0,sedan,4,0,7,0.0,real_source
718411,26-39,female,majority,10-19y,high school,working class,0.4879301463828837,0.0,before 2015,0.0,1.0,10238,9000.0,sedan,0,0,0,1.0,real_source
798128,16-25,male,majority,0-9y,none,poverty,0.3607781398867616,1.0,before 2015,0.0,0.0,32765,9000.0,sedan,0,0,0,1.0,real_source
884094,26-39,female,majority,10-19y,university,upper class,,1.0,after 2015,1.0,1.0,10238,11000.0,sedan,2,0,2,0.0,real_source
726832,26-39,male,majority,10-19y,university,working class,0.3691163885175137,1.0,before 2015,1.0,1.0,10238,12000.0,sedan,3,1,0,1.0,real_source
872398,16-25,female,majority,0-9y,university,middle class,0.430903335483273,1.0,before 2015,0.0,0.0,32765,13000.0,sedan,0,0,0,1.0,real_source
812521,40-64,male,minority,20-29y,none,poverty,0.3253852143795413,0.0,before 2015,0.0,0.0,10238,13000.0,sedan,1,0,3,0.0,real_source
217649,26-39,male,majority,10-19y,high school,middle class,0.6509104555498728,1.0,before 2015,1.0,0.0,10238,17000.0,sedan,1,0,2,0.0,real_source
306470,40-64,male,majority,20-29y,high school,upper class,,1.0,before 2015,1.0,0.0,10238,13000.0,sedan,4,0,1,0.0,real_source
928354,26-39,female,majority,10-19y,university,upper class,0.6079535739684157,1.0,after 2015,0.0,1.0,10238,13000.0,sedan,0,0,1,0.0,real_source
679137,40-64,male,majority,20-29y,university,middle class,0.4053191024388989,1.0,after 2015,0.0,1.0,10238,9000.0,sedan,6,1,7,0.0,real_source
693279,40-64,male,minority,20-29y,none,upper class,0.740385435273135,1.0,before 2015,1.0,1.0,10238,9000.0,sedan,1,0,2,0.0,real_source
716777,65+,female,majority,0-9y,high school,upper class,0.7887010854473916,1.0,before 2015,1.0,1.0,10238,13000.0,sedan,0,0,0,0.0,real_source
939560,26-39,male,minority,0-9y,high school,upper class,0.5691440277985789,1.0,after 2015,1.0,1.0,32765,4000.0,sedan,0,0,0,0.0,real_source
472175,26-39,male,majority,10-19y,none,poverty,,1.0,before 2015,0.0,1.0,10238,13000.0,sedan,1,0,0,0.0,real_source
164894,65+,male,majority,30y+,university,upper class,0.6200551852748452,1.0,after 2015,0.0,1.0,92101,14000.0,sedan,3,2,1,0.0,real_source
376531,26-39,female,majority,10-19y,high school,poverty,0.3533941820525979,1.0,before 2015,0.0,0.0,32765,11000.0,sports car,1,0,0,0.0,real_source
981297,65+,female,minority,30y+,university,upper class,0.7305352533802977,1.0,before 2015,1.0,1.0,10238,14000.0,sedan,3,1,3,0.0,real_source
376964,65+,male,majority,30y+,university,upper class,0.4894223760260149,1.0,after 2015,0.0,0.0,32765,,sedan,3,1,3,0.0,real_source
390132,16-25,female,majority,0-9y,high school,poverty,0.3202923909860866,0.0,before 2015,0.0,0.0,10238,15000.0,sedan,0,0,0,0.0,real_source
233436,26-39,female,majority,10-19y,university,upper class,0.3837012341538176,1.0,before 2015,0.0,0.0,10238,13000.0,sedan,0,0,0,0.0,real_source
611581,16-25,female,majority,0-9y,none,poverty,0.4695911006478194,0.0,before 2015,0.0,0.0,32765,9000.0,sedan,0,0,0,1.0,real_source
824121,26-39,male,majority,10-19y,university,middle class,,0.0,before 2015,0.0,1.0,10238,12000.0,sedan,3,1,4,0.0,real_source
599285,40-64,female,majority,0-9y,none,middle class,0.3991984191620157,0.0,before 2015,1.0,0.0,10238,13000.0,sedan,0,0,0,1.0,real_source
845052,26-39,male,majority,0-9y,none,working class,0.3845632614307868,0.0,before 2015,0.0,1.0,10238,13000.0,sedan,0,0,0,1.0,real_source
761533,40-64,male,majority,0-9y,none,working class,0.4714899368262763,0.0,before 2015,1.0,1.0,10238,,sedan,0,0,0,0.0,real_source
820342,40-64,female,minority,20-29y,university,upper class,0.5886053024756462,1.0,after 2015,1.0,0.0,10238,11000.0,sedan,2,0,3,0.0,real_source
639413,26-39,male,majority,0-9y,none,poverty,0.4073259361954053,1.0,before 2015,0.0,0.0,10238,17000.0,sedan,0,0,0,1.0,real_source
206287,65+,female,majority,30y+,university,upper class,0.5788384763002652,1.0,after 2015,1.0,1.0,32765,6000.0,sedan,7,2,0,0.0,real_source
569721,40-64,female,majority,10-19y,high school,middle class,,1.0,before 2015,1.0,1.0,10238,14000.0,sedan,0,0,1,0.0,real_source
863443,65+,male,majority,0-9y,university,upper class,0.654800779540333,1.0,after 2015,0.0,1.0,10238,10000.0,sedan,0,0,0,1.0,real_source
21970,26-39,female,majority,10-19y,none,poverty,0.3198665683858178,0.0,before 2015,0.0,1.0,10238,9000.0,sports car,0,0,2,0.0,real_source
416541,16-25,female,minority,0-9y,high school,poverty,,0.0,before 2015,0.0,1.0,32765,11000.0,sedan,0,0,0,0.0,real_source
848667,16-25,female,majority,0-9y,university,upper class,0.6035708014041429,1.0,before 2015,1.0,0.0,10238,17000.0,sedan,0,0,0,0.0,real_source
627216,26-39,male,majority,10-19y,university,middle class,,1.0,after 2015,0.0,1.0,32765,15000.0,sedan,3,0,1,0.0,real_source
299972,16-25,female,majority,0-9y,high school,poverty,0.2887988483038722,0.0,before 2015,0.0,0.0,10238,16000.0,sedan,0,0,0,1.0,real_source
167901,65+,male,minority,20-29y,high school,upper class,0.538136083476877,1.0,before 2015,1.0,1.0,32765,7000.0,sedan,6,3,2,0.0,real_source
836212,40-64,male,majority,20-29y,high school,working class,0.4660439400287874,1.0,before 2015,1.0,1.0,10238,13000.0,sedan,3,1,2,0.0,real_source
790055,26-39,female,majority,10-19y,none,working class,0.4462680345127816,1.0,before 2015,1.0,0.0,10238,13000.0,sedan,1,0,0,0.0,real_source
29709,16-25,male,majority,0-9y,university,middle class,0.3944761217596779,1.0,before 2015,0.0,0.0,21217,20000.0,sedan,0,0,0,1.0,real_source
147148,26-39,female,majority,0-9y,high school,working class,0.5992673582536957,0.0,after 2015,0.0,1.0,10238,16000.0,sedan,0,0,0,1.0,real_source
149960,16-25,male,majority,0-9y,university,poverty,0.2808705143671906,0.0,before 2015,0.0,1.0,10238,13000.0,sedan,0,0,0,1.0,real_source
228032,26-39,male,majority,10-19y,high school,upper class,,1.0,before 2015,0.0,0.0,10238,15000.0,sedan,0,0,5,0.0,real_source
247376,26-39,female,majority,10-19y,high school,working class,0.6878963980853564,1.0,before 2015,1.0,1.0,10238,,sedan,1,0,0,0.0,real_source
703666,65+,male,majority,10-19y,high school,upper class,0.5420113858437505,1.0,before 2015,1.0,1.0,10238,14000.0,sedan,1,2,1,0.0,real_source
546789,26-39,female,majority,10-19y,high school,upper class,0.6010532063328821,1.0,after 2015,1.0,1.0,92101,11000.0,sedan,2,0,1,0.0,real_source
298448,26-39,male,majority,0-9y,university,upper class,0.4284759689219815,1.0,after 2015,1.0,1.0,32765,8000.0,sedan,0,0,0,0.0,real_source
656002,16-25,male,minority,0-9y,university,poverty,0.1676097239171405,1.0,before 2015,0.0,0.0,10238,,sedan,0,0,0,1.0,real_source
282809,26-39,female,majority,10-19y,high school,working class,0.3865534959712492,1.0,before 2015,0.0,0.0,10238,11000.0,sedan,0,0,0,0.0,real_source
778081,65+,female,majority,30y+,high school,upper class,0.6911491389241807,1.0,before 2015,1.0,1.0,10238,,sedan,2,1,3,0.0,real_source
865541,65+,male,majority,30y+,university,upper class,0.6861226327517858,1.0,after 2015,1.0,1.0,10238,10000.0,sedan,6,1,7,0.0,real_source
136686,26-39,female,majority,10-19y,high school,working class,0.4238042048160254,1.0,before 2015,1.0,1.0,10238,8000.0,sedan,1,0,2,0.0,real_source
46088,26-39,male,majority,10-19y,high school,poverty,0.3625696492158224,0.0,before 2015,0.0,1.0,10238,,sedan,1,0,0,0.0,real_source
802004,26-39,male,majority,10-19y,high school,middle class,0.6405433467964188,1.0,before 2015,1.0,1.0,10238,11000.0,sedan,1,0,1,0.0,real_source
910677,65+,female,minority,0-9y,high school,upper class,0.5060807514039187,1.0,after 2015,1.0,1.0,32765,7000.0,sedan,0,0,0,0.0,real_source
547750,16-25,male,majority,0-9y,university,working class,0.4357316063417537,1.0,before 2015,0.0,0.0,10238,12000.0,sedan,0,0,0,1.0,real_source
601768,26-39,female,majority,10-19y,university,middle class,0.5194150614348835,1.0,after 2015,0.0,1.0,10238,,sedan,0,0,1,0.0,real_source
569452,26-39,male,majority,10-19y,high school,working class,0.5312933981918833,1.0,before 2015,1.0,1.0,32765,8000.0,sedan,6,0,3,0.0,real_source
862136,26-39,male,majority,10-19y,university,working class,0.2260193423943462,0.0,before 2015,1.0,0.0,92101,9000.0,sedan,1,0,2,1.0,real_source
652211,40-64,male,majority,20-29y,university,upper class,0.6833198858703784,1.0,after 2015,1.0,0.0,10238,12000.0,sedan,2,1,2,0.0,real_source
876412,26-39,female,majority,10-19y,high school,poverty,0.2837268352335609,0.0,before 2015,0.0,1.0,10238,13000.0,sedan,2,0,1,0.0,real_source
757549,26-39,female,majority,0-9y,university,working class,0.4279735401567581,0.0,before 2015,0.0,1.0,32765,10000.0,sedan,0,0,0,1.0,real_source
232104,26-39,male,majority,10-19y,none,poverty,0.3988065653853319,0.0,before 2015,1.0,0.0,32765,8000.0,sedan,4,0,0,1.0,real_source
614223,65+,male,majority,30y+,university,upper class,0.5139334207398141,1.0,before 2015,1.0,1.0,10238,,sedan,2,0,3,0.0,real_source
11018,65+,female,majority,0-9y,university,upper class,0.4970074849755552,1.0,before 2015,1.0,1.0,10238,9000.0,sedan,0,0,0,0.0,real_source
886219,40-64,female,majority,20-29y,high school,upper class,0.7605640673271528,1.0,after 2015,1.0,0.0,10238,,sedan,0,0,1,0.0,real_source
402717,40-64,female,majority,20-29y,high school,middle class,0.5668679085048838,1.0,before 2015,1.0,1.0,10238,14000.0,sports car,1,1,1,0.0,real_source
527311,40-64,female,majority,20-29y,university,upper class,0.6781610551812627,1.0,after 2015,1.0,1.0,32765,6000.0,sedan,6,0,1,0.0,real_source
700215,16-25,male,majority,0-9y,high school,working class,0.3921555900589169,1.0,before 2015,0.0,0.0,10238,15000.0,sedan,0,0,0,0.0,real_source
344689,65+,male,minority,10-19y,university,upper class,0.7840683503746512,1.0,before 2015,1.0,1.0,10238,8000.0,sedan,2,0,2,0.0,real_source
909432,40-64,female,majority,20-29y,high school,upper class,0.6473229117194416,1.0,before 2015,1.0,1.0,10238,11000.0,sedan,5,0,5,0.0,real_source
789378,40-64,male,majority,20-29y,high school,middle class,0.6460072898355432,1.0,before 2015,0.0,0.0,10238,16000.0,sedan,0,0,3,0.0,real_source
691440,40-64,female,majority,20-29y,high school,middle class,0.6033954675394301,1.0,after 2015,1.0,1.0,10238,9000.0,sedan,1,0,0,0.0,real_source
255458,16-25,female,majority,0-9y,high school,middle class,0.6062851093087311,1.0,after 2015,1.0,1.0,10238,9000.0,sedan,0,0,0,0.0,real_source
380785,65+,male,majority,20-29y,high school,upper class,0.6575798082929756,1.0,before 2015,1.0,1.0,10238,11000.0,sedan,2,2,3,0.0,real_source
864,16-25,female,majority,0-9y,university,middle class,0.5542039032649119,0.0,after 2015,0.0,0.0,32765,11000.0,sedan,0,0,0,1.0,real_source
276148,40-64,female,majority,20-29y,university,middle class,0.5826768633485728,1.0,before 2015,0.0,1.0,10238,10000.0,sedan,2,1,0,0.0,real_source
500669,26-39,female,majority,10-19y,high school,poverty,0.4272432176271041,0.0,before 2015,0.0,1.0,32765,12000.0,sedan,3,0,0,1.0,real_source
779949,26-39,male,majority,10-19y,high school,middle class,0.615030453397865,1.0,before 2015,0.0,1.0,10238,9000.0,sedan,2,1,3,0.0,real_source
360231,40-64,male,majority,0-9y,high school,middle class,0.4324807159905321,1.0,before 2015,0.0,1.0,10238,,sedan,0,0,0,1.0,real_source
393748,16-25,female,majority,0-9y,university,poverty,0.2818370783216598,0.0,before 2015,0.0,0.0,10238,,sports car,0,0,0,1.0,real_source
709025,65+,female,majority,30y+,high school,middle class,0.4631299020210217,1.0,before 2015,1.0,1.0,10238,12000.0,sports car,1,1,1,0.0,real_source
665382,65+,female,minority,30y+,high school,upper class,0.72684786771411,1.0,before 2015,1.0,1.0,10238,10000.0,sedan,3,1,3,0.0,real_source
812400,16-25,female,minority,0-9y,high school,working class,0.5952200613739393,1.0,before 2015,0.0,0.0,32765,14000.0,sports car,0,0,0,1.0,real_source
254721,65+,male,majority,30y+,high school,upper class,0.6325632210270822,1.0,before 2015,1.0,0.0,32765,14000.0,sedan,12,0,1,0.0,real_source
892200,26-39,male,majority,10-19y,university,upper class,0.487077886333249,1.0,before 2015,1.0,1.0,10238,11000.0,sedan,1,0,2,1.0,real_source
634845,65+,male,minority,10-19y,none,working class,,0.0,before 2015,1.0,1.0,10238,12000.0,sedan,2,0,3,0.0,real_source
474543,26-39,female,majority,10-19y,high school,working class,0.3290069975625745,1.0,before 2015,1.0,0.0,10238,13000.0,sedan,4,0,1,0.0,real_source
489335,65+,female,majority,30y+,university,upper class,0.5636668854459116,1.0,after 2015,0.0,1.0,10238,14000.0,sedan,3,0,0,0.0,real_source
515068,26-39,male,majority,10-19y,university,middle class,0.5601355746697445,0.0,before 2015,1.0,1.0,10238,9000.0,sedan,0,0,3,0.0,real_source
166,16-25,male,majority,0-9y,university,upper class,0.5316142276694357,1.0,after 2015,0.0,0.0,10238,15000.0,sedan,0,0,0,0.0,real_source
518489,40-64,female,majority,20-29y,high school,upper class,0.5065479620081467,1.0,after 2015,1.0,1.0,10238,14000.0,sedan,0,0,3,0.0,real_source
709508,26-39,female,majority,10-19y,none,middle class,0.5667507946435171,0.0,before 2015,0.0,1.0,10238,13000.0,sedan,1,0,1,0.0,real_source
999554,65+,female,majority,10-19y,high school,upper class,0.7656532226479698,1.0,after 2015,1.0,1.0,10238,14000.0,sedan,0,0,0,0.0,real_source
797383,26-39,male,majority,10-19y,high school,working class,0.520361933319309,0.0,before 2015,1.0,1.0,32765,11000.0,sedan,8,1,0,1.0,real_source
658487,26-39,male,majority,10-19y,high school,upper class,0.6143091187985138,1.0,before 2015,0.0,1.0,10238,16000.0,sedan,0,1,1,0.0,real_source
421465,65+,male,majority,30y+,university,upper class,0.4929097912257744,1.0,after 2015,0.0,1.0,10238,14000.0,sedan,0,0,3,0.0,real_source
3308,40-64,male,minority,10-19y,university,upper class,0.5905539391443677,1.0,after 2015,0.0,1.0,32765,7000.0,sedan,4,0,1,1.0,real_source
374706,40-64,male,majority,0-9y,high school,upper class,0.6036277666982275,1.0,after 2015,1.0,1.0,10238,8000.0,sedan,0,0,0,0.0,real_source
671872,26-39,female,majority,10-19y,high school,working class,0.3715865728965999,0.0,before 2015,1.0,1.0,32765,11000.0,sedan,1,2,0,1.0,real_source
455207,16-25,female,majority,0-9y,high school,middle class,0.4881438891213016,1.0,before 2015,1.0,0.0,10238,10000.0,sedan,0,0,0,0.0,real_source
790787,40-64,female,majority,10-19y,high school,working class,0.5575721093560834,1.0,before 2015,0.0,1.0,10238,11000.0,sedan,1,0,0,0.0,real_source
860951,26-39,male,majority,10-19y,high school,working class,0.4258439631405441,1.0,before 2015,0.0,0.0,10238,14000.0,sedan,0,1,2,0.0,real_source
304729,40-64,female,majority,20-29y,high school,upper class,0.7795065148716414,1.0,before 2015,0.0,1.0,10238,12000.0,sedan,1,0,1,0.0,real_source
41747,65+,female,majority,20-29y,university,upper class,,1.0,after 2015,1.0,1.0,32765,13000.0,sedan,4,0,1,0.0,real_source
783247,26-39,female,majority,10-19y,university,upper class,0.4846411600523535,1.0,before 2015,1.0,1.0,10238,8000.0,sports car,1,0,1,0.0,real_source
624964,65+,male,majority,10-19y,university,upper class,0.7896970696998267,1.0,after 2015,1.0,1.0,32765,6000.0,sedan,4,0,1,0.0,real_source
562660,16-25,female,majority,0-9y,high school,poverty,0.2424003611667906,1.0,before 2015,1.0,0.0,10238,11000.0,sedan,0,0,0,1.0,real_source
458376,26-39,male,majority,0-9y,none,working class,0.1597997577289595,1.0,before 2015,1.0,1.0,10238,11000.0,sedan,0,0,0,1.0,real_source
521217,16-25,male,majority,0-9y,university,middle class,0.3891654356598959,1.0,before 2015,0.0,0.0,10238,13000.0,sedan,0,0,0,0.0,real_source
461574,40-64,female,majority,20-29y,high school,upper class,0.6347520505605626,1.0,after 2015,0.0,1.0,10238,13000.0,sedan,0,1,1,0.0,real_source
255136,65+,female,majority,20-29y,university,upper class,0.7337520945037399,1.0,after 2015,0.0,1.0,10238,16000.0,sedan,0,0,1,0.0,real_source
359219,65+,male,majority,0-9y,high school,upper class,0.5702930111850311,1.0,after 2015,1.0,0.0,10238,15000.0,sedan,0,0,0,0.0,real_source
908912,40-64,male,majority,10-19y,university,upper class,0.4731626917961498,0.0,after 2015,1.0,1.0,10238,11000.0,sedan,2,0,1,1.0,real_source
508233,26-39,female,majority,0-9y,high school,upper class,0.5166292248757678,1.0,after 2015,0.0,1.0,10238,14000.0,sedan,0,0,0,0.0,real_source
382343,65+,female,majority,10-19y,high school,upper class,0.6971250545224917,1.0,after 2015,1.0,1.0,10238,13000.0,sedan,0,0,1,0.0,real_source
676727,26-39,female,majority,0-9y,high school,middle class,0.6510711524615646,0.0,before 2015,1.0,1.0,32765,10000.0,sedan,0,0,0,1.0,real_source
779931,40-64,male,minority,20-29y,university,middle class,0.5528164567089305,0.0,before 2015,0.0,1.0,10238,17000.0,sedan,3,0,2,0.0,real_source
277264,65+,male,majority,10-19y,university,upper class,,1.0,before 2015,1.0,1.0,32765,9000.0,sedan,10,0,2,1.0,real_source
210810,26-39,female,majority,10-19y,none,working class,0.5123501239909536,1.0,before 2015,0.0,1.0,10238,16000.0,sedan,1,0,0,0.0,real_source
989711,40-64,male,majority,20-29y,university,upper class,0.496045020174952,0.0,after 2015,1.0,1.0,32765,7000.0,sedan,5,0,2,0.0,real_source
880322,26-39,male,majority,10-19y,none,poverty,0.3942314948079178,0.0,before 2015,0.0,0.0,32765,,sports car,2,1,1,1.0,real_source
247210,16-25,male,majority,0-9y,high school,poverty,0.3489212338027023,0.0,before 2015,0.0,1.0,32765,,sedan,0,0,0,1.0,real_source
851865,40-64,male,majority,20-29y,university,upper class,,1.0,after 2015,1.0,1.0,32765,8000.0,sedan,4,0,0,0.0,real_source
935631,65+,male,majority,10-19y,high school,upper class,0.5825670543060854,1.0,before 2015,1.0,1.0,32765,9000.0,sedan,6,0,1,1.0,real_source
255476,26-39,male,majority,10-19y,university,upper class,0.6707447711024594,1.0,before 2015,0.0,1.0,10238,12000.0,sedan,3,0,2,0.0,real_source
341827,16-25,female,majority,0-9y,none,poverty,0.4011841772135012,1.0,before 2015,0.0,1.0,32765,11000.0,sedan,0,0,0,0.0,real_source
802200,26-39,female,minority,10-19y,high school,working class,0.4284905011321014,0.0,before 2015,0.0,0.0,32765,12000.0,sedan,1,0,0,0.0,real_source
448234,40-64,female,majority,20-29y,none,middle class,0.3806910508101889,1.0,before 2015,1.0,0.0,21217,14000.0,sedan,2,0,1,1.0,real_source
91184,65+,female,majority,30y+,high school,upper class,0.7576248110302851,1.0,after 2015,1.0,1.0,10238,12000.0,sedan,0,1,1,0.0,real_source
702126,26-39,female,majority,10-19y,university,upper class,0.6945963049143813,1.0,before 2015,0.0,1.0,10238,13000.0,sedan,0,1,0,0.0,real_source
699767,26-39,male,majority,10-19y,university,upper class,0.6344130362476522,0.0,before 2015,0.0,0.0,32765,10000.0,sedan,2,0,0,1.0,real_source
379065,40-64,female,majority,20-29y,university,upper class,0.560313721776477,1.0,before 2015,1.0,1.0,10238,8000.0,sedan,2,0,2,0.0,real_source
839283,65+,male,majority,20-29y,university,upper class,0.6032711170547711,1.0,after 2015,0.0,1.0,32765,11000.0,sedan,8,3,0,0.0,real_source
273073,65+,male,majority,30y+,university,upper class,0.5101936649397247,0.0,after 2015,1.0,0.0,10238,10000.0,sedan,9,0,6,0.0,real_source
196094,26-39,male,majority,10-19y,high school,working class,0.5265349114410769,1.0,before 2015,0.0,0.0,10238,14000.0,sedan,0,0,2,0.0,real_source
759265,16-25,female,majority,0-9y,none,poverty,0.4455332144904101,1.0,before 2015,0.0,0.0,32765,9000.0,sedan,0,0,0,0.0,real_source
131932,40-64,female,majority,20-29y,university,upper class,0.6998495859148368,1.0,before 2015,0.0,0.0,32765,12000.0,sedan,7,1,0,0.0,real_source
310737,16-25,female,majority,0-9y,high school,poverty,0.2859511282028409,0.0,before 2015,0.0,1.0,10238,,sedan,0,0,0,1.0,real_source
913584,65+,female,majority,30y+,university,upper class,,1.0,after 2015,1.0,1.0,32765,9000.0,sedan,9,2,0,0.0,real_source
624831,40-64,male,minority,20-29y,high school,upper class,0.5824975869671862,1.0,after 2015,1.0,0.0,92101,10000.0,sedan,3,0,2,0.0,real_source
211993,65+,male,majority,10-19y,university,upper class,0.5528902169259813,1.0,before 2015,1.0,1.0,10238,9000.0,sedan,2,1,5,0.0,real_source
973329,16-25,female,majority,0-9y,none,poverty,0.3763256814265252,1.0,before 2015,0.0,0.0,10238,16000.0,sedan,0,0,0,0.0,real_source
119735,26-39,female,majority,0-9y,high school,upper class,0.6428990696502471,1.0,before 2015,0.0,0.0,10238,10000.0,sedan,0,0,0,1.0,real_source
880077,26-39,female,majority,10-19y,university,middle class,0.5581555362878732,0.0,after 2015,0.0,1.0,10238,10000.0,sedan,0,0,1,0.0,real_source
842700,26-39,male,majority,0-9y,high school,middle class,0.3884420515433392,1.0,before 2015,0.0,1.0,21217,12000.0,sedan,0,0,0,1.0,real_source
577300,40-64,female,majority,0-9y,university,upper class,0.6876975534249411,1.0,after 2015,1.0,1.0,10238,9000.0,sedan,0,0,0,0.0,real_source
937825,40-64,female,majority,0-9y,university,upper class,0.6694023811378864,1.0,before 2015,1.0,1.0,10238,10000.0,sedan,0,0,0,1.0,real_source
888074,40-64,female,majority,20-29y,high school,upper class,0.621404881258166,1.0,after 2015,0.0,1.0,32765,8000.0,sedan,4,1,3,0.0,real_source
500464,65+,female,majority,30y+,university,upper class,0.5533812550894135,1.0,after 2015,1.0,1.0,10238,,sedan,2,2,3,0.0,real_source
89787,16-25,female,majority,0-9y,none,poverty,0.3543835237013797,1.0,before 2015,1.0,0.0,32765,13000.0,sedan,0,0,0,1.0,real_source
122014,40-64,female,majority,20-29y,university,middle class,0.3459138353587543,0.0,before 2015,0.0,0.0,10238,14000.0,sedan,1,0,1,0.0,real_source
963384,16-25,male,majority,0-9y,high school,poverty,0.0608666163116088,1.0,before 2015,0.0,0.0,10238,12000.0,sedan,0,0,0,1.0,real_source
666153,26-39,female,majority,10-19y,none,working class,0.5383930458191597,1.0,before 2015,1.0,1.0,92101,12000.0,sedan,0,0,0,0.0,real_source
703726,16-25,male,minority,0-9y,none,poverty,0.21872019835535,1.0,after 2015,0.0,0.0,32765,15000.0,sedan,0,0,0,1.0,real_source
708569,40-64,male,majority,20-29y,university,upper class,0.478804710369568,0.0,before 2015,1.0,1.0,10238,9000.0,sedan,0,0,4,0.0,real_source
148210,40-64,female,majority,0-9y,university,middle class,0.8370332348694886,0.0,after 2015,1.0,1.0,10238,11000.0,sedan,0,0,0,0.0,real_source
398376,26-39,male,majority,0-9y,none,middle class,0.417634288834272,1.0,before 2015,1.0,1.0,10238,10000.0,sedan,0,0,0,0.0,real_source
859028,65+,male,majority,30y+,high school,upper class,0.5930830824927896,1.0,before 2015,1.0,1.0,10238,8000.0,sedan,5,1,8,0.0,real_source
365164,65+,male,majority,10-19y,university,upper class,0.6467573927310968,1.0,after 2015,1.0,1.0,10238,11000.0,sedan,0,1,1,0.0,real_source
512493,40-64,female,majority,20-29y,high school,middle class,0.5535601281630852,1.0,before 2015,0.0,1.0,10238,12000.0,sedan,0,0,1,0.0,real_source
710376,26-39,male,majority,10-19y,university,upper class,,0.0,before 2015,0.0,0.0,10238,15000.0,sedan,0,1,1,1.0,real_source
216246,65+,male,majority,30y+,high school,upper class,0.6346912841631321,1.0,before 2015,0.0,1.0,32765,11000.0,sedan,7,2,4,0.0,real_source
950153,26-39,male,majority,10-19y,university,middle class,0.5488353569488432,1.0,before 2015,0.0,0.0,10238,18000.0,sedan,1,0,1,0.0,real_source
163769,40-64,female,majority,10-19y,high school,working class,0.4242643876306988,1.0,before 2015,0.0,1.0,32765,9000.0,sedan,1,0,0,1.0,real_source
360342,16-25,female,majority,0-9y,high school,poverty,0.2469181726215315,0.0,before 2015,0.0,0.0,10238,12000.0,sedan,0,0,0,1.0,real_source
112647,40-64,female,majority,0-9y,high school,middle class,,1.0,after 2015,0.0,1.0,10238,15000.0,sedan,0,0,0,0.0,real_source
352678,16-25,male,majority,0-9y,university,middle class,0.4782850721464217,1.0,before 2015,1.0,0.0,10238,15000.0,sedan,0,0,0,0.0,real_source
119550,40-64,female,majority,20-29y,high school,middle class,0.3802025577639479,1.0,before 2015,1.0,1.0,10238,11000.0,sedan,3,0,2,0.0,real_source
44307,16-25,male,majority,0-9y,university,middle class,0.6057513265918287,1.0,after 2015,1.0,1.0,10238,8000.0,sedan,0,0,0,0.0,real_source
485859,65+,male,minority,20-29y,high school,upper class,0.7123218578450321,1.0,before 2015,0.0,1.0,10238,13000.0,sedan,3,0,4,0.0,real_source
34995,40-64,female,majority,20-29y,high school,upper class,0.6727438741294436,1.0,before 2015,1.0,0.0,10238,15000.0,sedan,1,0,0,0.0,real_source
626989,16-25,male,majority,0-9y,high school,working class,0.3791073032178336,0.0,after 2015,0.0,0.0,92101,12000.0,sedan,0,0,0,1.0,real_source
382582,26-39,male,majority,10-19y,high school,upper class,0.7806924095404089,1.0,before 2015,0.0,0.0,10238,14000.0,sedan,0,0,1,1.0,real_source
31928,40-64,male,majority,20-29y,high school,upper class,0.7612274339265259,1.0,after 2015,0.0,1.0,32765,12000.0,sedan,10,0,2,0.0,real_source
15689,40-64,female,minority,20-29y,high school,upper class,0.6731139341682015,1.0,after 2015,1.0,1.0,10238,7000.0,sedan,1,0,0,0.0,real_source
245710,16-25,female,majority,0-9y,high school,poverty,0.6503507350622071,0.0,before 2015,0.0,0.0,10238,13000.0,sedan,0,0,0,1.0,real_source
24167,40-64,female,majority,20-29y,high school,upper class,0.7099480194463043,1.0,before 2015,1.0,1.0,10238,10000.0,sedan,0,0,1,0.0,real_source
9204,26-39,female,majority,10-19y,university,upper class,0.7454201673636555,1.0,before 2015,1.0,1.0,10238,13000.0,sedan,0,0,0,0.0,real_source
272076,40-64,female,minority,20-29y,university,upper class,0.6644962988533755,1.0,before 2015,1.0,1.0,10238,11000.0,sedan,1,0,1,0.0,real_source
582900,65+,female,majority,30y+,high school,middle class,0.4633068402079281,1.0,after 2015,1.0,1.0,32765,7000.0,sedan,2,1,1,0.0,real_source
889207,40-64,female,majority,10-19y,high school,upper class,0.6125447655033714,1.0,after 2015,1.0,0.0,32765,9000.0,sedan,3,0,0,0.0,real_source
489132,40-64,male,majority,10-19y,high school,upper class,0.5290549281347546,1.0,after 2015,0.0,1.0,10238,8000.0,sedan,2,1,3,0.0,real_source
996641,40-64,female,majority,10-19y,university,upper class,0.4880032225572524,1.0,before 2015,0.0,1.0,10238,10000.0,sedan,2,0,1,0.0,real_source
682200,16-25,male,majority,0-9y,university,working class,0.4522130268699688,0.0,before 2015,0.0,0.0,10238,18000.0,sedan,0,0,0,1.0,real_source
680896,26-39,male,majority,10-19y,university,middle class,0.4252055414180356,1.0,after 2015,1.0,0.0,32765,7000.0,sedan,4,0,0,0.0,real_source
405973,16-25,male,majority,0-9y,university,middle class,0.6128769381454237,1.0,after 2015,0.0,1.0,32765,,sedan,0,0,0,1.0,real_source
248899,26-39,female,minority,10-19y,university,middle class,0.5975154414339057,1.0,before 2015,0.0,1.0,10238,14000.0,sedan,0,1,0,0.0,real_source
870637,65+,female,minority,0-9y,high school,upper class,0.6868348054365346,1.0,after 2015,1.0,1.0,10238,15000.0,sedan,0,0,0,0.0,real_source
352297,40-64,female,majority,20-29y,high school,middle class,,1.0,before 2015,0.0,1.0,32765,11000.0,sedan,6,0,2,0.0,real_source
142751,26-39,male,majority,10-19y,none,poverty,,0.0,before 2015,0.0,0.0,10238,14000.0,sedan,1,0,0,0.0,real_source
601420,40-64,male,majority,20-29y,high school,upper class,0.4683824152098721,1.0,before 2015,1.0,1.0,10238,11000.0,sedan,1,0,7,0.0,real_source
785581,40-64,male,majority,20-29y,high school,upper class,0.6927493545480369,1.0,before 2015,1.0,1.0,92101,,sedan,0,0,3,0.0,real_source
541387,65+,male,majority,0-9y,high school,upper class,0.5527414519128124,1.0,after 2015,0.0,1.0,32765,11000.0,sedan,0,0,0,0.0,real_source
832997,16-25,female,majority,0-9y,none,poverty,0.4455964170637228,0.0,before 2015,0.0,0.0,10238,16000.0,sedan,0,0,0,1.0,real_source
12632,65+,male,majority,10-19y,university,upper class,0.6221249967775025,1.0,before 2015,1.0,1.0,92101,7000.0,sedan,4,0,0,0.0,real_source
666832,26-39,male,majority,10-19y,high school,middle class,0.486139420446418,0.0,before 2015,1.0,1.0,10238,7000.0,sedan,1,0,3,1.0,real_source
512536,40-64,male,minority,0-9y,university,upper class,0.6316504723118117,1.0,before 2015,1.0,1.0,32765,10000.0,sedan,0,0,0,1.0,real_source
816205,16-25,male,majority,0-9y,none,poverty,0.3119316929779445,1.0,before 2015,0.0,1.0,10238,10000.0,sedan,0,0,0,1.0,real_source
756198,40-64,male,majority,20-29y,university,upper class,0.7083899009884265,1.0,after 2015,1.0,1.0,32765,7000.0,sedan,10,1,1,0.0,real_source
647692,65+,male,majority,30y+,none,middle class,0.4093871699095789,1.0,before 2015,1.0,1.0,10238,14000.0,sedan,6,0,3,0.0,real_source
440681,40-64,female,majority,20-29y,none,middle class,,0.0,after 2015,1.0,1.0,10238,11000.0,sports car,2,1,1,0.0,real_source
11860,40-64,female,majority,20-29y,high school,middle class,0.4873775188543629,0.0,before 2015,1.0,1.0,92101,9000.0,sedan,3,0,2,0.0,real_source
480618,40-64,female,majority,20-29y,high school,middle class,0.5566161573304335,1.0,before 2015,1.0,1.0,10238,12000.0,sedan,1,0,4,0.0,real_source
293902,26-39,male,majority,10-19y,high school,poverty,,0.0,before 2015,0.0,0.0,10238,14000.0,sedan,0,0,2,1.0,real_source
547112,65+,female,majority,30y+,university,upper class,0.7186881369000703,1.0,before 2015,1.0,1.0,32765,,sedan,6,0,3,0.0,real_source
89663,16-25,male,majority,0-9y,high school,working class,0.47813982139298,1.0,before 2015,0.0,0.0,10238,14000.0,sedan,0,0,0,1.0,real_source
416761,26-39,male,majority,10-19y,university,upper class,0.5604666642181956,1.0,after 2015,1.0,0.0,10238,12000.0,sedan,0,1,4,0.0,real_source
120097,16-25,female,majority,0-9y,high school,middle class,0.6272576469286919,0.0,before 2015,1.0,0.0,32765,11000.0,sedan,0,0,0,1.0,real_source
228938,26-39,male,majority,0-9y,university,upper class,0.6104363791572813,1.0,before 2015,1.0,0.0,10238,12000.0,sedan,0,0,0,1.0,real_source
62946,26-39,male,majority,10-19y,high school,middle class,0.4059780291605985,1.0,before 2015,0.0,1.0,10238,13000.0,sedan,1,0,5,0.0,real_source
393344,40-64,male,majority,0-9y,none,poverty,0.4449921214724386,0.0,before 2015,0.0,0.0,10238,14000.0,sedan,0,0,0,1.0,real_source
278061,40-64,male,minority,10-19y,high school,middle class,0.5018947292470292,0.0,before 2015,1.0,1.0,32765,,sedan,2,0,1,1.0,real_source
836689,40-64,female,majority,0-9y,university,upper class,0.5996717553393089,1.0,before 2015,1.0,1.0,32765,,sedan,0,0,0,1.0,real_source
516920,65+,male,minority,30y+,university,upper class,0.5266055787819602,1.0,before 2015,1.0,1.0,32765,8000.0,sedan,15,0,3,0.0,real_source
651110,65+,male,majority,30y+,high school,upper class,0.5284332823896081,0.0,before 2015,0.0,1.0,10238,18000.0,sedan,0,1,1,1.0,real_source
376517,16-25,female,majority,0-9y,high school,working class,,1.0,before 2015,0.0,1.0,10238,9000.0,sedan,0,0,0,0.0,real_source
927970,40-64,male,minority,20-29y,high school,upper class,0.6372144148775452,1.0,before 2015,0.0,1.0,10238,12000.0,sedan,0,0,4,0.0,real_source
71714,26-39,male,majority,10-19y,university,upper class,0.5782449712652297,1.0,before 2015,0.0,1.0,10238,14000.0,sedan,1,0,2,0.0,real_source
218828,26-39,female,majority,10-19y,high school,working class,,1.0,before 2015,1.0,1.0,10238,10000.0,sedan,0,0,3,0.0,real_source
910378,26-39,male,majority,10-19y,university,upper class,0.5629828267215552,1.0,before 2015,1.0,1.0,10238,10000.0,sedan,2,0,1,0.0,real_source
24512,26-39,male,minority,10-19y,high school,working class,0.5604130114765153,1.0,before 2015,0.0,0.0,10238,12000.0,sedan,1,0,0,0.0,real_source
823356,16-25,male,majority,0-9y,university,working class,0.3031678648046433,1.0,before 2015,0.0,0.0,10238,13000.0,sedan,0,0,0,1.0,real_source
451000,40-64,female,majority,10-19y,university,upper class,0.6018766889416584,1.0,before 2015,0.0,1.0,10238,11000.0,sedan,2,0,1,0.0,real_source
694915,65+,female,minority,30y+,university,upper class,0.8001186923709971,1.0,before 2015,1.0,1.0,10238,12000.0,sedan,4,0,4,0.0,real_source
238041,40-64,female,majority,20-29y,university,upper class,0.4300614131323766,1.0,after 2015,0.0,0.0,10238,15000.0,sports car,2,2,2,0.0,real_source
546701,65+,female,majority,20-29y,university,upper class,0.6070169038473983,1.0,before 2015,1.0,1.0,10238,11000.0,sedan,0,0,0,0.0,real_source
110081,40-64,male,minority,20-29y,high school,upper class,,1.0,after 2015,1.0,1.0,10238,,sedan,2,1,2,0.0,real_source
535501,16-25,female,majority,0-9y,high school,working class,0.4113308210947536,1.0,before 2015,1.0,1.0,32765,9000.0,sedan,0,0,0,1.0,real_source
704291,40-64,female,majority,10-19y,university,middle class,0.5090772453787626,1.0,before 2015,1.0,1.0,10238,10000.0,sedan,0,0,1,0.0,real_source
977100,40-64,male,majority,10-19y,university,middle class,0.5460212676387369,1.0,after 2015,1.0,1.0,21217,10000.0,sedan,1,0,0,1.0,real_source
802774,65+,female,minority,0-9y,university,upper class,0.7455090188134991,1.0,before 2015,1.0,1.0,10238,10000.0,sedan,0,0,0,0.0,real_source
79192,65+,female,majority,30y+,university,upper class,,0.0,after 2015,1.0,1.0,32765,6000.0,sedan,10,0,4,0.0,real_source
877457,26-39,male,majority,10-19y,university,upper class,0.4203287516078414,0.0,before 2015,1.0,1.0,10238,6000.0,sedan,2,0,3,0.0,real_source
619509,16-25,female,majority,0-9y,high school,upper class,0.6309877833728277,0.0,after 2015,0.0,0.0,32765,12000.0,sedan,0,0,0,1.0,real_source
629867,26-39,female,majority,10-19y,university,upper class,0.5928095914482554,1.0,after 2015,1.0,1.0,10238,7000.0,sedan,3,0,1,0.0,real_source
932232,40-64,female,majority,20-29y,university,upper class,0.7582161504203389,1.0,after 2015,1.0,1.0,10238,11000.0,sedan,2,0,1,0.0,real_source
125877,40-64,female,majority,10-19y,university,upper class,0.6965068063635781,1.0,before 2015,0.0,0.0,10238,15000.0,sedan,1,0,0,0.0,real_source
792068,26-39,male,majority,0-9y,high school,upper class,0.6128967688651865,1.0,before 2015,1.0,1.0,10238,9000.0,sedan,0,0,0,1.0,real_source
934839,26-39,female,majority,10-19y,high school,poverty,0.4484752808221274,1.0,before 2015,0.0,1.0,32765,13000.0,sedan,2,0,0,1.0,real_source
561193,65+,male,majority,10-19y,university,upper class,0.4876462562380029,1.0,after 2015,1.0,1.0,32765,6000.0,sedan,3,1,0,0.0,real_source
773172,40-64,female,majority,0-9y,high school,middle class,0.6076229002597461,1.0,before 2015,0.0,0.0,10238,16000.0,sedan,0,0,0,0.0,real_source
697962,40-64,female,majority,20-29y,none,working class,0.4380454948936881,1.0,before 2015,1.0,1.0,32765,,sedan,3,1,2,0.0,real_source
413707,16-25,male,majority,0-9y,high school,poverty,0.2094641847612867,1.0,before 2015,0.0,0.0,32765,11000.0,sedan,0,0,0,0.0,real_source
946635,16-25,female,majority,0-9y,high school,working class,0.5884194055987398,0.0,before 2015,0.0,0.0,32765,7000.0,sedan,0,0,0,1.0,real_source
554674,65+,female,majority,30y+,high school,upper class,0.5335402924435169,1.0,before 2015,1.0,1.0,10238,12000.0,sedan,3,0,0,0.0,real_source
54762,26-39,male,majority,0-9y,high school,upper class,0.6166892891021254,1.0,before 2015,0.0,1.0,10238,13000.0,sedan,0,0,0,0.0,real_source
439975,40-64,male,minority,20-29y,high school,working class,0.5145739221806612,1.0,before 2015,1.0,1.0,92101,,sedan,3,0,1,0.0,real_source
909112,26-39,male,majority,10-19y,none,working class,0.4220538658043846,0.0,before 2015,0.0,0.0,32765,15000.0,sedan,0,1,1,1.0,real_source
174031,16-25,male,majority,0-9y,high school,poverty,0.3958447787842891,0.0,before 2015,0.0,0.0,10238,19000.0,sedan,0,0,0,0.0,real_source
48520,40-64,male,majority,20-29y,none,poverty,0.1184454426595448,0.0,before 2015,0.0,1.0,10238,17000.0,sedan,1,1,0,0.0,real_source
372931,40-64,female,majority,20-29y,high school,upper class,0.6613391398483415,1.0,after 2015,1.0,1.0,10238,12000.0,sedan,1,0,0,0.0,real_source
176958,40-64,female,majority,10-19y,university,upper class,0.5883649716073385,1.0,before 2015,0.0,0.0,10238,14000.0,sedan,1,0,1,0.0,real_source
819469,26-39,female,majority,0-9y,university,upper class,0.6213619336621787,1.0,after 2015,0.0,1.0,10238,13000.0,sedan,0,0,0,0.0,real_source
245486,26-39,female,majority,10-19y,high school,poverty,0.3383543699264796,0.0,before 2015,0.0,0.0,10238,14000.0,sedan,0,0,1,1.0,real_source
925661,65+,female,majority,10-19y,university,upper class,0.5501440126091397,1.0,before 2015,1.0,1.0,10238,7000.0,sedan,2,0,0,0.0,real_source
735613,40-64,female,majority,0-9y,none,middle class,0.5502550617548964,1.0,before 2015,1.0,1.0,21217,12000.0,sedan,0,0,0,1.0,real_source
631211,26-39,male,majority,10-19y,high school,upper class,0.6770907006539743,1.0,before 2015,0.0,1.0,10238,12000.0,sedan,0,0,0,0.0,real_source
737951,26-39,female,majority,10-19y,university,working class,0.5177321441915205,0.0,before 2015,0.0,0.0,10238,,sedan,1,0,2,0.0,real_source
609345,16-25,female,majority,0-9y,high school,poverty,0.4686229631074164,0.0,before 2015,1.0,0.0,10238,14000.0,sedan,0,0,0,1.0,real_source
578173,26-39,female,majority,0-9y,none,working class,0.5833816792751652,1.0,before 2015,0.0,1.0,10238,11000.0,sedan,0,0,0,0.0,real_source
130061,26-39,male,majority,0-9y,high school,middle class,0.5722153142431586,1.0,before 2015,0.0,0.0,10238,16000.0,sedan,0,0,0,1.0,real_source
649911,16-25,male,majority,0-9y,university,working class,0.5138717893886736,1.0,before 2015,0.0,1.0,10238,,sedan,0,0,0,1.0,real_source
881302,40-64,female,majority,20-29y,high school,middle class,0.3319360250431987,1.0,before 2015,1.0,1.0,32765,13000.0,sedan,0,0,1,0.0,real_source
971010,65+,female,majority,20-29y,university,upper class,0.6170012583777524,1.0,before 2015,0.0,1.0,10238,10000.0,sedan,2,0,0,0.0,real_source
692065,16-25,male,majority,0-9y,high school,poverty,0.4157487589912337,0.0,before 2015,0.0,0.0,10238,18000.0,sedan,0,0,0,1.0,real_source
987779,65+,female,majority,30y+,high school,upper class,0.4956615644496181,1.0,before 2015,1.0,1.0,10238,11000.0,sedan,3,0,3,0.0,real_source
172920,16-25,female,majority,0-9y,none,poverty,0.2821505605840015,1.0,before 2015,0.0,0.0,10238,15000.0,sedan,0,0,0,0.0,real_source
735501,16-25,male,majority,0-9y,university,working class,,1.0,after 2015,0.0,1.0,10238,13000.0,sedan,0,0,0,0.0,real_source
865478,16-25,male,majority,0-9y,high school,working class,,0.0,after 2015,0.0,0.0,21217,14000.0,sedan,0,0,0,1.0,real_source
494013,16-25,female,majority,0-9y,high school,poverty,0.3074631176518368,0.0,before 2015,0.0,0.0,10238,12000.0,sedan,0,0,0,0.0,real_source
296211,26-39,male,majority,10-19y,high school,working class,0.4134435842957756,0.0,before 2015,1.0,1.0,10238,14000.0,sedan,3,0,0,0.0,real_source
789839,16-25,male,majority,0-9y,high school,working class,0.4477705017242172,1.0,before 2015,0.0,0.0,10238,,sedan,0,0,0,1.0,real_source
437849,65+,male,majority,20-29y,high school,upper class,,1.0,after 2015,1.0,1.0,10238,13000.0,sedan,6,0,4,0.0,real_source
716558,65+,female,majority,20-29y,university,middle class,,1.0,before 2015,1.0,1.0,10238,8000.0,sports car,4,0,3,0.0,real_source
787850,65+,male,majority,30y+,university,upper class,0.5202980349430921,1.0,before 2015,1.0,1.0,32765,10000.0,sedan,4,1,5,0.0,real_source
791808,16-25,male,majority,0-9y,high school,working class,0.4223828049555804,1.0,before 2015,1.0,1.0,32765,9000.0,sedan,0,0,0,0.0,real_source
513302,26-39,male,majority,0-9y,high school,middle class,0.4412263206782428,1.0,before 2015,1.0,1.0,10238,10000.0,sedan,0,0,0,1.0,real_source
370440,26-39,female,minority,10-19y,high school,upper class,0.6315436327083316,1.0,before 2015,0.0,0.0,32765,10000.0,sedan,1,0,1,0.0,real_source
995469,16-25,male,majority,0-9y,high school,poverty,,0.0,before 2015,0.0,0.0,10238,17000.0,sedan,0,0,0,1.0,real_source
453152,26-39,female,majority,10-19y,high school,middle class,0.5415955914632157,0.0,before 2015,1.0,1.0,32765,11000.0,sedan,1,0,0,1.0,real_source
686824,65+,female,majority,10-19y,high school,upper class,0.6894318277896103,1.0,after 2015,0.0,1.0,10238,16000.0,sedan,0,0,0,0.0,real_source
826103,40-64,male,majority,20-29y,high school,upper class,0.5804039980827306,1.0,before 2015,1.0,1.0,32765,,sedan,17,2,0,0.0,real_source
157185,40-64,male,majority,0-9y,university,upper class,0.5577143114134616,1.0,after 2015,1.0,0.0,10238,14000.0,sedan,0,0,0,0.0,real_source
688770,40-64,male,majority,20-29y,university,upper class,0.5382317966431416,1.0,after 2015,0.0,1.0,10238,11000.0,sedan,5,1,3,0.0,real_source
545600,40-64,female,majority,20-29y,university,upper class,,1.0,after 2015,1.0,1.0,10238,12000.0,sports car,1,0,0,0.0,real_source
120411,40-64,female,majority,20-29y,high school,working class,0.5221332912355521,1.0,before 2015,0.0,0.0,32765,14000.0,sedan,0,2,0,0.0,real_source
864818,26-39,male,minority,10-19y,high school,middle class,0.5020129372313837,1.0,before 2015,1.0,1.0,10238,10000.0,sedan,2,0,3,0.0,real_source
615462,65+,female,majority,10-19y,university,upper class,0.6329454562699235,1.0,after 2015,0.0,0.0,10238,15000.0,sedan,0,0,0,0.0,real_source
115809,26-39,male,majority,10-19y,university,working class,0.3868939198714247,1.0,before 2015,0.0,0.0,10238,,sports car,3,0,1,0.0,real_source
112772,65+,male,majority,30y+,university,upper class,0.6633920115683729,1.0,before 2015,0.0,1.0,10238,13000.0,sedan,2,1,5,0.0,real_source
96095,16-25,male,majority,0-9y,none,poverty,0.2499444729675596,1.0,before 2015,0.0,0.0,10238,15000.0,sedan,0,0,0,1.0,real_source
648867,40-64,male,majority,20-29y,university,upper class,0.5000059032357353,1.0,after 2015,0.0,1.0,10238,,sedan,3,0,1,0.0,real_source
890246,26-39,female,minority,0-9y,none,working class,0.4113887944961863,0.0,before 2015,0.0,1.0,10238,12000.0,sedan,0,0,0,1.0,real_source
830081,26-39,male,majority,10-19y,university,middle class,0.5039487280188402,1.0,before 2015,0.0,1.0,10238,16000.0,sedan,2,0,2,0.0,real_source
311925,40-64,female,majority,20-29y,university,upper class,0.6922263720357502,1.0,before 2015,1.0,1.0,10238,13000.0,sedan,0,0,0,0.0,real_source
956829,40-64,male,majority,20-29y,university,upper class,0.5073023393867552,1.0,after 2015,0.0,1.0,10238,,sedan,3,1,1,0.0,real_source
681372,26-39,male,majority,10-19y,university,middle class,0.4634524846726996,0.0,after 2015,0.0,0.0,10238,15000.0,sedan,1,0,0,0.0,real_source
282068,26-39,female,majority,0-9y,university,upper class,0.6314107090924993,1.0,after 2015,0.0,1.0,10238,13000.0,sedan,0,0,0,0.0,real_source
937991,40-64,female,minority,20-29y,high school,middle class,0.6022376455105858,0.0,before 2015,0.0,0.0,32765,13000.0,sedan,2,0,0,0.0,real_source
488206,40-64,male,majority,20-29y,high school,working class,,0.0,before 2015,1.0,1.0,10238,8000.0,sedan,1,1,4,0.0,real_source
813442,40-64,male,majority,10-19y,none,working class,0.3798229504651137,1.0,before 2015,1.0,1.0,32765,10000.0,sedan,1,1,1,0.0,real_source
982824,26-39,female,majority,10-19y,university,upper class,0.6491841156367637,1.0,before 2015,1.0,1.0,32765,9000.0,sedan,2,0,3,0.0,real_source
93794,26-39,female,majority,10-19y,none,working class,0.5309633691519234,1.0,after 2015,1.0,1.0,92101,13000.0,sedan,0,0,1,0.0,real_source
313846,16-25,male,majority,0-9y,high school,poverty,0.370017847681722,0.0,before 2015,0.0,0.0,32765,10000.0,sedan,0,0,0,1.0,real_source
519982,16-25,female,majority,0-9y,none,poverty,,1.0,before 2015,1.0,1.0,10238,9000.0,sedan,0,0,0,0.0,real_source
510135,40-64,female,minority,0-9y,high school,upper class,0.6661184119269805,1.0,before 2015,0.0,1.0,10238,9000.0,sedan,0,0,0,1.0,real_source
750372,40-64,female,majority,20-29y,university,upper class,0.8239160079881023,1.0,after 2015,0.0,1.0,10238,13000.0,sedan,0,0,0,0.0,real_source
587909,40-64,female,majority,20-29y,university,upper class,0.8224546624066171,0.0,after 2015,0.0,1.0,10238,12000.0,sedan,0,0,0,0.0,real_source
257044,16-25,female,majority,0-9y,high school,upper class,0.5035366080346114,1.0,after 2015,0.0,0.0,10238,14000.0,sedan,0,0,0,0.0,real_source
737176,65+,male,majority,10-19y,high school,middle class,0.4093866302921833,1.0,after 2015,1.0,1.0,10238,13000.0,sedan,2,0,0,0.0,real_source
560952,40-64,male,majority,0-9y,high school,poverty,0.3211324163746242,1.0,before 2015,1.0,1.0,10238,12000.0,sedan,0,0,0,0.0,real_source
75063,40-64,female,majority,10-19y,university,upper class,0.7539682939704174,1.0,after 2015,0.0,1.0,92101,10000.0,sedan,1,0,0,0.0,real_source
618741,40-64,female,minority,20-29y,high school,upper class,0.6539628846636596,1.0,before 2015,1.0,1.0,10238,14000.0,sports car,0,0,0,0.0,real_source
25949,26-39,male,majority,10-19y,high school,working class,0.4294653536972943,0.0,before 2015,1.0,0.0,10238,12000.0,sedan,3,0,3,1.0,real_source
502785,26-39,male,majority,10-19y,university,upper class,0.6892867128246558,1.0,before 2015,1.0,1.0,10238,7000.0,sports car,1,0,0,0.0,real_source
658244,26-39,male,majority,0-9y,university,upper class,0.7082885603982803,1.0,before 2015,0.0,0.0,10238,15000.0,sedan,0,0,0,1.0,real_source
474830,65+,male,majority,30y+,high school,upper class,,1.0,after 2015,1.0,1.0,32765,9000.0,sedan,5,2,4,0.0,real_source
315540,65+,male,majority,10-19y,university,upper class,,1.0,after 2015,1.0,1.0,10238,11000.0,sedan,1,0,1,0.0,real_source
67486,26-39,male,majority,10-19y,high school,working class,,0.0,after 2015,0.0,0.0,10238,15000.0,sedan,1,0,0,0.0,real_source
591890,16-25,male,majority,0-9y,high school,working class,0.3489948389471766,1.0,after 2015,0.0,0.0,10238,15000.0,sedan,0,0,0,0.0,real_source
70495,26-39,male,minority,10-19y,university,middle class,,1.0,after 2015,0.0,1.0,10238,11000.0,sedan,0,2,2,0.0,real_source
310357,16-25,female,majority,0-9y,none,poverty,0.252620867950833,1.0,before 2015,1.0,0.0,32765,9000.0,sedan,0,0,0,0.0,real_source
462639,26-39,male,majority,10-19y,university,upper class,0.4325483359197449,1.0,after 2015,0.0,0.0,10238,17000.0,sedan,0,0,2,0.0,real_source
960726,16-25,female,majority,0-9y,none,working class,0.5341366518133347,1.0,before 2015,0.0,1.0,10238,,sports car,0,0,0,1.0,real_source
520937,26-39,male,majority,10-19y,none,poverty,,0.0,before 2015,1.0,1.0,10238,14000.0,sedan,1,0,0,0.0,real_source
498216,16-25,female,majority,0-9y,none,poverty,0.2735775343032223,0.0,before 2015,1.0,1.0,10238,10000.0,sedan,0,0,0,1.0,real_source
181238,40-64,male,majority,20-29y,high school,upper class,0.5627767675870118,1.0,after 2015,1.0,1.0,32765,5000.0,sedan,6,0,1,0.0,real_source
853899,40-64,male,majority,0-9y,none,poverty,0.3467482556316243,1.0,before 2015,0.0,1.0,32765,9000.0,sedan,0,0,0,1.0,real_source
906732,40-64,male,majority,20-29y,high school,middle class,0.4862118529879106,1.0,after 2015,1.0,1.0,10238,6000.0,sedan,2,0,4,0.0,real_source
418029,16-25,male,majority,0-9y,none,poverty,0.2502651952740446,0.0,before 2015,1.0,0.0,10238,14000.0,sedan,0,0,0,1.0,real_source
17079,26-39,male,majority,0-9y,none,poverty,0.3712229558963678,0.0,before 2015,0.0,0.0,10238,13000.0,sedan,0,0,0,1.0,real_source
18706,26-39,male,majority,10-19y,university,middle class,0.5769913905241298,1.0,before 2015,1.0,0.0,10238,14000.0,sedan,1,0,2,0.0,real_source
468679,16-25,female,majority,0-9y,high school,working class,0.406241340588986,0.0,before 2015,0.0,0.0,10238,15000.0,sedan,0,0,0,1.0,real_source
764148,16-25,female,majority,0-9y,university,working class,0.5432204543230971,0.0,before 2015,1.0,1.0,10238,14000.0,sedan,0,0,0,1.0,real_source
279295,65+,female,majority,10-19y,university,upper class,0.6464929639421738,1.0,before 2015,1.0,1.0,32765,6000.0,sedan,1,0,0,0.0,real_source
277926,26-39,male,majority,10-19y,high school,upper class,0.5826918254401455,1.0,after 2015,0.0,1.0,32765,13000.0,sedan,4,0,2,1.0,real_source
747665,40-64,male,majority,20-29y,high school,upper class,,1.0,before 2015,1.0,1.0,10238,7000.0,sedan,2,0,1,0.0,real_source
866874,65+,female,majority,0-9y,university,upper class,0.5813715888213362,1.0,before 2015,1.0,1.0,21217,8000.0,sedan,0,0,0,1.0,real_source
304877,26-39,female,majority,10-19y,high school,working class,0.5461828207501663,0.0,after 2015,0.0,0.0,32765,11000.0,sedan,2,1,0,0.0,real_source
496624,40-64,female,majority,0-9y,university,upper class,0.5861214009823864,0.0,before 2015,1.0,1.0,10238,10000.0,sedan,0,0,0,0.0,real_source
558724,40-64,male,majority,20-29y,university,middle class,0.5497436231590613,0.0,before 2015,0.0,1.0,10238,13000.0,sports car,1,0,3,0.0,real_source
257758,26-39,female,majority,10-19y,high school,middle class,0.5833326355879223,1.0,before 2015,1.0,0.0,21217,12000.0,sports car,0,0,1,1.0,real_source
755962,40-64,female,majority,10-19y,university,middle class,0.4907620684055287,1.0,before 2015,1.0,1.0,10238,11000.0,sedan,0,0,2,0.0,real_source
404091,65+,male,majority,30y+,university,upper class,0.6507924653984001,1.0,before 2015,1.0,1.0,10238,12000.0,sedan,2,1,8,0.0,real_source
892717,65+,male,majority,30y+,university,upper class,0.5455142196510997,1.0,after 2015,1.0,1.0,10238,12000.0,sedan,6,0,8,0.0,real_source
887420,40-64,female,majority,20-29y,high school,middle class,0.5411241853855807,1.0,after 2015,1.0,1.0,10238,10000.0,sedan,0,0,0,0.0,real_source
714752,16-25,male,majority,0-9y,university,working class,0.4480698576342447,0.0,before 2015,0.0,0.0,10238,14000.0,sedan,0,0,0,1.0,real_source
43685,65+,male,majority,0-9y,university,upper class,0.6612778150542449,0.0,after 2015,1.0,1.0,10238,,sedan,0,0,0,1.0,real_source
522259,26-39,female,minority,10-19y,high school,working class,0.4797181518341167,1.0,before 2015,0.0,1.0,32765,11000.0,sedan,3,1,0,1.0,real_source
423543,65+,female,majority,20-29y,high school,upper class,0.6357744178674292,1.0,after 2015,1.0,1.0,10238,13000.0,sedan,0,0,1,0.0,real_source
988365,40-64,female,majority,20-29y,high school,middle class,0.7103381761541934,1.0,before 2015,0.0,1.0,32765,,sedan,1,1,0,0.0,real_source
768291,40-64,male,majority,10-19y,high school,upper class,0.7504612840265749,1.0,after 2015,1.0,0.0,32765,,sedan,3,0,1,0.0,real_source
945997,16-25,female,majority,0-9y,high school,poverty,0.3752400282480185,1.0,before 2015,0.0,0.0,32765,10000.0,sedan,0,0,0,0.0,real_source
871129,26-39,female,majority,10-19y,university,upper class,0.4993490462688155,1.0,before 2015,1.0,0.0,10238,14000.0,sedan,2,0,1,0.0,real_source
616159,16-25,female,majority,0-9y,none,poverty,0.3898857230914056,0.0,before 2015,0.0,0.0,32765,11000.0,sedan,0,0,0,1.0,real_source
661353,40-64,female,majority,20-29y,none,working class,0.6108796461320719,1.0,before 2015,0.0,1.0,32765,12000.0,sedan,4,0,1,0.0,real_source
660455,26-39,female,majority,10-19y,none,poverty,0.3689831549666999,1.0,before 2015,0.0,0.0,10238,19000.0,sedan,0,0,0,0.0,real_source
248605,40-64,female,majority,20-29y,none,middle class,0.5105669130007187,0.0,after 2015,0.0,1.0,10238,15000.0,sedan,1,0,1,0.0,real_source
521188,26-39,male,majority,10-19y,university,upper class,0.6613658504532371,1.0,after 2015,1.0,0.0,10238,15000.0,sedan,0,0,2,0.0,real_source
856124,16-25,female,majority,0-9y,none,poverty,0.3852522850432081,0.0,before 2015,0.0,0.0,32765,12000.0,sedan,0,0,0,1.0,real_source
113142,40-64,male,majority,20-29y,high school,upper class,0.6695812394043021,1.0,after 2015,0.0,1.0,32765,9000.0,sedan,9,0,3,0.0,real_source
18301,26-39,male,majority,10-19y,high school,middle class,0.6509886415958339,1.0,before 2015,1.0,0.0,10238,14000.0,sedan,4,0,2,1.0,real_source
737043,65+,female,majority,30y+,university,upper class,0.6633244171626496,1.0,before 2015,0.0,0.0,10238,,sedan,3,0,5,0.0,real_source
676194,26-39,male,majority,10-19y,university,working class,0.33653119823799,0.0,before 2015,0.0,1.0,10238,13000.0,sedan,0,0,0,0.0,real_source
789708,40-64,female,majority,20-29y,none,working class,0.5236719528069572,1.0,before 2015,1.0,1.0,10238,12000.0,sedan,0,1,0,0.0,real_source
288207,16-25,male,minority,0-9y,none,poverty,0.1882012501796915,0.0,before 2015,0.0,1.0,92101,12000.0,sedan,0,0,0,1.0,real_source
408168,26-39,male,majority,10-19y,university,middle class,0.4797374341576919,1.0,after 2015,0.0,1.0,10238,9000.0,sedan,3,0,1,0.0,real_source
432541,40-64,female,majority,20-29y,high school,upper class,,1.0,before 2015,1.0,1.0,32765,8000.0,sedan,5,0,2,0.0,real_source
23145,65+,female,majority,10-19y,none,middle class,0.4592947072936731,1.0,before 2015,1.0,1.0,10238,10000.0,sports car,2,0,3,0.0,real_source
684447,26-39,female,majority,0-9y,none,poverty,0.2639219473350823,0.0,before 2015,0.0,0.0,10238,11000.0,sedan,0,0,0,1.0,real_source
105877,40-64,male,majority,10-19y,university,upper class,0.4713075957689134,0.0,after 2015,0.0,1.0,10238,8000.0,sedan,1,0,2,0.0,real_source
659705,16-25,female,majority,0-9y,high school,poverty,0.1584752834539108,0.0,before 2015,0.0,1.0,32765,10000.0,sports car,0,0,0,1.0,real_source
768223,16-25,female,majority,0-9y,university,middle class,0.7692430345650234,1.0,before 2015,0.0,0.0,10238,17000.0,sedan,0,0,0,1.0,real_source
66367,26-39,male,majority,10-19y,high school,poverty,0.1566679166032045,0.0,before 2015,0.0,1.0,10238,13000.0,sedan,0,0,0,0.0,real_source
729922,40-64,female,majority,10-19y,high school,upper class,0.7001678884176583,1.0,after 2015,1.0,1.0,10238,11000.0,sedan,2,0,2,0.0,real_source
54590,26-39,female,majority,0-9y,high school,working class,0.3292572324917755,1.0,before 2015,1.0,1.0,10238,11000.0,sedan,0,0,0,1.0,real_source
659077,26-39,male,majority,10-19y,none,upper class,,1.0,after 2015,1.0,1.0,32765,12000.0,sedan,1,1,1,0.0,real_source
289440,26-39,female,majority,10-19y,high school,middle class,0.6769025087714471,1.0,after 2015,1.0,1.0,10238,8000.0,sedan,0,0,0,0.0,real_source
99240,16-25,male,minority,0-9y,university,middle class,0.5141503016843973,1.0,before 2015,0.0,1.0,10238,,sedan,0,0,0,1.0,real_source
250210,40-64,female,majority,10-19y,university,upper class,,1.0,before 2015,0.0,1.0,10238,11000.0,sedan,2,2,0,0.0,real_source
20174,40-64,female,majority,0-9y,university,upper class,0.7573467203725435,1.0,before 2015,1.0,1.0,32765,8000.0,sedan,0,0,0,0.0,real_source
981439,26-39,female,majority,10-19y,high school,poverty,0.3878305984953276,0.0,before 2015,0.0,1.0,10238,11000.0,sedan,1,1,0,1.0,real_source
830012,65+,female,majority,20-29y,university,upper class,0.6148147154486039,1.0,before 2015,1.0,1.0,10238,12000.0,sedan,0,0,1,0.0,real_source
795789,26-39,male,majority,0-9y,university,upper class,0.6381548492340661,1.0,after 2015,0.0,1.0,10238,11000.0,sedan,0,0,0,0.0,real_source
936683,65+,male,majority,30y+,university,upper class,0.5848949823762891,1.0,before 2015,0.0,1.0,10238,15000.0,sedan,3,1,6,1.0,real_source
518678,65+,male,majority,20-29y,university,upper class,0.7194129790713942,0.0,before 2015,1.0,1.0,92101,12000.0,sedan,1,0,0,0.0,real_source
111291,40-64,male,minority,0-9y,high school,upper class,0.6590428828046322,1.0,after 2015,1.0,1.0,32765,9000.0,sedan,0,0,0,0.0,real_source
495010,26-39,male,majority,0-9y,university,upper class,0.5542735241795821,0.0,before 2015,1.0,1.0,10238,11000.0,sedan,0,0,0,1.0,real_source
428670,40-64,female,majority,10-19y,university,middle class,0.5191956219648337,0.0,before 2015,1.0,0.0,32765,13000.0,sedan,2,0,0,1.0,real_source
54307,65+,male,majority,30y+,university,upper class,0.5862895695040226,1.0,before 2015,1.0,1.0,10238,8000.0,sedan,7,0,10,0.0,real_source
536394,26-39,male,majority,10-19y,university,upper class,0.5532794687166666,1.0,after 2015,1.0,0.0,32765,13000.0,sedan,0,0,0,0.0,real_source
280374,65+,male,majority,0-9y,university,upper class,0.5891943934754817,1.0,after 2015,1.0,1.0,10238,,sedan,0,0,0,0.0,real_source
930761,26-39,female,majority,10-19y,university,upper class,0.6696731813057892,1.0,before 2015,1.0,1.0,32765,4000.0,sedan,0,2,0,0.0,real_source
140120,26-39,male,majority,10-19y,university,upper class,0.5099424987690809,1.0,after 2015,0.0,1.0,32765,,sedan,4,0,1,0.0,real_source
765540,26-39,male,minority,10-19y,high school,middle class,0.5927251997599887,1.0,after 2015,0.0,1.0,32765,,sedan,2,1,2,0.0,real_source
992218,16-25,female,majority,0-9y,high school,working class,0.2870429915541396,0.0,before 2015,0.0,1.0,10238,14000.0,sedan,0,0,0,1.0,real_source
397156,26-39,male,majority,10-19y,none,poverty,0.477395849188829,1.0,before 2015,0.0,1.0,10238,12000.0,sedan,1,1,2,0.0,real_source
699844,40-64,male,majority,20-29y,high school,upper class,0.7046644402298989,0.0,after 2015,1.0,0.0,10238,13000.0,sedan,0,0,4,0.0,real_source
863406,26-39,male,minority,10-19y,university,working class,0.4980840022049978,0.0,before 2015,0.0,1.0,32765,12000.0,sedan,4,1,0,1.0,real_source
423105,40-64,female,majority,0-9y,high school,middle class,0.5292908687994649,1.0,before 2015,0.0,1.0,10238,7000.0,sedan,0,0,0,1.0,real_source
834488,65+,female,majority,30y+,university,upper class,0.7418015828442831,1.0,before 2015,1.0,1.0,10238,10000.0,sedan,2,0,0,0.0,real_source
9402,65+,male,majority,0-9y,university,upper class,0.6686340965793353,1.0,after 2015,1.0,1.0,10238,8000.0,sedan,0,0,0,0.0,real_source
959864,65+,female,majority,10-19y,university,upper class,0.5523052503508536,0.0,after 2015,1.0,1.0,92101,11000.0,sedan,0,0,1,0.0,real_source
891634,16-25,male,majority,0-9y,high school,poverty,0.3995091005589909,1.0,before 2015,0.0,0.0,10238,13000.0,sedan,0,0,0,1.0,real_source
699979,16-25,male,majority,0-9y,none,poverty,0.385749223512277,0.0,before 2015,0.0,0.0,10238,,sedan,0,0,0,1.0,real_source
680298,40-64,male,majority,10-19y,university,working class,0.536084231219858,1.0,before 2015,0.0,1.0,10238,18000.0,sedan,1,0,2,0.0,real_source
967989,26-39,male,majority,10-19y,university,upper class,0.6742767504980904,1.0,before 2015,1.0,1.0,10238,8000.0,sedan,2,0,1,0.0,real_source
147912,40-64,female,majority,0-9y,university,upper class,0.6913838574332987,1.0,after 2015,1.0,1.0,10238,13000.0,sedan,0,0,0,0.0,real_source
860910,16-25,female,majority,0-9y,high school,poverty,0.4422964763625578,0.0,before 2015,0.0,1.0,10238,15000.0,sedan,0,0,0,1.0,real_source
949767,65+,female,minority,20-29y,university,upper class,0.5799379737710262,1.0,before 2015,0.0,1.0,32765,5000.0,sedan,3,0,0,0.0,real_source
632931,26-39,male,majority,10-19y,university,middle class,0.6258552121315942,1.0,before 2015,1.0,1.0,10238,10000.0,sedan,1,0,4,0.0,real_source
51074,26-39,male,majority,0-9y,university,upper class,0.5061172054864829,1.0,after 2015,1.0,1.0,32765,9000.0,sedan,0,0,0,1.0,real_source
204943,65+,female,majority,30y+,university,upper class,0.5285704450718812,1.0,after 2015,1.0,1.0,92101,13000.0,sedan,2,2,2,0.0,real_source
199079,65+,female,majority,20-29y,high school,upper class,0.6549348081166056,1.0,after 2015,0.0,1.0,32765,11000.0,sedan,2,0,0,0.0,real_source
641583,26-39,female,minority,10-19y,none,middle class,0.3492770679966008,1.0,after 2015,0.0,1.0,10238,13000.0,sedan,2,0,1,0.0,real_source
275436,40-64,female,majority,10-19y,high school,working class,0.4412934385571406,1.0,before 2015,1.0,1.0,21217,14000.0,sports car,0,0,0,1.0,real_source
60634,40-64,male,majority,10-19y,high school,upper class,,1.0,before 2015,1.0,0.0,10238,11000.0,sedan,1,0,1,1.0,real_source
472268,65+,female,majority,20-29y,none,upper class,0.6916361229171694,1.0,before 2015,0.0,1.0,32765,10000.0,sedan,4,0,0,0.0,real_source
159799,26-39,female,majority,0-9y,none,poverty,0.2052963796958856,1.0,before 2015,0.0,0.0,32765,12000.0,sedan,0,0,0,1.0,real_source
893178,65+,male,minority,10-19y,university,upper class,0.5957927429740651,1.0,before 2015,1.0,1.0,32765,11000.0,sedan,2,0,0,1.0,real_source
634150,65+,male,majority,0-9y,none,upper class,0.7445825708054017,0.0,after 2015,1.0,1.0,10238,10000.0,sedan,0,0,0,0.0,real_source
299634,65+,female,majority,30y+,none,working class,0.5438774846141012,0.0,before 2015,0.0,1.0,10238,,sedan,2,0,1,0.0,real_source
829285,65+,female,majority,30y+,none,middle class,0.5957746803092747,1.0,before 2015,0.0,1.0,10238,8000.0,sedan,3,1,3,0.0,real_source
617147,26-39,male,majority,10-19y,high school,poverty,0.3016306075615495,1.0,before 2015,0.0,1.0,32765,11000.0,sedan,1,0,0,1.0,real_source
50356,65+,male,majority,30y+,university,upper class,0.650428057330145,1.0,before 2015,0.0,1.0,10238,10000.0,sedan,4,0,3,0.0,real_source
898906,26-39,female,majority,10-19y,high school,working class,0.4963712426351531,0.0,after 2015,1.0,0.0,10238,12000.0,sedan,1,0,1,0.0,real_source
621852,65+,female,majority,30y+,university,upper class,0.5995481044232972,1.0,after 2015,1.0,1.0,10238,12000.0,sedan,4,0,1,0.0,real_source
216557,40-64,male,majority,20-29y,university,upper class,0.6251277645545463,1.0,after 2015,1.0,1.0,10238,10000.0,sedan,4,0,1,0.0,real_source
974307,16-25,male,majority,0-9y,none,poverty,,0.0,before 2015,0.0,1.0,10238,10000.0,sedan,0,0,0,1.0,real_source
665576,16-25,male,majority,0-9y,university,middle class,0.574842988779269,1.0,before 2015,0.0,0.0,10238,14000.0,sedan,0,0,0,0.0,real_source
284919,40-64,female,majority,20-29y,university,upper class,0.6190358909171273,1.0,before 2015,0.0,1.0,10238,12000.0,sports car,1,0,1,0.0,real_source
705418,16-25,male,majority,0-9y,none,poverty,0.3174531702820791,0.0,before 2015,0.0,0.0,32765,15000.0,sedan,0,0,0,1.0,real_source
971209,65+,male,majority,30y+,none,middle class,0.3341984389647198,1.0,before 2015,0.0,1.0,10238,13000.0,sedan,3,0,7,0.0,real_source
810917,26-39,male,majority,0-9y,university,middle class,0.4324717509049175,1.0,before 2015,0.0,0.0,32765,13000.0,sedan,0,0,0,1.0,real_source
673857,16-25,male,majority,0-9y,high school,poverty,0.4315614681673002,1.0,before 2015,0.0,0.0,10238,14000.0,sedan,0,0,0,1.0,real_source
688793,40-64,male,majority,20-29y,university,upper class,0.5606888443344202,1.0,after 2015,1.0,1.0,32765,10000.0,sedan,4,2,0,0.0,real_source
435242,16-25,female,majority,0-9y,none,poverty,0.4414838220962519,0.0,before 2015,1.0,0.0,10238,,sedan,0,0,0,1.0,real_source
407164,40-64,male,majority,10-19y,high school,middle class,,0.0,before 2015,1.0,1.0,10238,7000.0,sedan,1,0,3,0.0,real_source
832892,26-39,male,majority,0-9y,high school,middle class,0.5819829876249725,1.0,before 2015,0.0,0.0,10238,13000.0,sedan,0,0,0,1.0,real_source
402410,65+,male,majority,30y+,university,upper class,0.6325573538933718,1.0,before 2015,1.0,1.0,10238,13000.0,sedan,5,1,3,0.0,real_source
54199,40-64,female,majority,0-9y,high school,middle class,0.5597330436023313,1.0,after 2015,0.0,0.0,10238,,sedan,0,0,0,0.0,real_source
249658,26-39,male,majority,10-19y,high school,upper class,0.5221705443776188,1.0,before 2015,0.0,1.0,32765,9000.0,sedan,6,0,3,0.0,real_source
66415,65+,male,majority,30y+,university,upper class,0.7506206417784245,1.0,before 2015,1.0,1.0,32765,11000.0,sedan,5,1,1,0.0,real_source
566025,26-39,female,majority,10-19y,university,working class,0.4426958181502768,1.0,before 2015,0.0,1.0,32765,12000.0,sedan,0,0,0,0.0,real_source
317358,40-64,female,majority,10-19y,university,upper class,0.5379105825245601,0.0,before 2015,0.0,1.0,10238,12000.0,sedan,0,0,2,0.0,real_source
237732,26-39,male,majority,10-19y,university,working class,,0.0,before 2015,0.0,0.0,10238,12000.0,sedan,0,0,0,1.0,real_source
409030,26-39,female,majority,0-9y,university,middle class,,0.0,after 2015,1.0,1.0,10238,9000.0,sedan,0,0,0,1.0,real_source
262469,40-64,female,majority,20-29y,high school,middle class,0.5934848352060671,0.0,before 2015,0.0,1.0,10238,13000.0,sedan,1,0,2,0.0,real_source
686045,26-39,female,majority,10-19y,none,poverty,,1.0,before 2015,0.0,0.0,32765,10000.0,sedan,3,0,1,0.0,real_source
768114,26-39,female,majority,10-19y,high school,upper class,0.7126627570647996,1.0,before 2015,0.0,0.0,32765,15000.0,sedan,0,0,1,0.0,real_source
968277,26-39,female,majority,10-19y,high school,middle class,0.6729444170751255,1.0,before 2015,1.0,1.0,10238,10000.0,sports car,0,0,1,0.0,real_source
929906,16-25,male,majority,0-9y,high school,working class,0.5348444658226468,1.0,before 2015,0.0,1.0,32765,14000.0,sedan,0,0,0,1.0,real_source
424768,26-39,male,majority,10-19y,high school,upper class,0.5213848385800545,1.0,after 2015,1.0,1.0,92101,9000.0,sedan,2,1,0,1.0,real_source
642926,40-64,male,majority,10-19y,high school,upper class,,0.0,before 2015,1.0,1.0,92101,,sports car,0,0,0,1.0,real_source
47722,26-39,female,majority,0-9y,university,middle class,0.5770443259903382,1.0,before 2015,0.0,0.0,10238,16000.0,sedan,0,0,0,0.0,real_source
727166,65+,male,minority,10-19y,high school,upper class,0.5842642101593103,0.0,before 2015,0.0,1.0,10238,14000.0,sedan,2,0,1,1.0,real_source
493125,16-25,male,majority,0-9y,university,middle class,0.6690974134124453,1.0,before 2015,1.0,1.0,10238,10000.0,sedan,0,0,0,1.0,real_source
325043,26-39,male,minority,0-9y,high school,working class,0.1717780113795827,1.0,before 2015,0.0,1.0,10238,13000.0,sedan,0,0,0,0.0,real_source
963083,26-39,male,majority,0-9y,high school,working class,,1.0,before 2015,1.0,1.0,10238,11000.0,sedan,0,0,0,1.0,real_source
542539,65+,female,majority,30y+,high school,upper class,,1.0,after 2015,1.0,1.0,10238,,sedan,1,2,1,0.0,real_source
236139,16-25,male,majority,0-9y,university,poverty,0.2464803900521977,0.0,before 2015,0.0,1.0,10238,11000.0,sedan,0,0,0,1.0,real_source
215166,16-25,female,majority,0-9y,university,upper class,0.6336359768401718,1.0,after 2015,0.0,0.0,10238,12000.0,sedan,0,0,0,0.0,real_source
648942,40-64,male,majority,10-19y,university,upper class,0.6946986943372564,1.0,after 2015,1.0,1.0,32765,7000.0,sedan,4,0,1,0.0,real_source
318799,40-64,male,majority,0-9y,high school,upper class,0.5708800671227644,0.0,after 2015,1.0,1.0,10238,14000.0,sedan,0,0,0,1.0,real_source
767246,26-39,female,majority,0-9y,university,upper class,0.5241476818484826,1.0,before 2015,1.0,1.0,92101,9000.0,sedan,0,0,0,1.0,real_source
798010,26-39,male,majority,10-19y,university,upper class,,1.0,after 2015,1.0,1.0,10238,11000.0,sedan,2,0,1,0.0,real_source
442423,16-25,male,majority,0-9y,high school,middle class,0.5413828314560829,0.0,before 2015,0.0,0.0,10238,15000.0,sedan,0,0,0,1.0,real_source
926129,26-39,female,majority,10-19y,none,poverty,0.2073374290521331,1.0,before 2015,1.0,1.0,92101,11000.0,sports car,2,0,0,1.0,real_source
770617,65+,male,majority,30y+,high school,upper class,0.6799404290421501,1.0,before 2015,1.0,1.0,10238,11000.0,sedan,6,2,4,0.0,real_source
11693,16-25,male,majority,0-9y,none,poverty,0.3741765280497081,0.0,before 2015,0.0,1.0,10238,10000.0,sedan,0,0,0,1.0,real_source
960549,40-64,female,majority,20-29y,university,upper class,0.6837353788441626,1.0,before 2015,1.0,1.0,10238,8000.0,sedan,2,0,4,0.0,real_source
391271,40-64,male,majority,20-29y,university,upper class,0.6240705807413206,0.0,after 2015,1.0,0.0,32765,,sedan,4,2,2,1.0,real_source
864573,40-64,female,majority,20-29y,high school,middle class,0.7008385894147232,1.0,after 2015,0.0,1.0,10238,16000.0,sedan,0,0,1,0.0,real_source
656578,16-25,male,majority,0-9y,none,poverty,0.3232024613815447,0.0,before 2015,0.0,0.0,32765,14000.0,sedan,0,0,0,1.0,real_source
587219,26-39,female,minority,10-19y,high school,upper class,0.7031632129143115,1.0,before 2015,0.0,1.0,10238,11000.0,sedan,1,0,3,0.0,real_source
960813,26-39,male,majority,10-19y,high school,middle class,0.6705389053925843,0.0,before 2015,1.0,0.0,10238,,sedan,2,0,1,0.0,real_source
330715,40-64,male,majority,20-29y,university,upper class,0.4167113132566401,1.0,before 2015,1.0,1.0,10238,6000.0,sedan,5,1,5,0.0,real_source
899971,16-25,male,majority,0-9y,university,middle class,0.4607789929674074,1.0,before 2015,1.0,0.0,10238,13000.0,sedan,0,0,0,1.0,real_source
234448,26-39,male,majority,0-9y,university,middle class,0.435712134751946,1.0,before 2015,1.0,1.0,32765,7000.0,sedan,0,0,0,1.0,real_source
453952,26-39,male,majority,0-9y,none,poverty,0.4174090833474105,0.0,before 2015,0.0,0.0,32765,13000.0,sedan,0,0,0,1.0,real_source
956597,40-64,male,majority,20-29y,university,upper class,0.7096424413476642,1.0,after 2015,0.0,1.0,10238,11000.0,sedan,0,0,5,0.0,real_source
909684,16-25,female,majority,0-9y,university,middle class,0.5958957289738616,1.0,before 2015,1.0,0.0,10238,14000.0,sedan,0,0,0,0.0,real_source
347978,65+,female,majority,20-29y,high school,upper class,0.7171247147685673,1.0,after 2015,1.0,1.0,92101,9000.0,sedan,1,1,0,0.0,real_source
949507,26-39,male,majority,0-9y,university,upper class,0.6127229192722764,1.0,before 2015,0.0,0.0,10238,,sedan,0,0,0,1.0,real_source
943321,26-39,male,majority,10-19y,high school,working class,0.4471403217193705,1.0,before 2015,1.0,1.0,10238,11000.0,sedan,0,0,1,0.0,real_source
70277,26-39,female,majority,10-19y,none,working class,0.2389675485310191,1.0,before 2015,0.0,1.0,10238,13000.0,sedan,0,0,1,0.0,real_source
306817,26-39,male,minority,10-19y,high school,upper class,,1.0,before 2015,0.0,1.0,10238,13000.0,sports car,2,0,1,0.0,real_source
613897,40-64,female,majority,0-9y,university,upper class,0.7774126671135292,1.0,after 2015,1.0,1.0,10238,,sedan,0,0,0,0.0,real_source
136149,40-64,male,majority,0-9y,university,upper class,0.3564497918738667,1.0,before 2015,1.0,0.0,10238,11000.0,sedan,0,0,0,1.0,real_source
746553,65+,female,majority,30y+,high school,upper class,0.5172531591870946,1.0,before 2015,1.0,1.0,10238,11000.0,sedan,2,0,0,0.0,real_source
261915,40-64,female,majority,0-9y,high school,middle class,0.6447587660746779,1.0,before 2015,1.0,1.0,10238,6000.0,sports car,0,0,0,0.0,real_source
686886,16-25,male,majority,0-9y,high school,poverty,0.3497914271952428,0.0,before 2015,0.0,1.0,32765,12000.0,sedan,0,0,0,1.0,real_source
281586,65+,male,minority,30y+,none,middle class,0.4516310746402034,1.0,before 2015,1.0,1.0,10238,,sedan,4,0,3,0.0,real_source
616137,26-39,male,majority,0-9y,high school,middle class,0.5491390596700176,1.0,before 2015,0.0,1.0,10238,13000.0,sedan,0,0,0,0.0,real_source
139310,40-64,male,majority,20-29y,high school,upper class,0.8022747025074329,1.0,after 2015,0.0,1.0,10238,15000.0,sedan,3,1,1,0.0,real_source
443467,65+,male,majority,30y+,university,upper class,0.6072654635365045,1.0,before 2015,1.0,1.0,32765,,sedan,11,0,3,0.0,real_source
617819,16-25,female,majority,0-9y,university,middle class,0.5471451700228858,1.0,before 2015,0.0,0.0,32765,11000.0,sedan,0,0,0,0.0,real_source
309006,40-64,female,minority,20-29y,none,working class,0.3563305303139126,1.0,before 2015,0.0,1.0,10238,10000.0,sedan,1,0,6,0.0,real_source
959688,65+,female,minority,10-19y,high school,upper class,0.7594636399904836,1.0,before 2015,1.0,1.0,10238,,sedan,1,0,1,0.0,real_source
226266,40-64,male,majority,20-29y,high school,upper class,0.6819438863043162,1.0,after 2015,0.0,1.0,10238,15000.0,sedan,4,1,1,0.0,real_source
155152,26-39,female,majority,10-19y,university,upper class,0.7497062309709136,1.0,after 2015,0.0,1.0,10238,,sedan,1,0,0,0.0,real_source
878584,16-25,female,majority,0-9y,none,poverty,0.3088204583369244,1.0,before 2015,0.0,0.0,10238,16000.0,sedan,0,0,0,1.0,real_source
710419,26-39,female,majority,10-19y,none,upper class,0.5712399869625824,1.0,after 2015,1.0,1.0,10238,11000.0,sedan,0,0,1,0.0,real_source
471970,65+,female,majority,10-19y,university,upper class,0.4740231554494119,1.0,before 2015,1.0,1.0,10238,8000.0,sedan,0,0,0,0.0,real_source
100198,26-39,male,majority,10-19y,high school,working class,0.3241717233382823,0.0,before 2015,1.0,1.0,10238,9000.0,sedan,1,0,1,1.0,real_source
179157,16-25,male,majority,0-9y,high school,working class,0.4390875695816957,0.0,before 2015,1.0,1.0,10238,9000.0,sedan,0,0,0,1.0,real_source
446074,65+,female,majority,30y+,university,upper class,0.6315201303371153,1.0,before 2015,1.0,1.0,10238,7000.0,sedan,1,0,2,0.0,real_source
324324,40-64,male,majority,20-29y,high school,middle class,0.4823276209848559,1.0,before 2015,1.0,1.0,10238,9000.0,sedan,3,1,2,0.0,real_source
470092,26-39,female,minority,10-19y,university,upper class,0.5899381961460256,1.0,after 2015,1.0,1.0,10238,8000.0,sedan,1,0,3,0.0,real_source
164076,26-39,female,majority,10-19y,university,middle class,,0.0,before 2015,0.0,1.0,32765,8000.0,sports car,2,0,0,1.0,real_source
314728,40-64,male,majority,20-29y,university,upper class,0.5480331630473241,1.0,before 2015,1.0,1.0,10238,13000.0,sedan,0,1,5,0.0,real_source
57778,65+,male,majority,10-19y,university,upper class,,1.0,before 2015,1.0,0.0,10238,12000.0,sedan,5,0,1,0.0,real_source
841635,16-25,female,majority,0-9y,none,poverty,0.3191346657246941,0.0,after 2015,0.0,0.0,10238,11000.0,sedan,0,0,0,1.0,real_source
396240,40-64,female,minority,20-29y,none,working class,0.4596696849715934,0.0,before 2015,0.0,0.0,10238,15000.0,sedan,0,0,1,0.0,real_source
6452,40-64,male,minority,20-29y,university,upper class,0.6262214631614371,1.0,after 2015,0.0,1.0,10238,13000.0,sedan,2,0,2,0.0,real_source
201907,26-39,male,majority,0-9y,high school,middle class,0.5874184253702303,1.0,before 2015,0.0,0.0,10238,15000.0,sports car,0,0,0,0.0,real_source
59284,16-25,male,majority,0-9y,high school,poverty,0.3917113434432538,0.0,before 2015,0.0,1.0,10238,10000.0,sedan,0,0,0,1.0,real_source
716175,26-39,female,minority,10-19y,high school,working class,0.5969845868186797,0.0,before 2015,0.0,1.0,10238,10000.0,sedan,0,1,4,0.0,real_source
503901,16-25,female,majority,0-9y,high school,working class,0.415256215230192,0.0,before 2015,0.0,0.0,10238,16000.0,sedan,0,0,0,1.0,real_source
162332,40-64,female,majority,20-29y,high school,working class,0.4561623935940197,0.0,before 2015,0.0,1.0,32765,13000.0,sedan,8,0,1,0.0,real_source
843122,65+,female,majority,30y+,university,upper class,0.5948618009485456,1.0,before 2015,1.0,1.0,10238,14000.0,sedan,1,0,3,0.0,real_source
590101,65+,male,majority,30y+,university,upper class,0.6942976880573949,1.0,after 2015,1.0,1.0,32765,9000.0,sedan,16,1,0,0.0,real_source
37568,26-39,female,majority,10-19y,none,poverty,0.282273794626197,0.0,before 2015,0.0,0.0,32765,12000.0,sedan,2,0,0,1.0,real_source
611544,65+,female,majority,30y+,university,upper class,0.6772216106455591,0.0,before 2015,1.0,1.0,10238,12000.0,sedan,3,1,2,0.0,real_source
783317,26-39,male,majority,10-19y,high school,middle class,0.453831326463914,0.0,before 2015,0.0,1.0,10238,12000.0,sedan,3,0,3,1.0,real_source
911304,40-64,male,minority,20-29y,none,poverty,0.2348220668046484,1.0,before 2015,1.0,0.0,10238,13000.0,sedan,0,1,2,0.0,real_source
124944,16-25,female,majority,0-9y,none,working class,0.4190926685040132,1.0,after 2015,0.0,1.0,10238,11000.0,sedan,0,0,0,0.0,real_source
623736,16-25,male,majority,0-9y,high school,middle class,0.6385274992879552,1.0,after 2015,0.0,0.0,10238,14000.0,sedan,0,0,0,0.0,real_source
191690,26-39,male,majority,10-19y,high school,middle class,0.6129982612414817,1.0,after 2015,0.0,1.0,10238,14000.0,sedan,1,0,2,0.0,real_source
621115,26-39,female,majority,0-9y,high school,upper class,0.5512477948171206,1.0,before 2015,1.0,1.0,10238,12000.0,sedan,0,0,0,1.0,real_source
440868,65+,female,majority,10-19y,high school,upper class,0.5891133562997476,0.0,before 2015,1.0,1.0,32765,9000.0,sedan,1,0,0,1.0,real_source
804910,26-39,female,majority,10-19y,university,middle class,0.4336159091212449,1.0,before 2015,1.0,1.0,10238,,sedan,1,1,1,0.0,real_source
216571,65+,male,majority,30y+,high school,upper class,0.5736999632835609,1.0,before 2015,1.0,1.0,10238,10000.0,sedan,4,0,2,0.0,real_source
233319,40-64,male,majority,20-29y,high school,working class,0.3001128559473954,1.0,before 2015,1.0,1.0,32765,11000.0,sedan,8,0,0,0.0,real_source
995124,16-25,female,majority,0-9y,university,middle class,0.5460081125127539,1.0,before 2015,0.0,0.0,10238,16000.0,sedan,0,0,0,1.0,real_source
863899,40-64,female,majority,20-29y,high school,upper class,0.4040573373941219,1.0,after 2015,1.0,1.0,92101,9000.0,sedan,0,0,0,0.0,real_source
173609,26-39,male,majority,10-19y,university,upper class,0.5776968059272862,1.0,before 2015,1.0,0.0,10238,12000.0,sedan,2,0,2,0.0,real_source
56755,40-64,male,majority,0-9y,university,middle class,0.474268089698893,1.0,before 2015,0.0,0.0,32765,13000.0,sedan,0,0,0,1.0,real_source
702473,26-39,male,majority,10-19y,university,upper class,0.5230480012727448,1.0,before 2015,1.0,1.0,32765,7000.0,sedan,4,0,0,0.0,real_source
699651,26-39,male,majority,10-19y,none,working class,0.5551470568015777,0.0,before 2015,0.0,0.0,10238,16000.0,sedan,0,0,1,1.0,real_source
911239,16-25,female,majority,0-9y,none,poverty,0.3755467226111664,1.0,before 2015,0.0,0.0,10238,,sedan,0,0,0,1.0,real_source
393563,16-25,female,majority,0-9y,none,poverty,0.4284872507567927,1.0,before 2015,0.0,1.0,10238,14000.0,sedan,0,0,0,1.0,real_source
394032,26-39,male,majority,10-19y,university,upper class,0.5945312836311137,1.0,after 2015,1.0,0.0,10238,10000.0,sedan,3,0,1,0.0,real_source
613310,26-39,male,majority,10-19y,university,upper class,0.3965402180526839,0.0,before 2015,0.0,1.0,92101,13000.0,sedan,2,0,0,1.0,real_source
607163,26-39,female,minority,0-9y,university,upper class,0.6332752601054172,1.0,before 2015,0.0,1.0,92101,13000.0,sedan,0,0,0,1.0,real_source
189307,65+,male,majority,30y+,university,upper class,0.7796486256384334,1.0,before 2015,1.0,0.0,10238,12000.0,sedan,3,1,6,0.0,real_source
360911,16-25,female,majority,0-9y,none,poverty,0.2850244312975464,0.0,before 2015,0.0,1.0,10238,9000.0,sedan,0,0,0,1.0,real_source
95823,40-64,female,majority,10-19y,high school,upper class,0.5097640526667242,0.0,before 2015,1.0,1.0,10238,11000.0,sedan,0,0,4,0.0,real_source
944465,65+,female,majority,30y+,university,upper class,0.6180942194818548,1.0,after 2015,1.0,0.0,10238,12000.0,sports car,3,0,0,0.0,real_source
243256,16-25,female,majority,0-9y,university,middle class,0.5111034151493276,1.0,after 2015,0.0,0.0,10238,15000.0,sedan,0,0,0,0.0,real_source
835303,16-25,female,majority,0-9y,high school,poverty,0.2176539374362534,1.0,after 2015,0.0,0.0,32765,11000.0,sedan,0,0,0,0.0,real_source
670930,16-25,male,majority,0-9y,university,working class,0.3951198748076121,0.0,before 2015,0.0,1.0,10238,14000.0,sedan,0,0,0,1.0,real_source
817350,65+,female,majority,30y+,university,upper class,0.7139680839498174,1.0,after 2015,1.0,1.0,10238,,sedan,3,1,0,0.0,real_source
28851,26-39,male,majority,10-19y,high school,poverty,0.4087794996268769,0.0,before 2015,0.0,0.0,21217,13000.0,sedan,1,0,1,1.0,real_source
752896,26-39,female,majority,10-19y,high school,middle class,0.6617250781451144,1.0,after 2015,0.0,1.0,10238,11000.0,sedan,1,0,1,0.0,real_source
651711,40-64,male,majority,20-29y,university,upper class,0.6733585804719299,1.0,after 2015,1.0,1.0,10238,15000.0,sedan,2,0,2,0.0,real_source
927952,40-64,female,majority,20-29y,university,upper class,0.7179187814569136,1.0,before 2015,0.0,1.0,10238,14000.0,sedan,1,0,2,0.0,real_source
411538,65+,female,majority,30y+,university,upper class,0.7083031547322626,1.0,after 2015,1.0,0.0,32765,,sedan,3,0,2,0.0,real_source
577761,40-64,male,majority,20-29y,high school,upper class,0.5255285623050104,1.0,after 2015,1.0,1.0,10238,8000.0,sedan,7,0,2,0.0,real_source
184745,16-25,male,majority,0-9y,university,upper class,0.5473642510587787,0.0,after 2015,0.0,0.0,10238,15000.0,sedan,0,0,0,1.0,real_source
318837,40-64,male,majority,10-19y,university,upper class,,1.0,before 2015,1.0,1.0,10238,,sedan,0,0,3,0.0,real_source
794029,26-39,male,majority,0-9y,university,upper class,0.6031446757716761,1.0,after 2015,1.0,0.0,10238,12000.0,sedan,0,0,0,0.0,real_source
958487,40-64,male,majority,20-29y,high school,upper class,0.6566356054649077,1.0,before 2015,1.0,1.0,10238,6000.0,sedan,5,0,3,0.0,real_source
844202,40-64,female,majority,10-19y,university,upper class,0.6650004005676565,1.0,after 2015,0.0,1.0,10238,14000.0,sedan,0,0,0,0.0,real_source
118179,26-39,male,majority,10-19y,high school,middle class,0.4023758068648589,1.0,before 2015,0.0,0.0,10238,14000.0,sports car,1,0,1,1.0,real_source
545388,26-39,male,majority,10-19y,none,poverty,0.3693925027985697,0.0,before 2015,0.0,1.0,10238,12000.0,sedan,1,0,0,1.0,real_source
837502,16-25,female,majority,0-9y,none,poverty,0.2355287564483676,1.0,before 2015,0.0,0.0,10238,17000.0,sedan,0,0,0,0.0,real_source
983251,16-25,male,majority,0-9y,high school,poverty,0.1992925327715535,1.0,before 2015,0.0,0.0,10238,14000.0,sedan,0,0,0,1.0,real_source
354775,40-64,male,majority,20-29y,high school,upper class,0.6097913428078408,1.0,after 2015,1.0,1.0,10238,12000.0,sedan,3,0,2,0.0,real_source
625759,26-39,male,majority,10-19y,none,poverty,0.4148068461721208,1.0,before 2015,0.0,1.0,10238,11000.0,sedan,3,0,0,1.0,real_source
695044,26-39,female,minority,10-19y,none,poverty,0.3095910627747428,0.0,before 2015,0.0,1.0,10238,14000.0,sedan,0,1,1,0.0,real_source
858839,26-39,female,majority,10-19y,high school,working class,0.395973250414594,1.0,before 2015,0.0,0.0,32765,11000.0,sedan,4,1,0,1.0,real_source
597583,40-64,female,majority,20-29y,high school,middle class,0.4063355209264818,1.0,after 2015,1.0,1.0,10238,10000.0,sedan,2,0,1,0.0,real_source
420787,65+,female,majority,10-19y,university,upper class,0.6687322499159413,1.0,before 2015,1.0,1.0,92101,10000.0,sedan,1,0,0,0.0,real_source
409246,65+,female,minority,30y+,university,upper class,0.7319619815022766,1.0,after 2015,1.0,1.0,10238,12000.0,sedan,1,1,6,0.0,real_source
406439,40-64,female,majority,20-29y,high school,middle class,0.6988472211428242,1.0,after 2015,0.0,0.0,10238,15000.0,sedan,4,1,1,0.0,real_source
747650,26-39,male,majority,10-19y,high school,upper class,0.6193529102850036,1.0,after 2015,1.0,1.0,10238,5000.0,sedan,2,2,3,0.0,real_source
930795,65+,female,majority,30y+,university,upper class,,1.0,after 2015,0.0,1.0,10238,12000.0,sedan,1,0,5,0.0,real_source
85599,26-39,female,majority,10-19y,high school,poverty,,1.0,before 2015,0.0,0.0,10238,15000.0,sedan,1,0,0,0.0,real_source
119690,16-25,male,minority,0-9y,high school,working class,0.3864007509634245,0.0,before 2015,0.0,0.0,10238,15000.0,sedan,0,0,0,1.0,real_source
377535,40-64,female,majority,0-9y,university,upper class,0.6041196855543386,1.0,after 2015,1.0,1.0,10238,9000.0,sedan,0,0,0,0.0,real_source
101156,26-39,male,majority,10-19y,university,working class,0.4491222842625798,1.0,before 2015,1.0,1.0,10238,12000.0,sedan,0,0,0,1.0,real_source
478473,16-25,male,majority,0-9y,high school,upper class,0.4453608620470372,1.0,before 2015,0.0,0.0,10238,14000.0,sedan,0,0,0,1.0,real_source
167440,16-25,female,majority,0-9y,none,poverty,0.3622944202387752,0.0,before 2015,0.0,1.0,10238,11000.0,sedan,0,0,0,1.0,real_source
327937,26-39,male,majority,10-19y,university,upper class,0.7055175137381444,1.0,before 2015,1.0,1.0,10238,11000.0,sedan,4,1,2,1.0,real_source
649702,40-64,female,majority,0-9y,high school,upper class,,1.0,before 2015,1.0,1.0,32765,7000.0,sedan,0,0,0,0.0,real_source
477413,40-64,male,majority,10-19y,university,middle class,0.516384473351425,1.0,before 2015,0.0,1.0,32765,,sedan,4,0,0,0.0,real_source
305620,40-64,male,majority,10-19y,university,upper class,0.4858537578944799,1.0,before 2015,1.0,1.0,32765,8000.0,sedan,1,0,2,0.0,real_source
747274,16-25,female,majority,0-9y,high school,working class,0.424374684873639,1.0,before 2015,0.0,1.0,10238,15000.0,sedan,0,0,0,1.0,real_source
402870,26-39,male,majority,10-19y,university,upper class,0.6993598226115749,1.0,after 2015,1.0,1.0,32765,6000.0,sedan,2,0,2,0.0,real_source
420805,65+,female,majority,20-29y,high school,upper class,,1.0,before 2015,1.0,1.0,10238,,sedan,3,0,2,0.0,real_source
670715,16-25,male,majority,0-9y,high school,poverty,0.3732682349655257,0.0,before 2015,0.0,0.0,10238,13000.0,sedan,0,0,0,1.0,real_source
834276,26-39,female,majority,10-19y,high school,poverty,0.0996552260693457,1.0,after 2015,0.0,0.0,10238,13000.0,sedan,1,0,1,0.0,real_source
403341,65+,female,minority,30y+,university,upper class,0.6070594144828729,1.0,before 2015,1.0,1.0,10238,14000.0,sedan,1,0,1,0.0,real_source
53685,26-39,male,majority,10-19y,high school,working class,0.3381122329748914,1.0,before 2015,0.0,1.0,10238,12000.0,sedan,0,0,1,0.0,real_source
425667,65+,male,minority,30y+,high school,upper class,0.4449969496947683,1.0,before 2015,1.0,1.0,10238,11000.0,sedan,3,0,2,0.0,real_source
957230,16-25,female,majority,0-9y,none,poverty,0.3134341026539473,1.0,before 2015,0.0,0.0,10238,17000.0,sedan,0,0,0,0.0,real_source
441784,26-39,male,majority,0-9y,none,poverty,0.4517129984575386,1.0,before 2015,1.0,1.0,10238,11000.0,sedan,0,0,0,1.0,real_source
918809,40-64,male,majority,10-19y,high school,upper class,0.6431850078229727,1.0,before 2015,1.0,1.0,32765,11000.0,sedan,4,1,0,0.0,real_source
552900,40-64,female,majority,20-29y,high school,middle class,0.5520606278186667,1.0,before 2015,1.0,0.0,10238,14000.0,sedan,2,0,2,0.0,real_source
521921,65+,male,majority,30y+,university,upper class,0.5148280086531872,1.0,before 2015,1.0,1.0,10238,14000.0,sedan,1,0,2,0.0,real_source
171167,26-39,female,majority,0-9y,university,working class,0.4478258160136167,1.0,before 2015,0.0,0.0,10238,17000.0,sedan,0,0,0,1.0,real_source
541397,40-64,female,majority,10-19y,university,working class,0.5679245364161877,0.0,before 2015,1.0,1.0,10238,10000.0,sports car,0,1,1,0.0,real_source
566341,65+,female,majority,20-29y,university,upper class,0.574600081580805,1.0,before 2015,0.0,1.0,10238,11000.0,sedan,0,2,6,0.0,real_source
627845,16-25,male,majority,0-9y,university,poverty,0.2941079069830408,1.0,after 2015,0.0,1.0,10238,9000.0,sedan,0,0,0,0.0,real_source
314777,65+,male,majority,30y+,high school,upper class,0.5987565032533735,1.0,after 2015,0.0,0.0,32765,10000.0,sedan,11,0,1,0.0,real_source
793641,65+,female,majority,0-9y,high school,upper class,0.6884061990645639,0.0,before 2015,1.0,1.0,10238,10000.0,sports car,0,0,0,1.0,real_source
969113,16-25,female,majority,0-9y,high school,poverty,0.4505980694614075,0.0,before 2015,0.0,1.0,32765,10000.0,sedan,0,0,0,1.0,real_source
470548,65+,male,majority,10-19y,high school,upper class,0.7214523872045429,1.0,before 2015,1.0,1.0,10238,13000.0,sedan,1,0,1,1.0,real_source
670749,40-64,female,majority,20-29y,high school,upper class,,1.0,after 2015,0.0,1.0,32765,8000.0,sedan,6,0,0,0.0,real_source
437853,26-39,female,majority,10-19y,none,working class,0.3736858066241806,1.0,before 2015,0.0,1.0,10238,11000.0,sedan,2,2,1,0.0,real_source
483206,26-39,male,majority,10-19y,university,upper class,0.679193931828913,1.0,after 2015,1.0,1.0,32765,7000.0,sedan,5,0,1,0.0,real_source
186667,16-25,male,majority,0-9y,high school,working class,0.5778112043517166,1.0,before 2015,0.0,0.0,10238,17000.0,sedan,0,0,0,1.0,real_source
681565,26-39,male,majority,10-19y,university,middle class,0.5861052744855212,1.0,before 2015,1.0,0.0,10238,10000.0,sedan,0,0,2,0.0,real_source
956534,16-25,female,majority,0-9y,none,poverty,,0.0,before 2015,0.0,0.0,10238,15000.0,sedan,0,0,0,1.0,real_source
367197,26-39,female,majority,10-19y,high school,poverty,,0.0,before 2015,1.0,1.0,32765,11000.0,sedan,3,2,1,1.0,real_source
943240,65+,female,majority,30y+,university,upper class,0.5963709500427482,1.0,before 2015,1.0,1.0,21217,11000.0,sedan,3,0,0,1.0,real_source
802348,26-39,female,majority,10-19y,high school,working class,0.4019744122192817,1.0,before 2015,0.0,1.0,10238,15000.0,sports car,1,0,1,0.0,real_source
300985,16-25,male,majority,0-9y,high school,working class,0.4294508663165374,0.0,before 2015,0.0,0.0,92101,14000.0,sedan,0,0,0,1.0,real_source
396068,16-25,female,majority,0-9y,none,poverty,0.4731902812069089,0.0,before 2015,0.0,0.0,10238,17000.0,sedan,0,0,0,1.0,real_source
14232,40-64,female,majority,20-29y,none,middle class,0.5177748800671672,0.0,before 2015,1.0,1.0,10238,8000.0,sedan,1,0,2,0.0,real_source
95786,16-25,female,majority,0-9y,high school,working class,0.6344512638692333,0.0,before 2015,0.0,0.0,10238,19000.0,sedan,0,0,0,1.0,real_source
401934,16-25,female,majority,0-9y,none,poverty,0.3602106622711334,0.0,before 2015,0.0,0.0,92101,18000.0,sedan,0,0,0,1.0,real_source
217039,16-25,male,majority,0-9y,high school,poverty,0.2624461172696224,0.0,before 2015,0.0,0.0,10238,14000.0,sedan,0,0,0,1.0,real_source
592338,16-25,male,majority,0-9y,none,poverty,0.4131038499681497,1.0,before 2015,0.0,1.0,10238,13000.0,sedan,0,0,0,1.0,real_source
835167,65+,female,majority,30y+,university,upper class,0.5673271728407454,0.0,before 2015,1.0,1.0,10238,11000.0,sedan,1,0,4,0.0,real_source
852429,65+,female,majority,0-9y,university,upper class,0.5669251291741684,0.0,before 2015,1.0,1.0,10238,10000.0,sedan,0,0,0,0.0,real_source
578680,40-64,female,majority,10-19y,university,upper class,0.7182979156578958,1.0,before 2015,1.0,1.0,32765,8000.0,sedan,1,1,0,0.0,real_source
887718,16-25,male,majority,0-9y,high school,working class,0.5040825425639249,0.0,before 2015,0.0,1.0,32765,15000.0,sedan,0,0,0,0.0,real_source
761644,16-25,male,majority,0-9y,none,working class,0.414583629702858,1.0,before 2015,0.0,0.0,10238,15000.0,sedan,0,0,0,1.0,real_source
167956,40-64,female,majority,10-19y,high school,middle class,0.5879247174379107,1.0,after 2015,1.0,1.0,10238,12000.0,sedan,1,0,1,0.0,real_source
177602,26-39,male,majority,10-19y,high school,working class,0.5541543351280077,0.0,before 2015,0.0,0.0,32765,,sedan,2,1,0,1.0,real_source
126212,16-25,female,majority,0-9y,university,upper class,0.6413551856342549,1.0,before 2015,0.0,0.0,10238,17000.0,sedan,0,0,0,0.0,real_source
488074,26-39,female,minority,0-9y,none,poverty,0.3881372119136716,0.0,before 2015,0.0,1.0,10238,14000.0,sedan,0,0,0,1.0,real_source
685873,40-64,female,minority,20-29y,high school,working class,0.4695582997527488,0.0,before 2015,1.0,1.0,10238,13000.0,sedan,0,0,1,0.0,real_source
108077,40-64,female,majority,20-29y,high school,working class,0.5712859067059686,0.0,before 2015,0.0,0.0,10238,13000.0,sedan,1,0,0,0.0,real_source
314079,26-39,female,majority,10-19y,high school,middle class,,1.0,after 2015,1.0,1.0,10238,13000.0,sedan,0,0,1,0.0,real_source
159094,16-25,female,majority,0-9y,none,poverty,0.3454662054878971,0.0,before 2015,0.0,1.0,32765,6000.0,sedan,0,0,0,1.0,real_source
856974,26-39,female,majority,10-19y,high school,poverty,0.507382750269999,0.0,before 2015,0.0,1.0,10238,15000.0,sedan,0,0,0,0.0,real_source
797948,40-64,female,majority,0-9y,high school,middle class,0.6033502273025647,1.0,before 2015,0.0,0.0,92101,14000.0,sedan,0,0,0,1.0,real_source
830121,65+,female,majority,20-29y,university,upper class,0.7530509465119786,1.0,before 2015,1.0,1.0,32765,11000.0,sedan,2,0,0,1.0,real_source
663098,65+,male,majority,10-19y,university,upper class,,1.0,before 2015,1.0,1.0,32765,,sedan,4,0,0,0.0,real_source
84962,16-25,male,majority,0-9y,none,working class,0.4970978553728039,0.0,before 2015,0.0,0.0,10238,16000.0,sedan,0,0,0,1.0,real_source
484906,40-64,female,majority,20-29y,high school,middle class,0.709246871000109,0.0,before 2015,1.0,1.0,10238,8000.0,sedan,4,0,4,0.0,real_source
663034,40-64,male,majority,20-29y,high school,upper class,0.5989586078364366,1.0,before 2015,1.0,0.0,10238,10000.0,sedan,7,0,7,0.0,real_source
140488,16-25,male,majority,0-9y,high school,middle class,0.4904718137305706,1.0,before 2015,0.0,0.0,10238,12000.0,sedan,0,0,0,1.0,real_source
544087,26-39,male,majority,0-9y,high school,middle class,0.5010350861435451,1.0,after 2015,0.0,1.0,10238,12000.0,sedan,0,0,0,0.0,real_source
429615,16-25,male,majority,0-9y,university,working class,0.3829919329501808,0.0,after 2015,0.0,1.0,92101,11000.0,sedan,0,0,0,1.0,real_source
122263,26-39,female,majority,0-9y,university,middle class,0.582616606286407,1.0,before 2015,1.0,1.0,10238,12000.0,sedan,0,0,0,0.0,real_source
466096,16-25,female,majority,0-9y,university,poverty,,1.0,before 2015,0.0,1.0,10238,9000.0,sedan,0,0,0,0.0,real_source
514639,26-39,male,majority,0-9y,high school,working class,0.411584472058809,0.0,before 2015,1.0,1.0,32765,8000.0,sedan,0,0,0,1.0,real_source
162030,65+,male,majority,20-29y,high school,middle class,0.7197700650360803,1.0,before 2015,1.0,0.0,10238,15000.0,sedan,1,0,3,0.0,real_source
33610,16-25,male,majority,0-9y,none,poverty,0.4923020945955718,0.0,before 2015,0.0,0.0,10238,17000.0,sedan,0,0,0,1.0,real_source
244920,40-64,male,majority,20-29y,high school,upper class,0.6867780428907985,0.0,after 2015,1.0,1.0,10238,12000.0,sedan,7,0,2,0.0,real_source
156588,65+,male,majority,30y+,university,upper class,0.4876341775612865,1.0,after 2015,1.0,1.0,10238,7000.0,sedan,5,0,5,0.0,real_source
27492,65+,male,minority,30y+,high school,upper class,0.6129390900576029,0.0,after 2015,1.0,1.0,10238,8000.0,sedan,3,0,3,0.0,real_source
584824,40-64,male,majority,20-29y,high school,upper class,0.6693697824531121,1.0,before 2015,1.0,1.0,32765,8000.0,sedan,11,0,1,0.0,real_source
924714,65+,female,majority,0-9y,high school,upper class,0.6834151508359674,1.0,before 2015,1.0,1.0,10238,13000.0,sedan,0,0,0,0.0,real_source
514007,26-39,female,majority,10-19y,university,middle class,0.5302993039700095,1.0,before 2015,1.0,1.0,32765,,sedan,1,0,1,0.0,real_source
390078,16-25,male,majority,0-9y,high school,poverty,0.2207678295542218,1.0,before 2015,0.0,0.0,10238,17000.0,sedan,0,0,0,1.0,real_source
258822,65+,male,majority,30y+,none,middle class,0.4540901453149423,1.0,after 2015,0.0,1.0,10238,14000.0,sedan,5,0,1,0.0,real_source
47158,40-64,female,majority,20-29y,high school,upper class,0.6677243826270711,1.0,before 2015,1.0,1.0,10238,11000.0,sedan,0,0,5,0.0,real_source
186327,40-64,female,majority,20-29y,none,middle class,0.6640187539505384,1.0,before 2015,0.0,1.0,10238,,sedan,1,0,1,0.0,real_source
341066,26-39,male,majority,10-19y,high school,poverty,0.2767468279372657,1.0,before 2015,0.0,0.0,32765,15000.0,sedan,3,0,0,1.0,real_source
803258,40-64,male,majority,0-9y,none,working class,0.2922031438159564,1.0,before 2015,1.0,0.0,10238,12000.0,sedan,0,0,0,0.0,real_source
38215,65+,female,majority,10-19y,high school,upper class,0.7156450673348295,1.0,after 2015,1.0,1.0,10238,12000.0,sedan,1,0,0,0.0,real_source
908520,40-64,male,majority,0-9y,none,middle class,0.4011008652290793,0.0,before 2015,1.0,1.0,32765,7000.0,sedan,0,0,0,0.0,real_source
594938,40-64,female,majority,0-9y,high school,middle class,0.4410032673401329,1.0,after 2015,0.0,1.0,32765,13000.0,sedan,0,0,0,1.0,real_source
505762,40-64,female,majority,20-29y,none,working class,0.3315895445844529,1.0,before 2015,1.0,1.0,10238,9000.0,sedan,0,0,2,0.0,real_source
959569,26-39,male,minority,10-19y,university,working class,0.4852737388038857,1.0,before 2015,0.0,1.0,10238,16000.0,sedan,0,0,0,1.0,real_source
843987,65+,female,majority,10-19y,university,upper class,0.6601550086829506,1.0,after 2015,1.0,1.0,10238,12000.0,sedan,2,0,0,0.0,real_source
31557,40-64,female,majority,20-29y,university,upper class,0.6382727825433337,1.0,before 2015,1.0,1.0,10238,8000.0,sedan,3,0,6,0.0,real_source
264196,16-25,female,majority,0-9y,high school,poverty,0.3062721271142176,1.0,before 2015,0.0,1.0,10238,9000.0,sedan,0,0,0,0.0,real_source
92312,40-64,male,minority,20-29y,university,upper class,0.5024153597343299,1.0,after 2015,1.0,1.0,10238,12000.0,sedan,1,1,3,0.0,real_source
146059,26-39,female,majority,10-19y,none,poverty,0.2527169536874629,0.0,after 2015,1.0,1.0,10238,9000.0,sedan,0,0,2,0.0,real_source
713809,16-25,female,majority,0-9y,high school,poverty,0.5284744290047411,0.0,before 2015,0.0,0.0,10238,20000.0,sedan,0,0,0,1.0,real_source
871587,26-39,male,minority,0-9y,university,upper class,0.6095435879936103,1.0,after 2015,1.0,1.0,10238,13000.0,sedan,0,0,0,0.0,real_source
117775,40-64,male,majority,20-29y,university,middle class,0.5600227347024963,1.0,before 2015,1.0,1.0,10238,10000.0,sedan,4,0,2,0.0,real_source
934158,40-64,female,minority,20-29y,high school,upper class,0.8102003352829421,1.0,before 2015,0.0,1.0,10238,,sedan,1,0,0,0.0,real_source
322312,26-39,male,majority,0-9y,none,working class,0.3202152120672084,0.0,before 2015,1.0,1.0,10238,12000.0,sedan,0,0,0,1.0,real_source
7229,16-25,female,majority,0-9y,high school,poverty,0.3409595112027546,1.0,before 2015,0.0,0.0,32765,11000.0,sedan,0,0,0,1.0,real_source
804514,40-64,female,majority,20-29y,none,working class,0.3237033786628938,0.0,before 2015,1.0,1.0,10238,14000.0,sedan,0,0,0,0.0,real_source
681592,16-25,male,majority,0-9y,university,middle class,0.5403029099706618,0.0,before 2015,0.0,0.0,32765,14000.0,sedan,0,0,0,1.0,real_source
175087,16-25,female,majority,0-9y,high school,poverty,0.3837026150232011,0.0,before 2015,0.0,0.0,10238,17000.0,sedan,0,0,0,1.0,real_source
389116,26-39,male,majority,10-19y,high school,upper class,0.6951160488766015,0.0,before 2015,0.0,1.0,32765,8000.0,sedan,3,0,3,1.0,real_source
184051,26-39,female,majority,10-19y,university,upper class,0.6766496014312727,1.0,before 2015,0.0,1.0,10238,14000.0,sedan,0,0,0,0.0,real_source
229896,40-64,male,majority,20-29y,university,upper class,0.6190838779834634,1.0,after 2015,0.0,1.0,32765,11000.0,sedan,3,0,1,0.0,real_source
196217,40-64,female,majority,0-9y,university,middle class,0.5270319560976119,0.0,before 2015,0.0,1.0,92101,12000.0,sedan,0,0,0,1.0,real_source
324716,16-25,male,majority,0-9y,high school,poverty,0.4007546189708458,1.0,before 2015,0.0,1.0,10238,13000.0,sedan,0,0,0,0.0,real_source
211623,40-64,male,majority,20-29y,high school,upper class,0.5703333469354479,1.0,before 2015,0.0,1.0,10238,,sedan,1,0,2,0.0,real_source
83591,26-39,male,majority,10-19y,high school,middle class,0.6645243249513921,1.0,before 2015,0.0,0.0,10238,18000.0,sedan,0,0,0,1.0,real_source
993124,65+,male,majority,10-19y,university,upper class,0.4941094310431823,1.0,after 2015,1.0,1.0,10238,13000.0,sedan,3,0,1,0.0,real_source
8539,40-64,male,majority,10-19y,high school,upper class,0.5037900206930748,1.0,before 2015,1.0,1.0,10238,12000.0,sedan,0,1,1,1.0,real_source
747048,65+,male,majority,30y+,high school,upper class,0.5855486498565489,1.0,before 2015,0.0,1.0,10238,12000.0,sedan,5,0,3,0.0,real_source
795142,65+,male,minority,20-29y,high school,upper class,0.6140285846347459,1.0,before 2015,1.0,1.0,10238,10000.0,sedan,4,2,4,0.0,real_source
169410,40-64,male,majority,20-29y,high school,upper class,0.6476211343939571,1.0,before 2015,1.0,1.0,10238,13000.0,sedan,2,1,4,0.0,real_source
583812,65+,male,majority,20-29y,high school,upper class,0.7398845020799981,1.0,before 2015,1.0,1.0,10238,5000.0,sedan,1,1,5,0.0,real_source
478462,16-25,female,majority,0-9y,university,working class,0.4803194079693673,1.0,before 2015,0.0,1.0,10238,12000.0,sedan,0,0,0,0.0,real_source
352554,26-39,male,minority,10-19y,university,upper class,,1.0,after 2015,0.0,0.0,10238,12000.0,sedan,1,0,1,0.0,real_source
230639,16-25,female,majority,0-9y,university,working class,0.4442498526611807,0.0,before 2015,0.0,0.0,10238,14000.0,sedan,0,0,0,0.0,real_source
815872,26-39,male,majority,10-19y,high school,middle class,,1.0,before 2015,1.0,0.0,10238,9000.0,sedan,2,0,0,0.0,real_source
775983,16-25,male,minority,0-9y,university,poverty,0.2391781508508417,1.0,before 2015,0.0,1.0,10238,13000.0,sedan,0,0,0,1.0,real_source
826419,65+,male,majority,30y+,high school,upper class,0.4948439038756765,1.0,before 2015,1.0,1.0,10238,11000.0,sedan,4,0,6,0.0,real_source
243601,40-64,male,majority,20-29y,university,upper class,,1.0,after 2015,0.0,1.0,10238,12000.0,sedan,7,0,3,0.0,real_source
967532,65+,male,majority,30y+,university,upper class,0.6917501090394251,0.0,before 2015,1.0,1.0,32765,8000.0,sedan,11,1,2,0.0,real_source
976583,16-25,male,majority,0-9y,none,poverty,0.2688557957315958,0.0,before 2015,0.0,0.0,10238,18000.0,sedan,0,0,0,1.0,real_source
603789,26-39,male,majority,10-19y,high school,working class,0.4331483979991403,1.0,before 2015,0.0,0.0,10238,13000.0,sedan,4,0,2,0.0,real_source
864534,65+,male,majority,30y+,high school,upper class,0.5212741542242593,0.0,before 2015,1.0,1.0,10238,8000.0,sedan,5,1,8,0.0,real_source
64458,65+,male,majority,30y+,university,upper class,0.7330454994198158,1.0,before 2015,0.0,1.0,32765,10000.0,sedan,14,0,3,0.0,real_source
328464,40-64,female,majority,10-19y,high school,middle class,0.6034780339603384,0.0,before 2015,0.0,1.0,10238,14000.0,sedan,0,1,0,1.0,real_source
817121,26-39,female,majority,10-19y,high school,upper class,0.6387587524450637,1.0,before 2015,1.0,1.0,10238,12000.0,sedan,1,0,1,0.0,real_source
882662,65+,female,majority,10-19y,high school,upper class,0.6851295953595035,1.0,before 2015,1.0,1.0,10238,13000.0,sedan,0,0,1,0.0,real_source
212615,26-39,male,majority,10-19y,university,upper class,0.63585107068878,1.0,after 2015,1.0,1.0,10238,9000.0,sedan,1,0,2,0.0,real_source
11716,40-64,male,majority,0-9y,university,upper class,0.5988638728307288,1.0,after 2015,0.0,1.0,10238,10000.0,sedan,0,0,0,0.0,real_source
222367,40-64,female,majority,10-19y,university,upper class,0.6912624129938066,1.0,before 2015,1.0,1.0,32765,,sedan,2,0,2,1.0,real_source
824026,65+,female,majority,10-19y,university,upper class,0.6273248951416136,1.0,after 2015,1.0,1.0,10238,6000.0,sedan,0,0,1,0.0,real_source
288572,26-39,female,majority,10-19y,high school,working class,0.5084666027665685,0.0,after 2015,0.0,1.0,32765,5000.0,sedan,1,1,0,0.0,real_source
718889,40-64,female,minority,20-29y,none,middle class,0.4797713876922586,1.0,before 2015,1.0,1.0,32765,,sedan,6,1,0,0.0,real_source
533186,26-39,female,majority,10-19y,high school,working class,0.5011258301005672,1.0,after 2015,1.0,1.0,10238,,sedan,0,1,0,0.0,real_source
443217,16-25,female,majority,0-9y,high school,poverty,0.3803445345644651,0.0,before 2015,0.0,0.0,32765,15000.0,sedan,0,0,0,1.0,real_source
750835,65+,female,majority,0-9y,university,upper class,0.8718205743489047,1.0,before 2015,1.0,1.0,32765,9000.0,sedan,0,0,0,0.0,real_source
410567,40-64,male,majority,10-19y,high school,upper class,0.6454122358942709,1.0,before 2015,0.0,1.0,10238,15000.0,sedan,1,1,2,0.0,real_source
906843,65+,female,majority,30y+,high school,middle class,0.3620511593893883,0.0,before 2015,0.0,1.0,32765,,sedan,3,0,0,0.0,real_source
54250,26-39,female,majority,10-19y,high school,upper class,0.7432917959513885,1.0,after 2015,0.0,0.0,32765,15000.0,sedan,0,1,1,0.0,real_source
184502,65+,female,majority,10-19y,university,upper class,0.5088474941166801,1.0,before 2015,0.0,1.0,92101,13000.0,sedan,0,0,1,0.0,real_source
198413,40-64,female,majority,20-29y,none,middle class,0.6127658125044906,1.0,before 2015,1.0,1.0,10238,12000.0,sedan,3,0,1,0.0,real_source
998846,65+,female,majority,30y+,none,upper class,0.6200744979483414,1.0,before 2015,0.0,1.0,32765,7000.0,sedan,8,2,2,0.0,real_source
176415,26-39,female,majority,0-9y,university,middle class,0.4771355471466757,1.0,after 2015,0.0,0.0,10238,16000.0,sedan,0,0,0,0.0,real_source
221255,40-64,male,majority,20-29y,none,poverty,0.4017448784262296,0.0,before 2015,1.0,1.0,10238,7000.0,sedan,3,0,6,0.0,real_source
995544,40-64,male,majority,0-9y,university,middle class,0.6013332227197896,0.0,before 2015,1.0,1.0,10238,11000.0,sedan,0,0,0,1.0,real_source
340246,26-39,male,majority,10-19y,university,middle class,0.4085155263018246,1.0,before 2015,0.0,1.0,21217,10000.0,sedan,1,0,2,1.0,real_source
337772,26-39,male,majority,10-19y,university,middle class,0.4133473491876699,0.0,before 2015,1.0,1.0,32765,6000.0,sedan,4,0,0,1.0,real_source
432167,26-39,female,majority,0-9y,university,upper class,,0.0,before 2015,0.0,1.0,10238,11000.0,sedan,0,0,0,0.0,real_source
596426,65+,female,majority,30y+,high school,upper class,0.605936938549048,1.0,before 2015,1.0,1.0,10238,10000.0,sedan,5,3,0,0.0,real_source
679883,40-64,female,majority,20-29y,university,upper class,0.7112464650975716,1.0,before 2015,1.0,1.0,10238,10000.0,sedan,1,2,2,0.0,real_source
275254,26-39,female,majority,10-19y,none,poverty,0.3847356896028409,0.0,before 2015,0.0,0.0,10238,14000.0,sports car,2,0,2,0.0,real_source
941777,40-64,female,majority,20-29y,high school,working class,0.4109175056751442,1.0,before 2015,1.0,1.0,10238,10000.0,sedan,0,0,0,0.0,real_source
369814,26-39,male,majority,10-19y,high school,upper class,0.7087098003047069,1.0,before 2015,1.0,0.0,10238,,sedan,0,0,0,1.0,real_source
703526,40-64,male,majority,0-9y,university,upper class,0.699968933390543,1.0,after 2015,0.0,1.0,10238,14000.0,sedan,0,0,0,0.0,real_source
600770,16-25,male,majority,0-9y,high school,poverty,0.4148190238765414,1.0,before 2015,0.0,0.0,92101,,sports car,0,0,0,1.0,real_source
284495,16-25,male,majority,0-9y,high school,poverty,0.2960347840578989,0.0,before 2015,1.0,1.0,92101,,sedan,0,0,0,1.0,real_source
223140,40-64,female,majority,20-29y,university,upper class,0.6276638256137919,1.0,after 2015,1.0,1.0,10238,10000.0,sedan,2,2,4,0.0,real_source
146767,16-25,male,majority,0-9y,university,poverty,0.3924064433864116,0.0,after 2015,0.0,0.0,10238,14000.0,sedan,0,0,0,1.0,real_source
535845,65+,male,majority,20-29y,high school,upper class,0.7027497391497051,1.0,before 2015,1.0,1.0,32765,9000.0,sedan,8,1,1,0.0,real_source
575064,16-25,male,majority,0-9y,high school,poverty,0.3196742593821075,0.0,before 2015,0.0,0.0,10238,13000.0,sedan,0,0,0,1.0,real_source
756997,40-64,male,majority,20-29y,high school,upper class,0.5099520181970457,1.0,before 2015,1.0,0.0,32765,13000.0,sedan,4,2,1,0.0,real_source
940020,26-39,male,majority,10-19y,none,middle class,0.3842309926323624,1.0,before 2015,0.0,1.0,10238,,sedan,1,0,2,0.0,real_source
262686,40-64,female,majority,20-29y,high school,middle class,0.5727980895370869,1.0,before 2015,0.0,0.0,92101,16000.0,sedan,1,0,1,0.0,real_source
796394,26-39,female,majority,10-19y,university,upper class,0.65721875250877,1.0,after 2015,1.0,1.0,10238,10000.0,sedan,2,0,1,0.0,real_source
594071,40-64,male,majority,20-29y,university,upper class,0.6034650389720545,1.0,after 2015,0.0,0.0,10238,16000.0,sedan,2,0,1,0.0,real_source
906507,40-64,female,majority,10-19y,university,upper class,0.5171310078682555,1.0,after 2015,1.0,1.0,32765,,sedan,2,0,0,0.0,real_source
585897,65+,male,majority,30y+,high school,upper class,0.754224490677545,1.0,after 2015,1.0,1.0,32765,,sedan,11,3,5,0.0,real_source
23557,26-39,female,majority,0-9y,high school,middle class,0.5091877815444962,0.0,before 2015,0.0,0.0,32765,12000.0,sedan,0,0,0,1.0,real_source
41412,26-39,male,majority,10-19y,none,working class,,1.0,before 2015,0.0,0.0,10238,12000.0,sedan,3,0,2,0.0,real_source
518774,26-39,male,minority,10-19y,none,working class,0.3691239528084137,0.0,before 2015,1.0,1.0,10238,11000.0,sedan,3,0,6,1.0,real_source
340984,26-39,male,majority,10-19y,high school,middle class,0.515748081917767,1.0,after 2015,1.0,1.0,10238,11000.0,sedan,1,0,2,0.0,real_source
685275,16-25,female,majority,0-9y,high school,middle class,0.4728862849963735,0.0,before 2015,1.0,0.0,10238,,sedan,0,0,0,1.0,real_source
911697,65+,male,majority,0-9y,university,upper class,0.6280343303085025,1.0,after 2015,0.0,1.0,32765,10000.0,sedan,0,0,0,1.0,real_source
819383,16-25,female,majority,0-9y,none,poverty,0.1968910724089191,0.0,after 2015,0.0,0.0,10238,11000.0,sedan,0,0,0,0.0,real_source
156894,65+,female,majority,10-19y,high school,upper class,0.7322471159823747,1.0,after 2015,1.0,0.0,10238,16000.0,sedan,0,0,3,0.0,real_source
208897,26-39,female,majority,10-19y,high school,middle class,0.7603046768859507,1.0,before 2015,0.0,0.0,10238,13000.0,sports car,0,0,0,0.0,real_source
554627,40-64,male,majority,10-19y,high school,working class,0.4951027728901818,0.0,after 2015,1.0,0.0,32765,11000.0,sedan,3,0,1,1.0,real_source
609562,26-39,female,majority,0-9y,university,upper class,0.6735504375698135,1.0,after 2015,1.0,0.0,32765,7000.0,sedan,0,0,0,0.0,real_source
285141,26-39,female,majority,10-19y,high school,middle class,0.499490214856176,0.0,before 2015,0.0,0.0,32765,14000.0,sedan,2,1,0,1.0,real_source
926422,65+,male,majority,20-29y,high school,upper class,0.6563902910921708,1.0,after 2015,0.0,0.0,32765,15000.0,sedan,5,0,1,0.0,real_source
247518,26-39,male,majority,10-19y,university,middle class,0.3502643061702191,1.0,before 2015,0.0,0.0,10238,15000.0,sedan,1,0,0,0.0,real_source
348341,65+,male,majority,10-19y,university,upper class,0.7168125322882501,1.0,before 2015,1.0,1.0,10238,12000.0,sedan,0,0,0,0.0,real_source
849598,65+,female,majority,30y+,high school,upper class,0.6250937860092856,1.0,before 2015,0.0,1.0,10238,13000.0,sedan,3,0,4,0.0,real_source
46343,40-64,female,majority,20-29y,none,working class,0.3811310890638264,0.0,after 2015,1.0,1.0,32765,13000.0,sedan,1,1,0,0.0,real_source
674747,40-64,male,majority,20-29y,none,poverty,0.5527829603873413,0.0,before 2015,1.0,1.0,32765,9000.0,sedan,5,0,0,0.0,real_source
748515,40-64,female,majority,0-9y,university,upper class,0.6465278405621178,1.0,before 2015,1.0,1.0,10238,9000.0,sedan,0,0,0,0.0,real_source
931078,40-64,female,majority,20-29y,none,poverty,0.2990802016189651,0.0,before 2015,1.0,1.0,10238,11000.0,sedan,3,0,1,0.0,real_source
252821,65+,male,majority,0-9y,high school,upper class,0.6744780363265831,1.0,after 2015,0.0,1.0,10238,14000.0,sports car,0,0,0,0.0,real_source
773662,16-25,male,majority,0-9y,high school,working class,0.4583882344634534,1.0,before 2015,0.0,1.0,10238,16000.0,sedan,0,0,0,1.0,real_source
26675,40-64,male,majority,0-9y,none,working class,0.5083822971617667,0.0,before 2015,0.0,1.0,10238,15000.0,sedan,0,0,0,1.0,real_source
402970,16-25,male,majority,0-9y,university,working class,0.6477056226267793,1.0,before 2015,0.0,1.0,21217,13000.0,sedan,0,0,0,1.0,real_source
799465,65+,male,minority,10-19y,university,upper class,0.4242385060932215,1.0,before 2015,1.0,1.0,10238,13000.0,sedan,4,2,2,0.0,real_source
895195,26-39,male,majority,10-19y,university,upper class,0.4886390921860349,1.0,after 2015,1.0,1.0,10238,8000.0,sedan,0,1,3,0.0,real_source
257863,65+,female,majority,0-9y,university,upper class,0.8016635665229673,1.0,after 2015,1.0,1.0,32765,10000.0,sedan,0,0,0,0.0,real_source
72397,26-39,female,majority,10-19y,high school,working class,0.5821331521882249,1.0,before 2015,1.0,0.0,10238,11000.0,sedan,1,0,0,0.0,real_source
730350,65+,male,majority,30y+,high school,upper class,,1.0,after 2015,0.0,1.0,10238,14000.0,sedan,4,0,5,0.0,real_source
722977,26-39,male,majority,0-9y,high school,middle class,0.5079889264519122,1.0,before 2015,0.0,0.0,32765,13000.0,sedan,0,0,0,0.0,real_source
40785,16-25,female,majority,0-9y,university,working class,0.4924001507592951,1.0,before 2015,1.0,1.0,10238,15000.0,sedan,0,0,0,1.0,real_source
413667,40-64,male,majority,20-29y,university,upper class,0.6072511290882305,0.0,before 2015,0.0,0.0,10238,14000.0,sedan,0,0,3,1.0,real_source
301854,26-39,male,majority,10-19y,high school,upper class,0.6612070554767343,1.0,after 2015,1.0,1.0,10238,,sedan,1,1,4,0.0,real_source
528598,26-39,female,majority,10-19y,university,upper class,0.5872959217289818,1.0,before 2015,1.0,1.0,32765,13000.0,sedan,0,0,0,0.0,real_source
627731,16-25,male,majority,0-9y,university,poverty,0.2852396653008388,1.0,before 2015,0.0,0.0,10238,17000.0,sedan,0,0,0,0.0,real_source
544348,40-64,male,minority,20-29y,high school,upper class,0.5798926081940042,1.0,after 2015,1.0,1.0,10238,10000.0,sedan,7,0,4,0.0,real_source
377334,40-64,female,majority,10-19y,university,upper class,0.5500308528846838,1.0,after 2015,0.0,0.0,10238,17000.0,sedan,1,0,1,0.0,real_source
413348,16-25,female,majority,0-9y,none,poverty,0.283530730814583,1.0,before 2015,0.0,1.0,10238,11000.0,sedan,0,0,0,0.0,real_source
580041,16-25,female,majority,0-9y,university,upper class,0.7791380392680317,1.0,after 2015,1.0,0.0,10238,11000.0,sedan,0,0,0,0.0,real_source
559705,16-25,female,majority,0-9y,high school,middle class,0.5996663917766188,1.0,before 2015,1.0,1.0,10238,10000.0,sedan,0,0,0,0.0,real_source
213641,16-25,female,minority,0-9y,high school,working class,0.5069060955979555,1.0,before 2015,0.0,0.0,21217,14000.0,sedan,0,0,0,1.0,real_source
347626,16-25,male,majority,0-9y,high school,middle class,0.3374011594935631,0.0,before 2015,0.0,0.0,10238,17000.0,sedan,0,0,0,0.0,real_source
378383,26-39,male,majority,10-19y,none,poverty,0.3708743122219038,0.0,before 2015,0.0,0.0,10238,12000.0,sedan,0,0,1,0.0,real_source
483679,40-64,female,majority,20-29y,none,working class,0.6749728694535344,0.0,before 2015,0.0,1.0,32765,8000.0,sedan,4,0,0,1.0,real_source
81087,40-64,male,majority,10-19y,university,upper class,0.6480905975191704,1.0,before 2015,0.0,1.0,32765,8000.0,sedan,1,0,2,0.0,real_source
204090,16-25,male,majority,0-9y,high school,middle class,0.4718226131218329,0.0,after 2015,1.0,0.0,10238,13000.0,sedan,0,0,0,0.0,real_source
360947,65+,female,majority,30y+,university,upper class,0.6250936326831269,1.0,after 2015,1.0,1.0,10238,12000.0,sedan,1,0,1,0.0,real_source
132882,26-39,female,majority,10-19y,none,poverty,0.2776214501694235,1.0,before 2015,1.0,1.0,32765,,sedan,5,0,1,0.0,real_source
319686,40-64,female,majority,20-29y,university,upper class,0.6271708896812428,0.0,after 2015,0.0,1.0,92101,13000.0,sedan,1,0,0,0.0,real_source
614936,40-64,male,majority,0-9y,university,upper class,0.6821734370102701,1.0,before 2015,0.0,1.0,10238,9000.0,sedan,0,0,0,1.0,real_source
976334,16-25,male,majority,0-9y,high school,poverty,0.4508333570220496,0.0,before 2015,0.0,0.0,10238,14000.0,sedan,0,0,0,1.0,real_source
76084,40-64,male,majority,20-29y,university,upper class,0.4829458100969476,1.0,after 2015,1.0,1.0,10238,12000.0,sedan,2,1,1,0.0,real_source
132825,65+,male,majority,30y+,university,upper class,0.6109993088255848,1.0,before 2015,1.0,1.0,10238,12000.0,sedan,10,1,2,0.0,real_source
927624,26-39,female,majority,0-9y,university,upper class,0.6075427182177684,0.0,after 2015,1.0,0.0,10238,11000.0,sedan,0,0,0,1.0,real_source
321248,65+,male,minority,0-9y,none,working class,0.2510187314845141,1.0,before 2015,1.0,1.0,10238,14000.0,sedan,0,0,0,1.0,real_source
689699,65+,male,majority,20-29y,none,middle class,0.4951140373799573,0.0,before 2015,1.0,1.0,32765,8000.0,sedan,6,1,2,0.0,real_source
372338,65+,female,majority,30y+,university,upper class,0.8614390949319598,1.0,after 2015,1.0,1.0,10238,11000.0,sedan,4,0,0,0.0,real_source
841471,26-39,male,majority,0-9y,high school,middle class,0.5020137338213905,1.0,before 2015,0.0,0.0,10238,12000.0,sedan,0,0,0,0.0,real_source
892622,26-39,female,majority,10-19y,high school,middle class,0.5580648027506954,1.0,before 2015,0.0,0.0,10238,15000.0,sedan,0,0,1,0.0,real_source
307985,65+,female,majority,0-9y,high school,upper class,0.5630339027045643,0.0,after 2015,1.0,1.0,10238,14000.0,sedan,0,0,0,0.0,real_source
186651,26-39,female,majority,10-19y,high school,working class,0.6897285195206259,1.0,after 2015,0.0,0.0,10238,13000.0,sedan,1,0,1,0.0,real_source
484061,40-64,female,majority,20-29y,high school,middle class,0.5765165342081642,1.0,before 2015,0.0,1.0,10238,12000.0,sedan,3,1,2,0.0,real_source
674133,16-25,male,minority,0-9y,none,poverty,0.3844042013469977,0.0,before 2015,0.0,1.0,92101,11000.0,sedan,0,0,0,1.0,real_source
790700,65+,male,majority,30y+,high school,upper class,0.4840611142135751,1.0,before 2015,1.0,1.0,92101,14000.0,sedan,3,1,2,0.0,real_source
164792,26-39,female,majority,10-19y,university,working class,0.3148223445270154,1.0,before 2015,0.0,1.0,10238,14000.0,sedan,1,0,0,0.0,real_source
534758,16-25,male,majority,0-9y,university,working class,0.4862577533981535,0.0,before 2015,1.0,0.0,32765,12000.0,sedan,0,0,0,1.0,real_source
619382,40-64,female,majority,20-29y,university,upper class,0.6674075473242187,1.0,before 2015,1.0,1.0,10238,10000.0,sports car,4,0,1,0.0,real_source
100624,26-39,male,majority,10-19y,high school,middle class,0.4413910443823693,0.0,before 2015,0.0,1.0,10238,11000.0,sedan,0,0,1,1.0,real_source
331547,26-39,male,minority,10-19y,high school,middle class,0.5504725756139147,1.0,before 2015,0.0,0.0,10238,14000.0,sedan,2,0,1,0.0,real_source
854176,26-39,female,minority,10-19y,high school,middle class,0.4594468638715299,1.0,before 2015,0.0,1.0,10238,14000.0,sedan,0,0,0,1.0,real_source
994304,65+,male,minority,30y+,high school,middle class,0.4998196522603397,1.0,before 2015,1.0,1.0,10238,11000.0,sedan,6,1,3,0.0,real_source
265676,16-25,male,majority,0-9y,none,poverty,0.1693395631005956,0.0,before 2015,0.0,0.0,10238,14000.0,sedan,0,0,0,1.0,real_source
290196,40-64,male,majority,20-29y,high school,working class,0.4156474181321521,1.0,after 2015,1.0,0.0,10238,12000.0,sedan,1,0,8,0.0,real_source
558452,26-39,female,majority,10-19y,high school,middle class,0.5394884672858902,1.0,before 2015,1.0,1.0,10238,8000.0,sedan,0,0,2,0.0,real_source
467841,65+,female,minority,30y+,none,upper class,0.7059986204130669,1.0,before 2015,1.0,1.0,10238,8000.0,sedan,0,0,1,0.0,real_source
618877,40-64,male,majority,0-9y,university,upper class,0.6866898782442349,0.0,after 2015,1.0,1.0,32765,7000.0,sedan,0,0,0,1.0,real_source
547743,65+,male,majority,10-19y,university,upper class,0.7039604437932803,1.0,after 2015,1.0,1.0,92101,9000.0,sedan,1,0,0,0.0,real_source
989047,40-64,male,majority,20-29y,none,poverty,0.1695337483643942,0.0,before 2015,1.0,1.0,32765,10000.0,sedan,6,2,0,0.0,real_source
2590,65+,female,majority,30y+,university,upper class,0.5537983802002591,1.0,after 2015,1.0,1.0,10238,11000.0,sedan,1,0,1,0.0,real_source
475437,26-39,female,minority,0-9y,high school,middle class,0.5723042659254788,1.0,after 2015,0.0,1.0,10238,14000.0,sedan,0,0,0,1.0,real_source
357745,65+,male,majority,30y+,university,upper class,,1.0,before 2015,0.0,1.0,32765,,sedan,5,2,2,0.0,real_source
733428,26-39,male,majority,10-19y,none,poverty,0.2892824820314365,1.0,after 2015,0.0,1.0,10238,13000.0,sedan,1,0,2,0.0,real_source
958672,40-64,male,majority,20-29y,none,middle class,0.5828436603843743,0.0,before 2015,0.0,1.0,10238,9000.0,sedan,2,0,5,0.0,real_source
32252,16-25,female,minority,0-9y,high school,poverty,0.5028991268615003,0.0,before 2015,0.0,0.0,92101,13000.0,sedan,0,0,0,1.0,real_source
475598,26-39,male,majority,10-19y,high school,middle class,0.4888693493568546,1.0,after 2015,0.0,1.0,10238,12000.0,sedan,2,0,0,0.0,real_source
484621,16-25,male,majority,0-9y,none,poverty,,0.0,before 2015,0.0,1.0,10238,19000.0,sedan,0,0,0,1.0,real_source
936406,26-39,male,majority,0-9y,university,middle class,0.5363660064970701,1.0,before 2015,0.0,0.0,10238,13000.0,sedan,0,0,0,1.0,real_source
421824,40-64,male,majority,20-29y,high school,middle class,0.5928411353633745,1.0,after 2015,0.0,1.0,32765,10000.0,sedan,5,0,1,0.0,real_source
713491,40-64,female,majority,20-29y,high school,middle class,0.6347359863750631,1.0,before 2015,1.0,1.0,10238,8000.0,sedan,5,1,4,0.0,real_source
218283,26-39,male,majority,10-19y,university,middle class,0.7059712753304102,0.0,before 2015,1.0,1.0,10238,11000.0,sedan,1,0,0,1.0,real_source
268767,16-25,female,majority,0-9y,high school,working class,0.405982992760327,1.0,before 2015,0.0,0.0,92101,13000.0,sedan,0,0,0,0.0,real_source
96746,40-64,female,majority,10-19y,high school,upper class,0.8197927862511347,1.0,before 2015,1.0,1.0,10238,12000.0,sedan,2,0,0,0.0,real_source
136321,65+,female,majority,30y+,high school,upper class,0.426949153464342,1.0,before 2015,1.0,1.0,32765,6000.0,sedan,6,1,2,0.0,real_source
54272,40-64,female,majority,0-9y,high school,upper class,0.6870544048107581,1.0,after 2015,0.0,1.0,10238,13000.0,sedan,0,0,0,0.0,real_source
281804,65+,female,majority,30y+,high school,upper class,0.6354537452847215,1.0,before 2015,1.0,1.0,32765,10000.0,sedan,6,0,1,0.0,real_source
38960,16-25,male,majority,0-9y,high school,poverty,0.2971507114749279,1.0,before 2015,0.0,1.0,10238,13000.0,sports car,0,0,0,1.0,real_source
372241,40-64,male,majority,20-29y,university,upper class,0.5180075154458785,1.0,after 2015,1.0,1.0,10238,14000.0,sedan,2,0,3,0.0,real_source
718804,40-64,male,majority,0-9y,university,upper class,,1.0,after 2015,1.0,1.0,32765,,sedan,0,0,0,0.0,real_source
69392,65+,male,majority,30y+,high school,upper class,,1.0,before 2015,1.0,1.0,10238,12000.0,sedan,5,0,4,0.0,real_source
520263,26-39,female,majority,0-9y,none,middle class,0.5549260660639774,1.0,after 2015,0.0,1.0,92101,15000.0,sedan,0,0,0,0.0,real_source
475000,65+,male,majority,20-29y,university,upper class,0.7198619716146959,1.0,after 2015,1.0,1.0,10238,13000.0,sedan,3,0,1,0.0,real_source
895776,40-64,male,majority,20-29y,university,upper class,0.61711569009981,1.0,before 2015,1.0,0.0,10238,15000.0,sedan,2,0,1,0.0,real_source
665405,16-25,female,minority,0-9y,high school,poverty,,0.0,before 2015,0.0,1.0,10238,13000.0,sedan,0,0,0,1.0,real_source
249355,40-64,male,majority,10-19y,none,poverty,,1.0,before 2015,0.0,0.0,10238,13000.0,sedan,0,0,4,1.0,real_source
641934,40-64,male,majority,20-29y,high school,working class,0.5152516178220097,0.0,before 2015,1.0,1.0,32765,10000.0,sports car,4,0,1,0.0,real_source
843827,26-39,female,majority,10-19y,university,upper class,0.5156581144811223,0.0,before 2015,0.0,1.0,10238,15000.0,sedan,0,0,1,0.0,real_source
664266,40-64,female,majority,20-29y,high school,working class,0.4188505030192071,1.0,before 2015,1.0,1.0,32765,9000.0,sedan,3,1,6,0.0,real_source
861645,40-64,male,majority,20-29y,high school,poverty,0.2651149490079868,0.0,before 2015,0.0,1.0,10238,14000.0,sedan,4,2,2,0.0,real_source
919375,40-64,male,minority,20-29y,university,upper class,0.5848863739254324,1.0,after 2015,1.0,1.0,32765,7000.0,sedan,9,0,3,0.0,real_source
297773,16-25,male,majority,0-9y,none,poverty,0.2360778705139137,1.0,before 2015,1.0,1.0,32765,8000.0,sedan,0,0,0,1.0,real_source
657711,26-39,male,majority,10-19y,high school,upper class,0.6074493976689813,1.0,after 2015,0.0,0.0,10238,20000.0,sedan,0,1,1,1.0,real_source
843937,16-25,male,majority,0-9y,high school,working class,0.2975222670804213,1.0,before 2015,1.0,0.0,32765,5000.0,sports car,0,0,0,1.0,real_source
449679,40-64,male,majority,20-29y,university,upper class,0.7053790428997995,1.0,before 2015,0.0,1.0,10238,12000.0,sedan,2,0,4,0.0,real_source
304719,65+,female,majority,30y+,high school,upper class,0.5397957091782065,1.0,before 2015,1.0,1.0,10238,8000.0,sedan,4,1,5,0.0,real_source
589012,16-25,female,majority,0-9y,high school,middle class,0.4096793306908929,0.0,after 2015,1.0,0.0,32765,11000.0,sedan,0,0,0,1.0,real_source
201217,16-25,male,majority,0-9y,high school,poverty,0.4047838394434597,0.0,before 2015,0.0,0.0,10238,19000.0,sedan,0,0,0,1.0,real_source
439004,65+,female,majority,0-9y,university,upper class,,1.0,before 2015,1.0,1.0,10238,,sedan,0,0,0,1.0,real_source
208879,40-64,female,majority,20-29y,university,upper class,0.6843057449427008,1.0,after 2015,1.0,1.0,10238,11000.0,sedan,2,1,1,0.0,real_source
36749,40-64,female,majority,10-19y,university,upper class,0.4966637484954918,1.0,after 2015,0.0,1.0,10238,14000.0,sedan,0,0,1,0.0,real_source
889031,26-39,male,majority,10-19y,university,middle class,0.4373732557265739,0.0,after 2015,1.0,0.0,10238,14000.0,sedan,2,0,2,0.0,real_source
43340,16-25,male,majority,0-9y,none,poverty,0.2981062600049791,0.0,before 2015,0.0,0.0,32765,11000.0,sedan,0,0,0,1.0,real_source
390765,65+,male,majority,30y+,high school,upper class,0.6215417562731184,1.0,after 2015,1.0,1.0,10238,,sedan,5,2,6,0.0,real_source
362741,40-64,male,majority,20-29y,none,middle class,0.3793189651475524,0.0,after 2015,0.0,0.0,32765,12000.0,sports car,7,1,2,0.0,real_source
245073,40-64,female,majority,20-29y,high school,middle class,0.6220122192292971,1.0,before 2015,0.0,0.0,10238,15000.0,sedan,2,0,0,0.0,real_source
350328,65+,male,majority,0-9y,high school,upper class,0.6461274657541123,1.0,after 2015,0.0,1.0,32765,,sedan,0,0,0,1.0,real_source
631613,65+,female,majority,0-9y,university,upper class,0.6123770267013434,1.0,before 2015,1.0,1.0,10238,13000.0,sedan,0,0,0,0.0,real_source
781175,16-25,female,majority,0-9y,university,working class,0.5682353281583452,0.0,after 2015,0.0,0.0,32765,14000.0,sedan,0,0,0,1.0,real_source
285754,16-25,female,majority,0-9y,university,upper class,0.7614794486972251,1.0,after 2015,0.0,0.0,10238,13000.0,sedan,0,0,0,0.0,real_source
204082,65+,female,majority,30y+,university,upper class,0.6576152572911192,1.0,after 2015,1.0,1.0,10238,10000.0,sedan,4,0,1,0.0,real_source
654722,40-64,male,majority,20-29y,none,middle class,0.5870584176189222,1.0,before 2015,0.0,1.0,32765,10000.0,sedan,4,1,1,0.0,real_source
612335,26-39,female,majority,10-19y,none,middle class,0.5657336640140133,1.0,before 2015,0.0,0.0,10238,14000.0,sedan,0,0,0,0.0,real_source
901483,40-64,female,majority,10-19y,high school,working class,0.5032936022589767,1.0,before 2015,1.0,1.0,10238,10000.0,sedan,0,0,1,0.0,real_source
690570,40-64,male,majority,20-29y,high school,upper class,0.5760219348282631,0.0,after 2015,1.0,1.0,10238,12000.0,sedan,4,3,3,0.0,real_source
347806,40-64,female,majority,10-19y,high school,upper class,0.6980850959681614,1.0,after 2015,0.0,1.0,10238,13000.0,sedan,0,0,0,0.0,real_source
619673,16-25,female,majority,0-9y,high school,middle class,0.4659323519404982,1.0,after 2015,0.0,0.0,92101,15000.0,sedan,0,0,0,1.0,real_source
652635,16-25,female,majority,0-9y,none,poverty,0.4367595647248347,1.0,before 2015,0.0,0.0,10238,16000.0,sedan,0,0,0,1.0,real_source
802187,65+,male,majority,0-9y,none,poverty,0.2783488243388086,0.0,before 2015,0.0,1.0,32765,11000.0,sedan,0,0,0,1.0,real_source
804055,26-39,female,majority,0-9y,university,middle class,0.583189088445011,1.0,after 2015,1.0,1.0,32765,9000.0,sedan,0,0,0,1.0,real_source
647951,16-25,male,majority,0-9y,none,poverty,0.3719180738581397,0.0,before 2015,0.0,1.0,10238,15000.0,sedan,0,0,0,1.0,real_source
893816,65+,female,minority,0-9y,none,upper class,0.6300561111086315,1.0,after 2015,1.0,1.0,32765,6000.0,sedan,0,0,0,0.0,real_source
984965,26-39,male,majority,10-19y,none,poverty,0.2852883968859366,1.0,before 2015,0.0,0.0,10238,,sports car,0,0,1,0.0,real_source
344025,26-39,male,majority,0-9y,high school,middle class,,0.0,before 2015,0.0,1.0,10238,10000.0,sedan,0,0,0,1.0,real_source
769065,40-64,male,majority,10-19y,high school,middle class,0.4433984296773094,1.0,before 2015,0.0,1.0,92101,12000.0,sedan,1,1,3,1.0,real_source
303570,40-64,female,majority,20-29y,high school,upper class,0.6222134145985511,1.0,before 2015,1.0,0.0,10238,11000.0,sedan,5,0,3,0.0,real_source
867896,40-64,female,majority,20-29y,university,upper class,0.6140851562528803,1.0,after 2015,1.0,1.0,32765,5000.0,sedan,2,1,0,0.0,real_source
612120,65+,female,majority,0-9y,university,upper class,0.6268200008479333,1.0,after 2015,1.0,1.0,10238,9000.0,sedan,0,0,0,0.0,real_source
742574,40-64,female,majority,10-19y,high school,upper class,0.5456914757249995,1.0,before 2015,1.0,1.0,32765,9000.0,sedan,4,0,0,0.0,real_source
909281,26-39,male,majority,10-19y,none,working class,,0.0,before 2015,0.0,1.0,10238,14000.0,sedan,2,0,1,1.0,real_source
349830,40-64,male,majority,0-9y,university,upper class,0.5183805671406626,1.0,after 2015,1.0,0.0,32765,12000.0,sedan,0,0,0,0.0,real_source
405353,26-39,male,majority,10-19y,university,upper class,0.5723844051742781,1.0,after 2015,1.0,1.0,92101,15000.0,sedan,1,0,1,0.0,real_source
729172,16-25,male,majority,0-9y,high school,poverty,,1.0,before 2015,0.0,1.0,10238,12000.0,sedan,0,0,0,1.0,real_source
882603,26-39,male,majority,10-19y,university,working class,0.2910017108300862,1.0,before 2015,0.0,1.0,10238,10000.0,sedan,2,1,3,0.0,real_source
657770,26-39,male,majority,10-19y,high school,middle class,0.5530951841884917,1.0,before 2015,1.0,1.0,10238,9000.0,sedan,0,0,1,0.0,real_source
314198,26-39,male,majority,10-19y,university,middle class,0.6090185106289574,1.0,after 2015,1.0,0.0,10238,,sedan,0,0,0,0.0,real_source
255663,16-25,female,majority,0-9y,high school,poverty,,0.0,before 2015,0.0,0.0,10238,14000.0,sedan,0,0,0,1.0,real_source
605650,65+,female,majority,10-19y,university,upper class,0.7807289784606327,1.0,before 2015,1.0,1.0,10238,8000.0,sedan,1,0,2,0.0,real_source
644428,65+,female,majority,10-19y,high school,upper class,0.6553239523326291,0.0,before 2015,0.0,1.0,32765,8000.0,sedan,3,0,1,1.0,real_source
85337,40-64,female,majority,20-29y,high school,upper class,0.3727670428960929,1.0,after 2015,0.0,0.0,32765,15000.0,sedan,3,0,2,0.0,real_source
722940,40-64,female,majority,10-19y,university,upper class,0.5825670748368198,1.0,before 2015,0.0,0.0,10238,17000.0,sports car,0,0,0,0.0,real_source
480416,16-25,male,majority,0-9y,high school,working class,0.3430986453172294,0.0,before 2015,1.0,1.0,10238,10000.0,sedan,0,0,0,1.0,real_source
945424,65+,male,majority,10-19y,high school,upper class,0.5360088834656744,1.0,before 2015,1.0,1.0,10238,12000.0,sedan,0,0,1,0.0,real_source
719571,65+,male,majority,30y+,high school,upper class,0.6343763728642138,1.0,after 2015,1.0,1.0,10238,12000.0,sedan,6,1,3,0.0,real_source
739171,40-64,female,majority,20-29y,high school,upper class,0.5109045610544121,1.0,before 2015,1.0,1.0,10238,10000.0,sedan,1,0,3,0.0,real_source
933988,65+,female,majority,10-19y,high school,upper class,0.5887804243446704,0.0,after 2015,1.0,1.0,10238,9000.0,sedan,0,0,1,0.0,real_source
573539,65+,male,majority,30y+,university,upper class,,1.0,after 2015,0.0,1.0,92101,18000.0,sedan,1,0,3,0.0,real_source
562979,65+,female,majority,30y+,high school,upper class,0.5092249411062658,0.0,after 2015,1.0,1.0,10238,13000.0,sedan,0,0,3,0.0,real_source
819805,16-25,male,majority,0-9y,none,poverty,0.2163227821008397,1.0,before 2015,0.0,0.0,10238,11000.0,sedan,0,0,0,0.0,real_source
268399,40-64,male,majority,20-29y,high school,upper class,0.5370649528312461,1.0,before 2015,1.0,1.0,10238,8000.0,sedan,3,1,1,0.0,real_source
544240,40-64,male,majority,20-29y,high school,poverty,0.3022901934726792,0.0,before 2015,0.0,1.0,10238,12000.0,sedan,6,0,1,0.0,real_source
486821,26-39,female,majority,10-19y,none,poverty,0.3649909855025003,0.0,before 2015,0.0,0.0,10238,,sedan,0,0,0,0.0,real_source
604295,26-39,male,majority,10-19y,high school,upper class,0.7485370561868364,1.0,after 2015,0.0,1.0,10238,17000.0,sedan,0,0,1,0.0,real_source
71810,16-25,female,majority,0-9y,none,poverty,0.2736237659745527,0.0,before 2015,0.0,1.0,10238,13000.0,sedan,0,0,0,1.0,real_source
220730,65+,female,majority,10-19y,high school,upper class,0.6363437668457077,1.0,before 2015,1.0,1.0,10238,13000.0,sports car,1,0,2,1.0,real_source
533665,40-64,male,minority,20-29y,university,upper class,0.6239669002821674,1.0,before 2015,1.0,0.0,10238,13000.0,sedan,1,0,0,0.0,real_source
197012,40-64,female,majority,0-9y,university,upper class,0.6949795160925676,1.0,after 2015,0.0,1.0,32765,12000.0,sedan,0,0,0,0.0,real_source
370288,16-25,male,majority,0-9y,none,poverty,0.3694398200128026,1.0,before 2015,0.0,0.0,10238,16000.0,sedan,0,0,0,1.0,real_source
265253,65+,female,majority,30y+,none,upper class,0.6269835326688734,1.0,before 2015,0.0,0.0,32765,19000.0,sedan,5,3,0,1.0,real_source
522222,16-25,male,majority,0-9y,university,working class,0.2381061042528282,0.0,before 2015,0.0,1.0,10238,13000.0,sedan,0,0,0,1.0,real_source
450881,16-25,female,majority,0-9y,none,poverty,0.3812082678489889,1.0,before 2015,0.0,1.0,10238,11000.0,sedan,0,0,0,1.0,real_source
771061,26-39,male,minority,10-19y,none,working class,0.4227591788232032,0.0,after 2015,0.0,1.0,32765,10000.0,sedan,6,1,2,0.0,real_source
252639,16-25,male,majority,0-9y,none,poverty,0.2308881760595769,0.0,before 2015,0.0,0.0,10238,14000.0,sedan,0,0,0,1.0,real_source
153822,16-25,female,majority,0-9y,high school,poverty,0.3737659567144641,0.0,before 2015,0.0,1.0,32765,9000.0,sedan,0,0,0,1.0,real_source
312613,26-39,male,majority,10-19y,university,middle class,0.4306485099701296,1.0,before 2015,1.0,1.0,10238,12000.0,sedan,0,0,5,0.0,real_source
395742,26-39,male,majority,10-19y,high school,working class,0.4143625447711384,0.0,before 2015,1.0,1.0,10238,11000.0,sedan,1,0,1,1.0,real_source
504214,40-64,male,majority,20-29y,high school,upper class,0.5226425668570025,1.0,before 2015,1.0,1.0,10238,14000.0,sedan,2,1,2,0.0,real_source
339992,65+,female,majority,10-19y,university,upper class,0.6589085636355084,1.0,before 2015,1.0,1.0,10238,13000.0,sedan,0,0,1,0.0,real_source
701369,26-39,female,majority,10-19y,university,middle class,0.4811607655495461,1.0,after 2015,0.0,0.0,10238,17000.0,sedan,1,0,1,0.0,real_source
998663,40-64,female,majority,20-29y,university,upper class,0.8455758523974766,1.0,before 2015,1.0,1.0,32765,8000.0,sedan,3,1,0,0.0,real_source
899994,16-25,male,majority,0-9y,high school,poverty,0.4041085457217009,1.0,before 2015,0.0,1.0,10238,,sedan,0,0,0,0.0,real_source
978850,26-39,male,majority,10-19y,high school,working class,,0.0,before 2015,0.0,0.0,10238,17000.0,sedan,0,0,0,1.0,real_source
300883,26-39,female,majority,0-9y,high school,upper class,0.4607932766617084,1.0,before 2015,0.0,1.0,10238,18000.0,sedan,0,0,0,0.0,real_source
864123,65+,female,majority,0-9y,university,upper class,0.6004262983834184,1.0,before 2015,0.0,1.0,10238,12000.0,sedan,0,0,0,0.0,real_source
163282,16-25,female,majority,0-9y,high school,working class,0.2763445973341886,0.0,before 2015,0.0,1.0,10238,15000.0,sports car,0,0,0,1.0,real_source
23958,26-39,male,majority,10-19y,university,working class,0.5169697706865926,1.0,before 2015,1.0,1.0,10238,,sedan,2,0,5,0.0,real_source
418431,40-64,male,majority,20-29y,high school,middle class,0.5582199294909035,0.0,before 2015,1.0,1.0,10238,11000.0,sports car,4,0,3,0.0,real_source
587705,26-39,male,majority,10-19y,high school,middle class,,1.0,before 2015,0.0,1.0,32765,12000.0,sedan,5,0,1,1.0,real_source
412029,40-64,female,majority,20-29y,high school,upper class,0.6992028342229414,1.0,after 2015,1.0,0.0,10238,13000.0,sedan,2,1,1,0.0,real_source
749244,40-64,female,majority,0-9y,high school,upper class,,1.0,after 2015,1.0,1.0,10238,13000.0,sedan,0,0,0,0.0,real_source
634462,16-25,male,majority,0-9y,high school,working class,0.4295831983974316,0.0,after 2015,0.0,1.0,10238,13000.0,sedan,0,0,0,1.0,real_source
995010,26-39,male,majority,10-19y,none,working class,0.53999019786775,0.0,before 2015,0.0,0.0,10238,22000.0,sedan,0,0,0,1.0,real_source
49673,65+,male,majority,30y+,university,upper class,0.4245151278139132,1.0,after 2015,0.0,1.0,32765,13000.0,sedan,7,1,3,0.0,real_source
241658,26-39,female,majority,10-19y,high school,upper class,0.6609209294591889,0.0,before 2015,1.0,0.0,10238,12000.0,sedan,0,0,0,0.0,real_source
119673,65+,male,majority,30y+,university,upper class,,1.0,before 2015,0.0,1.0,10238,8000.0,sedan,4,0,6,0.0,real_source
870932,40-64,male,majority,10-19y,university,upper class,0.5242439136712345,1.0,after 2015,1.0,1.0,10238,10000.0,sedan,2,0,3,0.0,real_source
634716,26-39,male,majority,10-19y,high school,working class,0.3393553417556129,0.0,before 2015,0.0,1.0,10238,,sedan,3,0,2,1.0,real_source
594766,65+,female,majority,30y+,university,upper class,,1.0,before 2015,1.0,1.0,10238,7000.0,sedan,3,1,1,0.0,real_source
171600,26-39,female,majority,10-19y,none,poverty,0.4475562405871088,1.0,before 2015,0.0,0.0,10238,17000.0,sedan,1,0,0,1.0,real_source
122054,65+,male,majority,30y+,university,upper class,0.6683556972839072,1.0,after 2015,1.0,0.0,32765,9000.0,sedan,10,4,3,0.0,real_source
971543,16-25,male,majority,0-9y,high school,poverty,0.2104283800148802,0.0,before 2015,0.0,0.0,10238,15000.0,sedan,0,0,0,1.0,real_source
837306,40-64,male,majority,0-9y,university,upper class,,0.0,before 2015,1.0,0.0,10238,13000.0,sedan,0,0,0,1.0,real_source
954377,26-39,male,majority,0-9y,high school,working class,0.3470241678863912,1.0,before 2015,0.0,1.0,32765,8000.0,sedan,0,0,0,0.0,real_source
871439,26-39,male,majority,0-9y,none,middle class,0.5693585841350143,0.0,before 2015,1.0,1.0,10238,11000.0,sedan,0,0,0,1.0,real_source
416994,65+,male,majority,0-9y,high school,upper class,0.6498380486598201,1.0,before 2015,0.0,1.0,10238,13000.0,sedan,0,0,0,0.0,real_source
715593,26-39,female,majority,10-19y,high school,middle class,0.5078802543183951,1.0,before 2015,1.0,1.0,10238,10000.0,sedan,2,0,1,0.0,real_source
493334,16-25,male,majority,0-9y,university,working class,0.3849121649655199,0.0,after 2015,0.0,1.0,10238,14000.0,sedan,0,0,0,1.0,real_source
133396,65+,female,minority,30y+,university,upper class,0.4965930614089602,1.0,after 2015,1.0,1.0,10238,10000.0,sedan,2,1,3,0.0,real_source
738155,26-39,male,majority,10-19y,high school,working class,0.2976116302421179,0.0,before 2015,0.0,0.0,10238,12000.0,sedan,2,0,4,0.0,real_source
927919,65+,female,majority,30y+,university,upper class,0.7145464974005755,1.0,before 2015,1.0,1.0,10238,11000.0,sedan,1,0,1,0.0,real_source
26345,65+,female,majority,30y+,high school,upper class,0.6428133273417873,1.0,after 2015,1.0,0.0,92101,14000.0,sedan,1,0,1,0.0,real_source
771470,26-39,male,majority,0-9y,high school,working class,0.4592153331489896,0.0,before 2015,0.0,1.0,10238,13000.0,sports car,0,0,0,1.0,real_source
779224,26-39,female,majority,10-19y,high school,middle class,0.5189486334933664,1.0,before 2015,1.0,1.0,10238,14000.0,sedan,1,0,0,0.0,real_source
766151,40-64,male,majority,10-19y,university,middle class,0.6266718632022068,1.0,before 2015,1.0,1.0,32765,4000.0,sedan,5,0,1,0.0,real_source
737101,26-39,female,majority,10-19y,none,poverty,0.4037421193885848,1.0,before 2015,1.0,1.0,10238,13000.0,sedan,0,0,0,0.0,real_source
447678,40-64,female,majority,20-29y,none,working class,0.5531146144818443,1.0,before 2015,1.0,1.0,32765,9000.0,sedan,3,0,0,0.0,real_source
599588,40-64,female,majority,10-19y,high school,poverty,0.3099040749817078,0.0,before 2015,0.0,1.0,10238,12000.0,sports car,1,0,0,1.0,real_source
324769,65+,male,majority,30y+,high school,upper class,0.4171313477376379,1.0,after 2015,1.0,1.0,10238,,sedan,6,2,4,0.0,real_source
710116,26-39,male,majority,10-19y,university,middle class,0.5301684741477407,1.0,after 2015,0.0,1.0,92101,12000.0,sedan,1,0,0,0.0,real_source
816454,40-64,female,majority,10-19y,high school,upper class,0.6776807976678804,1.0,before 2015,1.0,1.0,10238,12000.0,sedan,1,0,1,0.0,real_source
667833,26-39,male,majority,10-19y,none,middle class,0.5010729015505729,1.0,before 2015,1.0,1.0,10238,15000.0,sedan,2,0,1,0.0,real_source
659468,65+,male,majority,10-19y,university,upper class,0.5546030942377342,1.0,before 2015,0.0,1.0,10238,12000.0,sedan,2,0,2,1.0,real_source
30313,40-64,male,majority,10-19y,high school,middle class,0.6218093450295321,1.0,before 2015,1.0,1.0,10238,11000.0,sedan,1,0,0,0.0,real_source
99995,40-64,female,majority,20-29y,high school,working class,0.337665529526617,1.0,before 2015,0.0,0.0,92101,18000.0,sedan,0,0,0,0.0,real_source
817251,26-39,male,majority,10-19y,high school,middle class,0.6640911967203269,1.0,before 2015,0.0,0.0,10238,11000.0,sedan,0,1,3,0.0,real_source
591072,26-39,male,majority,10-19y,high school,middle class,0.6485681228268269,0.0,before 2015,0.0,0.0,10238,14000.0,sedan,2,0,1,1.0,real_source
6153,40-64,male,majority,20-29y,university,middle class,0.6902244174812119,1.0,before 2015,0.0,0.0,10238,14000.0,sedan,0,0,1,0.0,real_source
730240,26-39,female,majority,10-19y,high school,working class,0.3645356612084071,0.0,before 2015,0.0,0.0,10238,,sedan,0,0,1,1.0,real_source
53655,16-25,male,majority,0-9y,none,poverty,0.2877497137309024,0.0,before 2015,0.0,0.0,10238,17000.0,sedan,0,0,0,1.0,real_source
589233,40-64,male,majority,20-29y,university,upper class,0.5632175676044759,1.0,after 2015,0.0,1.0,10238,10000.0,sedan,1,0,4,0.0,real_source
987989,65+,female,majority,30y+,high school,upper class,0.7064255559004173,1.0,after 2015,0.0,1.0,21217,15000.0,sedan,0,0,1,1.0,real_source
533949,40-64,male,majority,10-19y,high school,middle class,0.4323039303974849,1.0,before 2015,0.0,1.0,10238,10000.0,sports car,0,0,0,0.0,real_source
832426,16-25,male,majority,0-9y,none,poverty,,0.0,before 2015,0.0,0.0,10238,14000.0,sedan,0,0,0,1.0,real_source
177748,26-39,male,majority,10-19y,none,working class,0.3195548615459186,1.0,after 2015,0.0,1.0,10238,16000.0,sedan,1,1,0,0.0,real_source
321859,26-39,female,majority,10-19y,university,working class,0.3566916562731372,0.0,after 2015,1.0,0.0,32765,10000.0,sedan,1,0,2,0.0,real_source
965324,16-25,female,minority,0-9y,none,poverty,0.3880366808421414,0.0,before 2015,0.0,0.0,32765,11000.0,sedan,0,0,0,1.0,real_source
329584,26-39,female,majority,10-19y,high school,working class,0.4514135164643635,1.0,before 2015,1.0,1.0,10238,9000.0,sedan,0,0,2,0.0,real_source
396285,40-64,male,majority,20-29y,university,upper class,0.5231613440500279,1.0,after 2015,1.0,1.0,10238,10000.0,sedan,2,0,3,0.0,real_source
462073,40-64,female,majority,0-9y,high school,upper class,0.7725922199928316,1.0,before 2015,0.0,1.0,10238,10000.0,sedan,0,0,0,0.0,real_source
909885,65+,male,majority,30y+,university,upper class,0.6794180781959268,1.0,before 2015,1.0,1.0,32765,8000.0,sedan,11,0,4,0.0,real_source
191217,40-64,female,majority,20-29y,none,working class,0.3377072597027285,0.0,before 2015,0.0,0.0,10238,14000.0,sedan,3,1,1,0.0,real_source
24745,16-25,male,majority,0-9y,none,poverty,0.3734099349230161,0.0,before 2015,0.0,1.0,32765,9000.0,sedan,0,0,0,0.0,real_source
350540,65+,female,majority,30y+,university,upper class,0.5197631166283038,1.0,before 2015,1.0,1.0,32765,,sedan,5,1,0,0.0,real_source
999856,40-64,male,majority,10-19y,high school,upper class,0.6003122405160969,1.0,before 2015,1.0,1.0,10238,10000.0,sedan,0,0,3,0.0,real_source
317239,26-39,male,minority,10-19y,none,poverty,0.4473204004669769,0.0,after 2015,1.0,1.0,10238,10000.0,sedan,3,0,2,0.0,real_source
746466,40-64,female,majority,20-29y,high school,upper class,,1.0,after 2015,1.0,1.0,32765,6000.0,sedan,5,3,1,0.0,real_source
223379,16-25,male,majority,0-9y,high school,poverty,0.3522158955995118,0.0,before 2015,0.0,0.0,10238,,sedan,0,0,0,1.0,real_source
171829,26-39,male,majority,10-19y,none,poverty,0.3847001936056115,0.0,before 2015,0.0,0.0,10238,17000.0,sedan,0,1,1,1.0,real_source
434129,16-25,male,majority,0-9y,none,poverty,0.3038993974171593,1.0,before 2015,0.0,0.0,32765,9000.0,sedan,0,0,0,0.0,real_source
75718,26-39,female,majority,0-9y,high school,middle class,0.5847023883755701,1.0,before 2015,1.0,1.0,10238,12000.0,sedan,0,0,0,0.0,real_source
736013,40-64,female,majority,10-19y,university,middle class,0.6081552315522438,0.0,after 2015,1.0,1.0,10238,12000.0,sedan,0,0,1,0.0,real_source
218342,26-39,female,majority,10-19y,university,middle class,,1.0,before 2015,1.0,0.0,21217,15000.0,sedan,0,0,1,1.0,real_source
447292,16-25,female,majority,0-9y,university,working class,0.4948182190512221,0.0,after 2015,0.0,0.0,10238,16000.0,sedan,0,0,0,1.0,real_source
627530,65+,male,majority,0-9y,high school,upper class,0.6313865803936844,1.0,after 2015,0.0,1.0,10238,10000.0,sedan,0,0,0,0.0,real_source
648539,26-39,male,majority,10-19y,high school,poverty,0.3194477087217343,0.0,before 2015,0.0,1.0,10238,11000.0,sedan,5,0,1,1.0,real_source
216821,65+,male,minority,30y+,university,upper class,,1.0,after 2015,1.0,1.0,92101,13000.0,sedan,5,0,2,0.0,real_source
245210,26-39,female,majority,10-19y,university,upper class,0.5341932257971566,1.0,after 2015,1.0,1.0,10238,12000.0,sedan,1,0,1,0.0,real_source
953701,65+,male,majority,30y+,university,upper class,0.5986072426122816,1.0,before 2015,1.0,1.0,10238,11000.0,sedan,3,1,4,0.0,real_source
655303,40-64,male,majority,10-19y,none,working class,0.3086161858723703,0.0,before 2015,0.0,1.0,92101,12000.0,sedan,2,1,1,1.0,real_source
371252,40-64,male,minority,20-29y,none,poverty,,0.0,before 2015,0.0,1.0,10238,13000.0,sedan,2,1,3,0.0,real_source
957742,65+,female,majority,30y+,university,upper class,0.5780130942742782,1.0,before 2015,1.0,1.0,32765,10000.0,sedan,3,0,0,0.0,real_source
201110,26-39,male,majority,0-9y,high school,poverty,0.3565970805276302,0.0,before 2015,0.0,0.0,10238,14000.0,sedan,0,0,0,1.0,real_source
823403,40-64,female,majority,20-29y,high school,upper class,0.5928413131762896,1.0,after 2015,0.0,0.0,10238,12000.0,sedan,0,1,0,0.0,real_source
571255,16-25,female,majority,0-9y,university,middle class,0.5690936735151916,0.0,before 2015,0.0,0.0,10238,13000.0,sedan,0,0,0,1.0,real_source
378887,26-39,male,majority,10-19y,high school,working class,0.3699504040930104,0.0,before 2015,0.0,1.0,10238,13000.0,sedan,3,0,0,1.0,real_source
965897,26-39,female,majority,10-19y,high school,middle class,0.6931833751647888,1.0,after 2015,1.0,1.0,10238,,sedan,0,0,0,0.0,real_source
934520,26-39,male,minority,0-9y,university,upper class,0.6264201182661311,0.0,after 2015,1.0,1.0,10238,12000.0,sedan,0,0,0,1.0,real_source
492664,16-25,male,majority,0-9y,university,middle class,,1.0,before 2015,1.0,0.0,32765,10000.0,sedan,0,0,0,1.0,real_source
498885,65+,male,majority,20-29y,high school,upper class,0.5756563312970334,1.0,after 2015,1.0,1.0,10238,11000.0,sedan,5,0,1,0.0,real_source
187033,16-25,male,majority,0-9y,high school,working class,0.4106819499455472,0.0,before 2015,0.0,0.0,10238,14000.0,sedan,0,0,0,1.0,real_source
950680,40-64,female,majority,20-29y,none,working class,0.3936059091805015,1.0,after 2015,0.0,0.0,10238,15000.0,sedan,0,1,1,0.0,real_source
671195,26-39,female,majority,10-19y,high school,poverty,0.4479815391901505,0.0,before 2015,0.0,1.0,10238,11000.0,sedan,2,1,1,1.0,real_source
232953,16-25,female,majority,0-9y,high school,poverty,0.4283491258451956,0.0,before 2015,0.0,0.0,32765,13000.0,sedan,0,0,0,1.0,real_source
635961,65+,female,majority,30y+,high school,upper class,0.6038764581247468,1.0,after 2015,1.0,1.0,32765,8000.0,sports car,2,0,0,0.0,real_source
203711,26-39,male,majority,10-19y,university,middle class,0.4728694285326513,1.0,before 2015,1.0,1.0,10238,11000.0,sedan,1,0,4,0.0,real_source
30606,40-64,male,majority,20-29y,high school,working class,,1.0,before 2015,0.0,1.0,10238,13000.0,sedan,7,0,3,0.0,real_source
415637,26-39,male,majority,10-19y,university,working class,0.4983825512750024,1.0,after 2015,0.0,1.0,10238,12000.0,sedan,0,0,0,0.0,real_source
412652,65+,female,majority,30y+,none,upper class,,1.0,after 2015,1.0,1.0,10238,11000.0,sedan,7,0,2,0.0,real_source
700543,26-39,female,majority,10-19y,university,upper class,0.5860487718632954,1.0,before 2015,0.0,0.0,10238,,sedan,0,0,1,0.0,real_source
792806,65+,male,majority,30y+,high school,upper class,,1.0,before 2015,1.0,1.0,32765,9000.0,sedan,11,2,1,0.0,real_source
737363,40-64,male,majority,20-29y,none,working class,0.5303186918349816,1.0,before 2015,0.0,1.0,32765,8000.0,sedan,9,0,1,1.0,real_source
766772,26-39,female,majority,10-19y,high school,working class,0.3456724459578565,0.0,before 2015,0.0,1.0,10238,16000.0,sedan,0,0,0,1.0,real_source
400274,26-39,male,majority,10-19y,university,working class,0.3665421414020521,1.0,before 2015,0.0,1.0,10238,14000.0,sedan,0,0,4,0.0,real_source
671956,40-64,male,majority,20-29y,high school,poverty,0.3246316705166622,0.0,before 2015,1.0,1.0,92101,8000.0,sedan,1,1,1,0.0,real_source
259475,65+,male,majority,10-19y,high school,middle class,0.4602898126412031,1.0,before 2015,1.0,1.0,10238,10000.0,sedan,0,2,4,0.0,real_source
906864,40-64,male,majority,20-29y,none,upper class,,1.0,after 2015,1.0,1.0,10238,11000.0,sedan,1,1,5,0.0,real_source
120206,26-39,female,majority,0-9y,high school,working class,0.4691015417651202,1.0,before 2015,0.0,1.0,10238,12000.0,sedan,0,0,0,0.0,real_source
740173,26-39,male,minority,0-9y,high school,poverty,0.1747592446844146,1.0,before 2015,0.0,0.0,10238,14000.0,sedan,0,0,0,1.0,real_source
68359,26-39,female,majority,10-19y,high school,middle class,0.6357640070902488,0.0,before 2015,0.0,0.0,10238,17000.0,sedan,1,0,1,1.0,real_source
616854,65+,female,majority,30y+,university,upper class,0.6348842997881012,1.0,before 2015,1.0,1.0,10238,10000.0,sports car,5,0,4,0.0,real_source
105199,26-39,male,majority,10-19y,university,middle class,0.5607959096127864,1.0,before 2015,0.0,1.0,10238,9000.0,sedan,2,0,1,0.0,real_source
526996,40-64,female,majority,10-19y,high school,upper class,0.6333926663072394,1.0,before 2015,0.0,1.0,10238,16000.0,sedan,1,0,0,1.0,real_source
734032,65+,male,majority,30y+,high school,upper class,,1.0,after 2015,1.0,1.0,10238,10000.0,sedan,5,0,6,0.0,real_source
774073,40-64,female,majority,10-19y,university,upper class,0.4163119561652089,1.0,after 2015,0.0,1.0,10238,13000.0,sedan,0,0,1,0.0,real_source
299437,40-64,female,majority,0-9y,university,upper class,0.5033494923110008,1.0,before 2015,1.0,1.0,32765,6000.0,sedan,0,0,0,1.0,real_source
665048,65+,female,majority,30y+,university,upper class,0.5797122446155127,1.0,after 2015,1.0,1.0,10238,,sedan,2,0,4,0.0,real_source
766507,40-64,female,majority,20-29y,none,poverty,0.3578107712095882,0.0,before 2015,0.0,1.0,10238,10000.0,sedan,1,0,3,0.0,real_source
340297,26-39,male,majority,10-19y,university,upper class,0.5803441238522453,1.0,before 2015,0.0,1.0,32765,,sedan,2,0,1,0.0,real_source
662288,26-39,female,minority,10-19y,none,middle class,0.3716070361633617,1.0,after 2015,1.0,1.0,32765,4000.0,sedan,4,0,2,0.0,real_source
277842,16-25,female,majority,0-9y,high school,poverty,0.5026227727549983,1.0,before 2015,1.0,0.0,10238,10000.0,sedan,0,0,0,0.0,real_source
103815,40-64,male,majority,20-29y,university,working class,0.3315698958207169,0.0,after 2015,1.0,1.0,10238,8000.0,sedan,4,0,6,0.0,real_source
794384,40-64,male,majority,20-29y,none,working class,0.4106478219200299,1.0,before 2015,0.0,1.0,32765,10000.0,sedan,7,0,1,0.0,real_source
77873,40-64,male,minority,0-9y,university,upper class,0.5586854907694557,1.0,after 2015,1.0,1.0,10238,10000.0,sedan,0,0,0,0.0,real_source
618204,40-64,female,majority,20-29y,high school,middle class,0.5586868246536524,0.0,before 2015,1.0,1.0,32765,7000.0,sedan,4,1,0,0.0,real_source
529581,40-64,male,majority,10-19y,university,upper class,0.6385594983892438,0.0,after 2015,0.0,1.0,32765,14000.0,sedan,2,0,0,0.0,real_source
781385,26-39,male,majority,10-19y,high school,working class,0.3275191653599587,1.0,before 2015,0.0,1.0,10238,14000.0,sedan,2,1,0,1.0,real_source
837125,26-39,female,majority,10-19y,none,poverty,0.3644949331821167,0.0,before 2015,1.0,1.0,32765,10000.0,sedan,1,0,3,1.0,real_source
202816,65+,female,majority,30y+,none,upper class,,1.0,after 2015,1.0,0.0,92101,12000.0,sports car,1,1,1,1.0,real_source
116313,65+,male,majority,30y+,university,upper class,,1.0,after 2015,0.0,0.0,32765,,sedan,3,3,2,0.0,real_source
675854,26-39,female,majority,10-19y,none,poverty,0.6314424296828578,1.0,before 2015,0.0,1.0,10238,15000.0,sedan,0,0,0,0.0,real_source
129731,40-64,male,majority,10-19y,university,upper class,0.5887036795312252,1.0,before 2015,1.0,1.0,10238,13000.0,sedan,2,0,2,0.0,real_source
443940,26-39,female,majority,10-19y,none,working class,0.4317279803449425,1.0,before 2015,1.0,1.0,10238,13000.0,sedan,0,0,0,0.0,real_source
175971,26-39,female,majority,10-19y,none,poverty,0.278515258581919,0.0,before 2015,0.0,0.0,10238,14000.0,sedan,1,0,0,1.0,real_source
299771,26-39,female,majority,10-19y,university,middle class,,1.0,before 2015,0.0,0.0,32765,13000.0,sedan,2,0,0,0.0,real_source
939330,26-39,female,majority,0-9y,none,working class,,1.0,before 2015,0.0,1.0,10238,8000.0,sedan,0,0,0,0.0,real_source
766499,40-64,female,majority,20-29y,university,upper class,0.3150913735925499,1.0,before 2015,1.0,1.0,32765,8000.0,sedan,0,1,1,0.0,real_source
861216,65+,male,minority,10-19y,high school,upper class,0.7659449187209201,1.0,before 2015,1.0,1.0,10238,12000.0,sedan,0,1,0,0.0,real_source
611006,65+,female,majority,20-29y,high school,middle class,0.5575296374004653,1.0,before 2015,1.0,1.0,10238,11000.0,sedan,1,0,2,0.0,real_source
584251,26-39,male,majority,10-19y,university,middle class,0.5185963629820975,1.0,before 2015,0.0,1.0,10238,,sedan,2,0,1,1.0,real_source
156777,65+,female,majority,0-9y,none,middle class,0.4787607562159499,1.0,before 2015,0.0,0.0,10238,17000.0,sedan,0,0,0,0.0,real_source
527067,26-39,female,majority,10-19y,high school,middle class,0.5796139767878029,1.0,before 2015,0.0,1.0,10238,11000.0,sedan,0,0,0,0.0,real_source
827537,26-39,female,minority,0-9y,none,working class,0.5496517545256305,0.0,before 2015,0.0,1.0,32765,12000.0,sedan,0,0,0,1.0,real_source
908684,26-39,female,majority,10-19y,high school,working class,0.340487271230772,0.0,before 2015,0.0,1.0,32765,10000.0,sedan,1,1,0,1.0,real_source
698178,16-25,male,majority,0-9y,high school,middle class,,0.0,before 2015,0.0,0.0,10238,15000.0,sedan,0,0,0,1.0,real_source
793826,16-25,female,majority,0-9y,university,working class,0.506784718345531,0.0,after 2015,0.0,1.0,10238,,sedan,0,0,0,0.0,real_source
788787,40-64,female,minority,20-29y,none,middle class,0.5132334127423354,1.0,before 2015,0.0,1.0,10238,14000.0,sedan,3,0,2,0.0,real_source
902302,26-39,male,majority,10-19y,university,middle class,0.5349884671528741,1.0,before 2015,1.0,1.0,10238,10000.0,sedan,2,0,3,0.0,real_source
930549,26-39,male,majority,0-9y,none,poverty,0.3026918294911012,1.0,before 2015,1.0,1.0,32765,,sedan,0,0,0,1.0,real_source
861586,16-25,female,minority,0-9y,high school,middle class,0.5597041766607177,0.0,before 2015,0.0,0.0,92101,16000.0,sedan,0,0,0,1.0,real_source
731595,65+,male,majority,10-19y,university,upper class,0.6742942378613556,1.0,after 2015,1.0,1.0,32765,6000.0,sedan,2,0,2,0.0,real_source
568507,40-64,female,majority,20-29y,university,upper class,0.6790743157695509,1.0,after 2015,0.0,1.0,10238,13000.0,sedan,1,0,3,0.0,real_source
47785,26-39,female,minority,10-19y,none,working class,0.4702398425987656,0.0,before 2015,0.0,1.0,32765,,sedan,2,0,0,1.0,real_source
134429,16-25,female,majority,0-9y,none,poverty,0.280709199210687,0.0,before 2015,1.0,1.0,10238,10000.0,sedan,0,0,0,0.0,real_source
22326,16-25,female,majority,0-9y,high school,poverty,0.3696161164331113,0.0,before 2015,0.0,0.0,32765,15000.0,sedan,0,0,0,1.0,real_source
139099,40-64,female,majority,20-29y,university,middle class,0.5451437806503545,1.0,before 2015,1.0,1.0,10238,14000.0,sedan,2,0,2,0.0,real_source
21651,26-39,male,majority,10-19y,none,poverty,0.3623503508134301,0.0,before 2015,0.0,0.0,10238,14000.0,sedan,3,0,1,0.0,real_source
43968,26-39,female,majority,10-19y,none,poverty,0.376447450727611,1.0,before 2015,1.0,0.0,10238,14000.0,sedan,0,0,0,0.0,real_source
318019,26-39,female,majority,10-19y,high school,middle class,0.5082648586128609,1.0,before 2015,1.0,1.0,10238,8000.0,sedan,1,0,0,0.0,real_source
270610,65+,female,majority,30y+,high school,upper class,0.5516940308397089,1.0,after 2015,0.0,0.0,92101,18000.0,sedan,1,0,0,0.0,real_source
686900,26-39,female,majority,10-19y,university,working class,0.4992473095659585,0.0,before 2015,0.0,0.0,10238,17000.0,sedan,0,0,1,1.0,real_source
849572,26-39,female,majority,0-9y,university,upper class,,1.0,after 2015,0.0,0.0,10238,16000.0,sedan,0,0,0,0.0,real_source
860684,65+,male,majority,30y+,university,upper class,0.6541335058481387,0.0,before 2015,1.0,1.0,32765,10000.0,sedan,13,3,4,0.0,real_source
907988,40-64,female,majority,10-19y,high school,upper class,0.7545042422001754,1.0,before 2015,1.0,1.0,32765,8000.0,sedan,0,0,2,0.0,real_source
918188,16-25,female,majority,0-9y,university,working class,0.4270894906116969,0.0,after 2015,0.0,1.0,10238,14000.0,sedan,0,0,0,1.0,real_source
403072,40-64,male,majority,20-29y,none,working class,0.4113950457940554,1.0,before 2015,0.0,0.0,10238,13000.0,sedan,2,1,3,0.0,real_source
467914,16-25,male,majority,0-9y,none,working class,0.4780304585238096,0.0,before 2015,0.0,0.0,21217,16000.0,sedan,0,0,0,1.0,real_source
673116,40-64,female,majority,10-19y,high school,upper class,0.5661345272733707,1.0,before 2015,1.0,1.0,10238,9000.0,sedan,0,1,0,0.0,real_source
824733,65+,female,majority,30y+,university,upper class,0.6374775023150789,1.0,after 2015,1.0,1.0,32765,8000.0,sedan,7,0,1,0.0,real_source
343671,65+,male,majority,30y+,university,upper class,0.5160063409111967,1.0,after 2015,1.0,1.0,32765,10000.0,sedan,7,1,2,0.0,real_source
842935,26-39,male,majority,10-19y,none,poverty,0.4252810991974105,0.0,before 2015,0.0,1.0,10238,11000.0,sedan,4,0,4,1.0,real_source
391244,40-64,male,minority,0-9y,high school,upper class,0.7317146581904098,1.0,after 2015,0.0,0.0,10238,12000.0,sedan,0,0,0,0.0,real_source
759327,16-25,male,majority,0-9y,university,middle class,0.4158556700365416,1.0,after 2015,0.0,0.0,10238,,sedan,0,0,0,0.0,real_source
658776,65+,male,majority,10-19y,university,upper class,0.4575461359722819,1.0,before 2015,1.0,1.0,10238,9000.0,sedan,1,0,2,0.0,real_source
405770,40-64,male,majority,20-29y,university,upper class,0.4823905980577475,1.0,after 2015,1.0,1.0,10238,12000.0,sedan,2,0,1,0.0,real_source
489066,65+,male,minority,30y+,university,upper class,,1.0,before 2015,1.0,1.0,92101,9000.0,sedan,8,0,4,0.0,real_source
341868,40-64,male,majority,10-19y,high school,upper class,0.5550182125854487,1.0,before 2015,0.0,1.0,10238,12000.0,sedan,1,1,1,0.0,real_source
170745,40-64,female,majority,20-29y,university,upper class,0.6057987169966054,1.0,after 2015,1.0,1.0,10238,9000.0,sedan,1,0,0,0.0,real_source
753424,26-39,male,majority,10-19y,none,working class,0.3630729611932537,0.0,before 2015,0.0,0.0,10238,9000.0,sedan,3,0,1,0.0,real_source
230311,26-39,male,majority,10-19y,university,upper class,0.7049684535618943,1.0,after 2015,1.0,0.0,10238,13000.0,sedan,0,0,0,0.0,real_source
625639,26-39,male,majority,10-19y,university,upper class,0.6859577669209735,1.0,before 2015,1.0,1.0,10238,10000.0,sedan,1,2,1,0.0,real_source
934436,26-39,male,majority,10-19y,high school,working class,0.3987734843619067,1.0,before 2015,0.0,1.0,10238,10000.0,sedan,0,0,0,1.0,real_source
544253,65+,male,majority,30y+,university,upper class,0.6024400464824318,1.0,before 2015,0.0,1.0,10238,14000.0,sedan,3,0,5,0.0,real_source
537328,26-39,male,majority,10-19y,university,upper class,0.5830570827041357,1.0,after 2015,1.0,1.0,10238,12000.0,sedan,0,0,1,0.0,real_source
31615,40-64,male,majority,10-19y,high school,middle class,0.5543805221976611,0.0,before 2015,1.0,1.0,10238,10000.0,sedan,0,0,1,0.0,real_source
703128,26-39,female,majority,10-19y,high school,upper class,0.7088267106506023,0.0,after 2015,1.0,1.0,10238,9000.0,sedan,2,0,0,0.0,real_source
73809,26-39,male,majority,0-9y,university,middle class,,0.0,before 2015,0.0,1.0,10238,11000.0,sedan,0,0,0,1.0,real_source
435832,40-64,male,majority,20-29y,university,middle class,0.4595883640126887,0.0,before 2015,1.0,1.0,32765,8000.0,sedan,7,0,1,0.0,real_source
622531,65+,female,majority,30y+,university,upper class,0.5908404008481608,1.0,after 2015,0.0,1.0,10238,12000.0,sedan,2,1,2,0.0,real_source
17593,40-64,male,minority,20-29y,none,working class,0.4102665150087055,1.0,after 2015,0.0,1.0,10238,10000.0,sedan,5,1,2,0.0,real_source
578094,16-25,male,majority,0-9y,none,poverty,,0.0,before 2015,0.0,1.0,10238,12000.0,sedan,0,0,0,1.0,real_source
545826,16-25,male,majority,0-9y,high school,poverty,0.3071675485719073,0.0,before 2015,0.0,1.0,10238,,sedan,0,0,0,1.0,real_source
836376,65+,male,minority,30y+,high school,upper class,0.7098761776305509,1.0,after 2015,0.0,1.0,10238,11000.0,sports car,2,1,1,0.0,real_source
854492,16-25,male,majority,0-9y,high school,working class,0.4892944608830924,0.0,before 2015,1.0,0.0,10238,17000.0,sedan,0,0,0,1.0,real_source
813337,16-25,female,majority,0-9y,high school,upper class,0.6228238061137384,1.0,before 2015,0.0,0.0,32765,11000.0,sports car,0,0,0,1.0,real_source
737710,65+,female,majority,30y+,university,upper class,0.5211882527975447,1.0,before 2015,1.0,0.0,32765,11000.0,sedan,5,0,0,0.0,real_source
611067,26-39,female,majority,10-19y,high school,middle class,0.5007084666652974,0.0,before 2015,1.0,0.0,10238,13000.0,sedan,0,0,0,0.0,real_source
283173,40-64,male,majority,20-29y,university,upper class,0.5279419675810371,1.0,after 2015,1.0,1.0,10238,8000.0,sedan,3,1,3,0.0,real_source
87160,16-25,male,majority,0-9y,none,poverty,0.4062797278517027,0.0,before 2015,0.0,0.0,10238,,sedan,0,0,0,1.0,real_source
555493,40-64,female,majority,20-29y,high school,upper class,0.5950951738824286,1.0,after 2015,1.0,1.0,32765,7000.0,sedan,2,0,0,0.0,real_source
554574,40-64,female,majority,0-9y,none,working class,,0.0,before 2015,0.0,1.0,32765,10000.0,sedan,0,0,0,1.0,real_source
829600,26-39,female,majority,10-19y,high school,working class,0.522098674864146,0.0,before 2015,0.0,0.0,10238,16000.0,sedan,0,0,1,0.0,real_source
816240,40-64,male,majority,20-29y,university,upper class,0.7322235004923803,1.0,after 2015,1.0,1.0,10238,10000.0,sedan,1,1,4,0.0,real_source
472441,65+,female,majority,30y+,university,upper class,0.6786403603279013,1.0,after 2015,0.0,1.0,32765,6000.0,sedan,2,1,2,0.0,real_source
618210,26-39,female,majority,0-9y,none,middle class,0.5652729741450446,1.0,before 2015,0.0,1.0,10238,18000.0,sports car,0,0,0,1.0,real_source
501749,40-64,female,minority,10-19y,university,middle class,0.4399022478242083,1.0,after 2015,0.0,1.0,92101,11000.0,sedan,2,0,0,0.0,real_source
725354,26-39,male,majority,0-9y,high school,poverty,0.2986870416019631,0.0,before 2015,1.0,1.0,10238,7000.0,sedan,0,0,0,1.0,real_source
170649,40-64,male,majority,20-29y,university,upper class,0.6603743820067427,1.0,before 2015,1.0,0.0,10238,9000.0,sedan,3,1,4,0.0,real_source
277190,26-39,male,majority,0-9y,none,poverty,0.3655378886767161,0.0,before 2015,0.0,1.0,10238,14000.0,sedan,0,0,0,1.0,real_source
421713,65+,female,majority,30y+,university,upper class,0.6337566630002706,0.0,after 2015,1.0,1.0,10238,10000.0,sedan,0,0,6,0.0,real_source
129404,26-39,female,majority,10-19y,high school,upper class,0.5053107318393695,1.0,after 2015,1.0,1.0,10238,13000.0,sedan,1,0,0,0.0,real_source
799151,16-25,female,minority,0-9y,high school,poverty,0.3205571034873443,1.0,before 2015,0.0,1.0,10238,12000.0,sedan,0,0,0,1.0,real_source
329445,26-39,male,majority,0-9y,high school,working class,0.2521707685650617,1.0,before 2015,1.0,1.0,10238,11000.0,sedan,0,0,0,0.0,real_source
424319,26-39,female,majority,10-19y,university,working class,0.2820028291007944,0.0,before 2015,0.0,1.0,10238,14000.0,sedan,2,1,0,0.0,real_source
419836,65+,male,majority,30y+,university,upper class,0.5749335383278651,1.0,after 2015,0.0,1.0,10238,12000.0,sedan,4,0,3,0.0,real_source
643559,40-64,female,majority,20-29y,university,upper class,0.5744525583313149,1.0,after 2015,1.0,1.0,10238,14000.0,sedan,3,0,0,0.0,real_source
657124,40-64,female,majority,0-9y,university,upper class,0.5122350994336328,1.0,before 2015,1.0,1.0,32765,,sedan,0,0,0,1.0,real_source
585561,65+,female,majority,30y+,high school,upper class,0.7247783269501132,1.0,after 2015,1.0,0.0,10238,15000.0,sedan,5,0,3,0.0,real_source
746388,40-64,female,majority,10-19y,university,upper class,,1.0,after 2015,1.0,1.0,21217,,sedan,1,1,0,1.0,real_source
639748,26-39,male,minority,10-19y,high school,working class,0.3455897322871251,1.0,before 2015,0.0,1.0,10238,11000.0,sedan,2,0,0,0.0,real_source
543980,26-39,female,majority,0-9y,high school,middle class,0.4633403265073366,1.0,after 2015,1.0,1.0,10238,9000.0,sedan,0,0,0,0.0,real_source
130908,16-25,male,minority,0-9y,none,poverty,0.42358667858558,0.0,before 2015,0.0,1.0,32765,10000.0,sedan,0,0,0,1.0,real_source
148455,16-25,male,majority,0-9y,none,poverty,0.3651934455267515,0.0,before 2015,0.0,0.0,10238,,sedan,0,0,0,1.0,real_source
447889,40-64,female,majority,10-19y,high school,upper class,0.5704986254553546,1.0,before 2015,0.0,0.0,10238,13000.0,sedan,0,0,0,0.0,real_source
503082,40-64,male,majority,10-19y,university,upper class,0.6679094697665665,1.0,after 2015,1.0,1.0,32765,9000.0,sedan,5,1,1,0.0,real_source
53365,26-39,female,majority,10-19y,high school,working class,0.4381134264030172,0.0,before 2015,0.0,1.0,92101,11000.0,sedan,0,0,0,0.0,real_source
633726,65+,female,majority,10-19y,university,upper class,0.6217872786505623,1.0,before 2015,1.0,1.0,10238,13000.0,sports car,2,1,0,0.0,real_source
607082,26-39,female,majority,10-19y,high school,working class,0.5749290207818821,1.0,before 2015,0.0,0.0,10238,15000.0,sedan,0,0,0,0.0,real_source
692538,40-64,male,minority,0-9y,university,upper class,0.5825627902526094,1.0,before 2015,1.0,1.0,10238,12000.0,sedan,0,0,0,1.0,real_source
993418,40-64,female,majority,0-9y,none,working class,,1.0,before 2015,1.0,1.0,10238,10000.0,sedan,0,0,0,0.0,real_source
87601,40-64,male,majority,20-29y,university,upper class,0.6691530531126268,1.0,before 2015,1.0,1.0,32765,8000.0,sedan,9,1,5,0.0,real_source
617355,65+,male,majority,20-29y,university,upper class,,1.0,before 2015,1.0,1.0,10238,13000.0,sedan,5,2,3,0.0,real_source
42602,40-64,female,majority,20-29y,university,upper class,0.7231074522488872,0.0,before 2015,1.0,1.0,10238,12000.0,sedan,2,2,2,0.0,real_source
135944,16-25,female,majority,0-9y,university,working class,0.5534060133115282,1.0,before 2015,0.0,1.0,10238,11000.0,sedan,0,0,0,0.0,real_source
309491,40-64,female,majority,10-19y,high school,working class,0.4239258564525829,0.0,before 2015,1.0,1.0,10238,11000.0,sedan,2,0,1,0.0,real_source
9251,65+,female,minority,30y+,high school,upper class,0.6136611904125681,1.0,after 2015,1.0,1.0,10238,9000.0,sedan,3,0,1,0.0,real_source
244725,16-25,female,majority,0-9y,high school,poverty,0.5099604407566505,0.0,before 2015,0.0,0.0,10238,17000.0,sedan,0,0,0,1.0,real_source
58945,40-64,male,majority,10-19y,university,working class,0.3292438617147633,1.0,before 2015,0.0,1.0,10238,13000.0,sedan,2,0,0,0.0,real_source
742198,16-25,female,majority,0-9y,university,working class,0.3334226544363537,0.0,before 2015,0.0,0.0,10238,,sedan,0,0,0,1.0,real_source
393187,65+,male,majority,30y+,university,upper class,0.7460409552282369,1.0,after 2015,1.0,1.0,10238,10000.0,sedan,2,1,9,0.0,real_source
587296,65+,male,majority,0-9y,high school,upper class,0.6221966088425328,1.0,after 2015,1.0,1.0,10238,12000.0,sedan,0,0,0,0.0,real_source
209282,26-39,male,majority,10-19y,none,poverty,0.3948546303528014,1.0,before 2015,1.0,0.0,10238,14000.0,sports car,1,0,0,0.0,real_source
762841,26-39,female,majority,0-9y,high school,middle class,0.4775125533241901,1.0,before 2015,1.0,0.0,10238,12000.0,sedan,0,0,0,0.0,real_source
242411,65+,female,minority,10-19y,high school,upper class,0.7714942553691423,1.0,before 2015,0.0,1.0,10238,14000.0,sedan,1,0,2,0.0,real_source
769904,26-39,male,majority,10-19y,high school,middle class,0.6556774245078967,0.0,before 2015,1.0,1.0,32765,6000.0,sedan,7,1,0,1.0,real_source
106515,40-64,female,majority,0-9y,university,upper class,0.6214077529147503,1.0,before 2015,1.0,1.0,10238,13000.0,sedan,0,0,0,0.0,real_source
138159,65+,male,majority,30y+,high school,middle class,0.3986971485935842,0.0,after 2015,1.0,1.0,32765,10000.0,sedan,10,1,2,0.0,real_source
58714,16-25,male,majority,0-9y,none,poverty,,0.0,before 2015,0.0,0.0,10238,17000.0,sedan,0,0,0,1.0,real_source
358584,26-39,female,majority,10-19y,none,poverty,0.3223945911843885,0.0,before 2015,0.0,0.0,10238,16000.0,sedan,0,0,1,0.0,real_source
307824,16-25,female,minority,0-9y,none,working class,0.4457678862819977,0.0,before 2015,0.0,0.0,32765,15000.0,sedan,0,0,0,1.0,real_source
213873,26-39,female,majority,10-19y,university,working class,0.4216870681134181,1.0,before 2015,1.0,1.0,10238,12000.0,sedan,1,1,2,0.0,real_source
799435,26-39,female,majority,0-9y,university,poverty,0.3435164732655145,1.0,before 2015,0.0,0.0,10238,17000.0,sedan,0,0,0,1.0,real_source
562090,26-39,female,minority,10-19y,high school,middle class,0.432893532501654,1.0,before 2015,0.0,0.0,10238,,sedan,1,0,0,1.0,real_source
384134,26-39,female,majority,10-19y,none,working class,0.4284473775577626,1.0,before 2015,0.0,1.0,10238,11000.0,sedan,1,0,0,0.0,real_source
410357,40-64,male,majority,20-29y,high school,middle class,0.4253780943003336,1.0,after 2015,1.0,1.0,32765,9000.0,sedan,3,0,1,0.0,real_source
881826,40-64,female,majority,20-29y,university,upper class,0.5226753851810169,1.0,before 2015,1.0,1.0,92101,12000.0,sedan,3,1,1,0.0,real_source
246580,65+,male,majority,0-9y,high school,upper class,,1.0,before 2015,0.0,1.0,10238,15000.0,sedan,0,0,0,0.0,real_source
939552,26-39,female,majority,10-19y,high school,middle class,0.4653683361890466,1.0,before 2015,1.0,1.0,10238,12000.0,sedan,1,0,2,1.0,real_source
184392,40-64,male,minority,20-29y,high school,middle class,0.5334854542420271,1.0,before 2015,1.0,1.0,10238,9000.0,sedan,6,0,2,0.0,real_source
39708,16-25,male,minority,0-9y,high school,poverty,0.4109841035528671,1.0,before 2015,0.0,1.0,10238,13000.0,sedan,0,0,0,0.0,real_source
134994,65+,female,majority,30y+,high school,upper class,0.5695778332027078,1.0,before 2015,1.0,1.0,10238,9000.0,sedan,5,1,0,0.0,real_source
656642,65+,male,majority,30y+,university,upper class,0.6720439176179812,1.0,after 2015,1.0,1.0,10238,,sports car,5,0,7,0.0,real_source
184570,16-25,female,majority,0-9y,high school,poverty,0.3630480152412506,0.0,before 2015,0.0,0.0,92101,16000.0,sedan,0,0,0,1.0,real_source
250694,26-39,female,majority,10-19y,high school,middle class,,1.0,after 2015,1.0,1.0,32765,9000.0,sports car,2,0,1,0.0,real_source
442945,40-64,male,majority,10-19y,university,upper class,0.65319306737482,1.0,before 2015,1.0,1.0,21217,,sedan,4,0,1,1.0,real_source
309530,16-25,female,majority,0-9y,none,working class,0.3017461444213115,1.0,after 2015,1.0,0.0,10238,,sedan,0,0,0,0.0,real_source
67100,26-39,male,majority,0-9y,university,working class,0.3606520604084127,1.0,before 2015,1.0,0.0,32765,11000.0,sedan,0,0,0,0.0,real_source
118073,26-39,male,majority,10-19y,high school,upper class,0.4149491483789273,1.0,before 2015,1.0,1.0,10238,9000.0,sedan,0,0,1,0.0,real_source
890544,65+,male,majority,30y+,university,upper class,0.7278245752686464,1.0,after 2015,0.0,1.0,10238,10000.0,sedan,2,0,6,0.0,real_source
92879,26-39,female,majority,10-19y,high school,working class,0.3348932498220019,0.0,after 2015,0.0,0.0,32765,14000.0,sedan,0,0,2,0.0,real_source
655984,40-64,male,majority,20-29y,university,upper class,0.4060539270944432,0.0,after 2015,0.0,1.0,10238,12000.0,sedan,5,2,5,0.0,real_source
554562,40-64,female,majority,0-9y,high school,upper class,0.5960104233894069,1.0,after 2015,1.0,1.0,10238,11000.0,sedan,0,0,0,0.0,real_source
550889,40-64,male,majority,20-29y,university,upper class,0.4204131554039249,1.0,before 2015,0.0,1.0,32765,11000.0,sedan,4,0,2,0.0,real_source
572262,40-64,female,majority,20-29y,high school,upper class,0.6732474563540362,0.0,before 2015,1.0,0.0,10238,13000.0,sedan,0,0,0,0.0,real_source
793998,16-25,male,majority,0-9y,none,poverty,0.3786146968242724,0.0,before 2015,0.0,1.0,10238,15000.0,sedan,0,0,0,1.0,real_source
473963,65+,female,majority,30y+,university,upper class,0.6061335684664274,0.0,before 2015,1.0,0.0,32765,10000.0,sedan,7,0,1,0.0,real_source
340318,16-25,female,majority,0-9y,high school,working class,0.5039723126226787,0.0,before 2015,0.0,0.0,10238,18000.0,sedan,0,0,0,1.0,real_source
761047,40-64,female,majority,0-9y,none,middle class,0.5685774434782941,1.0,before 2015,1.0,0.0,10238,11000.0,sedan,0,0,0,0.0,real_source
382564,40-64,male,majority,0-9y,high school,upper class,0.5775123120799752,1.0,after 2015,1.0,1.0,10238,9000.0,sedan,0,0,0,0.0,real_source
913337,40-64,male,majority,10-19y,none,working class,0.3777495472101263,1.0,before 2015,0.0,0.0,32765,11000.0,sedan,2,0,2,1.0,real_source
105713,65+,male,majority,30y+,high school,upper class,0.5750820134692359,1.0,after 2015,1.0,1.0,10238,11000.0,sedan,3,0,8,0.0,real_source
312594,65+,female,majority,30y+,high school,upper class,0.5532059243280549,1.0,before 2015,1.0,1.0,10238,7000.0,sedan,7,1,5,0.0,real_source
354598,26-39,male,majority,10-19y,none,working class,0.3870634360404613,1.0,before 2015,0.0,0.0,10238,14000.0,sedan,0,0,1,0.0,real_source
876350,26-39,female,majority,10-19y,university,upper class,0.6988969859155649,1.0,after 2015,1.0,1.0,10238,10000.0,sedan,0,0,0,0.0,real_source
938,26-39,female,majority,10-19y,university,upper class,0.6092585539325299,1.0,after 2015,1.0,1.0,10238,10000.0,sedan,0,0,1,0.0,real_source
835204,26-39,female,minority,10-19y,high school,poverty,0.2837353178716667,0.0,before 2015,0.0,1.0,10238,13000.0,sedan,0,0,0,0.0,real_source
311896,16-25,male,majority,0-9y,none,poverty,0.4223724934319409,0.0,after 2015,0.0,0.0,92101,15000.0,sedan,0,0,0,1.0,real_source
914290,40-64,female,minority,20-29y,university,upper class,0.7337299959348762,1.0,before 2015,0.0,1.0,10238,,sedan,1,0,2,0.0,real_source
675338,65+,female,majority,0-9y,high school,upper class,0.5986285534053452,0.0,after 2015,1.0,1.0,10238,10000.0,sedan,0,0,0,1.0,real_source
190201,40-64,male,majority,20-29y,university,upper class,0.6196882477228701,1.0,after 2015,1.0,1.0,10238,12000.0,sedan,3,0,1,0.0,real_source
71379,65+,female,minority,0-9y,none,upper class,0.6243799247706784,1.0,before 2015,1.0,1.0,32765,8000.0,sedan,0,0,0,1.0,real_source
413288,26-39,female,majority,10-19y,none,working class,0.3577836697288249,1.0,after 2015,0.0,1.0,10238,15000.0,sedan,1,0,0,0.0,real_source
349991,40-64,female,majority,20-29y,high school,middle class,0.5350427762293599,1.0,before 2015,1.0,1.0,10238,,sedan,0,0,7,0.0,real_source
179768,16-25,male,majority,0-9y,high school,middle class,0.4573604150719343,1.0,after 2015,0.0,0.0,10238,13000.0,sedan,0,0,0,0.0,real_source
779988,65+,male,majority,30y+,university,upper class,0.7485343389665761,1.0,after 2015,1.0,1.0,32765,9000.0,sedan,11,2,4,0.0,real_source
540567,65+,male,majority,30y+,high school,upper class,,1.0,after 2015,1.0,1.0,10238,12000.0,sedan,4,2,7,0.0,real_source
848214,16-25,female,minority,0-9y,none,poverty,0.1126311166194294,1.0,before 2015,0.0,1.0,10238,16000.0,sedan,0,0,0,0.0,real_source
659166,40-64,male,majority,20-29y,none,middle class,0.5571845090154689,1.0,before 2015,0.0,0.0,32765,14000.0,sedan,3,1,2,0.0,real_source
424487,40-64,female,majority,20-29y,university,upper class,0.6281616833147726,1.0,after 2015,1.0,1.0,10238,10000.0,sedan,1,0,0,0.0,real_source
407674,26-39,male,majority,10-19y,none,working class,0.3560409251402424,0.0,before 2015,0.0,1.0,10238,14000.0,sedan,2,0,0,1.0,real_source
38234,26-39,male,majority,0-9y,none,working class,,1.0,before 2015,0.0,0.0,10238,15000.0,sedan,0,0,0,1.0,real_source
494175,40-64,female,majority,20-29y,high school,middle class,0.5074673210144917,1.0,before 2015,1.0,1.0,10238,11000.0,sedan,2,0,1,0.0,real_source
404730,26-39,male,majority,10-19y,university,upper class,0.7319502229827478,1.0,after 2015,1.0,1.0,92101,10000.0,sedan,4,0,1,0.0,real_source
572609,26-39,male,majority,10-19y,none,poverty,0.4128149890162617,1.0,before 2015,0.0,0.0,10238,14000.0,sedan,0,0,1,0.0,real_source
857693,26-39,male,majority,10-19y,university,working class,0.3650069332106529,1.0,before 2015,1.0,0.0,32765,12000.0,sedan,1,0,0,1.0,real_source
513025,40-64,female,majority,10-19y,high school,middle class,0.5396323415270233,1.0,before 2015,1.0,1.0,10238,,sedan,2,0,1,0.0,real_source
390171,26-39,male,majority,10-19y,university,upper class,0.5220359252993572,1.0,before 2015,1.0,0.0,32765,8000.0,sedan,2,0,1,0.0,real_source
42499,40-64,male,majority,20-29y,university,upper class,0.6511566171668921,1.0,before 2015,1.0,1.0,10238,9000.0,sedan,2,1,0,0.0,real_source
766112,40-64,male,majority,20-29y,university,upper class,0.7327782539533393,1.0,after 2015,0.0,0.0,10238,11000.0,sedan,3,1,4,0.0,real_source
993899,26-39,male,majority,10-19y,high school,working class,,0.0,before 2015,0.0,1.0,92101,14000.0,sedan,0,0,2,1.0,real_source
648791,26-39,male,majority,10-19y,none,working class,0.3847184283110903,1.0,before 2015,0.0,1.0,32765,13000.0,sedan,2,0,2,1.0,real_source
516100,65+,male,majority,20-29y,university,upper class,,1.0,before 2015,1.0,1.0,10238,8000.0,sedan,3,1,0,0.0,real_source
181879,40-64,female,majority,20-29y,high school,upper class,0.5147175993656143,1.0,before 2015,1.0,1.0,10238,,sedan,0,2,8,0.0,real_source
258531,26-39,male,majority,10-19y,university,upper class,0.6205369152894323,1.0,after 2015,0.0,0.0,10238,15000.0,sedan,2,1,0,0.0,real_source
752409,65+,male,majority,30y+,university,upper class,0.5035961534650459,1.0,after 2015,1.0,1.0,10238,9000.0,sedan,3,0,9,0.0,real_source
696617,26-39,male,majority,10-19y,university,upper class,0.6060706124264509,1.0,before 2015,0.0,1.0,32765,10000.0,sedan,3,1,1,0.0,real_source
53047,16-25,male,majority,0-9y,university,middle class,0.4935440240364787,1.0,after 2015,1.0,1.0,10238,9000.0,sedan,0,0,0,0.0,real_source
421512,65+,female,minority,30y+,high school,upper class,0.5927750798163787,1.0,before 2015,1.0,1.0,10238,8000.0,sedan,7,0,5,0.0,real_source
468431,40-64,female,majority,10-19y,high school,upper class,0.7327708095390542,1.0,before 2015,1.0,1.0,10238,11000.0,sedan,0,0,0,0.0,real_source
905733,65+,female,majority,30y+,university,upper class,0.5414858094443581,1.0,after 2015,1.0,1.0,32765,11000.0,sedan,6,0,1,0.0,real_source
650901,16-25,male,minority,0-9y,none,poverty,0.267993176420708,0.0,before 2015,0.0,0.0,10238,12000.0,sedan,0,0,0,1.0,real_source
618914,65+,female,majority,10-19y,university,upper class,0.9141168589732092,1.0,before 2015,1.0,1.0,10238,7000.0,sedan,0,0,0,0.0,real_source
461297,26-39,male,majority,10-19y,university,upper class,0.5768986317766159,0.0,after 2015,0.0,0.0,10238,14000.0,sedan,3,0,2,0.0,real_source
884798,26-39,male,majority,10-19y,high school,middle class,0.5693098658760901,0.0,before 2015,1.0,1.0,10238,12000.0,sedan,3,0,2,0.0,real_source
408899,26-39,female,majority,10-19y,university,working class,0.3944813850396012,0.0,before 2015,1.0,1.0,10238,10000.0,sedan,1,0,2,0.0,real_source
775728,26-39,female,majority,10-19y,none,working class,0.4535986009456058,1.0,before 2015,0.0,0.0,10238,13000.0,sedan,0,0,3,0.0,real_source
469040,40-64,male,majority,20-29y,university,upper class,0.6304271900044401,1.0,before 2015,1.0,1.0,10238,10000.0,sedan,4,1,4,0.0,real_source
309375,26-39,male,majority,10-19y,none,working class,0.218951233645045,1.0,before 2015,0.0,1.0,32765,11000.0,sedan,5,0,0,0.0,real_source
65734,40-64,female,majority,20-29y,high school,middle class,,1.0,before 2015,1.0,1.0,10238,5000.0,sedan,1,0,3,0.0,real_source
888643,26-39,male,majority,10-19y,none,working class,0.5417354184194845,1.0,before 2015,0.0,0.0,32765,13000.0,sedan,1,0,1,1.0,real_source
881057,26-39,female,majority,0-9y,university,upper class,0.4900382180251452,1.0,before 2015,1.0,1.0,32765,8000.0,sedan,0,0,0,1.0,real_source
629917,40-64,male,minority,20-29y,none,working class,0.4649583506848421,1.0,before 2015,0.0,0.0,92101,13000.0,sedan,1,0,1,0.0,real_source
178059,16-25,male,majority,0-9y,university,middle class,0.3289473490657828,1.0,before 2015,0.0,1.0,10238,16000.0,sedan,0,0,0,1.0,real_source
903872,26-39,female,majority,10-19y,high school,working class,,1.0,before 2015,0.0,0.0,32765,8000.0,sedan,0,1,0,0.0,real_source
293515,26-39,female,majority,10-19y,none,poverty,0.2446175328711153,0.0,before 2015,1.0,1.0,10238,10000.0,sedan,4,0,3,0.0,real_source
911568,26-39,female,majority,10-19y,high school,upper class,,1.0,after 2015,0.0,0.0,10238,17000.0,sedan,0,0,0,0.0,real_source
827988,16-25,male,majority,0-9y,none,poverty,0.2065312321384864,0.0,before 2015,1.0,1.0,10238,10000.0,sedan,0,0,0,1.0,real_source
992127,40-64,male,majority,20-29y,university,upper class,0.5147764890373373,1.0,before 2015,0.0,0.0,32765,12000.0,sedan,10,4,2,1.0,real_source
339353,16-25,female,majority,0-9y,none,poverty,0.4327977014446128,1.0,before 2015,0.0,0.0,10238,16000.0,sedan,0,0,0,0.0,real_source
412229,26-39,male,majority,10-19y,university,upper class,0.5784680141147303,1.0,before 2015,0.0,1.0,10238,11000.0,sedan,0,0,1,0.0,real_source
703214,26-39,male,majority,10-19y,university,upper class,0.6936394752701402,1.0,after 2015,0.0,0.0,32765,16000.0,sedan,2,0,0,0.0,real_source
465392,40-64,female,majority,10-19y,high school,middle class,0.3550503625572676,1.0,before 2015,1.0,1.0,10238,,sedan,2,0,1,0.0,real_source
544902,26-39,female,majority,10-19y,high school,middle class,0.4813564105275978,1.0,after 2015,0.0,0.0,32765,13000.0,sedan,0,0,2,0.0,real_source
833169,40-64,male,majority,0-9y,university,upper class,0.7144415394622058,1.0,after 2015,1.0,1.0,10238,8000.0,sedan,0,0,0,0.0,real_source
615882,26-39,female,majority,10-19y,none,poverty,0.3982236375077561,1.0,before 2015,0.0,1.0,10238,9000.0,sedan,1,0,6,0.0,real_source
147053,16-25,male,minority,0-9y,none,poverty,0.3763711867201547,1.0,before 2015,0.0,0.0,32765,,sedan,0,0,0,1.0,real_source
16212,26-39,male,minority,10-19y,high school,poverty,0.2738592348759809,0.0,after 2015,0.0,0.0,10238,14000.0,sedan,2,0,3,0.0,real_source
280959,26-39,female,minority,0-9y,university,middle class,0.6203870038206979,1.0,before 2015,1.0,1.0,10238,12000.0,sedan,0,0,0,1.0,real_source
341096,40-64,male,majority,0-9y,none,working class,0.5552446634739091,0.0,before 2015,0.0,1.0,10238,13000.0,sedan,0,0,0,1.0,real_source
308049,26-39,female,majority,10-19y,none,working class,0.4973369704341458,1.0,before 2015,1.0,0.0,32765,9000.0,sports car,1,0,0,0.0,real_source
265048,26-39,female,majority,0-9y,high school,middle class,0.5088666651138563,1.0,before 2015,0.0,1.0,10238,13000.0,sedan,0,0,0,0.0,real_source
394054,16-25,female,majority,0-9y,university,working class,0.4281752771016386,1.0,before 2015,0.0,0.0,92101,,sedan,0,0,0,1.0,real_source
77759,26-39,female,majority,10-19y,none,poverty,0.1931346926606078,0.0,before 2015,0.0,1.0,32765,9000.0,sedan,2,0,0,1.0,real_source
769810,65+,female,majority,10-19y,high school,upper class,,1.0,before 2015,1.0,1.0,10238,8000.0,sedan,2,0,0,0.0,real_source
868876,65+,male,majority,30y+,university,upper class,0.3256331426506953,1.0,before 2015,0.0,1.0,32765,15000.0,sedan,3,1,0,0.0,real_source
842838,26-39,female,majority,10-19y,none,middle class,0.5265182975837509,1.0,before 2015,0.0,0.0,32765,15000.0,sedan,1,1,0,0.0,real_source
962697,65+,female,majority,10-19y,high school,middle class,0.5604078461466384,1.0,after 2015,1.0,1.0,10238,10000.0,sedan,0,1,0,0.0,real_source
683505,40-64,female,majority,20-29y,university,upper class,0.7464614409921647,1.0,before 2015,0.0,0.0,32765,13000.0,sedan,1,0,0,0.0,real_source
519649,40-64,male,majority,10-19y,high school,working class,0.5490455685362805,0.0,before 2015,0.0,1.0,32765,9000.0,sedan,2,0,0,1.0,real_source
28652,65+,male,minority,30y+,university,upper class,,1.0,before 2015,1.0,1.0,32765,8000.0,sedan,11,0,3,0.0,real_source
896975,16-25,female,minority,0-9y,none,poverty,,0.0,before 2015,0.0,1.0,10238,17000.0,sedan,0,0,0,1.0,real_source
27172,40-64,male,majority,20-29y,university,upper class,,1.0,before 2015,1.0,0.0,10238,12000.0,sedan,3,0,2,0.0,real_source
675038,26-39,male,majority,10-19y,high school,middle class,0.5349012775993369,1.0,after 2015,0.0,1.0,32765,,sedan,4,0,0,0.0,real_source
917715,16-25,male,minority,0-9y,high school,working class,0.4636783095824608,0.0,before 2015,0.0,0.0,10238,15000.0,sedan,0,0,0,1.0,real_source
736705,40-64,female,majority,20-29y,high school,upper class,0.5983665773949153,0.0,after 2015,0.0,0.0,10238,15000.0,sedan,3,0,0,0.0,real_source
894809,26-39,female,majority,10-19y,high school,middle class,0.6059139584387855,1.0,before 2015,0.0,1.0,10238,,sedan,0,0,0,0.0,real_source
572200,40-64,female,majority,20-29y,high school,upper class,0.5558708125526728,0.0,before 2015,0.0,0.0,32765,11000.0,sedan,3,0,1,0.0,real_source
254017,40-64,female,minority,20-29y,university,upper class,0.5986280742743376,1.0,after 2015,1.0,0.0,32765,8000.0,sedan,3,1,0,0.0,real_source
603,26-39,female,minority,10-19y,none,poverty,,0.0,before 2015,0.0,1.0,10238,11000.0,sports car,1,0,0,0.0,real_source
792189,40-64,female,majority,20-29y,none,middle class,0.5895170538383978,1.0,after 2015,0.0,1.0,32765,14000.0,sedan,1,0,0,0.0,real_source
898565,16-25,female,majority,0-9y,university,middle class,0.6091693713156574,1.0,before 2015,0.0,0.0,10238,17000.0,sedan,0,0,0,0.0,real_source
878774,26-39,female,majority,0-9y,none,poverty,,1.0,before 2015,1.0,1.0,10238,11000.0,sedan,0,0,0,0.0,real_source
267329,65+,female,majority,10-19y,high school,upper class,0.5423841707891541,1.0,before 2015,1.0,1.0,10238,10000.0,sedan,1,0,2,0.0,real_source
524391,26-39,male,minority,10-19y,high school,poverty,0.4742852584320764,1.0,before 2015,0.0,0.0,10238,12000.0,sports car,1,0,3,0.0,real_source
25415,16-25,male,minority,0-9y,none,poverty,0.2550047453401925,0.0,before 2015,0.0,1.0,32765,10000.0,sedan,0,0,0,1.0,real_source
461865,26-39,female,majority,10-19y,none,working class,0.5869521215796324,1.0,before 2015,1.0,1.0,32765,8000.0,sedan,2,1,1,0.0,real_source
614546,65+,female,majority,20-29y,university,upper class,0.6236973075026354,1.0,after 2015,1.0,1.0,10238,12000.0,sedan,1,0,1,0.0,real_source
365540,65+,female,majority,10-19y,university,upper class,0.8590012411373771,1.0,after 2015,0.0,0.0,10238,15000.0,sedan,1,1,0,0.0,real_source
317838,40-64,male,majority,10-19y,university,upper class,0.618652049923338,1.0,before 2015,1.0,1.0,10238,,sedan,1,1,1,0.0,real_source
609588,65+,male,majority,30y+,university,middle class,0.5002666804669273,1.0,after 2015,1.0,1.0,10238,9000.0,sedan,5,0,8,0.0,real_source
682324,40-64,female,majority,20-29y,university,upper class,0.504290459103591,1.0,before 2015,1.0,0.0,32765,9000.0,sedan,6,0,1,0.0,real_source
646277,26-39,female,majority,10-19y,university,working class,0.4548048427285145,1.0,before 2015,0.0,1.0,92101,13000.0,sedan,2,0,0,1.0,real_source
906621,26-39,female,majority,10-19y,high school,upper class,0.7203766079759821,1.0,after 2015,0.0,0.0,10238,17000.0,sedan,1,0,0,0.0,real_source
587020,16-25,male,majority,0-9y,university,working class,0.4326820822013205,1.0,before 2015,0.0,0.0,10238,14000.0,sedan,0,0,0,1.0,real_source
298614,16-25,male,majority,0-9y,university,poverty,0.4636031614256214,0.0,before 2015,0.0,0.0,32765,13000.0,sedan,0,0,0,1.0,real_source
737180,65+,male,minority,30y+,university,upper class,0.598755524847606,1.0,before 2015,1.0,1.0,10238,12000.0,sedan,4,1,8,0.0,real_source
981486,16-25,male,majority,0-9y,high school,working class,0.4469064435298361,0.0,before 2015,0.0,0.0,10238,,sedan,0,0,0,1.0,real_source
630758,40-64,male,majority,20-29y,university,upper class,0.6114484647581202,1.0,before 2015,0.0,1.0,10238,11000.0,sedan,2,0,0,0.0,real_source
896224,65+,female,minority,30y+,high school,upper class,0.661958533171895,1.0,after 2015,0.0,1.0,10238,15000.0,sedan,4,0,2,0.0,real_source
240838,40-64,male,majority,20-29y,university,upper class,0.5726102177818728,1.0,before 2015,1.0,1.0,10238,13000.0,sedan,2,1,4,0.0,real_source
631928,40-64,male,majority,20-29y,none,poverty,0.4087056107983309,0.0,before 2015,0.0,1.0,10238,16000.0,sedan,1,1,3,0.0,real_source
699611,16-25,male,majority,0-9y,high school,working class,,1.0,before 2015,0.0,1.0,92101,,sedan,0,0,0,1.0,real_source
531938,26-39,female,majority,10-19y,university,middle class,0.6883543989986876,0.0,after 2015,0.0,0.0,10238,,sports car,2,1,1,0.0,real_source
944057,16-25,male,majority,0-9y,none,poverty,0.2915625919498569,0.0,before 2015,0.0,1.0,32765,9000.0,sedan,0,0,0,1.0,real_source
834676,40-64,female,majority,20-29y,none,upper class,0.6795108153975999,1.0,after 2015,1.0,1.0,10238,10000.0,sedan,1,0,2,0.0,real_source
138861,26-39,male,minority,0-9y,high school,middle class,0.463003266668667,1.0,before 2015,1.0,1.0,10238,8000.0,sedan,0,0,0,1.0,real_source
9627,26-39,male,minority,10-19y,high school,upper class,0.5578239717960888,1.0,after 2015,1.0,1.0,10238,7000.0,sports car,1,0,2,0.0,real_source
45398,26-39,female,majority,10-19y,high school,working class,0.4138204352537412,1.0,before 2015,0.0,0.0,32765,,sedan,2,1,0,1.0,real_source
362036,26-39,female,majority,10-19y,none,working class,0.5172340131467813,0.0,before 2015,0.0,1.0,32765,9000.0,sedan,1,0,1,0.0,real_source
649444,26-39,female,majority,0-9y,university,upper class,0.6441370891244694,1.0,after 2015,1.0,0.0,10238,12000.0,sedan,0,0,0,0.0,real_source
5017,65+,male,majority,20-29y,high school,upper class,0.5826338974357931,1.0,before 2015,1.0,1.0,92101,9000.0,sedan,4,0,1,0.0,real_source
702804,40-64,male,majority,20-29y,university,upper class,0.737481662297617,1.0,before 2015,0.0,0.0,10238,11000.0,sedan,2,0,7,0.0,real_source
712953,16-25,female,majority,0-9y,university,upper class,0.6257021054108537,1.0,after 2015,1.0,1.0,10238,10000.0,sedan,0,0,0,0.0,real_source
329742,16-25,female,majority,0-9y,high school,poverty,0.321625427740078,0.0,before 2015,0.0,1.0,10238,10000.0,sedan,0,0,0,1.0,real_source
399727,65+,male,majority,30y+,none,working class,0.3461614426192039,1.0,before 2015,0.0,1.0,32765,,sedan,8,0,2,0.0,real_source
77566,26-39,female,majority,10-19y,university,middle class,0.6094742693422459,0.0,before 2015,0.0,0.0,10238,,sedan,0,0,1,1.0,real_source
866929,26-39,female,majority,0-9y,university,upper class,0.6026477596586622,1.0,before 2015,1.0,0.0,32765,11000.0,sedan,0,0,0,1.0,real_source
394664,26-39,male,majority,10-19y,none,poverty,0.1961267039783941,0.0,before 2015,1.0,1.0,10238,10000.0,sedan,2,1,1,0.0,real_source
207812,65+,male,majority,30y+,high school,upper class,0.6302280018895937,1.0,after 2015,0.0,1.0,32765,7000.0,sports car,16,0,3,0.0,real_source
734171,16-25,female,majority,0-9y,none,poverty,0.3054392923725627,0.0,before 2015,0.0,0.0,32765,11000.0,sedan,0,0,0,1.0,real_source
564497,40-64,female,minority,20-29y,high school,middle class,0.5523185354505107,0.0,after 2015,0.0,1.0,32765,9000.0,sedan,5,0,2,0.0,real_source
56765,26-39,female,majority,10-19y,high school,middle class,0.3347397301816484,1.0,after 2015,1.0,1.0,10238,9000.0,sedan,1,0,0,0.0,real_source
618970,26-39,female,majority,10-19y,high school,upper class,0.6989460331110714,1.0,after 2015,0.0,0.0,32765,17000.0,sedan,0,0,0,0.0,real_source
580579,40-64,male,majority,20-29y,university,upper class,0.5734753967793681,0.0,before 2015,1.0,1.0,92101,14000.0,sedan,4,0,1,1.0,real_source
101,65+,female,majority,10-19y,university,upper class,0.4590105215668911,0.0,before 2015,1.0,1.0,92101,10000.0,sedan,1,0,0,0.0,real_source
751835,40-64,female,majority,20-29y,university,upper class,0.5541971992318356,1.0,before 2015,1.0,0.0,10238,10000.0,sedan,1,1,3,0.0,real_source
330506,16-25,female,majority,0-9y,high school,working class,0.4489473277904669,1.0,before 2015,0.0,1.0,21217,15000.0,sedan,0,0,0,1.0,real_source
290427,16-25,female,majority,0-9y,none,middle class,0.4474047668287038,1.0,before 2015,0.0,1.0,32765,10000.0,sedan,0,0,0,0.0,real_source
514190,40-64,female,majority,20-29y,high school,middle class,0.7025510033929494,1.0,after 2015,0.0,1.0,32765,11000.0,sedan,2,0,1,0.0,real_source
142916,16-25,female,majority,0-9y,high school,poverty,0.2370144655001789,0.0,before 2015,0.0,1.0,10238,12000.0,sedan,0,0,0,0.0,real_source
187735,40-64,male,majority,20-29y,university,upper class,0.5860322133857707,1.0,before 2015,1.0,1.0,10238,13000.0,sedan,1,0,5,0.0,real_source
665081,16-25,female,majority,0-9y,high school,poverty,0.4109938874087053,0.0,before 2015,1.0,1.0,10238,9000.0,sedan,0,0,0,1.0,real_source
560825,40-64,male,minority,0-9y,high school,middle class,0.4752262109815828,1.0,before 2015,0.0,0.0,10238,19000.0,sedan,0,0,0,1.0,real_source
604528,65+,male,majority,20-29y,high school,upper class,0.6814407754118865,1.0,before 2015,0.0,1.0,32765,10000.0,sedan,5,0,0,0.0,real_source
277408,26-39,male,majority,10-19y,none,middle class,0.4082714978911518,1.0,before 2015,0.0,0.0,10238,16000.0,sedan,1,0,1,0.0,real_source
292048,16-25,female,minority,0-9y,none,poverty,0.4182087066621732,0.0,before 2015,1.0,1.0,10238,,sedan,0,0,0,1.0,real_source
16431,26-39,male,majority,10-19y,high school,middle class,0.5815271754016657,1.0,after 2015,0.0,1.0,10238,16000.0,sedan,4,0,1,0.0,real_source
916137,26-39,female,majority,10-19y,high school,upper class,0.5290295051140557,0.0,after 2015,0.0,0.0,10238,16000.0,sedan,1,0,1,0.0,real_source
624324,40-64,female,majority,0-9y,university,upper class,,1.0,before 2015,1.0,1.0,32765,9000.0,sedan,0,0,0,0.0,real_source
497463,65+,female,majority,20-29y,university,upper class,0.4303924447202586,1.0,before 2015,1.0,1.0,92101,11000.0,sedan,3,1,0,0.0,real_source
854542,40-64,female,majority,10-19y,university,upper class,0.5221190049628224,1.0,after 2015,1.0,1.0,32765,9000.0,sedan,1,0,0,0.0,real_source
506115,26-39,male,majority,10-19y,none,working class,0.4877611163322501,0.0,before 2015,1.0,1.0,10238,14000.0,sedan,0,0,4,1.0,real_source
72732,26-39,male,majority,10-19y,none,poverty,0.2586558183843642,0.0,before 2015,0.0,1.0,32765,8000.0,sedan,1,1,1,1.0,real_source
858684,40-64,female,majority,20-29y,university,upper class,,1.0,before 2015,1.0,0.0,10238,11000.0,sedan,2,0,2,0.0,real_source
898179,65+,female,majority,30y+,high school,upper class,0.6041001478735659,1.0,before 2015,1.0,1.0,32765,8000.0,sedan,12,0,0,0.0,real_source
880893,26-39,female,majority,10-19y,high school,upper class,0.512042917009909,1.0,before 2015,1.0,1.0,32765,,sedan,1,0,0,0.0,real_source
24255,65+,male,majority,30y+,high school,upper class,0.6222449132769979,1.0,after 2015,1.0,1.0,10238,8000.0,sedan,4,0,4,0.0,real_source
175117,40-64,female,majority,20-29y,university,upper class,0.4165222280131299,1.0,before 2015,0.0,1.0,10238,12000.0,sedan,1,1,1,0.0,real_source
509213,65+,male,majority,20-29y,university,upper class,0.5922982170441012,1.0,after 2015,0.0,1.0,32765,,sedan,4,0,0,0.0,real_source
30424,40-64,male,minority,20-29y,none,middle class,0.5053905994161536,1.0,before 2015,1.0,1.0,10238,7000.0,sedan,3,2,1,0.0,real_source
576125,65+,male,majority,30y+,high school,upper class,,1.0,before 2015,1.0,1.0,10238,12000.0,sedan,3,0,7,0.0,real_source
449844,65+,female,majority,10-19y,university,upper class,,1.0,before 2015,1.0,1.0,10238,9000.0,sedan,1,1,0,0.0,real_source
364544,26-39,male,majority,0-9y,high school,working class,0.3911383064250576,1.0,before 2015,0.0,0.0,10238,15000.0,sedan,0,0,0,1.0,real_source
618802,26-39,male,majority,0-9y,high school,upper class,0.6452732829908605,0.0,before 2015,1.0,1.0,10238,11000.0,sedan,0,0,0,1.0,real_source
408939,26-39,male,majority,10-19y,university,middle class,0.5302592448700141,1.0,after 2015,1.0,1.0,32765,9000.0,sedan,5,0,1,0.0,real_source
940603,40-64,female,majority,20-29y,none,middle class,0.4924103959378574,1.0,before 2015,0.0,1.0,10238,12000.0,sedan,1,0,1,0.0,real_source
354689,16-25,female,majority,0-9y,high school,working class,0.4145847394995623,0.0,after 2015,0.0,0.0,10238,12000.0,sedan,0,0,0,1.0,real_source
564890,40-64,female,majority,10-19y,none,working class,,1.0,before 2015,0.0,1.0,32765,10000.0,sedan,2,1,1,0.0,real_source
299429,26-39,female,majority,0-9y,university,upper class,,1.0,after 2015,0.0,1.0,10238,,sedan,0,0,0,0.0,real_source
949426,26-39,male,majority,10-19y,high school,middle class,0.5221769112250697,1.0,after 2015,1.0,1.0,10238,12000.0,sedan,0,0,0,0.0,real_source
455304,40-64,male,majority,10-19y,high school,middle class,0.5062116529171277,0.0,before 2015,1.0,0.0,10238,11000.0,sedan,3,0,1,0.0,real_source
617387,26-39,male,majority,10-19y,high school,middle class,0.4069958243881594,1.0,before 2015,0.0,0.0,10238,16000.0,sedan,0,0,1,0.0,real_source
436863,16-25,male,majority,0-9y,high school,working class,0.5022869533930133,0.0,before 2015,1.0,0.0,10238,12000.0,sedan,0,0,0,1.0,real_source
227991,26-39,male,majority,0-9y,university,middle class,,0.0,before 2015,0.0,1.0,21217,,sedan,0,0,0,1.0,real_source
677307,26-39,female,majority,0-9y,high school,middle class,0.5532659078456234,0.0,before 2015,0.0,1.0,10238,11000.0,sedan,0,0,0,1.0,real_source
5656,40-64,male,majority,20-29y,university,upper class,0.6521572894862243,1.0,after 2015,1.0,1.0,10238,,sedan,6,0,2,0.0,real_source
818173,40-64,male,majority,20-29y,university,upper class,0.7557590484416451,1.0,after 2015,1.0,1.0,10238,12000.0,sedan,2,0,2,0.0,real_source
62863,65+,male,majority,20-29y,university,upper class,0.5000459869796376,1.0,before 2015,1.0,1.0,10238,12000.0,sedan,2,0,6,0.0,real_source
143410,40-64,female,majority,20-29y,university,middle class,0.5993749214349967,0.0,before 2015,0.0,0.0,10238,18000.0,sedan,0,0,2,0.0,real_source
795527,26-39,female,majority,10-19y,high school,working class,0.3646300364441638,0.0,before 2015,1.0,1.0,32765,7000.0,sports car,1,0,0,1.0,real_source
373533,65+,female,majority,20-29y,high school,upper class,,1.0,before 2015,1.0,1.0,10238,12000.0,sedan,2,0,2,0.0,real_source
121496,40-64,male,majority,0-9y,none,middle class,0.5491989032257741,1.0,after 2015,1.0,1.0,10238,7000.0,sedan,0,0,0,0.0,real_source
368915,16-25,male,majority,0-9y,high school,working class,0.4005849078660153,1.0,before 2015,0.0,0.0,10238,15000.0,sedan,0,0,0,1.0,real_source
309619,40-64,male,majority,10-19y,university,middle class,,0.0,after 2015,1.0,0.0,10238,16000.0,sedan,1,2,0,1.0,real_source
348146,26-39,female,majority,10-19y,none,poverty,0.2565912745042664,0.0,before 2015,0.0,0.0,10238,12000.0,sedan,0,0,2,1.0,real_source
847312,26-39,male,majority,10-19y,university,upper class,0.680928917443575,1.0,before 2015,1.0,0.0,10238,12000.0,sedan,1,2,1,0.0,real_source
440272,40-64,male,majority,20-29y,university,upper class,0.6027630963241031,1.0,before 2015,0.0,1.0,32765,10000.0,sedan,8,0,3,0.0,real_source
196570,40-64,female,majority,10-19y,university,upper class,0.7819530183027448,1.0,after 2015,1.0,1.0,10238,16000.0,sedan,3,1,0,0.0,real_source
402571,26-39,female,majority,10-19y,university,working class,,0.0,before 2015,0.0,1.0,10238,13000.0,sedan,1,0,4,0.0,real_source
975718,40-64,female,majority,0-9y,university,upper class,0.4840149273174377,1.0,after 2015,1.0,1.0,10238,10000.0,sedan,0,0,0,0.0,real_source
320313,26-39,female,majority,10-19y,high school,upper class,0.5957149581490123,1.0,before 2015,1.0,1.0,10238,7000.0,sedan,2,0,2,0.0,real_source
445056,26-39,male,majority,10-19y,university,upper class,0.5893790042775761,1.0,before 2015,1.0,1.0,10238,9000.0,sedan,2,1,1,0.0,real_source
531284,40-64,male,majority,20-29y,university,upper class,0.6016258241392335,1.0,before 2015,0.0,1.0,10238,,sedan,2,2,1,0.0,real_source
662855,65+,female,majority,0-9y,university,upper class,0.6563498838978089,1.0,after 2015,1.0,1.0,10238,7000.0,sedan,0,0,0,0.0,real_source
881496,26-39,female,majority,10-19y,none,middle class,0.61535406879528,1.0,before 2015,1.0,1.0,10238,15000.0,sedan,0,0,1,0.0,real_source
519751,16-25,male,minority,0-9y,none,poverty,0.2950906798001347,0.0,before 2015,0.0,0.0,92101,14000.0,sedan,0,0,0,1.0,real_source
214281,26-39,male,majority,10-19y,none,poverty,0.0953870936940878,1.0,before 2015,0.0,0.0,10238,15000.0,sedan,2,1,2,1.0,real_source
828111,16-25,male,majority,0-9y,none,poverty,0.4138170668973727,1.0,before 2015,0.0,1.0,10238,10000.0,sedan,0,0,0,1.0,real_source
466025,65+,female,majority,30y+,high school,upper class,0.6809852539465225,1.0,after 2015,1.0,1.0,10238,12000.0,sedan,3,1,6,0.0,real_source
639084,26-39,male,majority,0-9y,university,upper class,0.6764783850579369,1.0,before 2015,0.0,1.0,32765,13000.0,sedan,0,0,0,0.0,real_source
897135,26-39,male,majority,0-9y,high school,middle class,0.4033846274374489,0.0,before 2015,1.0,1.0,10238,9000.0,sedan,0,0,0,1.0,real_source
396326,40-64,male,majority,20-29y,none,middle class,0.4879440211154682,1.0,before 2015,0.0,1.0,10238,11000.0,sedan,5,0,4,0.0,real_source
155779,40-64,female,majority,20-29y,none,working class,,1.0,before 2015,1.0,1.0,10238,10000.0,sedan,3,0,0,0.0,real_source
869862,40-64,male,majority,20-29y,high school,upper class,0.6819981116362914,0.0,before 2015,1.0,1.0,32765,6000.0,sedan,11,1,2,1.0,real_source
947354,40-64,female,minority,20-29y,high school,working class,0.436520236197445,1.0,before 2015,0.0,1.0,10238,15000.0,sedan,3,0,2,0.0,real_source
672542,65+,male,majority,20-29y,university,upper class,0.4721412440122079,1.0,before 2015,1.0,1.0,10238,11000.0,sedan,3,0,1,0.0,real_source
36065,16-25,male,majority,0-9y,none,poverty,0.4490141254061794,1.0,before 2015,0.0,1.0,10238,14000.0,sedan,0,0,0,0.0,real_source
80718,26-39,male,majority,10-19y,university,upper class,0.6227949196734675,1.0,after 2015,1.0,1.0,10238,,sedan,1,0,2,0.0,real_source
825288,40-64,male,majority,10-19y,university,upper class,0.9608188278116948,1.0,after 2015,0.0,1.0,10238,10000.0,sedan,1,0,1,0.0,real_source
414572,40-64,female,majority,20-29y,high school,upper class,0.5702790141224438,1.0,before 2015,1.0,1.0,10238,10000.0,sedan,3,0,4,0.0,real_source
24396,26-39,female,majority,10-19y,high school,poverty,0.4144618670550359,0.0,before 2015,1.0,1.0,10238,10000.0,sedan,3,0,1,0.0,real_source
329598,26-39,female,minority,0-9y,none,middle class,,0.0,before 2015,1.0,0.0,10238,14000.0,sedan,0,0,0,1.0,real_source
603341,65+,male,majority,30y+,high school,upper class,0.6060025247092775,1.0,before 2015,0.0,1.0,10238,,sedan,2,0,4,0.0,real_source
220700,16-25,male,minority,0-9y,none,poverty,0.2956147179906796,0.0,before 2015,0.0,1.0,32765,9000.0,sports car,0,0,0,1.0,real_source
447863,16-25,male,majority,0-9y,high school,middle class,,0.0,after 2015,0.0,1.0,32765,12000.0,sedan,0,0,0,0.0,real_source
962434,26-39,male,majority,10-19y,high school,upper class,0.6012733666180051,1.0,before 2015,1.0,1.0,10238,10000.0,sedan,1,0,2,0.0,real_source
634006,26-39,male,majority,10-19y,university,upper class,0.6467083588488515,0.0,after 2015,1.0,0.0,32765,11000.0,sedan,6,0,1,0.0,real_source
245523,40-64,female,majority,10-19y,none,working class,0.3315640659194958,1.0,before 2015,1.0,1.0,32765,12000.0,sedan,3,1,1,0.0,real_source
556806,65+,male,majority,0-9y,high school,upper class,0.4736061159306169,1.0,after 2015,1.0,1.0,92101,12000.0,sedan,0,0,0,1.0,real_source
361686,65+,male,majority,20-29y,university,upper class,0.5935570210616777,1.0,after 2015,1.0,1.0,10238,9000.0,sedan,1,1,4,0.0,real_source
746172,16-25,female,majority,0-9y,high school,working class,0.3104439496869316,1.0,before 2015,0.0,1.0,10238,13000.0,sedan,0,0,0,1.0,real_source
787173,40-64,male,majority,20-29y,none,middle class,0.5949942615350459,1.0,before 2015,1.0,1.0,10238,12000.0,sedan,3,0,4,0.0,real_source
164865,16-25,male,majority,0-9y,none,poverty,0.5574101037418253,0.0,before 2015,0.0,0.0,10238,16000.0,sedan,0,0,0,1.0,real_source
584870,26-39,male,majority,10-19y,high school,middle class,0.5960178820895716,1.0,before 2015,0.0,1.0,10238,9000.0,sedan,0,0,1,0.0,real_source
592444,16-25,female,majority,0-9y,none,poverty,0.5653141355325579,1.0,before 2015,0.0,1.0,10238,10000.0,sedan,0,0,0,0.0,real_source
313409,40-64,female,majority,20-29y,university,upper class,0.6720095267316407,1.0,after 2015,1.0,0.0,10238,13000.0,sedan,0,0,0,0.0,real_source
449608,65+,female,majority,10-19y,high school,middle class,0.4630535883640802,1.0,after 2015,0.0,1.0,10238,14000.0,sedan,0,0,0,0.0,real_source
392143,65+,male,majority,20-29y,high school,upper class,0.6140424540441148,0.0,before 2015,0.0,0.0,10238,13000.0,sedan,4,0,1,0.0,real_source
508287,65+,male,majority,20-29y,university,upper class,0.6453591991000591,1.0,before 2015,1.0,1.0,10238,13000.0,sedan,4,3,0,0.0,real_source
102757,65+,female,minority,10-19y,none,upper class,0.6854090454032493,1.0,after 2015,1.0,1.0,10238,11000.0,sedan,1,0,0,0.0,real_source
426769,26-39,male,majority,10-19y,university,upper class,0.6670226191158176,1.0,before 2015,1.0,1.0,10238,14000.0,sedan,2,0,2,0.0,real_source
472257,40-64,male,majority,20-29y,university,upper class,0.7216402910712306,1.0,after 2015,1.0,1.0,10238,11000.0,sedan,2,0,5,0.0,real_source
614120,40-64,male,majority,20-29y,university,upper class,0.4596749902548559,0.0,before 2015,0.0,1.0,10238,13000.0,sports car,0,3,1,0.0,real_source
886751,40-64,male,majority,0-9y,none,middle class,0.5417098412700575,1.0,before 2015,1.0,1.0,32765,7000.0,sedan,0,0,0,1.0,real_source
954045,16-25,male,majority,0-9y,university,working class,0.4701928145539621,0.0,before 2015,0.0,1.0,10238,9000.0,sedan,0,0,0,1.0,real_source
539780,40-64,male,majority,20-29y,university,upper class,0.5806195342350445,1.0,after 2015,1.0,1.0,32765,7000.0,sedan,12,1,3,0.0,real_source
458428,26-39,female,majority,10-19y,high school,upper class,0.8246055134031282,1.0,after 2015,0.0,0.0,10238,14000.0,sedan,1,0,1,0.0,real_source
237986,16-25,female,majority,0-9y,high school,poverty,0.2866241766490909,0.0,before 2015,0.0,0.0,10238,16000.0,sedan,0,0,0,1.0,real_source
448925,26-39,female,majority,0-9y,none,poverty,,0.0,before 2015,0.0,1.0,10238,17000.0,sedan,0,0,0,0.0,real_source
140311,16-25,female,majority,0-9y,high school,working class,0.5105416142994454,0.0,before 2015,0.0,0.0,10238,12000.0,sedan,0,0,0,1.0,real_source
2654,16-25,male,majority,0-9y,high school,poverty,0.2266204187196561,0.0,before 2015,0.0,1.0,10238,12000.0,sedan,0,0,0,1.0,real_source
125456,40-64,female,minority,20-29y,high school,upper class,0.4854096107116239,0.0,after 2015,1.0,1.0,10238,9000.0,sedan,2,1,3,0.0,real_source
123705,40-64,female,minority,20-29y,high school,upper class,0.5610588085481812,1.0,before 2015,0.0,1.0,10238,14000.0,sedan,3,0,1,0.0,real_source
683736,26-39,female,majority,10-19y,high school,working class,0.4400170768463599,1.0,before 2015,1.0,1.0,10238,14000.0,sedan,0,0,1,0.0,real_source
40343,65+,male,majority,10-19y,high school,upper class,0.6458584800209589,1.0,after 2015,1.0,1.0,92101,11000.0,sedan,2,0,0,0.0,real_source
750098,40-64,female,minority,20-29y,university,upper class,0.6946223389054919,1.0,before 2015,1.0,1.0,10238,9000.0,sedan,4,2,1,0.0,real_source
837247,16-25,male,majority,0-9y,none,working class,0.3673915153567661,1.0,before 2015,1.0,1.0,10238,11000.0,sedan,0,0,0,0.0,real_source
999976,40-64,female,majority,10-19y,high school,middle class,0.4709463634111504,1.0,before 2015,1.0,1.0,10238,9000.0,sedan,0,0,1,0.0,real_source
345979,65+,male,majority,30y+,university,upper class,0.567420445945503,0.0,after 2015,1.0,1.0,10238,9000.0,sedan,5,1,7,0.0,real_source
278816,26-39,male,minority,10-19y,none,upper class,0.4696695415128295,1.0,before 2015,1.0,0.0,32765,8000.0,sedan,6,0,2,0.0,real_source
303039,16-25,female,majority,0-9y,high school,middle class,0.6533774120556458,1.0,after 2015,0.0,1.0,10238,12000.0,sedan,0,0,0,0.0,real_source
782130,65+,male,majority,10-19y,high school,upper class,0.4838848652090954,1.0,before 2015,1.0,1.0,32765,8000.0,sedan,5,1,0,0.0,real_source
347755,65+,male,minority,0-9y,university,upper class,0.6814422418900506,1.0,after 2015,1.0,1.0,10238,9000.0,sedan,0,0,0,0.0,real_source
12333,40-64,male,majority,20-29y,university,upper class,0.584162066396573,1.0,before 2015,1.0,0.0,10238,11000.0,sedan,4,0,0,0.0,real_source
655511,16-25,female,majority,0-9y,none,poverty,0.377267939245568,0.0,before 2015,1.0,1.0,10238,11000.0,sedan,0,0,0,1.0,real_source
885622,40-64,male,majority,20-29y,university,upper class,0.408776432410417,1.0,after 2015,1.0,1.0,10238,10000.0,sedan,1,0,4,0.0,real_source
328664,26-39,male,majority,0-9y,high school,working class,0.3662098408890193,0.0,before 2015,0.0,0.0,32765,10000.0,sedan,0,0,0,1.0,real_source
606142,40-64,male,majority,10-19y,high school,middle class,0.5094372527074583,1.0,after 2015,1.0,1.0,32765,8000.0,sedan,2,0,2,0.0,real_source
206134,26-39,male,majority,0-9y,high school,middle class,0.6133896915585907,0.0,before 2015,0.0,0.0,10238,12000.0,sedan,0,0,0,1.0,real_source
195959,40-64,male,majority,10-19y,university,upper class,0.6749718971794846,1.0,after 2015,1.0,1.0,92101,12000.0,sedan,2,0,0,0.0,real_source
647122,26-39,male,majority,10-19y,university,upper class,0.6126814428612573,0.0,after 2015,0.0,0.0,10238,13000.0,sedan,3,0,1,1.0,real_source
349851,26-39,male,majority,10-19y,university,middle class,0.4038738668665778,1.0,after 2015,0.0,1.0,10238,15000.0,sedan,1,0,0,0.0,real_source
890672,65+,male,majority,10-19y,university,upper class,0.632071900431844,1.0,before 2015,0.0,1.0,10238,11000.0,sedan,3,0,2,0.0,real_source
25825,16-25,male,majority,0-9y,none,poverty,,0.0,before 2015,0.0,1.0,10238,15000.0,sedan,0,0,0,1.0,real_source
273676,40-64,female,majority,20-29y,university,upper class,0.7088589461787946,1.0,before 2015,1.0,1.0,10238,9000.0,sedan,2,2,1,0.0,real_source
573910,40-64,male,majority,20-29y,university,upper class,0.6107452144722096,0.0,before 2015,1.0,1.0,92101,10000.0,sedan,10,0,2,0.0,real_source
273939,65+,male,majority,20-29y,high school,upper class,0.6713585572774622,1.0,after 2015,1.0,1.0,32765,6000.0,sedan,8,1,2,0.0,real_source
905593,16-25,female,majority,0-9y,university,working class,0.5357575590071443,1.0,before 2015,0.0,1.0,32765,11000.0,sedan,0,0,0,1.0,real_source
545992,26-39,male,majority,10-19y,high school,upper class,0.6609333089751197,1.0,before 2015,1.0,0.0,10238,9000.0,sedan,2,0,3,0.0,real_source
969562,26-39,male,majority,10-19y,high school,working class,0.2158830849082594,1.0,before 2015,1.0,1.0,32765,10000.0,sedan,4,0,1,0.0,real_source
363787,40-64,male,majority,20-29y,none,working class,0.5240293740807962,1.0,before 2015,0.0,0.0,32765,14000.0,sedan,4,0,1,0.0,real_source
416920,65+,male,majority,30y+,university,upper class,0.5846714102071112,1.0,after 2015,1.0,1.0,32765,11000.0,sedan,13,1,3,0.0,real_source
344660,26-39,male,majority,10-19y,university,middle class,0.502144711398539,1.0,before 2015,0.0,0.0,32765,13000.0,sedan,4,0,3,1.0,real_source
129882,16-25,female,majority,0-9y,high school,middle class,0.4095777894765035,1.0,after 2015,0.0,0.0,10238,12000.0,sedan,0,0,0,0.0,real_source
851428,40-64,female,majority,10-19y,high school,working class,0.2778104486315901,0.0,before 2015,0.0,1.0,10238,12000.0,sedan,0,0,2,1.0,real_source
924520,26-39,female,majority,0-9y,high school,upper class,0.7519971243463806,1.0,before 2015,0.0,1.0,32765,9000.0,sedan,0,0,0,0.0,real_source
102844,40-64,female,majority,0-9y,high school,middle class,0.6487617772165083,1.0,before 2015,1.0,1.0,32765,9000.0,sedan,0,0,0,0.0,real_source
592668,16-25,female,majority,0-9y,high school,working class,0.2983405315294405,1.0,before 2015,0.0,0.0,10238,15000.0,sedan,0,0,0,1.0,real_source
457936,40-64,female,majority,20-29y,high school,middle class,0.3943131593188522,0.0,before 2015,1.0,1.0,32765,12000.0,sedan,2,1,2,0.0,real_source
384974,40-64,male,majority,20-29y,university,middle class,0.5010180026077341,0.0,before 2015,1.0,1.0,10238,8000.0,sedan,1,0,3,0.0,real_source
297690,26-39,female,majority,10-19y,high school,working class,0.5083268520271713,0.0,before 2015,1.0,1.0,10238,9000.0,sedan,2,0,0,0.0,real_source
280096,40-64,male,majority,10-19y,high school,upper class,0.730309867150182,1.0,after 2015,0.0,1.0,10238,,sedan,0,0,2,0.0,real_source
512035,40-64,female,majority,20-29y,high school,working class,0.4503634589093056,0.0,before 2015,0.0,0.0,32765,7000.0,sedan,2,0,0,0.0,real_source
518188,26-39,female,majority,0-9y,none,middle class,0.4374226306331744,1.0,after 2015,1.0,1.0,32765,12000.0,sedan,0,0,0,0.0,real_source
942224,40-64,female,majority,20-29y,none,middle class,0.5617018828890193,1.0,before 2015,0.0,1.0,10238,13000.0,sedan,0,0,0,0.0,real_source
347653,40-64,male,majority,20-29y,university,upper class,0.4669035543886058,1.0,after 2015,0.0,1.0,32765,11000.0,sedan,5,3,3,0.0,real_source
978369,26-39,male,majority,0-9y,university,working class,0.277330465062199,0.0,before 2015,0.0,1.0,32765,12000.0,sedan,0,0,0,1.0,real_source
212303,65+,male,majority,30y+,high school,upper class,0.7086878384235843,1.0,before 2015,0.0,1.0,10238,12000.0,sedan,1,1,7,0.0,real_source
753838,40-64,male,majority,10-19y,none,upper class,0.5047539827483274,1.0,before 2015,0.0,1.0,10238,10000.0,sedan,0,0,0,0.0,real_source
754299,16-25,female,majority,0-9y,none,poverty,,1.0,before 2015,0.0,0.0,10238,,sedan,0,0,0,1.0,real_source
872973,40-64,male,majority,20-29y,university,upper class,0.6741173026157443,1.0,after 2015,1.0,0.0,10238,13000.0,sedan,1,1,1,0.0,real_source
517511,26-39,female,majority,10-19y,none,poverty,0.3460042308900576,1.0,before 2015,0.0,1.0,10238,13000.0,sedan,0,0,0,0.0,real_source
357194,16-25,female,majority,0-9y,high school,poverty,0.5961511521802579,0.0,before 2015,0.0,0.0,10238,11000.0,sedan,0,0,0,1.0,real_source
632227,16-25,female,majority,0-9y,university,middle class,0.5584297222497407,1.0,before 2015,1.0,1.0,32765,7000.0,sedan,0,0,0,1.0,real_source
717908,40-64,female,majority,0-9y,university,upper class,0.5677135244725591,1.0,before 2015,0.0,1.0,10238,12000.0,sedan,0,0,0,0.0,real_source
196865,40-64,male,majority,20-29y,high school,upper class,,1.0,after 2015,1.0,1.0,10238,6000.0,sedan,6,0,5,0.0,real_source
826053,65+,male,majority,30y+,university,upper class,0.7244869628614676,1.0,after 2015,1.0,1.0,10238,12000.0,sedan,6,1,3,0.0,real_source
394342,16-25,female,majority,0-9y,none,working class,0.4612268925007986,1.0,before 2015,0.0,0.0,32765,12000.0,sports car,0,0,0,1.0,real_source
344827,40-64,male,majority,20-29y,none,middle class,0.4596170604546482,1.0,after 2015,1.0,1.0,10238,10000.0,sedan,3,1,3,0.0,real_source
425747,26-39,female,majority,0-9y,university,upper class,0.6082027648430689,0.0,after 2015,1.0,1.0,32765,6000.0,sedan,0,0,0,0.0,real_source
582667,65+,female,majority,0-9y,university,upper class,0.6848940070987218,1.0,before 2015,0.0,1.0,10238,12000.0,sedan,0,0,0,1.0,real_source
53828,16-25,male,minority,0-9y,high school,working class,0.4987146666985322,0.0,before 2015,1.0,1.0,10238,8000.0,sedan,0,0,0,1.0,real_source
339853,40-64,male,majority,20-29y,university,upper class,0.704085650847231,1.0,after 2015,1.0,1.0,32765,7000.0,sedan,12,0,5,0.0,real_source
932809,16-25,female,majority,0-9y,none,poverty,0.3292359274424569,1.0,before 2015,0.0,0.0,92101,13000.0,sedan,0,0,0,1.0,real_source
7866,16-25,female,majority,0-9y,university,working class,,1.0,before 2015,0.0,1.0,10238,15000.0,sports car,0,0,0,0.0,real_source
272776,65+,male,majority,30y+,high school,upper class,0.5585866661510136,1.0,before 2015,1.0,1.0,32765,,sedan,17,0,3,0.0,real_source
26248,40-64,male,majority,20-29y,high school,upper class,0.6305716881715939,1.0,after 2015,1.0,1.0,92101,10000.0,sports car,4,1,4,1.0,real_source
545309,65+,male,minority,20-29y,high school,upper class,0.5501302706237786,1.0,after 2015,1.0,1.0,10238,7000.0,sports car,2,0,1,0.0,real_source
910531,16-25,male,majority,0-9y,high school,poverty,0.3322031062528092,1.0,before 2015,0.0,1.0,10238,15000.0,sports car,0,0,0,1.0,real_source
854685,26-39,female,majority,0-9y,none,working class,0.4638268843521842,0.0,before 2015,0.0,0.0,10238,18000.0,sedan,0,0,0,1.0,real_source
277626,26-39,male,majority,10-19y,none,poverty,0.3635155818200086,0.0,before 2015,0.0,1.0,10238,15000.0,sedan,0,0,2,1.0,real_source
925647,40-64,male,majority,0-9y,high school,middle class,0.6127350251833245,1.0,before 2015,1.0,1.0,32765,13000.0,sedan,0,0,0,1.0,real_source
104866,40-64,female,majority,0-9y,high school,working class,,0.0,before 2015,0.0,1.0,10238,10000.0,sedan,0,0,0,1.0,real_source
400562,26-39,female,minority,10-19y,none,middle class,0.4948332302558839,0.0,after 2015,1.0,1.0,10238,8000.0,sedan,2,0,3,0.0,real_source
508723,40-64,female,majority,20-29y,university,middle class,,1.0,before 2015,0.0,1.0,10238,14000.0,sedan,0,0,3,0.0,real_source
277802,26-39,male,majority,10-19y,university,upper class,0.5681315286992283,0.0,after 2015,1.0,0.0,92101,17000.0,sedan,0,0,0,1.0,real_source
630035,40-64,female,majority,20-29y,high school,upper class,0.7453860538131073,1.0,before 2015,1.0,1.0,10238,13000.0,sedan,3,1,0,0.0,real_source
276256,40-64,female,majority,10-19y,high school,upper class,0.6027617226896056,1.0,before 2015,0.0,0.0,10238,14000.0,sedan,0,0,1,0.0,real_source
403686,16-25,male,majority,0-9y,university,middle class,0.4965338738721264,1.0,before 2015,1.0,1.0,10238,6000.0,sedan,0,0,0,0.0,real_source
650746,26-39,female,majority,10-19y,none,working class,,0.0,before 2015,0.0,1.0,10238,13000.0,sedan,0,0,3,1.0,real_source
776379,40-64,female,majority,20-29y,high school,upper class,0.7765591455706297,1.0,before 2015,0.0,1.0,32765,13000.0,sedan,3,0,0,0.0,real_source
777885,40-64,female,majority,20-29y,high school,upper class,0.6182580991974427,1.0,before 2015,1.0,1.0,10238,15000.0,sedan,2,0,1,0.0,real_source
781035,16-25,male,majority,0-9y,high school,poverty,0.2343895342350447,1.0,before 2015,0.0,0.0,32765,12000.0,sedan,0,0,0,1.0,real_source
813341,65+,female,minority,30y+,none,middle class,0.4874645595687514,1.0,before 2015,1.0,1.0,32765,5000.0,sedan,3,0,0,0.0,real_source
680919,16-25,female,majority,0-9y,high school,working class,0.4256430305423096,0.0,before 2015,0.0,1.0,10238,15000.0,sedan,0,0,0,1.0,real_source
85568,65+,male,minority,20-29y,university,upper class,0.4143016805242815,1.0,before 2015,1.0,1.0,10238,,sedan,1,0,1,0.0,real_source
973470,16-25,male,minority,0-9y,university,middle class,0.4699857525886301,1.0,before 2015,0.0,1.0,32765,11000.0,sedan,0,0,0,1.0,real_source
456102,26-39,male,majority,10-19y,university,middle class,0.328671664213881,1.0,after 2015,0.0,1.0,10238,,sedan,3,0,1,0.0,real_source
145769,16-25,female,majority,0-9y,none,poverty,,0.0,before 2015,0.0,0.0,10238,13000.0,sedan,0,0,0,1.0,real_source
486729,65+,female,majority,30y+,high school,upper class,0.6381004203412624,0.0,before 2015,1.0,1.0,10238,,sedan,2,1,4,0.0,real_source
366895,16-25,male,majority,0-9y,university,poverty,0.3045477014251953,1.0,before 2015,0.0,1.0,10238,15000.0,sedan,0,0,0,1.0,real_source
811551,16-25,male,majority,0-9y,university,working class,0.3699006108349729,1.0,before 2015,1.0,0.0,32765,13000.0,sedan,0,0,0,0.0,real_source
841491,26-39,female,majority,10-19y,high school,working class,0.6469238969549422,0.0,before 2015,0.0,1.0,10238,12000.0,sedan,0,0,1,0.0,real_source
116199,16-25,male,majority,0-9y,high school,working class,0.3977001998989168,1.0,after 2015,0.0,1.0,32765,13000.0,sedan,0,0,0,1.0,real_source
893542,40-64,male,minority,10-19y,high school,upper class,0.7928853742076165,1.0,before 2015,0.0,1.0,10238,,sedan,1,0,1,0.0,real_source
96421,65+,male,majority,30y+,university,upper class,0.7042280046651094,1.0,after 2015,0.0,0.0,10238,14000.0,sedan,5,0,2,0.0,real_source
78172,26-39,male,majority,10-19y,university,middle class,,1.0,before 2015,1.0,0.0,10238,9000.0,sports car,2,1,0,0.0,real_source
329676,26-39,female,majority,10-19y,university,middle class,0.5938543280814313,0.0,after 2015,0.0,1.0,10238,11000.0,sports car,0,0,0,0.0,real_source
200506,26-39,female,majority,10-19y,high school,middle class,0.4234802054638045,1.0,after 2015,0.0,1.0,10238,17000.0,sedan,0,0,1,0.0,real_source
965846,26-39,male,majority,10-19y,university,upper class,0.5237786428900093,1.0,before 2015,1.0,1.0,10238,8000.0,sedan,2,0,1,0.0,real_source
377816,16-25,female,minority,0-9y,high school,poverty,0.26792669036558,0.0,after 2015,0.0,0.0,10238,15000.0,sedan,0,0,0,0.0,real_source
605373,26-39,female,majority,10-19y,high school,poverty,0.4352284719693461,0.0,after 2015,0.0,1.0,10238,12000.0,sedan,0,0,0,0.0,real_source
947853,26-39,male,majority,10-19y,high school,middle class,0.5502490277614757,1.0,before 2015,0.0,1.0,10238,10000.0,sedan,0,0,1,0.0,real_source
439231,65+,male,majority,0-9y,university,upper class,0.7140675054489758,1.0,after 2015,1.0,1.0,32765,8000.0,sedan,0,0,0,1.0,real_source
417103,26-39,female,majority,0-9y,none,working class,0.3322173325159018,0.0,before 2015,1.0,1.0,10238,13000.0,sedan,0,0,0,0.0,real_source
245117,40-64,male,minority,0-9y,university,upper class,0.6282607890183867,1.0,after 2015,1.0,1.0,10238,13000.0,sedan,0,0,0,0.0,real_source
202518,26-39,female,minority,10-19y,none,poverty,0.3135714708801836,0.0,before 2015,1.0,1.0,10238,8000.0,sedan,0,0,2,0.0,real_source
741377,40-64,male,majority,20-29y,university,upper class,0.6150016644670072,1.0,after 2015,1.0,1.0,10238,7000.0,sedan,4,1,2,0.0,real_source
880628,26-39,female,majority,10-19y,high school,poverty,0.4271866929096974,1.0,before 2015,0.0,1.0,10238,11000.0,sedan,0,0,1,1.0,real_source
612154,26-39,female,majority,10-19y,high school,upper class,0.5705957708938973,1.0,before 2015,1.0,0.0,10238,12000.0,sedan,0,0,0,0.0,real_source
454160,26-39,male,majority,0-9y,none,working class,,1.0,after 2015,0.0,1.0,10238,13000.0,sedan,0,0,0,0.0,real_source
850641,65+,male,majority,10-19y,high school,upper class,0.5944123555771336,1.0,after 2015,1.0,1.0,10238,12000.0,sedan,3,0,1,0.0,real_source
313949,26-39,male,majority,10-19y,none,poverty,0.4157358422399237,0.0,before 2015,1.0,1.0,10238,10000.0,sedan,1,0,1,1.0,real_source
531038,26-39,female,majority,10-19y,high school,middle class,0.6806248475377844,1.0,after 2015,0.0,1.0,10238,12000.0,sedan,0,0,0,0.0,real_source
548681,40-64,male,majority,20-29y,none,middle class,0.2281286996504181,0.0,before 2015,1.0,1.0,32765,7000.0,sedan,8,2,2,0.0,real_source
747021,40-64,male,majority,0-9y,university,upper class,0.6839659624662064,1.0,after 2015,1.0,1.0,10238,5000.0,sedan,0,0,0,0.0,real_source
614666,40-64,female,majority,20-29y,university,upper class,0.6476691481025054,1.0,after 2015,0.0,1.0,10238,10000.0,sedan,3,0,2,0.0,real_source
611418,16-25,female,majority,0-9y,high school,working class,,1.0,before 2015,0.0,0.0,10238,18000.0,sedan,0,0,0,0.0,real_source
382705,16-25,female,majority,0-9y,university,upper class,0.4316194342524034,1.0,after 2015,0.0,1.0,10238,11000.0,sedan,0,0,0,0.0,real_source
371132,40-64,male,majority,10-19y,high school,upper class,0.6890168595706068,1.0,after 2015,1.0,1.0,10238,12000.0,sedan,1,0,2,0.0,real_source
608987,16-25,female,majority,0-9y,high school,working class,0.3607003088952675,1.0,before 2015,0.0,1.0,10238,14000.0,sedan,0,0,0,0.0,real_source
832985,26-39,male,majority,0-9y,university,upper class,0.6649526471177105,1.0,before 2015,0.0,1.0,10238,15000.0,sedan,0,0,0,0.0,real_source
965962,16-25,female,majority,0-9y,high school,poverty,0.221954566050738,0.0,before 2015,0.0,0.0,10238,,sedan,0,0,0,1.0,real_source
270343,26-39,female,majority,10-19y,university,upper class,0.7338838668548553,1.0,after 2015,0.0,0.0,10238,13000.0,sedan,2,0,2,0.0,real_source
298541,26-39,male,majority,10-19y,university,working class,,1.0,before 2015,0.0,1.0,10238,12000.0,sedan,3,0,3,0.0,real_source
895871,16-25,female,majority,0-9y,none,working class,0.3974832419886633,0.0,before 2015,0.0,0.0,10238,14000.0,sedan,0,0,0,1.0,real_source
150276,65+,male,majority,30y+,high school,upper class,0.5949848654212657,1.0,after 2015,1.0,1.0,10238,7000.0,sedan,3,0,8,0.0,real_source
276564,26-39,male,majority,10-19y,none,working class,,0.0,before 2015,0.0,0.0,32765,15000.0,sedan,0,1,2,0.0,real_source
666008,26-39,female,majority,0-9y,high school,middle class,0.5074866002249934,1.0,before 2015,0.0,1.0,10238,13000.0,sedan,0,0,0,0.0,real_source
583749,16-25,male,majority,0-9y,high school,working class,0.3700495619279837,0.0,after 2015,0.0,0.0,92101,16000.0,sedan,0,0,0,1.0,real_source
884501,40-64,female,majority,0-9y,university,upper class,0.629561765194454,1.0,after 2015,0.0,1.0,32765,11000.0,sedan,0,0,0,0.0,real_source
975961,65+,female,majority,30y+,high school,middle class,0.6049065358383727,1.0,before 2015,1.0,1.0,32765,9000.0,sports car,10,0,3,0.0,real_source
937716,65+,male,majority,30y+,university,upper class,0.6738113407942623,1.0,after 2015,1.0,1.0,10238,13000.0,sedan,4,0,3,0.0,real_source
278029,40-64,male,majority,0-9y,university,upper class,0.6395131960576228,1.0,before 2015,1.0,0.0,10238,14000.0,sedan,0,0,0,0.0,real_source
995242,26-39,male,minority,10-19y,none,poverty,0.3754060474029069,0.0,before 2015,0.0,0.0,32765,12000.0,sedan,2,2,0,1.0,real_source
919799,65+,female,majority,20-29y,high school,upper class,0.6002914540131934,1.0,before 2015,1.0,1.0,10238,10000.0,sedan,1,0,1,0.0,real_source
211129,26-39,male,majority,10-19y,none,working class,0.337763772273958,0.0,after 2015,1.0,0.0,10238,12000.0,sedan,2,1,2,0.0,real_source
123428,26-39,male,majority,0-9y,none,poverty,0.1922339121015746,0.0,before 2015,0.0,1.0,10238,14000.0,sedan,0,0,0,1.0,real_source
895571,40-64,female,majority,20-29y,university,upper class,0.6448895574873921,1.0,after 2015,0.0,1.0,32765,14000.0,sedan,1,0,0,0.0,real_source
297659,65+,female,majority,10-19y,high school,middle class,0.6338098771565343,1.0,before 2015,0.0,1.0,32765,9000.0,sedan,2,0,1,1.0,real_source
905046,40-64,male,majority,20-29y,university,upper class,0.5523881323880686,1.0,after 2015,1.0,1.0,32765,11000.0,sedan,7,1,2,0.0,real_source
451227,26-39,female,majority,10-19y,high school,upper class,0.5095717000423156,0.0,after 2015,0.0,1.0,32765,10000.0,sedan,2,0,0,0.0,real_source
373872,26-39,male,majority,0-9y,high school,middle class,0.5117376349446104,1.0,before 2015,0.0,0.0,10238,13000.0,sedan,0,0,0,1.0,real_source
913451,65+,male,majority,30y+,high school,middle class,0.4628364662982673,1.0,before 2015,1.0,1.0,32765,,sedan,5,0,2,0.0,real_source
288785,40-64,female,majority,20-29y,high school,upper class,0.5561496317258147,1.0,after 2015,1.0,1.0,32765,8000.0,sedan,1,0,1,0.0,real_source
196588,16-25,male,majority,0-9y,none,poverty,0.3372573932305708,0.0,before 2015,1.0,1.0,32765,,sedan,0,0,0,1.0,real_source
710895,16-25,male,majority,0-9y,high school,poverty,0.2678767803164774,0.0,before 2015,0.0,0.0,10238,14000.0,sedan,0,0,0,1.0,real_source
133119,40-64,male,majority,20-29y,university,upper class,0.5239348835695834,1.0,before 2015,1.0,1.0,32765,13000.0,sedan,4,3,1,0.0,real_source
344650,26-39,female,majority,10-19y,high school,middle class,0.3453572376484412,1.0,after 2015,1.0,0.0,10238,15000.0,sedan,0,0,1,0.0,real_source
311831,40-64,male,majority,20-29y,university,upper class,0.4162840973092876,1.0,after 2015,0.0,1.0,32765,11000.0,sedan,7,2,2,0.0,real_source
18175,65+,male,majority,10-19y,university,upper class,0.6710577400351899,1.0,before 2015,1.0,0.0,10238,19000.0,sedan,1,0,1,1.0,real_source
337154,40-64,male,majority,20-29y,high school,upper class,0.6092538270787325,0.0,after 2015,1.0,1.0,10238,11000.0,sedan,2,0,2,0.0,real_source
439225,65+,female,majority,30y+,none,upper class,0.6377627271910699,1.0,after 2015,1.0,1.0,10238,9000.0,sedan,0,0,9,0.0,real_source
203422,26-39,female,majority,10-19y,none,poverty,0.3359988718015389,0.0,before 2015,1.0,1.0,10238,12000.0,sedan,2,0,1,1.0,real_source
587280,65+,male,majority,30y+,university,upper class,0.6079374664098495,1.0,after 2015,1.0,1.0,10238,11000.0,sedan,4,1,6,0.0,real_source
256735,40-64,female,majority,0-9y,university,middle class,0.5106534385283876,0.0,after 2015,1.0,1.0,10238,9000.0,sedan,0,0,0,0.0,real_source
679847,26-39,male,majority,10-19y,high school,upper class,0.4965554571818523,1.0,after 2015,0.0,1.0,10238,11000.0,sedan,2,0,2,0.0,real_source
59621,16-25,female,majority,0-9y,university,working class,,1.0,before 2015,1.0,0.0,10238,13000.0,sedan,0,0,0,0.0,real_source
781339,65+,female,majority,10-19y,university,upper class,0.5969511707936863,1.0,after 2015,0.0,1.0,10238,15000.0,sedan,0,0,0,0.0,real_source
989865,65+,male,majority,30y+,high school,upper class,0.7445940362318062,1.0,after 2015,0.0,1.0,32765,12000.0,sedan,6,0,3,0.0,real_source
320282,16-25,female,majority,0-9y,high school,poverty,0.3528606512240136,1.0,before 2015,0.0,0.0,10238,16000.0,sedan,0,0,0,0.0,real_source
875652,26-39,male,majority,10-19y,high school,middle class,0.4725620372205885,1.0,before 2015,1.0,0.0,10238,,sedan,2,0,0,0.0,real_source
778438,40-64,female,majority,20-29y,high school,working class,0.5034561261777147,1.0,before 2015,1.0,1.0,10238,7000.0,sedan,3,0,1,0.0,real_source
695849,40-64,female,majority,20-29y,high school,upper class,0.5281279666088714,1.0,after 2015,1.0,1.0,32765,11000.0,sedan,3,0,0,0.0,real_source
907249,65+,male,majority,30y+,high school,upper class,0.5360526546947815,1.0,before 2015,0.0,0.0,32765,14000.0,sedan,11,5,2,0.0,real_source
456080,40-64,female,majority,20-29y,university,upper class,0.609239430274789,1.0,after 2015,1.0,1.0,10238,13000.0,sedan,0,1,2,0.0,real_source
645212,26-39,female,majority,10-19y,university,upper class,0.6119061158789385,1.0,after 2015,0.0,1.0,92101,11000.0,sedan,0,0,0,0.0,real_source
851978,65+,male,majority,10-19y,none,working class,0.3589212361536521,0.0,before 2015,1.0,0.0,10238,15000.0,sedan,0,0,4,1.0,real_source
782814,26-39,female,majority,10-19y,high school,working class,,1.0,before 2015,0.0,1.0,10238,13000.0,sedan,0,0,2,0.0,real_source
837784,26-39,male,majority,10-19y,university,middle class,0.4451873369326039,0.0,before 2015,0.0,1.0,10238,16000.0,sports car,0,0,0,0.0,real_source
29008,65+,male,majority,20-29y,high school,upper class,0.5516614915267227,1.0,before 2015,1.0,1.0,32765,12000.0,sedan,5,0,0,0.0,real_source
933220,16-25,male,majority,0-9y,high school,working class,0.4454491673003073,0.0,before 2015,0.0,1.0,10238,13000.0,sedan,0,0,0,1.0,real_source
662300,40-64,female,majority,20-29y,none,working class,,1.0,before 2015,1.0,1.0,10238,11000.0,sedan,2,1,1,0.0,real_source
726973,40-64,male,minority,20-29y,none,working class,0.3385823952882704,0.0,before 2015,0.0,1.0,32765,10000.0,sedan,7,1,0,0.0,real_source
609636,40-64,female,majority,10-19y,high school,working class,0.4444563698879946,1.0,before 2015,1.0,1.0,10238,13000.0,sedan,0,0,1,0.0,real_source
993569,26-39,female,majority,10-19y,none,middle class,0.6144328631450537,1.0,before 2015,0.0,0.0,10238,16000.0,sedan,0,0,1,0.0,real_source
248038,40-64,female,majority,10-19y,university,upper class,,1.0,after 2015,1.0,1.0,32765,13000.0,sedan,0,1,1,0.0,real_source
584335,65+,female,minority,30y+,none,upper class,0.6246880057231377,0.0,after 2015,1.0,1.0,10238,14000.0,sedan,3,1,4,0.0,real_source
87906,16-25,male,majority,0-9y,university,upper class,0.5145625380618862,1.0,after 2015,1.0,0.0,32765,9000.0,sedan,0,0,0,0.0,real_source
63383,40-64,female,majority,20-29y,university,middle class,0.4585519228538674,1.0,before 2015,0.0,1.0,92101,13000.0,sedan,1,0,1,0.0,real_source
362014,65+,female,majority,30y+,high school,upper class,0.8057389907027154,1.0,before 2015,1.0,1.0,10238,12000.0,sedan,2,0,5,0.0,real_source
415219,16-25,female,majority,0-9y,high school,poverty,,0.0,before 2015,0.0,0.0,10238,16000.0,sedan,0,0,0,0.0,real_source
897379,16-25,male,majority,0-9y,high school,poverty,0.204331080735511,1.0,before 2015,1.0,0.0,10238,12000.0,sedan,0,0,0,1.0,real_source
462054,40-64,male,minority,20-29y,none,poverty,0.2868307040423252,1.0,before 2015,0.0,1.0,10238,8000.0,sedan,5,1,2,0.0,real_source
883353,40-64,female,majority,20-29y,none,poverty,0.4091433162660645,1.0,after 2015,0.0,1.0,32765,11000.0,sedan,3,0,1,0.0,real_source
416175,40-64,male,majority,20-29y,university,upper class,0.5196193023272175,1.0,after 2015,0.0,1.0,10238,13000.0,sedan,3,2,6,0.0,real_source
150843,65+,female,majority,30y+,university,upper class,0.7041103092342212,1.0,before 2015,1.0,1.0,10238,8000.0,sedan,2,0,2,0.0,real_source
562555,16-25,male,majority,0-9y,none,poverty,0.4160200997146181,1.0,before 2015,0.0,1.0,92101,15000.0,sedan,0,0,0,1.0,real_source
157916,40-64,male,majority,20-29y,high school,upper class,0.8103783788928026,1.0,before 2015,1.0,1.0,10238,,sedan,0,0,5,0.0,real_source
921134,16-25,male,majority,0-9y,university,upper class,0.5975466225645271,0.0,before 2015,0.0,0.0,10238,16000.0,sedan,0,0,0,1.0,real_source
802297,26-39,female,majority,10-19y,university,working class,0.4846708440812426,0.0,before 2015,0.0,1.0,10238,15000.0,sedan,2,0,0,1.0,real_source
375315,40-64,male,majority,10-19y,university,upper class,,1.0,before 2015,1.0,0.0,32765,13000.0,sports car,2,3,0,1.0,real_source
149874,40-64,male,majority,10-19y,none,middle class,0.4769429942150982,1.0,before 2015,0.0,0.0,10238,16000.0,sedan,1,0,3,0.0,real_source
58284,40-64,male,majority,20-29y,university,upper class,0.524854140061048,1.0,before 2015,0.0,0.0,10238,12000.0,sedan,2,1,3,0.0,real_source
169690,16-25,male,majority,0-9y,university,upper class,0.6155620953988491,0.0,before 2015,1.0,1.0,10238,11000.0,sedan,0,0,0,1.0,real_source
643377,40-64,male,majority,20-29y,university,middle class,0.5615413060142965,0.0,after 2015,0.0,1.0,10238,13000.0,sedan,0,1,2,0.0,real_source
416380,26-39,female,majority,10-19y,university,upper class,0.7233944188837503,1.0,before 2015,0.0,1.0,10238,13000.0,sedan,0,0,2,0.0,real_source
446206,40-64,male,majority,20-29y,high school,upper class,0.5838985964818494,1.0,after 2015,0.0,0.0,10238,16000.0,sedan,0,1,1,0.0,real_source
119771,16-25,male,majority,0-9y,university,middle class,0.7041063079078885,1.0,before 2015,0.0,1.0,32765,,sedan,0,0,0,1.0,real_source
887486,16-25,female,majority,0-9y,high school,poverty,0.3591172399399532,1.0,before 2015,1.0,1.0,10238,10000.0,sedan,0,0,0,1.0,real_source
792926,40-64,female,majority,10-19y,high school,upper class,0.5203529992618114,1.0,before 2015,1.0,1.0,32765,6000.0,sedan,0,0,0,0.0,real_source
468732,26-39,male,majority,0-9y,high school,working class,0.528242677579548,0.0,before 2015,0.0,1.0,10238,13000.0,sedan,0,0,0,1.0,real_source
567328,40-64,male,majority,10-19y,high school,upper class,0.6686019719325447,1.0,before 2015,1.0,0.0,10238,17000.0,sports car,0,1,2,0.0,real_source
957672,26-39,male,majority,10-19y,university,upper class,0.6206602298307339,1.0,after 2015,1.0,1.0,10238,9000.0,sedan,1,1,2,0.0,real_source
504941,26-39,male,majority,10-19y,high school,working class,0.5621951528284931,1.0,before 2015,0.0,0.0,10238,19000.0,sedan,0,0,0,0.0,real_source
357589,16-25,female,majority,0-9y,high school,working class,0.4960458324575569,0.0,before 2015,0.0,0.0,10238,16000.0,sedan,0,0,0,1.0,real_source
141554,26-39,male,majority,10-19y,university,upper class,0.6391903210037525,1.0,after 2015,1.0,1.0,32765,4000.0,sedan,10,0,0,0.0,real_source
378303,40-64,female,majority,0-9y,university,middle class,0.5814284168094358,0.0,after 2015,1.0,1.0,10238,10000.0,sedan,0,0,0,0.0,real_source
402995,40-64,male,majority,20-29y,university,upper class,0.5314620230458572,1.0,before 2015,1.0,1.0,10238,12000.0,sedan,8,1,4,0.0,real_source
949788,65+,female,majority,30y+,high school,middle class,0.4457833613139871,0.0,before 2015,1.0,1.0,32765,11000.0,sedan,2,1,0,0.0,real_source
731473,16-25,female,minority,0-9y,none,poverty,,1.0,after 2015,1.0,1.0,10238,13000.0,sedan,0,0,0,0.0,real_source
671362,40-64,male,majority,10-19y,high school,upper class,0.5719653854438522,1.0,before 2015,1.0,0.0,10238,16000.0,sedan,3,0,1,0.0,real_source
479539,40-64,male,majority,20-29y,high school,middle class,0.5106644777629026,0.0,before 2015,1.0,1.0,10238,12000.0,sedan,2,0,3,0.0,real_source
181858,65+,male,majority,10-19y,high school,upper class,0.6250976480020242,0.0,before 2015,1.0,1.0,10238,,sedan,2,0,0,1.0,real_source
401739,26-39,female,majority,10-19y,none,working class,,1.0,after 2015,0.0,0.0,10238,11000.0,sedan,0,0,1,0.0,real_source
627751,26-39,female,majority,10-19y,university,upper class,0.5114308371949552,1.0,after 2015,1.0,1.0,10238,10000.0,sedan,0,0,1,0.0,real_source
137975,40-64,female,majority,20-29y,high school,upper class,0.5649422839101735,1.0,before 2015,1.0,1.0,32765,8000.0,sedan,2,0,1,0.0,real_source
962966,26-39,male,majority,10-19y,none,poverty,0.4217691019197355,0.0,before 2015,0.0,1.0,10238,11000.0,sedan,0,0,1,1.0,real_source
83709,40-64,male,majority,20-29y,high school,upper class,,1.0,before 2015,1.0,0.0,32765,9000.0,sedan,10,0,3,0.0,real_source
854217,40-64,male,majority,10-19y,university,upper class,0.6157527189496566,1.0,before 2015,1.0,1.0,32765,8000.0,sports car,2,0,0,0.0,real_source
218011,40-64,female,majority,20-29y,university,upper class,,1.0,before 2015,1.0,0.0,10238,,sedan,0,0,2,0.0,real_source
399675,16-25,female,majority,0-9y,high school,working class,0.3391041428260977,1.0,before 2015,0.0,0.0,32765,14000.0,sedan,0,0,0,1.0,real_source
971427,26-39,female,majority,10-19y,high school,working class,0.5654833178038101,1.0,before 2015,0.0,0.0,10238,18000.0,sedan,2,0,1,0.0,real_source
603013,26-39,female,majority,10-19y,high school,middle class,0.4056368272230281,1.0,after 2015,0.0,0.0,10238,16000.0,sedan,2,0,0,0.0,real_source
645596,40-64,female,minority,20-29y,high school,middle class,0.4984370269017703,1.0,before 2015,1.0,1.0,10238,9000.0,sedan,0,0,2,0.0,real_source
739670,16-25,female,majority,0-9y,high school,middle class,0.4409363177864403,0.0,before 2015,1.0,1.0,10238,10000.0,sedan,0,0,0,1.0,real_source
673316,40-64,female,majority,20-29y,high school,upper class,0.7011043875619007,1.0,before 2015,0.0,1.0,10238,,sports car,1,0,1,0.0,real_source
959087,26-39,male,majority,0-9y,university,upper class,0.5158410911068464,0.0,before 2015,0.0,0.0,10238,13000.0,sedan,0,0,0,1.0,real_source
597383,65+,female,majority,30y+,university,upper class,0.5571603034466789,1.0,before 2015,1.0,0.0,92101,13000.0,sedan,0,0,1,0.0,real_source
973996,16-25,female,majority,0-9y,none,poverty,0.5190632839502705,0.0,before 2015,0.0,1.0,10238,13000.0,sedan,0,0,0,1.0,real_source
410008,26-39,female,majority,0-9y,university,working class,0.5303445829334268,1.0,before 2015,0.0,1.0,32765,13000.0,sedan,0,0,0,1.0,real_source
621145,40-64,female,majority,10-19y,university,upper class,0.5391586055181217,1.0,before 2015,1.0,0.0,32765,12000.0,sedan,0,0,0,0.0,real_source
387710,65+,female,majority,30y+,high school,upper class,0.7790401376827991,0.0,after 2015,1.0,1.0,10238,10000.0,sedan,2,0,4,0.0,real_source
485643,65+,male,majority,0-9y,university,upper class,0.6479245480562235,1.0,before 2015,1.0,1.0,10238,10000.0,sedan,0,0,0,1.0,real_source
825240,40-64,male,majority,20-29y,university,upper class,0.5618606787810415,1.0,before 2015,0.0,1.0,10238,14000.0,sedan,1,0,1,0.0,real_source
712934,16-25,male,majority,0-9y,none,poverty,0.2435755388778246,0.0,before 2015,0.0,0.0,32765,17000.0,sports car,0,0,0,1.0,real_source
749627,40-64,male,majority,20-29y,high school,middle class,0.6264570219896365,1.0,before 2015,0.0,1.0,32765,11000.0,sedan,4,1,3,0.0,real_source
442227,40-64,female,majority,20-29y,none,middle class,0.7424417038212764,1.0,before 2015,0.0,1.0,10238,14000.0,sedan,2,0,2,0.0,real_source
70043,65+,male,majority,30y+,university,upper class,0.5643659706366282,1.0,after 2015,1.0,1.0,32765,8000.0,sedan,9,1,1,0.0,real_source
935526,40-64,male,majority,20-29y,high school,upper class,0.7200397941607997,1.0,after 2015,1.0,1.0,10238,8000.0,sedan,2,0,2,0.0,real_source
303443,65+,female,majority,0-9y,university,upper class,0.532484745593896,1.0,before 2015,1.0,1.0,10238,11000.0,sedan,0,0,0,0.0,real_source
870829,26-39,male,majority,10-19y,none,poverty,0.3077483134833512,0.0,before 2015,1.0,1.0,10238,16000.0,sedan,0,0,2,0.0,real_source
430796,40-64,female,majority,20-29y,none,upper class,0.6005077593091429,1.0,after 2015,0.0,1.0,10238,15000.0,sedan,0,1,1,0.0,real_source
143750,16-25,female,majority,0-9y,none,poverty,0.4690807869675105,0.0,before 2015,0.0,0.0,10238,18000.0,sedan,0,0,0,1.0,real_source
956893,16-25,male,majority,0-9y,university,middle class,0.3114923209359311,1.0,after 2015,0.0,0.0,10238,20000.0,sedan,0,0,0,1.0,real_source
568119,40-64,male,majority,0-9y,high school,middle class,0.5253665202662647,1.0,after 2015,0.0,1.0,10238,,sedan,0,0,0,0.0,real_source
667733,26-39,male,majority,0-9y,none,poverty,0.3796929971731573,0.0,before 2015,0.0,1.0,10238,14000.0,sedan,0,0,0,1.0,real_source
331175,26-39,female,majority,10-19y,university,upper class,0.71583338738666,1.0,after 2015,1.0,1.0,10238,9000.0,sedan,0,0,1,0.0,real_source
767300,65+,male,majority,30y+,high school,upper class,0.5990321238781692,1.0,before 2015,1.0,0.0,10238,17000.0,sedan,4,0,2,0.0,real_source
83894,40-64,female,majority,20-29y,university,working class,0.5858943451029358,1.0,before 2015,1.0,1.0,32765,,sedan,2,0,1,0.0,real_source
73652,26-39,female,majority,10-19y,university,upper class,,1.0,before 2015,1.0,0.0,32765,9000.0,sedan,2,0,0,0.0,real_source
686058,26-39,female,minority,10-19y,high school,working class,0.2934480144354176,1.0,after 2015,0.0,1.0,32765,,sedan,2,0,2,0.0,real_source
638945,16-25,female,majority,0-9y,none,poverty,0.3418617252047898,0.0,before 2015,0.0,0.0,10238,9000.0,sedan,0,0,0,1.0,real_source
138696,16-25,male,majority,0-9y,high school,working class,0.5062031783903724,0.0,before 2015,0.0,0.0,32765,10000.0,sedan,0,0,0,1.0,real_source
746691,26-39,male,majority,10-19y,high school,poverty,0.4906366086119778,1.0,before 2015,1.0,1.0,32765,10000.0,sedan,2,0,0,0.0,real_source
519878,26-39,male,minority,10-19y,university,upper class,0.6201273841736746,1.0,after 2015,1.0,1.0,10238,9000.0,sedan,2,0,4,0.0,real_source
385997,16-25,female,majority,0-9y,high school,working class,0.345842800311707,1.0,after 2015,0.0,0.0,10238,,sedan,0,0,0,0.0,real_source
428914,40-64,male,majority,20-29y,university,upper class,0.7640953328310807,1.0,before 2015,0.0,1.0,10238,17000.0,sedan,2,0,3,0.0,real_source
250099,65+,male,majority,30y+,university,upper class,0.6373036380864049,1.0,before 2015,1.0,1.0,10238,10000.0,sedan,7,0,6,0.0,real_source
428284,16-25,female,majority,0-9y,none,working class,,1.0,before 2015,0.0,0.0,32765,13000.0,sedan,0,0,0,1.0,real_source
949028,16-25,male,majority,0-9y,university,upper class,0.7020436831211672,1.0,after 2015,1.0,1.0,10238,,sedan,0,0,0,0.0,real_source
344160,65+,female,majority,30y+,university,upper class,0.6805304479389197,1.0,after 2015,0.0,1.0,10238,14000.0,sedan,3,1,1,0.0,real_source
493263,65+,female,majority,30y+,high school,upper class,0.6924197834403566,1.0,before 2015,1.0,0.0,10238,14000.0,sedan,1,1,0,0.0,real_source
235390,65+,female,majority,30y+,university,upper class,0.6958419935317093,1.0,before 2015,1.0,1.0,32765,11000.0,sedan,7,1,0,0.0,real_source
135317,40-64,male,majority,10-19y,university,upper class,0.5496090320674443,1.0,before 2015,1.0,1.0,10238,9000.0,sedan,2,1,3,0.0,real_source
139106,26-39,male,majority,10-19y,university,middle class,0.6273613390209348,0.0,before 2015,0.0,0.0,10238,14000.0,sedan,0,0,4,1.0,real_source
685176,16-25,female,majority,0-9y,high school,middle class,0.6041047893367332,1.0,after 2015,0.0,0.0,10238,14000.0,sedan,0,0,0,0.0,real_source
226461,16-25,female,majority,0-9y,none,working class,0.4336723313868529,0.0,before 2015,0.0,0.0,10238,17000.0,sedan,0,0,0,1.0,real_source
18850,26-39,female,minority,10-19y,high school,poverty,0.175240246078814,0.0,before 2015,1.0,1.0,10238,14000.0,sedan,1,0,0,0.0,real_source
325180,26-39,female,majority,10-19y,none,working class,0.4440329823215972,1.0,before 2015,1.0,1.0,10238,13000.0,sedan,1,0,1,0.0,real_source
124813,16-25,male,majority,0-9y,university,middle class,,0.0,before 2015,0.0,0.0,10238,,sedan,0,0,0,1.0,real_source
805924,26-39,female,majority,10-19y,high school,working class,0.3664626626338756,1.0,before 2015,0.0,0.0,92101,14000.0,sedan,1,0,0,1.0,real_source
378176,65+,male,majority,30y+,high school,upper class,,1.0,after 2015,0.0,1.0,92101,10000.0,sports car,6,0,2,1.0,real_source
374337,40-64,male,majority,20-29y,high school,working class,0.4558557235183332,0.0,before 2015,0.0,0.0,10238,13000.0,sedan,0,1,3,0.0,real_source
865367,65+,male,majority,10-19y,high school,upper class,0.4987695160873743,0.0,after 2015,1.0,1.0,10238,13000.0,sedan,2,1,1,0.0,real_source
528129,40-64,female,majority,20-29y,university,upper class,0.7059734082559136,1.0,after 2015,1.0,1.0,10238,10000.0,sedan,2,0,0,0.0,real_source
532765,40-64,male,majority,20-29y,university,upper class,0.6463385410582569,1.0,before 2015,1.0,1.0,10238,12000.0,sedan,3,0,1,0.0,real_source
804529,40-64,male,majority,0-9y,university,upper class,0.667599327119331,1.0,before 2015,0.0,0.0,10238,10000.0,sedan,0,0,0,1.0,real_source
51347,40-64,female,majority,20-29y,university,upper class,,1.0,before 2015,1.0,1.0,10238,9000.0,sedan,5,0,2,0.0,real_source
963521,40-64,male,majority,20-29y,university,middle class,0.5045174060377636,1.0,before 2015,0.0,1.0,10238,10000.0,sedan,3,0,0,0.0,real_source
161641,26-39,female,majority,10-19y,high school,working class,,1.0,before 2015,1.0,1.0,10238,8000.0,sedan,0,0,1,0.0,real_source
422469,40-64,male,majority,0-9y,university,upper class,0.5927760862888297,1.0,after 2015,1.0,1.0,32765,8000.0,sedan,0,0,0,1.0,real_source
284890,40-64,female,minority,20-29y,high school,middle class,0.6056746855305867,1.0,before 2015,1.0,1.0,32765,10000.0,sedan,5,0,2,0.0,real_source
353086,40-64,male,majority,20-29y,high school,poverty,0.207432545579217,0.0,before 2015,0.0,0.0,10238,16000.0,sedan,2,1,0,0.0,real_source
950726,40-64,male,majority,20-29y,high school,working class,0.2236841043640096,1.0,before 2015,1.0,0.0,10238,,sports car,3,0,0,0.0,real_source
62325,65+,male,minority,20-29y,none,upper class,0.5905495956804206,0.0,after 2015,1.0,1.0,32765,12000.0,sedan,4,0,2,1.0,real_source
467990,16-25,female,majority,0-9y,none,poverty,0.3349652062752788,1.0,before 2015,0.0,1.0,10238,,sedan,0,0,0,1.0,real_source
192184,40-64,male,majority,20-29y,high school,middle class,0.6054304884310397,1.0,before 2015,0.0,1.0,10238,9000.0,sedan,2,0,5,0.0,real_source
588405,40-64,female,majority,0-9y,high school,middle class,0.6745695670750705,0.0,after 2015,1.0,1.0,32765,12000.0,sedan,0,0,0,1.0,real_source
237361,65+,male,majority,0-9y,high school,upper class,0.7302332838693537,1.0,before 2015,0.0,0.0,32765,11000.0,sedan,0,0,0,1.0,real_source
514747,26-39,male,majority,10-19y,high school,middle class,0.6590533905476411,1.0,before 2015,1.0,1.0,10238,11000.0,sedan,0,0,1,0.0,real_source
950198,65+,male,majority,0-9y,high school,upper class,0.5677656283040766,1.0,before 2015,1.0,1.0,10238,8000.0,sedan,0,0,0,0.0,real_source
734398,40-64,male,majority,20-29y,high school,middle class,0.3844230970107322,1.0,before 2015,1.0,1.0,92101,11000.0,sedan,5,0,5,0.0,real_source
583391,65+,male,majority,10-19y,university,upper class,0.674130280008358,1.0,before 2015,1.0,1.0,10238,11000.0,sedan,4,0,4,0.0,real_source
187756,40-64,female,minority,10-19y,high school,upper class,,1.0,after 2015,0.0,1.0,10238,15000.0,sedan,3,0,2,0.0,real_source
210417,40-64,female,minority,0-9y,none,upper class,0.5847983429422607,1.0,before 2015,1.0,1.0,10238,9000.0,sedan,0,0,0,0.0,real_source
351203,40-64,male,minority,20-29y,high school,middle class,0.5963635206935238,1.0,before 2015,0.0,1.0,10238,17000.0,sedan,0,0,5,0.0,real_source
870877,65+,female,majority,30y+,university,upper class,0.4055202478752996,1.0,before 2015,0.0,1.0,32765,10000.0,sedan,6,1,0,0.0,real_source
105423,65+,male,majority,30y+,high school,upper class,0.3016195849865694,1.0,before 2015,1.0,1.0,10238,10000.0,sedan,5,1,8,0.0,real_source
74399,26-39,female,majority,10-19y,university,middle class,0.6011776404300165,1.0,before 2015,0.0,0.0,32765,13000.0,sports car,1,0,0,1.0,real_source
396229,65+,male,majority,20-29y,high school,upper class,0.6610853789704112,1.0,before 2015,1.0,1.0,10238,15000.0,sedan,0,0,1,0.0,real_source
485351,65+,male,majority,0-9y,university,upper class,0.4750104979182919,1.0,after 2015,0.0,0.0,32765,11000.0,sedan,0,0,0,0.0,real_source
383166,26-39,female,majority,10-19y,university,upper class,0.5875253220333557,1.0,before 2015,0.0,0.0,32765,11000.0,sports car,2,0,0,0.0,real_source
906662,40-64,male,majority,20-29y,high school,working class,0.3422852858892937,1.0,before 2015,0.0,1.0,10238,12000.0,sedan,2,1,5,0.0,real_source
934008,65+,male,majority,30y+,university,upper class,0.6384093879267378,1.0,before 2015,1.0,1.0,10238,9000.0,sedan,10,0,3,0.0,real_source
510597,16-25,female,majority,0-9y,high school,poverty,0.4399165171368632,0.0,before 2015,1.0,0.0,10238,15000.0,sedan,0,0,0,1.0,real_source
11655,26-39,female,majority,10-19y,high school,upper class,0.8844095270837166,1.0,after 2015,1.0,1.0,10238,10000.0,sedan,0,0,0,0.0,real_source
158804,40-64,female,minority,20-29y,high school,upper class,0.6267468514453324,0.0,before 2015,1.0,1.0,10238,13000.0,sedan,2,0,4,0.0,real_source
613325,16-25,female,majority,0-9y,none,poverty,0.11914479835417,0.0,before 2015,1.0,0.0,10238,,sedan,0,0,0,1.0,real_source
352738,26-39,female,majority,10-19y,high school,upper class,0.623464040034908,1.0,before 2015,1.0,1.0,32765,7000.0,sedan,1,0,2,0.0,real_source
815444,16-25,female,majority,0-9y,none,poverty,0.3897704613316164,0.0,before 2015,0.0,1.0,10238,13000.0,sedan,0,0,0,0.0,real_source
119756,16-25,male,majority,0-9y,high school,poverty,0.3738686726843104,0.0,before 2015,0.0,1.0,32765,11000.0,sedan,0,0,0,1.0,real_source
727243,40-64,female,majority,20-29y,high school,working class,0.3210531693137093,1.0,before 2015,1.0,1.0,10238,9000.0,sedan,1,0,0,0.0,real_source
220771,65+,female,majority,30y+,high school,upper class,0.6519445619523178,1.0,before 2015,1.0,1.0,32765,6000.0,sedan,4,0,1,0.0,real_source
742658,65+,male,majority,30y+,university,upper class,0.4973317364743944,0.0,before 2015,1.0,1.0,10238,11000.0,sedan,3,0,10,0.0,real_source
766817,40-64,male,majority,20-29y,none,working class,,1.0,before 2015,0.0,1.0,10238,13000.0,sedan,5,1,2,0.0,real_source
345254,65+,male,majority,0-9y,university,upper class,0.8000044065279952,1.0,after 2015,1.0,1.0,10238,10000.0,sedan,0,0,0,0.0,real_source
829498,16-25,female,majority,0-9y,none,poverty,,1.0,before 2015,1.0,0.0,10238,,sedan,0,0,0,0.0,real_source
109424,16-25,female,majority,0-9y,none,poverty,0.3439433692699233,1.0,before 2015,0.0,1.0,10238,16000.0,sedan,0,0,0,0.0,real_source
244465,40-64,female,majority,10-19y,none,middle class,0.5328586307290109,1.0,before 2015,1.0,1.0,10238,11000.0,sedan,0,0,0,0.0,real_source
271618,40-64,male,majority,10-19y,high school,working class,0.3811525557741302,1.0,before 2015,1.0,1.0,32765,11000.0,sedan,1,0,1,0.0,real_source
916846,40-64,female,majority,0-9y,university,working class,0.3642655106430805,0.0,before 2015,0.0,1.0,10238,,sedan,0,0,0,1.0,real_source
492427,65+,male,majority,0-9y,university,upper class,0.5016231164587127,1.0,before 2015,1.0,1.0,10238,14000.0,sedan,0,0,0,1.0,real_source
872345,65+,male,majority,30y+,university,upper class,0.6622512927422589,1.0,before 2015,0.0,1.0,10238,16000.0,sedan,2,0,1,0.0,real_source
180310,26-39,male,majority,10-19y,high school,middle class,0.5192192445150815,1.0,before 2015,0.0,1.0,92101,11000.0,sedan,0,0,0,0.0,real_source
221895,16-25,female,majority,0-9y,none,poverty,0.4812921228088031,0.0,before 2015,0.0,1.0,92101,8000.0,sedan,0,0,0,1.0,real_source
780494,40-64,female,minority,0-9y,university,upper class,0.7704573192127384,0.0,before 2015,1.0,1.0,10238,8000.0,sedan,0,0,0,1.0,real_source
774388,26-39,female,majority,10-19y,none,poverty,0.2341980151733733,0.0,after 2015,1.0,1.0,32765,10000.0,sedan,2,0,1,0.0,real_source
801455,40-64,female,majority,0-9y,high school,upper class,0.7622701434360871,1.0,after 2015,1.0,1.0,10238,14000.0,sedan,0,0,0,0.0,real_source
258856,26-39,male,majority,10-19y,university,middle class,0.3850924462355255,1.0,before 2015,0.0,1.0,32765,15000.0,sedan,2,1,0,1.0,real_source
113779,26-39,female,majority,0-9y,university,upper class,0.6292322910830562,1.0,before 2015,1.0,0.0,10238,12000.0,sedan,0,0,0,0.0,real_source
432535,40-64,female,majority,20-29y,university,upper class,0.5755767562772276,1.0,after 2015,1.0,0.0,32765,15000.0,sedan,1,2,1,0.0,real_source
699457,65+,female,majority,30y+,none,middle class,0.5493083411849156,1.0,after 2015,0.0,1.0,10238,16000.0,sedan,2,0,0,0.0,real_source
69133,40-64,male,majority,20-29y,high school,upper class,0.4402775964341178,1.0,before 2015,1.0,1.0,10238,13000.0,sedan,5,0,1,0.0,real_source
219075,65+,female,majority,30y+,high school,upper class,0.5602164790133026,1.0,before 2015,1.0,1.0,10238,14000.0,sedan,1,1,3,0.0,real_source
371099,65+,female,majority,0-9y,high school,upper class,0.5554677769244147,1.0,before 2015,1.0,1.0,10238,8000.0,sedan,0,0,0,0.0,real_source
902574,65+,male,majority,30y+,high school,upper class,,1.0,after 2015,0.0,1.0,10238,13000.0,sedan,4,2,4,0.0,real_source
751340,16-25,male,majority,0-9y,none,poverty,0.4073519691002561,0.0,before 2015,0.0,0.0,10238,15000.0,sedan,0,0,0,1.0,real_source
452365,16-25,female,majority,0-9y,high school,working class,,1.0,before 2015,0.0,1.0,10238,15000.0,sedan,0,0,0,1.0,real_source
853640,40-64,male,majority,20-29y,high school,middle class,0.3641696402054956,0.0,before 2015,1.0,0.0,10238,13000.0,sedan,2,0,2,0.0,real_source
721496,40-64,male,majority,10-19y,university,upper class,,1.0,before 2015,0.0,1.0,10238,11000.0,sedan,2,1,1,0.0,real_source
870414,65+,male,majority,20-29y,university,upper class,,1.0,after 2015,1.0,1.0,10238,11000.0,sedan,1,0,2,0.0,real_source
674189,65+,male,majority,0-9y,high school,upper class,0.671695481913853,1.0,before 2015,1.0,1.0,32765,10000.0,sedan,0,0,0,1.0,real_source
123718,26-39,male,majority,10-19y,none,poverty,0.3687552634913043,0.0,before 2015,1.0,1.0,10238,8000.0,sedan,1,0,1,0.0,real_source
528402,26-39,male,majority,10-19y,high school,working class,0.5068153499899848,1.0,before 2015,0.0,0.0,10238,16000.0,sedan,0,0,2,0.0,real_source
16946,16-25,female,majority,0-9y,high school,poverty,0.277929013275103,0.0,before 2015,0.0,0.0,10238,17000.0,sedan,0,0,0,1.0,real_source
740411,65+,male,majority,10-19y,university,upper class,,0.0,after 2015,1.0,1.0,10238,13000.0,sedan,2,1,1,0.0,real_source
303057,16-25,male,minority,0-9y,none,poverty,0.3038634503681253,0.0,before 2015,1.0,0.0,32765,13000.0,sedan,0,0,0,1.0,real_source
567494,16-25,female,majority,0-9y,none,poverty,0.2340120129266886,0.0,before 2015,0.0,0.0,32765,10000.0,sedan,0,0,0,1.0,real_source
991147,26-39,female,majority,0-9y,high school,middle class,0.4003458977237905,1.0,after 2015,0.0,1.0,10238,12000.0,sedan,0,0,0,0.0,real_source
452079,26-39,female,minority,10-19y,university,middle class,,1.0,before 2015,0.0,1.0,10238,13000.0,sedan,1,0,1,0.0,real_source
609544,16-25,female,majority,0-9y,high school,working class,0.4528580085974892,0.0,before 2015,0.0,0.0,32765,16000.0,sedan,0,0,0,1.0,real_source
339312,65+,female,majority,30y+,high school,middle class,0.3354459824186667,1.0,after 2015,0.0,1.0,10238,12000.0,sedan,4,1,5,0.0,real_source
748599,16-25,female,majority,0-9y,high school,working class,0.5827148205827488,1.0,before 2015,0.0,0.0,10238,14000.0,sedan,0,0,0,1.0,real_source
320490,40-64,male,minority,20-29y,high school,middle class,0.6005527991022497,0.0,before 2015,0.0,1.0,32765,8000.0,sedan,8,0,3,0.0,real_source
27742,16-25,male,majority,0-9y,high school,poverty,0.2358029818579255,1.0,before 2015,0.0,0.0,10238,16000.0,sedan,0,0,0,1.0,real_source
920599,40-64,male,majority,20-29y,university,upper class,,1.0,before 2015,0.0,1.0,10238,12000.0,sedan,1,0,2,0.0,real_source
559975,16-25,male,majority,0-9y,university,working class,0.4498985939306497,1.0,before 2015,0.0,0.0,10238,13000.0,sedan,0,0,0,1.0,real_source
150730,26-39,male,minority,10-19y,high school,working class,,0.0,before 2015,1.0,1.0,92101,7000.0,sedan,3,0,1,0.0,real_source
588985,16-25,male,majority,0-9y,high school,poverty,0.3590708073054552,1.0,before 2015,0.0,0.0,10238,17000.0,sedan,0,0,0,0.0,real_source
376806,26-39,female,majority,10-19y,university,upper class,0.6463005991456011,1.0,after 2015,1.0,1.0,92101,8000.0,sedan,3,0,3,0.0,real_source
494053,26-39,male,majority,10-19y,university,middle class,0.7313646054531775,1.0,after 2015,0.0,1.0,32765,8000.0,sedan,3,0,1,0.0,real_source
201634,65+,female,majority,30y+,university,upper class,,1.0,after 2015,1.0,1.0,10238,,sedan,1,0,0,0.0,real_source
170603,65+,female,minority,30y+,university,upper class,0.638176098135206,1.0,before 2015,1.0,1.0,10238,10000.0,sedan,4,0,4,0.0,real_source
606589,40-64,female,majority,0-9y,university,upper class,0.5760394844845216,1.0,after 2015,1.0,1.0,10238,11000.0,sedan,0,0,0,0.0,real_source
882723,26-39,female,majority,10-19y,university,upper class,,1.0,after 2015,1.0,1.0,10238,9000.0,sedan,1,0,0,0.0,real_source
32066,26-39,female,majority,10-19y,high school,middle class,0.6269408658287202,1.0,before 2015,0.0,0.0,10238,17000.0,sedan,0,0,1,1.0,real_source
305745,16-25,female,majority,0-9y,high school,poverty,0.3211781322149683,1.0,before 2015,0.0,0.0,10238,14000.0,sedan,0,0,0,0.0,real_source
327121,65+,male,majority,10-19y,university,upper class,0.8456612147213525,1.0,after 2015,1.0,1.0,10238,14000.0,sedan,0,0,0,0.0,real_source
68047,16-25,male,majority,0-9y,university,working class,0.3127195468087905,1.0,before 2015,0.0,0.0,10238,11000.0,sedan,0,0,0,1.0,real_source
773546,16-25,male,majority,0-9y,university,middle class,0.5598702465735836,0.0,before 2015,0.0,1.0,32765,14000.0,sedan,0,0,0,1.0,real_source
736711,65+,male,majority,10-19y,high school,upper class,0.5131771364489982,1.0,before 2015,0.0,1.0,10238,12000.0,sedan,1,1,1,0.0,real_source
250532,16-25,male,majority,0-9y,none,poverty,0.3967625549479261,0.0,after 2015,0.0,0.0,10238,14000.0,sedan,0,0,0,0.0,real_source
918280,40-64,male,majority,20-29y,university,upper class,0.7373210898498997,0.0,before 2015,1.0,1.0,10238,11000.0,sedan,4,1,4,1.0,real_source
247096,26-39,male,majority,0-9y,university,upper class,0.4848886682435933,0.0,before 2015,1.0,1.0,10238,14000.0,sedan,0,0,0,1.0,real_source
273595,65+,female,majority,10-19y,university,upper class,0.4719024225308068,1.0,after 2015,1.0,1.0,10238,13000.0,sedan,0,0,0,0.0,real_source
379336,26-39,male,majority,10-19y,university,working class,0.3761345289417776,1.0,before 2015,0.0,0.0,10238,17000.0,sedan,0,0,0,0.0,real_source
634665,26-39,female,majority,10-19y,high school,upper class,0.5981802762565531,0.0,before 2015,0.0,1.0,10238,11000.0,sedan,1,0,2,0.0,real_source
419573,26-39,female,majority,0-9y,university,upper class,0.7116785915684535,1.0,before 2015,1.0,0.0,32765,10000.0,sedan,0,0,0,0.0,real_source
370727,65+,female,majority,30y+,university,upper class,0.6542957139295364,1.0,before 2015,1.0,1.0,10238,10000.0,sedan,4,0,5,0.0,real_source
291453,26-39,female,majority,10-19y,none,poverty,0.3601262725864852,1.0,before 2015,0.0,0.0,10238,15000.0,sedan,0,0,0,0.0,real_source
72557,26-39,male,majority,10-19y,university,upper class,0.4883840798658852,1.0,before 2015,1.0,1.0,10238,12000.0,sedan,0,0,1,0.0,real_source
446159,40-64,female,majority,20-29y,high school,middle class,0.4876465439464826,1.0,before 2015,1.0,1.0,10238,,sedan,0,0,0,0.0,real_source
203498,40-64,male,majority,0-9y,university,upper class,0.5832300420155135,0.0,after 2015,1.0,1.0,32765,6000.0,sedan,0,0,0,1.0,real_source
589865,40-64,male,majority,20-29y,university,upper class,0.5823393212062394,0.0,after 2015,0.0,1.0,32765,,sedan,7,1,1,0.0,real_source
777822,40-64,female,minority,20-29y,university,upper class,0.6936100535519718,0.0,before 2015,1.0,1.0,10238,11000.0,sedan,0,0,1,0.0,real_source
772170,26-39,female,majority,10-19y,high school,middle class,0.4882351574275571,1.0,before 2015,1.0,1.0,92101,10000.0,sedan,1,0,0,0.0,real_source
767370,40-64,male,majority,0-9y,high school,upper class,0.6340536445631764,1.0,before 2015,1.0,1.0,32765,10000.0,sedan,0,0,0,1.0,real_source
903217,26-39,female,majority,0-9y,university,middle class,0.4969487452557816,0.0,after 2015,0.0,0.0,10238,14000.0,sedan,0,0,0,1.0,real_source
887453,65+,female,majority,20-29y,high school,upper class,,1.0,after 2015,1.0,1.0,32765,8000.0,sedan,1,0,3,0.0,real_source
92173,16-25,female,majority,0-9y,university,middle class,,1.0,before 2015,0.0,0.0,32765,12000.0,sedan,0,0,0,1.0,real_source
635553,26-39,female,majority,10-19y,university,upper class,0.7100448184688449,1.0,before 2015,0.0,0.0,92101,17000.0,sedan,0,0,0,1.0,real_source
222975,26-39,male,majority,10-19y,high school,working class,0.3912170956734044,0.0,after 2015,0.0,0.0,32765,8000.0,sedan,1,0,2,1.0,real_source
860928,16-25,female,majority,0-9y,none,working class,0.5746661136667053,1.0,after 2015,0.0,0.0,10238,13000.0,sports car,0,0,0,0.0,real_source
405074,26-39,female,majority,10-19y,university,working class,0.3178834027243783,0.0,before 2015,1.0,0.0,32765,13000.0,sedan,0,0,0,0.0,real_source
471364,40-64,male,majority,20-29y,high school,upper class,0.5297585877193907,1.0,after 2015,1.0,0.0,10238,11000.0,sedan,6,0,2,0.0,real_source
94829,16-25,male,majority,0-9y,university,upper class,0.4480381051510975,1.0,after 2015,0.0,0.0,10238,11000.0,sedan,0,0,0,0.0,real_source
289822,16-25,male,majority,0-9y,none,middle class,0.5959653319263821,1.0,before 2015,0.0,0.0,10238,16000.0,sedan,0,0,0,0.0,real_source
851296,40-64,female,majority,20-29y,high school,upper class,0.6396427617590215,1.0,before 2015,0.0,1.0,10238,8000.0,sedan,3,0,2,0.0,real_source
747726,40-64,female,majority,10-19y,university,middle class,,1.0,after 2015,0.0,1.0,10238,11000.0,sedan,0,0,0,0.0,real_source
215613,26-39,female,majority,10-19y,high school,upper class,0.5444505055710364,1.0,after 2015,1.0,1.0,10238,8000.0,sedan,0,0,3,0.0,real_source
555833,26-39,male,majority,10-19y,none,working class,0.3498143324719373,0.0,before 2015,0.0,1.0,32765,7000.0,sedan,4,0,0,1.0,real_source
988872,26-39,female,majority,10-19y,high school,middle class,0.5801466174777621,1.0,before 2015,1.0,1.0,10238,13000.0,sedan,1,1,0,0.0,real_source
265562,40-64,male,majority,10-19y,university,upper class,0.5450052865059094,1.0,before 2015,1.0,1.0,10238,11000.0,sedan,1,1,4,0.0,real_source
355257,65+,female,majority,0-9y,university,upper class,0.534248147114374,1.0,before 2015,1.0,1.0,10238,10000.0,sedan,0,0,0,0.0,real_source
66996,26-39,female,majority,10-19y,none,middle class,0.6303955958218301,1.0,after 2015,0.0,1.0,32765,11000.0,sedan,0,0,2,0.0,real_source
456881,40-64,male,majority,10-19y,none,upper class,0.5819982323646474,1.0,before 2015,1.0,1.0,10238,11000.0,sedan,0,1,0,0.0,real_source
442340,26-39,male,majority,10-19y,none,working class,0.5209094741954858,1.0,before 2015,0.0,0.0,10238,17000.0,sedan,2,0,1,1.0,real_source
984632,65+,male,majority,30y+,university,upper class,0.6213946273294794,0.0,after 2015,1.0,1.0,10238,9000.0,sedan,5,1,6,0.0,real_source
802258,26-39,female,majority,10-19y,none,middle class,0.4655797196432671,1.0,before 2015,1.0,1.0,10238,9000.0,sedan,2,0,0,0.0,real_source
450037,16-25,female,majority,0-9y,university,middle class,0.4935506202970006,0.0,before 2015,0.0,1.0,10238,10000.0,sedan,0,0,0,0.0,real_source
842325,26-39,male,majority,10-19y,high school,middle class,0.466890958934644,1.0,before 2015,1.0,1.0,32765,10000.0,sedan,2,0,1,0.0,real_source
89713,26-39,male,majority,0-9y,high school,middle class,0.5197055835934128,1.0,before 2015,0.0,0.0,10238,13000.0,sedan,0,0,0,1.0,real_source
291607,26-39,female,majority,10-19y,high school,middle class,0.4591843337743866,0.0,before 2015,0.0,1.0,10238,13000.0,sedan,1,0,1,0.0,real_source
985825,26-39,female,majority,0-9y,high school,poverty,0.3237797344421737,0.0,before 2015,0.0,1.0,10238,12000.0,sedan,0,0,0,1.0,real_source
154753,16-25,male,majority,0-9y,high school,working class,0.3931720373821237,1.0,before 2015,0.0,0.0,21217,16000.0,sedan,0,0,0,1.0,real_source
789098,26-39,female,majority,10-19y,high school,working class,0.360775239400342,0.0,before 2015,0.0,0.0,10238,14000.0,sedan,1,0,0,0.0,real_source
229616,26-39,female,majority,10-19y,university,upper class,0.6163764224566708,1.0,before 2015,1.0,1.0,10238,8000.0,sedan,0,0,2,0.0,real_source
890456,40-64,male,majority,20-29y,high school,upper class,0.7416076470188465,0.0,before 2015,0.0,1.0,10238,13000.0,sedan,6,0,4,0.0,real_source
140816,26-39,female,majority,10-19y,university,middle class,,1.0,before 2015,0.0,1.0,32765,14000.0,sedan,2,0,0,0.0,real_source
238316,65+,male,majority,10-19y,university,upper class,0.6046472103071925,0.0,after 2015,1.0,1.0,10238,9000.0,sedan,2,1,1,1.0,real_source
445834,26-39,male,majority,0-9y,high school,middle class,0.555426537808697,0.0,before 2015,1.0,0.0,32765,8000.0,sedan,0,0,0,1.0,real_source
570990,65+,male,majority,30y+,university,upper class,0.6043395755162021,1.0,before 2015,1.0,1.0,32765,10000.0,sedan,9,3,4,0.0,real_source
592836,40-64,female,majority,20-29y,university,middle class,0.5048179755636425,1.0,before 2015,1.0,1.0,10238,7000.0,sedan,1,2,4,0.0,real_source
867503,26-39,female,majority,10-19y,none,poverty,0.3620114553841724,1.0,before 2015,0.0,0.0,32765,14000.0,sedan,1,0,0,0.0,real_source
444308,16-25,female,majority,0-9y,high school,poverty,0.2987359142645556,0.0,before 2015,0.0,1.0,32765,9000.0,sedan,0,0,0,1.0,real_source
105122,16-25,male,minority,0-9y,none,working class,0.4395751019386749,1.0,before 2015,0.0,0.0,10238,15000.0,sedan,0,0,0,1.0,real_source
106492,26-39,female,majority,10-19y,university,working class,0.3857779372308616,1.0,after 2015,1.0,1.0,10238,11000.0,sedan,1,0,0,0.0,real_source
484080,26-39,male,majority,0-9y,high school,poverty,,0.0,before 2015,0.0,1.0,32765,19000.0,sedan,0,0,0,1.0,real_source
501954,26-39,male,majority,10-19y,none,working class,0.4337008084550018,1.0,before 2015,1.0,0.0,10238,11000.0,sedan,0,0,0,0.0,real_source
70060,65+,male,majority,20-29y,high school,upper class,0.6210470840406783,1.0,before 2015,1.0,1.0,92101,8000.0,sedan,2,0,2,0.0,real_source
150723,40-64,male,majority,20-29y,university,upper class,0.5873300928477266,1.0,after 2015,1.0,1.0,10238,13000.0,sedan,1,0,1,0.0,real_source
643739,40-64,female,minority,20-29y,high school,upper class,0.7173930084075173,1.0,before 2015,1.0,1.0,10238,15000.0,sedan,1,0,2,0.0,real_source
340581,26-39,female,minority,10-19y,high school,working class,0.3436298333031708,1.0,after 2015,0.0,1.0,10238,13000.0,sedan,0,0,0,0.0,real_source
342908,65+,female,majority,30y+,high school,working class,,1.0,before 2015,0.0,1.0,32765,14000.0,sedan,6,4,0,0.0,real_source
15695,40-64,male,majority,0-9y,high school,working class,0.3921684468808021,0.0,before 2015,1.0,1.0,32765,7000.0,sedan,0,0,0,1.0,real_source
883610,40-64,female,majority,0-9y,high school,upper class,,1.0,after 2015,1.0,0.0,10238,11000.0,sports car,0,0,0,0.0,real_source
442558,26-39,female,majority,10-19y,high school,upper class,0.4305216869024564,1.0,before 2015,1.0,1.0,10238,,sedan,0,0,0,0.0,real_source
714665,26-39,male,minority,10-19y,university,upper class,,0.0,before 2015,1.0,0.0,32765,9000.0,sedan,7,0,0,0.0,real_source
938792,65+,male,majority,10-19y,university,upper class,0.6686311631887717,1.0,before 2015,1.0,1.0,92101,,sedan,3,0,2,0.0,real_source
137153,26-39,female,majority,10-19y,none,poverty,0.4055150988678491,0.0,before 2015,0.0,0.0,10238,16000.0,sedan,0,0,0,1.0,real_source
798069,40-64,male,majority,0-9y,university,upper class,0.5836705952546154,1.0,after 2015,0.0,1.0,10238,16000.0,sedan,0,0,0,1.0,real_source
75570,26-39,female,majority,0-9y,high school,middle class,0.6180505986472008,1.0,after 2015,0.0,0.0,92101,15000.0,sedan,0,0,0,0.0,real_source
34444,26-39,male,minority,10-19y,university,upper class,0.4532321647211416,1.0,after 2015,0.0,0.0,10238,9000.0,sedan,1,0,2,0.0,real_source
89733,40-64,female,minority,20-29y,high school,middle class,0.5699592118675274,0.0,before 2015,0.0,0.0,10238,,sedan,0,0,1,0.0,real_source
295048,65+,male,majority,10-19y,high school,upper class,0.7045096686066962,1.0,after 2015,0.0,1.0,32765,,sedan,2,0,1,0.0,real_source
112460,16-25,female,majority,0-9y,none,poverty,0.4224837334393433,1.0,before 2015,0.0,0.0,10238,14000.0,sedan,0,0,0,1.0,real_source
378321,26-39,male,majority,10-19y,high school,poverty,0.4109957752574935,1.0,before 2015,0.0,1.0,10238,13000.0,sedan,2,0,1,0.0,real_source
525347,26-39,male,majority,10-19y,high school,middle class,0.5144605261762479,1.0,before 2015,1.0,1.0,10238,13000.0,sports car,0,1,0,0.0,real_source
645880,40-64,male,majority,20-29y,university,upper class,0.5205575389298718,1.0,before 2015,1.0,1.0,10238,8000.0,sedan,0,0,7,0.0,real_source
207193,26-39,female,majority,10-19y,high school,upper class,0.5295190099246769,1.0,before 2015,0.0,1.0,10238,13000.0,sedan,2,0,1,0.0,real_source
524309,65+,male,majority,30y+,high school,upper class,0.6288688479239029,1.0,before 2015,0.0,1.0,10238,14000.0,sedan,2,1,4,0.0,real_source
34015,26-39,male,majority,10-19y,university,working class,,1.0,after 2015,0.0,0.0,10238,11000.0,sedan,1,0,1,0.0,real_source
632608,26-39,male,majority,10-19y,none,middle class,0.3627367243358606,1.0,before 2015,0.0,1.0,10238,14000.0,sedan,1,0,0,0.0,real_source
661337,40-64,female,majority,20-29y,none,middle class,,1.0,before 2015,0.0,1.0,10238,16000.0,sedan,0,1,0,0.0,real_source
783337,16-25,female,majority,0-9y,high school,middle class,0.5706375251315591,1.0,after 2015,1.0,1.0,10238,10000.0,sedan,0,0,0,0.0,real_source
240045,26-39,male,majority,10-19y,none,poverty,0.2236735166965698,0.0,before 2015,1.0,1.0,10238,13000.0,sedan,3,1,1,1.0,real_source
965093,40-64,female,majority,0-9y,university,upper class,0.7170835871715359,0.0,after 2015,0.0,1.0,10238,,sedan,0,0,0,0.0,real_source
858407,26-39,female,majority,10-19y,high school,middle class,0.5394415105389736,0.0,after 2015,0.0,1.0,10238,13000.0,sedan,0,0,1,0.0,real_source
197533,40-64,female,majority,20-29y,university,middle class,0.6362568375561625,1.0,before 2015,1.0,0.0,10238,14000.0,sedan,1,0,1,0.0,real_source
922527,26-39,male,majority,10-19y,high school,working class,0.4437836280356294,1.0,after 2015,1.0,1.0,10238,15000.0,sedan,0,0,1,0.0,real_source
899911,40-64,male,majority,10-19y,high school,upper class,0.5783885461834334,0.0,after 2015,1.0,1.0,32765,9000.0,sedan,1,0,2,0.0,real_source
866446,65+,male,majority,30y+,university,upper class,0.7390510181007927,1.0,before 2015,1.0,1.0,10238,7000.0,sedan,7,1,14,0.0,real_source
71068,26-39,male,majority,10-19y,university,upper class,0.6451295780112309,1.0,before 2015,0.0,1.0,10238,14000.0,sedan,0,0,0,1.0,real_source
870976,40-64,female,majority,20-29y,high school,working class,0.5048383516331792,1.0,before 2015,1.0,1.0,10238,11000.0,sedan,2,0,0,0.0,real_source
511886,16-25,male,majority,0-9y,none,poverty,0.3636576200959945,0.0,before 2015,0.0,0.0,10238,16000.0,sedan,0,0,0,1.0,real_source
527784,26-39,female,majority,10-19y,none,working class,0.4774916538581971,1.0,before 2015,0.0,1.0,32765,10000.0,sedan,1,0,0,0.0,real_source
475443,16-25,male,majority,0-9y,high school,poverty,0.2594109431729898,0.0,before 2015,0.0,0.0,32765,,sedan,0,0,0,0.0,real_source
349537,26-39,female,majority,10-19y,none,working class,0.3862602749859222,1.0,before 2015,1.0,1.0,10238,10000.0,sedan,1,0,2,0.0,real_source
190736,26-39,male,majority,10-19y,high school,poverty,0.2062040634457388,1.0,before 2015,0.0,1.0,32765,12000.0,sedan,1,0,0,0.0,real_source
79207,16-25,male,majority,0-9y,high school,poverty,0.1665624379563555,1.0,before 2015,0.0,0.0,10238,14000.0,sedan,0,0,0,1.0,real_source
542901,26-39,female,majority,10-19y,university,upper class,0.7198993235950351,1.0,before 2015,1.0,1.0,32765,12000.0,sedan,4,0,0,0.0,real_source
847988,40-64,male,majority,20-29y,university,upper class,0.5946924555510383,1.0,after 2015,1.0,1.0,10238,12000.0,sedan,1,0,4,0.0,real_source
344762,26-39,male,majority,10-19y,high school,middle class,0.4318816696292355,1.0,before 2015,0.0,0.0,10238,15000.0,sedan,0,0,1,1.0,real_source
522326,26-39,male,majority,0-9y,university,upper class,0.6126661552063589,1.0,before 2015,1.0,1.0,32765,6000.0,sedan,0,0,0,0.0,real_source
248253,26-39,male,majority,10-19y,university,middle class,0.3156366369853307,1.0,before 2015,1.0,1.0,92101,14000.0,sedan,1,0,0,1.0,real_source
860089,26-39,female,majority,10-19y,university,middle class,0.4685045607790929,1.0,before 2015,1.0,0.0,10238,14000.0,sedan,1,0,0,0.0,real_source
899435,65+,male,majority,30y+,high school,middle class,,0.0,before 2015,1.0,1.0,10238,10000.0,sedan,4,1,0,0.0,real_source
490211,16-25,male,majority,0-9y,high school,middle class,0.4337899755378196,0.0,before 2015,0.0,0.0,10238,18000.0,sedan,0,0,0,1.0,real_source
108318,40-64,female,majority,10-19y,none,poverty,0.5089660159502207,1.0,before 2015,1.0,1.0,10238,14000.0,sedan,0,0,1,0.0,real_source
322243,26-39,female,majority,10-19y,high school,middle class,0.5744922938547515,1.0,before 2015,0.0,0.0,32765,10000.0,sedan,0,0,0,0.0,real_source
39284,65+,female,minority,30y+,none,upper class,0.6322336535055987,0.0,before 2015,1.0,1.0,10238,12000.0,sedan,5,1,2,0.0,real_source
290734,16-25,male,majority,0-9y,high school,middle class,0.4573907349419177,1.0,before 2015,1.0,1.0,10238,12000.0,sedan,0,0,0,1.0,real_source
627448,40-64,female,majority,20-29y,none,working class,0.4850543628205748,0.0,after 2015,0.0,1.0,32765,14000.0,sedan,1,0,0,1.0,real_source
491509,26-39,female,majority,0-9y,high school,middle class,0.5303731375700654,1.0,before 2015,1.0,1.0,10238,9000.0,sedan,0,0,0,1.0,real_source
374493,65+,female,majority,20-29y,none,working class,0.442915867586197,0.0,after 2015,1.0,1.0,32765,9000.0,sedan,4,0,1,0.0,real_source
462864,65+,female,majority,30y+,high school,middle class,0.4969585048381865,1.0,after 2015,0.0,1.0,32765,9000.0,sedan,5,3,1,0.0,real_source
936784,26-39,female,minority,10-19y,none,poverty,0.3706813762670471,0.0,before 2015,0.0,0.0,10238,17000.0,sedan,1,0,0,1.0,real_source
36613,26-39,male,majority,10-19y,university,working class,0.5897793467930541,1.0,before 2015,0.0,0.0,92101,18000.0,sedan,2,1,0,1.0,real_source
352305,26-39,male,majority,10-19y,university,middle class,0.428984582077122,1.0,after 2015,1.0,1.0,10238,8000.0,sedan,1,3,1,0.0,real_source
891962,65+,male,majority,30y+,university,upper class,0.8013400682716301,1.0,after 2015,0.0,1.0,32765,6000.0,sedan,15,1,0,0.0,real_source
119272,65+,female,majority,30y+,high school,upper class,,1.0,after 2015,0.0,1.0,32765,9000.0,sedan,5,1,1,0.0,real_source
601379,40-64,female,majority,0-9y,high school,middle class,0.6232265163604744,1.0,after 2015,0.0,1.0,32765,6000.0,sedan,0,0,0,0.0,real_source
482624,65+,female,majority,0-9y,university,upper class,0.5573745044426411,1.0,before 2015,1.0,1.0,10238,7000.0,sedan,0,0,0,0.0,real_source
480327,40-64,male,majority,20-29y,university,upper class,0.4176167529380851,0.0,after 2015,1.0,1.0,10238,9000.0,sedan,2,1,3,0.0,real_source
660014,16-25,male,majority,0-9y,high school,working class,0.3833208469601232,1.0,before 2015,0.0,1.0,92101,,sedan,0,0,0,1.0,real_source
907915,26-39,female,majority,0-9y,university,middle class,0.5799346731224745,1.0,before 2015,0.0,0.0,10238,16000.0,sedan,0,0,0,1.0,real_source
658578,40-64,female,majority,0-9y,high school,middle class,0.4546701145878793,1.0,before 2015,0.0,0.0,32765,13000.0,sedan,0,0,0,0.0,real_source
935057,65+,male,majority,0-9y,university,upper class,0.5979218315246748,1.0,before 2015,0.0,1.0,10238,13000.0,sedan,0,0,0,0.0,real_source
140098,40-64,male,majority,10-19y,none,poverty,0.2776754527322686,0.0,before 2015,0.0,1.0,32765,9000.0,sedan,3,0,1,0.0,real_source
187856,26-39,female,majority,0-9y,high school,upper class,0.5715238084155025,1.0,before 2015,1.0,1.0,10238,9000.0,sedan,0,0,0,1.0,real_source
352741,26-39,female,majority,10-19y,high school,middle class,0.4637815381476781,1.0,before 2015,0.0,1.0,10238,12000.0,sedan,0,0,2,0.0,real_source
307879,16-25,female,majority,0-9y,high school,middle class,0.4678772300850685,1.0,before 2015,1.0,0.0,10238,11000.0,sedan,0,0,0,0.0,real_source
883062,65+,female,majority,20-29y,university,upper class,0.6018523848575179,1.0,after 2015,1.0,1.0,32765,9000.0,sedan,8,0,0,0.0,real_source
749179,26-39,female,majority,10-19y,university,middle class,0.6652700956908707,1.0,before 2015,0.0,1.0,10238,10000.0,sedan,1,0,0,0.0,real_source
310559,26-39,male,majority,10-19y,university,middle class,0.6063519327200592,0.0,after 2015,0.0,0.0,10238,14000.0,sedan,1,0,2,0.0,real_source
628082,26-39,male,majority,10-19y,high school,working class,0.4606261840596258,1.0,before 2015,1.0,0.0,32765,10000.0,sedan,3,1,2,0.0,real_source
811449,16-25,male,majority,0-9y,high school,poverty,0.3464732914298389,0.0,after 2015,0.0,0.0,10238,16000.0,sedan,0,0,0,0.0,real_source
937546,26-39,male,majority,10-19y,none,working class,0.2816672602836219,0.0,after 2015,1.0,1.0,32765,8000.0,sedan,2,0,1,0.0,real_source
150119,16-25,male,majority,0-9y,university,working class,0.3877043998415413,1.0,before 2015,0.0,1.0,32765,10000.0,sedan,0,0,0,0.0,real_source
441508,40-64,female,majority,0-9y,high school,upper class,0.5600816526587659,1.0,before 2015,0.0,0.0,10238,16000.0,sedan,0,0,0,1.0,real_source
811326,40-64,female,majority,20-29y,high school,poverty,,1.0,before 2015,0.0,1.0,10238,15000.0,sedan,0,0,0,0.0,real_source
49925,26-39,female,majority,10-19y,university,upper class,0.518642532025159,1.0,after 2015,1.0,0.0,32765,8000.0,sedan,4,0,0,0.0,real_source
763160,26-39,male,majority,0-9y,high school,upper class,0.6706471592156179,1.0,after 2015,1.0,0.0,10238,15000.0,sedan,0,0,0,0.0,real_source
641074,16-25,male,majority,0-9y,university,working class,0.3532271463894319,1.0,before 2015,0.0,0.0,32765,12000.0,sedan,0,0,0,0.0,real_source
617268,26-39,male,majority,10-19y,none,middle class,0.2387166975286248,1.0,before 2015,1.0,1.0,10238,,sedan,2,1,1,0.0,real_source
714830,26-39,male,majority,10-19y,none,working class,0.4371078057546074,0.0,before 2015,0.0,1.0,10238,12000.0,sedan,2,1,0,1.0,real_source
410017,40-64,male,majority,20-29y,high school,upper class,0.5122405698589584,1.0,before 2015,1.0,1.0,10238,,sedan,1,0,1,0.0,real_source
268879,40-64,female,majority,20-29y,university,middle class,0.3888188750585545,0.0,before 2015,0.0,1.0,10238,10000.0,sedan,1,0,1,0.0,real_source
924758,16-25,male,majority,0-9y,none,poverty,,1.0,before 2015,0.0,0.0,10238,15000.0,sedan,0,0,0,1.0,real_source
633661,40-64,female,minority,20-29y,high school,middle class,0.4983949335821834,1.0,before 2015,0.0,1.0,10238,13000.0,sedan,0,0,3,0.0,real_source
92488,40-64,male,majority,20-29y,none,middle class,0.4599818241108985,1.0,before 2015,1.0,1.0,10238,,sedan,4,1,5,0.0,real_source
243937,26-39,male,majority,10-19y,high school,working class,0.2799021951439587,1.0,before 2015,1.0,1.0,10238,,sedan,1,0,0,0.0,real_source
453777,26-39,male,majority,10-19y,high school,working class,0.3984060504754135,0.0,before 2015,1.0,1.0,10238,11000.0,sedan,0,0,1,1.0,real_source
681107,26-39,male,minority,10-19y,high school,working class,0.3046613986667242,0.0,before 2015,1.0,0.0,32765,7000.0,sedan,3,0,1,1.0,real_source
248942,40-64,female,majority,20-29y,high school,upper class,0.729851637656742,1.0,after 2015,0.0,1.0,10238,14000.0,sedan,4,0,5,0.0,real_source
711881,40-64,male,majority,20-29y,none,poverty,0.3992512120483985,1.0,before 2015,0.0,1.0,10238,9000.0,sedan,2,0,2,0.0,real_source
889696,16-25,female,majority,0-9y,high school,poverty,0.2771950785800681,0.0,after 2015,0.0,0.0,10238,16000.0,sedan,0,0,0,1.0,real_source
859208,16-25,male,majority,0-9y,none,poverty,0.5396039422623802,0.0,before 2015,1.0,0.0,10238,,sedan,0,0,0,1.0,real_source
664323,26-39,female,majority,0-9y,high school,working class,0.4141252031377662,1.0,before 2015,0.0,0.0,10238,18000.0,sedan,0,0,0,1.0,real_source
728365,40-64,female,majority,20-29y,university,upper class,0.4754848367664985,1.0,after 2015,1.0,1.0,10238,9000.0,sedan,2,0,0,0.0,real_source
114885,40-64,male,majority,0-9y,university,upper class,0.5641387945355132,1.0,before 2015,1.0,1.0,10238,11000.0,sedan,0,0,0,0.0,real_source
829141,40-64,female,majority,20-29y,university,middle class,0.4913185605656244,0.0,after 2015,1.0,1.0,10238,11000.0,sedan,3,0,3,0.0,real_source
734633,16-25,female,majority,0-9y,none,poverty,0.3543730628022394,1.0,before 2015,1.0,0.0,32765,9000.0,sedan,0,0,0,1.0,real_source
46460,16-25,male,majority,0-9y,university,middle class,0.4965500328738285,0.0,before 2015,0.0,1.0,10238,11000.0,sedan,0,0,0,1.0,real_source
37712,26-39,female,majority,10-19y,high school,working class,,1.0,before 2015,0.0,1.0,32765,,sedan,3,1,3,1.0,real_source
16414,26-39,female,majority,10-19y,none,poverty,0.4890164051337181,1.0,before 2015,1.0,1.0,10238,12000.0,sedan,0,0,0,0.0,real_source
184604,26-39,male,majority,10-19y,university,upper class,0.5416548065025522,1.0,after 2015,1.0,1.0,32765,13000.0,sedan,3,0,2,0.0,real_source
248576,65+,male,majority,0-9y,none,middle class,0.4643846739427252,0.0,before 2015,1.0,1.0,10238,11000.0,sedan,0,0,0,1.0,real_source
841092,26-39,male,majority,10-19y,high school,middle class,0.4118152950314071,1.0,before 2015,1.0,1.0,10238,11000.0,sedan,1,0,0,1.0,real_source
330071,40-64,female,majority,0-9y,high school,poverty,0.4847038948077335,1.0,before 2015,1.0,1.0,10238,10000.0,sedan,0,0,0,1.0,real_source
181644,65+,female,minority,30y+,high school,upper class,0.6056489554250117,1.0,after 2015,1.0,1.0,10238,10000.0,sedan,7,0,4,0.0,real_source
459966,26-39,female,majority,10-19y,university,upper class,0.7661048777029625,0.0,after 2015,1.0,0.0,32765,12000.0,sedan,1,0,0,0.0,real_source
622481,40-64,female,majority,20-29y,university,upper class,0.5424831086952988,0.0,after 2015,1.0,1.0,32765,13000.0,sedan,0,0,0,0.0,real_source
913111,26-39,female,majority,0-9y,high school,poverty,0.3589323014822048,0.0,before 2015,1.0,1.0,32765,9000.0,sedan,0,0,0,1.0,real_source
691782,26-39,female,majority,10-19y,university,upper class,0.5648598691189141,1.0,after 2015,1.0,1.0,10238,7000.0,sedan,0,0,0,0.0,real_source
120400,65+,female,majority,30y+,high school,upper class,0.4698129526772792,1.0,after 2015,1.0,1.0,32765,6000.0,sedan,9,1,2,0.0,real_source
392215,16-25,male,majority,0-9y,high school,poverty,0.2992029176474962,1.0,before 2015,1.0,0.0,10238,14000.0,sedan,0,0,0,0.0,real_source
635121,26-39,male,majority,0-9y,none,poverty,0.3004827485746554,1.0,before 2015,0.0,1.0,32765,12000.0,sedan,0,0,0,0.0,real_source
124139,16-25,female,majority,0-9y,high school,poverty,0.2755826804934645,0.0,before 2015,0.0,0.0,10238,14000.0,sedan,0,0,0,1.0,real_source
846661,40-64,female,majority,10-19y,university,upper class,0.6408988315327818,1.0,before 2015,0.0,1.0,10238,12000.0,sedan,1,0,3,0.0,real_source
258406,40-64,male,majority,0-9y,none,working class,0.4623273594448814,1.0,after 2015,0.0,1.0,10238,,sedan,0,0,0,0.0,real_source
463615,40-64,male,majority,20-29y,university,upper class,0.6229471964433024,1.0,after 2015,1.0,1.0,32765,9000.0,sedan,2,0,1,0.0,real_source
849311,26-39,female,majority,10-19y,high school,middle class,0.6721116714802283,1.0,after 2015,0.0,1.0,32765,9000.0,sedan,1,0,1,0.0,real_source
42611,65+,female,majority,30y+,university,upper class,0.4988538572884064,1.0,after 2015,1.0,1.0,10238,13000.0,sedan,0,0,0,0.0,real_source
120752,40-64,female,majority,0-9y,high school,poverty,0.3360557592308053,0.0,before 2015,0.0,1.0,32765,10000.0,sedan,0,0,0,1.0,real_source
395100,16-25,male,majority,0-9y,high school,poverty,0.2884319488347714,1.0,before 2015,0.0,1.0,10238,11000.0,sedan,0,0,0,0.0,real_source
322841,40-64,male,majority,0-9y,university,upper class,0.6928652475914814,1.0,before 2015,1.0,1.0,10238,,sedan,0,0,0,1.0,real_source
496015,26-39,female,majority,10-19y,university,middle class,0.3433187489932688,1.0,after 2015,0.0,0.0,32765,12000.0,sedan,4,0,0,0.0,real_source
27358,16-25,male,majority,0-9y,high school,poverty,0.2892278051746093,0.0,before 2015,0.0,1.0,32765,9000.0,sedan,0,0,0,1.0,real_source
928760,26-39,male,majority,10-19y,none,poverty,0.4693145545863751,0.0,before 2015,0.0,1.0,10238,10000.0,sedan,2,0,4,1.0,real_source
730142,40-64,male,majority,20-29y,university,upper class,0.5559890754273217,1.0,after 2015,0.0,0.0,10238,19000.0,sedan,0,0,1,0.0,real_source
154598,65+,female,majority,0-9y,high school,upper class,0.6475408925470649,1.0,after 2015,0.0,1.0,10238,,sedan,0,0,0,0.0,real_source
608162,26-39,female,majority,10-19y,none,poverty,0.3028088269593427,1.0,before 2015,0.0,0.0,10238,14000.0,sedan,1,0,1,0.0,real_source
523239,40-64,female,majority,10-19y,university,middle class,0.588240239675542,0.0,after 2015,0.0,1.0,10238,16000.0,sedan,0,0,1,0.0,real_source
608207,26-39,female,majority,10-19y,university,upper class,0.549476548718367,1.0,after 2015,1.0,1.0,10238,,sedan,0,0,0,0.0,real_source
339741,26-39,female,majority,0-9y,high school,upper class,0.6040525730806547,1.0,after 2015,1.0,1.0,10238,11000.0,sedan,0,0,0,0.0,real_source
864844,16-25,female,majority,0-9y,none,poverty,0.2408585357293881,0.0,before 2015,0.0,1.0,10238,13000.0,sedan,0,0,0,1.0,real_source
139952,65+,female,majority,30y+,high school,upper class,0.6525524182204648,1.0,after 2015,0.0,1.0,10238,14000.0,sedan,1,1,3,0.0,real_source
674689,40-64,male,majority,20-29y,high school,upper class,0.7158624172055517,1.0,after 2015,0.0,1.0,10238,13000.0,sedan,4,0,1,0.0,real_source
31975,65+,female,minority,10-19y,university,upper class,,0.0,after 2015,1.0,1.0,32765,12000.0,sedan,0,1,1,0.0,real_source
872992,40-64,female,minority,20-29y,university,upper class,0.6306307935993771,1.0,before 2015,0.0,0.0,10238,16000.0,sedan,2,0,0,0.0,real_source
585537,65+,male,majority,10-19y,university,upper class,0.5031840274119616,1.0,after 2015,1.0,1.0,10238,8000.0,sedan,1,2,2,0.0,real_source
918944,26-39,male,majority,0-9y,university,upper class,0.5114051425042117,1.0,after 2015,1.0,1.0,10238,9000.0,sedan,0,0,0,0.0,real_source
60970,16-25,male,majority,0-9y,university,upper class,0.6309928831750566,1.0,after 2015,1.0,1.0,10238,11000.0,sedan,0,0,0,0.0,real_source
311044,16-25,female,majority,0-9y,university,working class,0.5193208260716933,1.0,before 2015,0.0,0.0,10238,14000.0,sedan,0,0,0,1.0,real_source
706138,16-25,male,majority,0-9y,high school,working class,0.5703941633680296,1.0,before 2015,0.0,0.0,10238,14000.0,sedan,0,0,0,1.0,real_source
984779,26-39,male,majority,10-19y,high school,middle class,0.4979605061732534,1.0,before 2015,1.0,1.0,10238,11000.0,sedan,2,0,1,0.0,real_source
652127,65+,female,majority,30y+,university,upper class,0.4302488913418512,1.0,after 2015,1.0,1.0,10238,10000.0,sedan,4,1,1,0.0,real_source
88956,40-64,male,majority,20-29y,high school,working class,0.4623855547471761,1.0,before 2015,0.0,0.0,10238,15000.0,sedan,2,0,3,0.0,real_source
549555,16-25,male,minority,0-9y,none,poverty,0.2932795320869824,1.0,before 2015,0.0,0.0,32765,15000.0,sedan,0,0,0,0.0,real_source
588188,26-39,female,majority,10-19y,high school,middle class,0.4432003644752441,1.0,before 2015,1.0,1.0,10238,11000.0,sedan,0,0,0,0.0,real_source
709404,65+,male,majority,0-9y,high school,upper class,0.6391883903930788,1.0,after 2015,1.0,0.0,10238,15000.0,sedan,0,0,0,0.0,real_source
707069,26-39,male,majority,10-19y,high school,upper class,0.5601753532231943,1.0,after 2015,1.0,1.0,32765,14000.0,sedan,3,0,0,0.0,real_source
537387,65+,female,majority,20-29y,university,upper class,0.6920398013919037,1.0,before 2015,1.0,1.0,10238,11000.0,sedan,2,0,2,0.0,real_source
515931,16-25,female,majority,0-9y,high school,poverty,0.419377648649498,0.0,before 2015,0.0,0.0,32765,10000.0,sedan,0,0,0,1.0,real_source
924790,26-39,male,majority,10-19y,high school,middle class,,0.0,before 2015,0.0,1.0,10238,,sedan,1,0,1,1.0,real_source
581500,65+,female,majority,30y+,university,upper class,,0.0,after 2015,1.0,1.0,10238,12000.0,sedan,0,0,0,0.0,real_source
207518,26-39,female,majority,10-19y,high school,middle class,0.6489500854684961,1.0,before 2015,1.0,1.0,10238,9000.0,sedan,0,0,0,0.0,real_source
223991,16-25,female,majority,0-9y,university,middle class,0.5704437973204898,1.0,before 2015,0.0,1.0,10238,,sedan,0,0,0,0.0,real_source
762941,40-64,male,majority,20-29y,university,upper class,0.7834688721543275,1.0,before 2015,0.0,1.0,32765,12000.0,sedan,5,0,2,0.0,real_source
76580,65+,male,majority,30y+,university,upper class,0.6891124172848563,1.0,after 2015,1.0,1.0,10238,12000.0,sedan,3,1,1,0.0,real_source
471077,16-25,female,majority,0-9y,university,upper class,0.6226579790765938,0.0,before 2015,0.0,0.0,10238,16000.0,sedan,0,0,0,0.0,real_source
749784,65+,male,majority,30y+,university,upper class,0.6245083258338776,1.0,after 2015,1.0,1.0,10238,12000.0,sedan,2,0,0,0.0,real_source
40583,26-39,female,minority,10-19y,university,working class,,0.0,before 2015,0.0,1.0,10238,15000.0,sedan,0,0,0,0.0,real_source
494888,16-25,male,majority,0-9y,high school,poverty,0.2865743914094195,0.0,before 2015,1.0,0.0,10238,11000.0,sedan,0,0,0,1.0,real_source
827622,16-25,male,majority,0-9y,high school,poverty,0.3239704205767568,1.0,before 2015,0.0,0.0,32765,13000.0,sedan,0,0,0,1.0,real_source
949125,65+,male,minority,30y+,university,upper class,0.6161772975154499,1.0,after 2015,1.0,1.0,92101,10000.0,sedan,8,1,8,0.0,real_source
604438,26-39,female,majority,10-19y,high school,middle class,0.5808830580602365,1.0,before 2015,1.0,1.0,10238,12000.0,sedan,1,0,0,0.0,real_source
351637,26-39,male,majority,10-19y,high school,working class,0.4477090128672145,1.0,after 2015,0.0,1.0,32765,,sedan,0,1,1,0.0,real_source
190961,65+,female,majority,20-29y,high school,middle class,0.5816037415682471,1.0,before 2015,1.0,1.0,92101,14000.0,sedan,0,1,0,1.0,real_source
322824,26-39,female,majority,10-19y,university,upper class,,1.0,before 2015,0.0,0.0,32765,15000.0,sedan,0,1,1,1.0,real_source
336527,26-39,female,majority,10-19y,university,upper class,0.6369224099026874,1.0,after 2015,1.0,0.0,10238,10000.0,sedan,1,0,1,0.0,real_source
920567,65+,female,majority,30y+,high school,upper class,0.5645300727892164,1.0,before 2015,1.0,1.0,10238,12000.0,sedan,1,1,6,0.0,real_source
900892,26-39,female,majority,10-19y,high school,middle class,0.4362221796429071,1.0,after 2015,1.0,1.0,10238,11000.0,sports car,1,0,1,0.0,real_source
901773,16-25,male,majority,0-9y,university,poverty,0.3831887699575411,0.0,before 2015,0.0,0.0,10238,17000.0,sedan,0,0,0,1.0,real_source
20635,16-25,male,minority,0-9y,high school,middle class,,0.0,before 2015,0.0,0.0,92101,14000.0,sedan,0,0,0,1.0,real_source
177341,40-64,male,majority,10-19y,high school,upper class,0.5360846880395218,1.0,before 2015,1.0,1.0,10238,11000.0,sports car,1,0,2,0.0,real_source
969436,16-25,female,majority,0-9y,none,poverty,0.4816521872538263,1.0,before 2015,0.0,0.0,10238,18000.0,sedan,0,0,0,0.0,real_source
858278,26-39,female,majority,10-19y,high school,middle class,0.5840680087396983,0.0,before 2015,0.0,0.0,32765,,sedan,0,0,0,1.0,real_source
34729,26-39,female,majority,10-19y,high school,middle class,0.5448380735082949,0.0,after 2015,1.0,1.0,10238,13000.0,sedan,1,0,0,0.0,real_source
299392,16-25,female,majority,0-9y,none,poverty,,0.0,before 2015,0.0,1.0,10238,11000.0,sedan,0,0,0,1.0,real_source
930407,65+,male,majority,20-29y,high school,upper class,0.5670325638533684,1.0,before 2015,1.0,1.0,10238,,sedan,5,0,6,0.0,real_source
792654,40-64,female,majority,20-29y,university,upper class,0.6100105875736568,0.0,after 2015,1.0,1.0,10238,11000.0,sedan,1,1,0,0.0,real_source
500299,26-39,female,majority,0-9y,university,upper class,0.6687110075744085,1.0,after 2015,1.0,1.0,10238,11000.0,sedan,0,0,0,0.0,real_source
18691,40-64,male,majority,10-19y,high school,upper class,0.6358873955472639,1.0,before 2015,1.0,1.0,32765,8000.0,sedan,3,0,0,0.0,real_source
157412,40-64,male,majority,20-29y,university,upper class,0.756751214146398,1.0,after 2015,0.0,1.0,10238,10000.0,sedan,0,2,1,0.0,real_source
174428,16-25,female,majority,0-9y,high school,middle class,0.4772877789787569,0.0,before 2015,1.0,0.0,10238,14000.0,sedan,0,0,0,1.0,real_source
924311,16-25,male,majority,0-9y,high school,working class,0.451666058884765,1.0,after 2015,0.0,0.0,32765,12000.0,sedan,0,0,0,0.0,real_source
934558,65+,male,majority,20-29y,high school,middle class,0.3030111934015117,1.0,before 2015,1.0,1.0,10238,10000.0,sedan,4,0,6,0.0,real_source
208928,26-39,female,majority,0-9y,high school,middle class,0.6266431041870515,1.0,after 2015,0.0,1.0,10238,14000.0,sedan,0,0,0,0.0,real_source
168954,26-39,male,majority,10-19y,high school,middle class,0.4471073549724479,1.0,before 2015,1.0,1.0,10238,11000.0,sedan,1,0,2,0.0,real_source
154179,40-64,male,majority,20-29y,university,upper class,0.5351397834821907,1.0,before 2015,1.0,0.0,10238,12000.0,sedan,0,0,4,0.0,real_source
232363,26-39,female,majority,10-19y,high school,working class,0.4016314373783455,0.0,before 2015,0.0,1.0,32765,9000.0,sedan,3,1,0,1.0,real_source
925114,40-64,female,majority,20-29y,high school,middle class,0.4901700630176185,1.0,after 2015,1.0,1.0,10238,12000.0,sedan,1,2,7,0.0,real_source
326989,26-39,female,majority,10-19y,university,upper class,0.5958198695827401,0.0,after 2015,0.0,1.0,10238,12000.0,sedan,1,0,2,0.0,real_source
99527,26-39,male,majority,10-19y,university,middle class,0.5418297585749775,1.0,before 2015,1.0,0.0,10238,,sedan,1,0,1,0.0,real_source
178135,26-39,male,majority,10-19y,university,middle class,0.405137060644103,1.0,before 2015,1.0,0.0,92101,9000.0,sedan,3,0,1,0.0,real_source
163134,40-64,female,majority,20-29y,high school,middle class,0.4538238305384827,1.0,before 2015,0.0,1.0,10238,12000.0,sedan,4,0,2,0.0,real_source
156590,40-64,female,minority,20-29y,university,upper class,0.5783736526432853,1.0,before 2015,0.0,1.0,92101,10000.0,sedan,3,1,0,0.0,real_source
190973,16-25,male,majority,0-9y,none,poverty,0.4344338449489727,0.0,before 2015,0.0,1.0,92101,11000.0,sedan,0,0,0,1.0,real_source
37519,65+,female,majority,0-9y,university,upper class,0.560541352496778,1.0,before 2015,1.0,1.0,32765,3000.0,sedan,0,0,0,1.0,real_source
822043,16-25,female,majority,0-9y,high school,poverty,0.3873153451347576,0.0,before 2015,0.0,1.0,10238,11000.0,sedan,0,0,0,1.0,real_source
152285,26-39,male,majority,10-19y,high school,poverty,0.4698074742971208,0.0,after 2015,0.0,0.0,32765,13000.0,sedan,5,0,0,1.0,real_source
523948,26-39,male,majority,10-19y,university,middle class,0.445850120200294,1.0,before 2015,0.0,1.0,10238,14000.0,sedan,1,0,0,1.0,real_source
999332,26-39,male,majority,10-19y,none,poverty,0.250983078410022,1.0,before 2015,0.0,0.0,10238,13000.0,sedan,0,0,1,0.0,real_source
736595,26-39,male,majority,10-19y,high school,middle class,0.6300065973683402,1.0,before 2015,0.0,0.0,10238,13000.0,sedan,0,0,0,0.0,real_source
396343,16-25,female,majority,0-9y,none,poverty,0.4881198548918551,0.0,before 2015,0.0,1.0,10238,12000.0,sedan,0,0,0,1.0,real_source
706405,65+,male,majority,10-19y,high school,middle class,0.4654205894960517,1.0,before 2015,0.0,0.0,32765,13000.0,sedan,4,0,0,1.0,real_source
228528,26-39,male,majority,10-19y,high school,working class,0.5067738717891079,1.0,before 2015,0.0,0.0,10238,16000.0,sedan,0,0,2,0.0,real_source
434106,26-39,male,majority,10-19y,university,upper class,0.3926812226186767,1.0,before 2015,1.0,1.0,32765,8000.0,sports car,4,1,0,1.0,real_source
540120,16-25,male,majority,0-9y,university,working class,0.4554049639762782,1.0,before 2015,0.0,0.0,32765,13000.0,sedan,0,0,0,1.0,real_source
321318,65+,male,majority,0-9y,university,upper class,0.5166673129274945,1.0,before 2015,0.0,1.0,10238,14000.0,sedan,0,0,0,1.0,real_source
34569,40-64,male,majority,20-29y,university,upper class,0.5947339120751762,1.0,after 2015,0.0,1.0,10238,11000.0,sedan,5,0,5,0.0,real_source
960986,16-25,male,majority,0-9y,university,poverty,0.2387489728812516,1.0,before 2015,1.0,0.0,32765,,sedan,0,0,0,1.0,real_source
73396,26-39,male,majority,0-9y,high school,poverty,0.2471184275923549,0.0,before 2015,0.0,0.0,10238,15000.0,sedan,0,0,0,1.0,real_source
645088,26-39,female,majority,0-9y,university,middle class,0.4971134271243003,1.0,before 2015,1.0,1.0,10238,,sedan,0,0,0,1.0,real_source
907794,16-25,male,majority,0-9y,high school,poverty,0.3749356861592066,0.0,before 2015,1.0,0.0,32765,12000.0,sedan,0,0,0,1.0,real_source
174879,40-64,female,majority,0-9y,university,upper class,0.7012597772312479,1.0,after 2015,1.0,1.0,10238,5000.0,sedan,0,0,0,0.0,real_source
53695,26-39,female,majority,10-19y,high school,upper class,0.5927026164666293,1.0,after 2015,0.0,1.0,32765,11000.0,sedan,2,0,0,0.0,real_source
938653,40-64,male,majority,20-29y,high school,middle class,0.2988735861355635,1.0,before 2015,0.0,1.0,10238,11000.0,sedan,1,0,8,0.0,real_source
847383,40-64,female,majority,20-29y,university,upper class,,1.0,before 2015,1.0,1.0,32765,14000.0,sedan,5,1,3,0.0,real_source
459822,26-39,female,majority,0-9y,university,upper class,0.5851967535022294,0.0,before 2015,1.0,1.0,32765,8000.0,sedan,0,0,0,0.0,real_source
748443,40-64,female,majority,20-29y,high school,middle class,0.6373835703783101,1.0,after 2015,0.0,0.0,32765,13000.0,sedan,2,0,0,0.0,real_source
153643,40-64,female,majority,20-29y,high school,middle class,0.6941801207168878,1.0,after 2015,0.0,1.0,10238,12000.0,sedan,1,1,3,0.0,real_source
592880,26-39,male,majority,10-19y,high school,middle class,0.4584271899596414,0.0,after 2015,0.0,1.0,10238,17000.0,sedan,0,0,0,1.0,real_source
923414,16-25,female,majority,0-9y,high school,working class,0.2933097901859789,0.0,before 2015,1.0,1.0,10238,8000.0,sedan,0,0,0,1.0,real_source
969407,40-64,female,majority,20-29y,high school,upper class,0.4869412364076045,1.0,before 2015,1.0,1.0,10238,12000.0,sedan,1,0,4,0.0,real_source
865371,16-25,female,majority,0-9y,university,working class,0.4762313488935269,1.0,before 2015,0.0,0.0,10238,17000.0,sedan,0,0,0,1.0,real_source
13877,65+,male,majority,10-19y,none,middle class,0.5923712484738105,1.0,before 2015,1.0,1.0,32765,10000.0,sedan,1,0,2,0.0,real_source
81548,40-64,female,majority,20-29y,university,upper class,0.6557539885646227,1.0,before 2015,0.0,1.0,92101,12000.0,sedan,5,0,0,0.0,real_source
657437,26-39,male,majority,10-19y,none,working class,0.1999177653736918,0.0,before 2015,0.0,0.0,10238,,sedan,0,0,0,0.0,real_source
412878,40-64,female,majority,10-19y,high school,upper class,0.5646160302496541,1.0,after 2015,1.0,0.0,32765,14000.0,sedan,0,0,1,0.0,real_source
280870,16-25,male,majority,0-9y,high school,working class,0.3235211152170167,1.0,after 2015,0.0,1.0,10238,,sedan,0,0,0,0.0,real_source
513543,65+,female,majority,30y+,high school,upper class,0.4827366070309057,1.0,before 2015,0.0,1.0,10238,11000.0,sedan,1,1,2,0.0,real_source
729096,26-39,female,majority,10-19y,high school,middle class,0.5735528833585384,1.0,after 2015,1.0,0.0,32765,11000.0,sedan,0,0,0,0.0,real_source
905916,40-64,female,majority,0-9y,university,upper class,0.4553108506467289,1.0,after 2015,1.0,1.0,32765,5000.0,sedan,0,0,0,0.0,real_source
852233,65+,female,majority,20-29y,high school,middle class,0.4202318593644112,1.0,before 2015,1.0,1.0,10238,11000.0,sedan,2,0,8,0.0,real_source
364755,26-39,female,majority,10-19y,none,poverty,0.2638709817862523,0.0,before 2015,1.0,1.0,10238,,sedan,1,0,2,0.0,real_source
217068,65+,male,majority,30y+,university,upper class,0.4909724942222815,1.0,before 2015,1.0,1.0,10238,10000.0,sedan,4,1,9,0.0,real_source
257230,40-64,female,minority,20-29y,university,middle class,0.4461930791702037,1.0,before 2015,1.0,1.0,10238,11000.0,sedan,1,0,0,0.0,real_source
406476,26-39,female,minority,10-19y,none,poverty,0.4296243313540997,1.0,before 2015,0.0,1.0,10238,11000.0,sedan,0,0,0,0.0,real_source
401441,40-64,male,majority,20-29y,high school,upper class,0.5445719745347386,1.0,after 2015,1.0,1.0,10238,8000.0,sedan,2,1,0,0.0,real_source
898142,26-39,male,majority,10-19y,university,upper class,0.4954896401934541,0.0,before 2015,1.0,1.0,32765,7000.0,sedan,3,2,0,1.0,real_source
221675,26-39,male,majority,10-19y,university,working class,0.3898977902841324,0.0,before 2015,0.0,1.0,32765,14000.0,sedan,3,0,3,1.0,real_source
256110,40-64,female,majority,0-9y,high school,upper class,0.5270890686072889,1.0,before 2015,0.0,1.0,32765,,sedan,0,0,0,1.0,real_source
390441,26-39,male,majority,10-19y,university,middle class,0.4909957303035646,1.0,after 2015,1.0,0.0,92101,14000.0,sedan,2,0,0,1.0,real_source
396740,40-64,female,majority,10-19y,university,upper class,0.6911864135719332,1.0,after 2015,1.0,1.0,10238,9000.0,sedan,2,0,1,0.0,real_source
130132,26-39,male,majority,10-19y,high school,poverty,0.2537695780346572,0.0,before 2015,0.0,0.0,92101,15000.0,sedan,1,1,0,1.0,real_source
402924,26-39,female,majority,10-19y,university,working class,0.5884675392032952,0.0,before 2015,1.0,1.0,10238,13000.0,sedan,2,0,0,1.0,real_source
413274,26-39,male,majority,10-19y,high school,working class,,0.0,before 2015,1.0,1.0,32765,,sedan,4,0,2,0.0,real_source
764369,40-64,male,majority,20-29y,university,upper class,0.6984773297169328,1.0,before 2015,1.0,1.0,10238,15000.0,sedan,0,2,2,0.0,real_source
510806,40-64,female,minority,10-19y,high school,working class,,1.0,before 2015,1.0,1.0,10238,10000.0,sedan,0,0,3,0.0,real_source
737210,16-25,female,majority,0-9y,university,middle class,0.5903723317210914,1.0,before 2015,1.0,1.0,32765,6000.0,sedan,0,0,0,0.0,real_source
708471,65+,female,majority,0-9y,high school,upper class,0.5541510770211692,1.0,after 2015,0.0,1.0,10238,12000.0,sedan,0,0,0,0.0,real_source
473499,16-25,female,majority,0-9y,none,poverty,0.3263605561292131,1.0,before 2015,0.0,0.0,32765,,sedan,0,0,0,1.0,real_source
612859,26-39,male,majority,10-19y,university,working class,0.4494195374335477,1.0,before 2015,1.0,0.0,10238,15000.0,sedan,1,0,1,1.0,real_source
677756,26-39,male,minority,10-19y,high school,working class,0.4308870003600701,0.0,after 2015,1.0,0.0,10238,13000.0,sedan,2,1,1,1.0,real_source
972892,40-64,male,majority,20-29y,high school,middle class,0.6442098118504562,1.0,before 2015,1.0,1.0,10238,9000.0,sedan,1,0,3,0.0,real_source
730888,40-64,male,majority,20-29y,high school,upper class,0.615117089773629,1.0,before 2015,0.0,1.0,32765,9000.0,sedan,4,0,1,0.0,real_source
604985,40-64,female,majority,10-19y,university,upper class,0.6572904169685266,1.0,after 2015,0.0,1.0,10238,10000.0,sedan,1,1,0,0.0,real_source
987951,40-64,female,majority,20-29y,university,upper class,0.7828086436792089,1.0,after 2015,1.0,1.0,10238,8000.0,sedan,4,0,2,0.0,real_source
46149,40-64,male,majority,10-19y,university,upper class,0.7832878607386976,1.0,before 2015,1.0,1.0,10238,10000.0,sedan,2,1,2,0.0,real_source
125413,16-25,male,majority,0-9y,none,poverty,0.2837731929948115,1.0,before 2015,1.0,0.0,10238,16000.0,sports car,0,0,0,0.0,real_source
635894,65+,male,majority,10-19y,high school,upper class,0.3902936364061164,1.0,after 2015,1.0,1.0,10238,,sedan,1,0,1,0.0,real_source
969222,16-25,male,majority,0-9y,none,working class,0.2996650224835762,0.0,before 2015,0.0,0.0,10238,13000.0,sedan,0,0,0,1.0,real_source
711566,16-25,female,majority,0-9y,university,middle class,,1.0,before 2015,1.0,1.0,10238,10000.0,sedan,0,0,0,0.0,real_source
36313,26-39,male,majority,10-19y,high school,working class,0.5494459382415584,0.0,before 2015,0.0,1.0,10238,14000.0,sedan,1,0,0,1.0,real_source
222134,40-64,female,majority,0-9y,high school,upper class,0.640486329666487,0.0,after 2015,1.0,1.0,32765,,sedan,0,0,0,0.0,real_source
253090,26-39,female,majority,10-19y,university,middle class,0.539533013674284,1.0,before 2015,1.0,1.0,10238,11000.0,sedan,0,0,0,0.0,real_source
893372,40-64,female,majority,10-19y,university,upper class,0.3853517361901707,0.0,after 2015,0.0,0.0,10238,14000.0,sedan,1,0,2,0.0,real_source
742796,16-25,male,majority,0-9y,none,poverty,0.3660278989452595,0.0,before 2015,0.0,0.0,32765,13000.0,sedan,0,0,0,1.0,real_source
139831,40-64,female,majority,0-9y,university,upper class,0.5559326927404381,1.0,before 2015,1.0,1.0,32765,8000.0,sedan,0,0,0,1.0,real_source
198178,26-39,male,majority,10-19y,university,upper class,0.5841954045163829,1.0,before 2015,0.0,0.0,10238,15000.0,sedan,2,0,0,0.0,real_source
735691,26-39,male,majority,10-19y,high school,poverty,0.3505254148618004,0.0,before 2015,0.0,0.0,10238,16000.0,sedan,0,1,1,1.0,real_source
967483,40-64,male,majority,20-29y,high school,middle class,0.643774905711156,1.0,after 2015,0.0,0.0,10238,14000.0,sedan,2,1,3,0.0,real_source
804403,26-39,male,majority,10-19y,high school,working class,,0.0,before 2015,0.0,0.0,32765,13000.0,sedan,4,0,0,1.0,real_source
930270,40-64,female,majority,20-29y,high school,upper class,0.7161298671692884,0.0,before 2015,1.0,1.0,92101,10000.0,sedan,3,0,0,1.0,real_source
455923,26-39,female,majority,10-19y,university,middle class,0.5940034089231788,1.0,before 2015,1.0,1.0,10238,,sedan,0,0,3,0.0,real_source
333079,65+,male,majority,30y+,high school,working class,,0.0,before 2015,1.0,1.0,10238,9000.0,sedan,8,0,2,0.0,real_source
647230,26-39,male,majority,10-19y,high school,poverty,0.4859030683167008,1.0,before 2015,0.0,0.0,10238,14000.0,sedan,1,1,0,0.0,real_source
140186,40-64,male,majority,10-19y,high school,upper class,0.5187253040090152,1.0,after 2015,1.0,1.0,32765,8000.0,sedan,6,0,0,0.0,real_source
695203,26-39,female,majority,0-9y,high school,middle class,0.5532095143612934,0.0,before 2015,0.0,1.0,10238,11000.0,sedan,0,0,0,1.0,real_source
533826,26-39,female,majority,0-9y,university,upper class,0.6841915403793802,0.0,before 2015,0.0,1.0,10238,14000.0,sedan,0,0,0,0.0,real_source
908057,65+,male,majority,30y+,university,upper class,0.5157093846916319,1.0,after 2015,1.0,1.0,10238,11000.0,sports car,2,0,4,0.0,real_source
760347,65+,female,majority,30y+,university,upper class,0.5302997451862774,1.0,after 2015,1.0,1.0,32765,,sedan,3,0,1,0.0,real_source
600221,26-39,female,majority,10-19y,high school,middle class,0.4808607229796859,1.0,before 2015,1.0,1.0,32765,8000.0,sedan,2,1,0,0.0,real_source
344420,65+,male,minority,10-19y,high school,upper class,,1.0,after 2015,1.0,1.0,10238,11000.0,sedan,4,0,0,0.0,real_source
823080,16-25,female,majority,0-9y,none,poverty,0.4934823530904108,1.0,before 2015,0.0,1.0,10238,,sedan,0,0,0,1.0,real_source
137679,40-64,female,majority,20-29y,high school,middle class,0.8447693992802177,1.0,before 2015,0.0,0.0,10238,17000.0,sedan,2,0,3,0.0,real_source
826526,16-25,female,majority,0-9y,high school,poverty,0.326073298912384,1.0,before 2015,0.0,1.0,32765,12000.0,sedan,0,0,0,1.0,real_source
362357,40-64,female,majority,20-29y,university,upper class,0.6033931394625662,1.0,before 2015,1.0,0.0,32765,,sedan,3,0,0,0.0,real_source
536715,26-39,female,minority,0-9y,none,working class,0.3036760657982809,1.0,before 2015,0.0,1.0,32765,6000.0,sedan,0,0,0,1.0,real_source
757781,65+,female,majority,30y+,university,upper class,0.6384093615076926,1.0,before 2015,1.0,1.0,10238,11000.0,sedan,1,1,1,0.0,real_source
641758,40-64,female,majority,20-29y,none,working class,0.3389234505866029,1.0,before 2015,0.0,1.0,21217,12000.0,sedan,2,0,1,1.0,real_source
862185,16-25,female,majority,0-9y,university,middle class,0.3843188544077816,1.0,before 2015,0.0,0.0,32765,15000.0,sedan,0,0,0,1.0,real_source
834706,26-39,male,majority,10-19y,university,working class,0.3253458331492491,0.0,before 2015,0.0,0.0,10238,17000.0,sedan,0,0,1,1.0,real_source
482099,40-64,female,majority,20-29y,high school,upper class,0.7397365430996375,0.0,before 2015,1.0,1.0,10238,9000.0,sedan,0,1,2,0.0,real_source
659824,40-64,female,majority,20-29y,high school,middle class,,1.0,before 2015,1.0,1.0,32765,5000.0,sedan,5,0,0,0.0,real_source
100769,26-39,female,minority,10-19y,none,poverty,0.4095635873512519,0.0,before 2015,0.0,0.0,10238,13000.0,sedan,0,0,0,0.0,real_source
806041,65+,female,minority,10-19y,university,upper class,0.6649445937643444,1.0,before 2015,1.0,1.0,10238,14000.0,sedan,0,0,0,0.0,real_source
858469,26-39,male,minority,10-19y,high school,working class,0.4363575583678381,1.0,after 2015,0.0,0.0,10238,17000.0,sedan,3,0,1,0.0,real_source
340922,65+,female,majority,30y+,high school,upper class,0.5454170837148882,1.0,after 2015,1.0,1.0,10238,8000.0,sedan,4,0,6,0.0,real_source
777322,16-25,male,majority,0-9y,high school,poverty,0.4109658882409655,0.0,before 2015,0.0,0.0,32765,9000.0,sports car,0,0,0,1.0,real_source
35846,26-39,female,majority,10-19y,none,middle class,0.5362321051953783,1.0,before 2015,0.0,1.0,10238,13000.0,sedan,1,1,0,0.0,real_source
277281,40-64,female,majority,20-29y,high school,middle class,0.6048092117828341,1.0,before 2015,1.0,1.0,10238,13000.0,sedan,1,0,1,0.0,real_source
977326,16-25,female,majority,0-9y,none,working class,0.3829703656842234,1.0,after 2015,1.0,0.0,10238,14000.0,sedan,0,0,0,0.0,real_source
719469,40-64,female,minority,20-29y,none,upper class,0.610668072605521,1.0,before 2015,1.0,1.0,10238,8000.0,sedan,2,0,0,0.0,real_source
623049,65+,female,minority,30y+,high school,upper class,0.6077604581227761,1.0,before 2015,0.0,1.0,32765,11000.0,sports car,10,0,1,0.0,real_source
704602,16-25,female,majority,0-9y,high school,poverty,0.4367822925882561,1.0,before 2015,0.0,0.0,10238,15000.0,sedan,0,0,0,1.0,real_source
631585,65+,female,majority,20-29y,university,upper class,0.7226741315484707,1.0,before 2015,1.0,1.0,32765,7000.0,sedan,1,0,0,0.0,real_source
871638,40-64,female,majority,10-19y,high school,middle class,0.5546780709314852,0.0,before 2015,1.0,1.0,10238,10000.0,sedan,1,0,3,0.0,real_source
595512,65+,male,majority,10-19y,university,upper class,0.5978279623546928,1.0,after 2015,1.0,1.0,32765,8000.0,sedan,7,0,1,0.0,real_source
776319,16-25,female,majority,0-9y,high school,working class,0.4099796451032053,0.0,before 2015,0.0,0.0,10238,13000.0,sedan,0,0,0,1.0,real_source
237044,40-64,male,majority,20-29y,none,middle class,0.5684657075683763,1.0,before 2015,0.0,1.0,10238,13000.0,sedan,3,0,5,0.0,real_source
735970,40-64,male,majority,20-29y,university,working class,0.4849226786837624,1.0,before 2015,0.0,1.0,10238,13000.0,sedan,4,2,5,0.0,real_source
532449,40-64,female,minority,20-29y,none,middle class,,1.0,after 2015,1.0,1.0,10238,8000.0,sedan,3,0,0,0.0,real_source
364211,26-39,female,majority,0-9y,high school,upper class,0.5984750968198154,1.0,before 2015,0.0,1.0,10238,14000.0,sedan,0,0,0,1.0,real_source
538937,16-25,male,minority,0-9y,high school,poverty,0.1732536697645697,0.0,after 2015,0.0,1.0,10238,12000.0,sedan,0,0,0,0.0,real_source
564276,65+,male,majority,10-19y,university,upper class,0.6654465106165252,0.0,after 2015,0.0,0.0,10238,14000.0,sedan,3,1,0,1.0,real_source
731941,26-39,female,majority,0-9y,none,poverty,0.3044782230239015,0.0,after 2015,0.0,1.0,10238,13000.0,sedan,0,0,0,1.0,real_source
250884,40-64,female,majority,10-19y,high school,upper class,0.5540992702345708,1.0,after 2015,1.0,1.0,10238,10000.0,sedan,2,1,2,0.0,real_source
492981,16-25,male,majority,0-9y,high school,middle class,0.5501360144688462,1.0,before 2015,1.0,1.0,10238,,sedan,0,0,0,0.0,real_source
392330,16-25,female,majority,0-9y,high school,working class,0.5088152895397878,1.0,after 2015,0.0,0.0,10238,,sedan,0,0,0,1.0,real_source
850880,40-64,male,majority,0-9y,high school,upper class,0.6575109245006766,1.0,before 2015,1.0,1.0,32765,5000.0,sedan,0,0,0,1.0,real_source
122218,26-39,female,minority,0-9y,university,middle class,0.5398917673832456,0.0,before 2015,0.0,1.0,10238,9000.0,sedan,0,0,0,1.0,real_source
400118,26-39,female,majority,10-19y,high school,upper class,0.7882455199977025,1.0,after 2015,1.0,0.0,32765,12000.0,sedan,0,1,0,0.0,real_source
952862,40-64,female,majority,10-19y,high school,upper class,0.3740988948900966,1.0,after 2015,1.0,0.0,10238,11000.0,sedan,0,0,1,0.0,real_source
715393,65+,female,majority,0-9y,high school,working class,0.4533881137734935,0.0,before 2015,1.0,1.0,32765,5000.0,sedan,0,0,0,1.0,real_source
991373,40-64,female,majority,10-19y,university,upper class,0.6236477209573313,1.0,before 2015,1.0,1.0,10238,13000.0,sedan,0,0,1,0.0,real_source
648831,26-39,female,majority,10-19y,high school,upper class,0.5478841635869207,1.0,before 2015,0.0,0.0,10238,14000.0,sedan,0,0,0,0.0,real_source
341566,16-25,male,minority,0-9y,high school,poverty,0.3430873769883655,0.0,before 2015,0.0,0.0,92101,17000.0,sedan,0,0,0,1.0,real_source
670801,40-64,male,majority,20-29y,high school,upper class,0.5190099503610509,1.0,after 2015,1.0,1.0,10238,13000.0,sedan,2,0,4,0.0,real_source
299582,40-64,male,majority,20-29y,university,middle class,0.5673898991239938,0.0,after 2015,1.0,1.0,10238,8000.0,sedan,0,1,8,0.0,real_source
472624,40-64,male,majority,20-29y,university,upper class,0.6817248270496551,1.0,after 2015,0.0,1.0,10238,10000.0,sedan,2,1,3,0.0,real_source
385407,26-39,female,majority,0-9y,university,upper class,0.7094989381196158,1.0,before 2015,1.0,1.0,10238,9000.0,sedan,0,0,0,0.0,real_source
152379,16-25,female,minority,0-9y,high school,working class,0.3811504504337714,0.0,before 2015,1.0,1.0,10238,14000.0,sedan,0,0,0,1.0,real_source
440240,65+,female,majority,30y+,university,upper class,0.7276229155679576,1.0,after 2015,0.0,1.0,32765,12000.0,sedan,3,2,0,0.0,real_source
598079,26-39,male,majority,10-19y,university,working class,0.5575777399764442,1.0,before 2015,0.0,0.0,10238,16000.0,sedan,3,0,2,0.0,real_source
258190,40-64,male,majority,20-29y,university,middle class,0.5071819273107249,1.0,after 2015,1.0,0.0,32765,10000.0,sedan,2,1,2,0.0,real_source
677109,16-25,male,majority,0-9y,none,poverty,0.4894065022328379,1.0,before 2015,0.0,0.0,10238,17000.0,sedan,0,0,0,1.0,real_source
338645,16-25,female,majority,0-9y,none,poverty,0.291594811098864,1.0,before 2015,0.0,1.0,10238,14000.0,sedan,0,0,0,1.0,real_source
273775,40-64,male,minority,20-29y,high school,middle class,0.5800044807159798,1.0,after 2015,0.0,1.0,92101,13000.0,sedan,2,1,3,0.0,real_source
683955,16-25,male,majority,0-9y,high school,poverty,,0.0,before 2015,0.0,1.0,10238,14000.0,sedan,0,0,0,1.0,real_source
11761,65+,female,majority,20-29y,university,upper class,0.8022750062675513,1.0,after 2015,1.0,1.0,10238,12000.0,sedan,3,0,1,0.0,real_source
595420,40-64,female,minority,0-9y,none,working class,0.3448712040183041,0.0,before 2015,0.0,1.0,10238,13000.0,sedan,0,0,0,1.0,real_source
575122,40-64,female,majority,10-19y,university,upper class,0.6352126722583398,1.0,before 2015,1.0,1.0,32765,8000.0,sedan,1,0,0,0.0,real_source
360802,40-64,female,minority,0-9y,university,upper class,0.5596127262430464,0.0,before 2015,0.0,1.0,10238,8000.0,sedan,0,0,0,1.0,real_source
156736,40-64,female,majority,20-29y,high school,middle class,0.4331407796093584,1.0,after 2015,1.0,0.0,10238,14000.0,sedan,0,0,2,0.0,real_source
861774,40-64,female,majority,20-29y,high school,upper class,0.7606758475190687,1.0,before 2015,1.0,1.0,10238,9000.0,sedan,1,2,4,0.0,real_source
822394,26-39,male,majority,10-19y,high school,poverty,0.3057310188534765,1.0,after 2015,0.0,1.0,32765,12000.0,sedan,2,2,0,0.0,real_source
775391,16-25,male,majority,0-9y,none,working class,0.3184578778795239,0.0,before 2015,1.0,1.0,10238,9000.0,sedan,0,0,0,1.0,real_source
691012,40-64,female,majority,20-29y,none,upper class,0.6275565067436069,1.0,after 2015,1.0,1.0,10238,8000.0,sedan,4,0,2,0.0,real_source
899031,40-64,male,majority,20-29y,university,upper class,0.626302284930829,1.0,before 2015,1.0,1.0,32765,8000.0,sedan,7,2,3,1.0,real_source
417881,40-64,female,majority,20-29y,high school,upper class,0.6909848919192462,0.0,before 2015,1.0,1.0,10238,11000.0,sedan,1,0,0,0.0,real_source
385269,40-64,female,minority,20-29y,university,upper class,0.7588357087382602,1.0,after 2015,0.0,1.0,92101,16000.0,sedan,4,0,1,0.0,real_source
542801,40-64,male,majority,20-29y,high school,upper class,0.5379870992551136,1.0,after 2015,1.0,1.0,10238,11000.0,sedan,1,0,3,0.0,real_source
886052,65+,female,majority,20-29y,university,upper class,0.7584150656682254,1.0,before 2015,0.0,1.0,10238,,sedan,4,0,1,0.0,real_source
642001,26-39,female,majority,10-19y,none,poverty,0.4303926801851185,0.0,before 2015,0.0,1.0,10238,,sedan,0,0,1,1.0,real_source
781094,40-64,male,majority,20-29y,university,upper class,0.577587829547039,1.0,before 2015,1.0,1.0,10238,11000.0,sedan,4,0,4,0.0,real_source
121160,26-39,male,majority,0-9y,high school,working class,0.3716547549804322,0.0,before 2015,1.0,1.0,10238,,sedan,0,0,0,1.0,real_source
972043,16-25,male,majority,0-9y,high school,poverty,0.3208233119135779,0.0,before 2015,0.0,0.0,10238,13000.0,sedan,0,0,0,1.0,real_source
76939,16-25,female,majority,0-9y,high school,working class,0.4577257018229154,0.0,after 2015,1.0,0.0,10238,13000.0,sedan,0,0,0,0.0,real_source
839121,65+,female,majority,10-19y,none,middle class,0.5664726020813448,1.0,before 2015,1.0,1.0,10238,8000.0,sedan,1,0,2,0.0,real_source
45659,40-64,male,majority,20-29y,high school,middle class,0.4514965749749725,0.0,after 2015,0.0,1.0,10238,12000.0,sedan,3,0,7,0.0,real_source
404518,26-39,female,majority,10-19y,high school,upper class,0.724728914359206,1.0,before 2015,1.0,1.0,10238,11000.0,sedan,3,0,2,0.0,real_source
35051,26-39,female,majority,0-9y,high school,working class,0.2428566469410784,1.0,before 2015,1.0,1.0,10238,11000.0,sedan,0,0,0,0.0,real_source
74669,16-25,female,minority,0-9y,high school,middle class,0.5790357095035605,1.0,after 2015,0.0,0.0,32765,14000.0,sedan,0,0,0,0.0,real_source
690706,26-39,female,majority,0-9y,university,upper class,0.5031521219039501,1.0,before 2015,1.0,0.0,32765,9000.0,sedan,0,0,0,1.0,real_source
91353,40-64,female,majority,20-29y,university,upper class,0.6944020437023601,1.0,after 2015,0.0,1.0,10238,15000.0,sedan,1,0,1,0.0,real_source
344510,65+,male,majority,30y+,high school,upper class,0.5484006628894337,1.0,before 2015,1.0,1.0,10238,13000.0,sedan,5,1,4,0.0,real_source
712777,40-64,female,majority,20-29y,none,upper class,0.685731574404338,1.0,before 2015,1.0,1.0,10238,12000.0,sedan,1,0,4,0.0,real_source
480812,26-39,female,majority,10-19y,high school,middle class,0.4535732582122292,1.0,after 2015,1.0,1.0,10238,9000.0,sedan,1,0,2,0.0,real_source
580705,16-25,male,majority,0-9y,university,working class,0.3993268713029674,0.0,before 2015,0.0,0.0,10238,15000.0,sedan,0,0,0,1.0,real_source
60966,65+,female,majority,30y+,none,upper class,0.5389856325423991,1.0,before 2015,1.0,1.0,10238,13000.0,sedan,1,1,6,0.0,real_source
790331,16-25,female,majority,0-9y,high school,poverty,0.3809991021991699,0.0,before 2015,0.0,1.0,10238,15000.0,sedan,0,0,0,1.0,real_source
894285,26-39,female,majority,10-19y,none,poverty,0.4002546121131509,0.0,before 2015,0.0,0.0,10238,15000.0,sedan,0,0,0,1.0,real_source
202364,65+,male,majority,30y+,high school,upper class,0.5883466524610836,0.0,before 2015,1.0,1.0,32765,10000.0,sedan,12,2,5,0.0,real_source
822628,40-64,female,majority,20-29y,university,upper class,0.6567261474740121,1.0,after 2015,1.0,1.0,32765,5000.0,sedan,3,1,1,0.0,real_source
992200,16-25,female,majority,0-9y,none,poverty,0.4618114150413273,1.0,before 2015,1.0,0.0,32765,14000.0,sedan,0,0,0,1.0,real_source
255531,40-64,male,minority,10-19y,none,middle class,0.5712885494530485,0.0,after 2015,0.0,0.0,10238,15000.0,sedan,2,0,0,0.0,real_source
763039,26-39,male,majority,10-19y,university,upper class,0.5980540897473269,0.0,before 2015,0.0,1.0,10238,13000.0,sedan,0,0,3,0.0,real_source
179805,65+,female,majority,30y+,university,upper class,0.6318072663348004,1.0,after 2015,0.0,1.0,10238,11000.0,sedan,1,2,3,0.0,real_source
492930,26-39,male,majority,0-9y,none,working class,,1.0,before 2015,0.0,1.0,10238,16000.0,sedan,0,0,0,1.0,real_source
45776,16-25,female,majority,0-9y,high school,poverty,0.4556290811270317,1.0,after 2015,0.0,0.0,10238,17000.0,sedan,0,0,0,0.0,real_source
363045,26-39,male,majority,10-19y,university,middle class,,0.0,before 2015,0.0,1.0,10238,11000.0,sedan,4,0,1,0.0,real_source
64193,40-64,female,majority,0-9y,none,working class,0.4240467795966171,1.0,before 2015,0.0,1.0,92101,,sedan,0,0,0,1.0,real_source
606552,16-25,female,majority,0-9y,high school,middle class,,1.0,before 2015,0.0,0.0,32765,10000.0,sedan,0,0,0,1.0,real_source
948789,26-39,male,majority,0-9y,university,upper class,,1.0,before 2015,1.0,1.0,32765,,sedan,0,0,0,1.0,real_source
566773,65+,male,majority,20-29y,high school,upper class,0.8431138371829747,1.0,after 2015,1.0,1.0,10238,10000.0,sedan,1,1,3,0.0,real_source
672638,65+,female,majority,30y+,high school,upper class,0.7389244533145481,1.0,after 2015,1.0,0.0,10238,12000.0,sedan,1,0,0,0.0,real_source
291792,16-25,female,minority,0-9y,high school,poverty,0.3271557503951095,1.0,before 2015,0.0,0.0,32765,15000.0,sedan,0,0,0,1.0,real_source
329777,40-64,female,majority,0-9y,high school,middle class,,0.0,after 2015,0.0,0.0,10238,19000.0,sedan,0,0,0,1.0,real_source
899767,65+,male,majority,30y+,university,upper class,0.5236051452575196,1.0,after 2015,1.0,0.0,10238,11000.0,sedan,7,1,6,0.0,real_source
403864,26-39,male,majority,10-19y,high school,middle class,0.5023390534274356,1.0,before 2015,0.0,1.0,32765,11000.0,sedan,5,1,1,0.0,real_source
736693,65+,female,majority,30y+,university,upper class,0.6041416705286826,0.0,before 2015,1.0,1.0,10238,9000.0,sedan,3,1,2,0.0,real_source
921054,16-25,female,majority,0-9y,university,poverty,0.2710261325234708,1.0,before 2015,0.0,1.0,10238,10000.0,sedan,0,0,0,0.0,real_source
2698,40-64,male,majority,20-29y,university,upper class,0.5227680248227625,1.0,before 2015,0.0,1.0,32765,7000.0,sedan,11,0,2,1.0,real_source
99879,65+,female,majority,20-29y,high school,upper class,0.5909658708909031,1.0,after 2015,0.0,1.0,32765,10000.0,sedan,4,1,1,0.0,real_source
596657,65+,male,majority,30y+,high school,upper class,0.5243323363452949,0.0,before 2015,0.0,1.0,10238,,sedan,6,0,2,0.0,real_source
146433,16-25,female,majority,0-9y,high school,working class,0.5188806690341378,1.0,after 2015,0.0,0.0,10238,18000.0,sedan,0,0,0,1.0,real_source
934143,26-39,male,majority,10-19y,university,upper class,0.5446456259197172,1.0,after 2015,1.0,0.0,10238,9000.0,sedan,1,1,1,0.0,real_source
959153,26-39,female,majority,0-9y,none,poverty,0.3554995376036597,1.0,before 2015,0.0,1.0,10238,11000.0,sedan,0,0,0,1.0,real_source
696528,16-25,male,majority,0-9y,none,poverty,0.1645111021901411,0.0,before 2015,1.0,1.0,10238,11000.0,sedan,0,0,0,1.0,real_source
688717,26-39,female,majority,10-19y,high school,middle class,0.2800767357938031,1.0,before 2015,0.0,1.0,10238,10000.0,sedan,0,0,0,0.0,real_source
689861,26-39,female,majority,10-19y,high school,poverty,0.3567519094094252,1.0,before 2015,1.0,1.0,10238,12000.0,sedan,1,0,0,0.0,real_source
933994,26-39,female,majority,10-19y,none,poverty,0.2148131624897409,0.0,before 2015,0.0,1.0,32765,11000.0,sedan,0,0,0,1.0,real_source
400335,40-64,female,majority,10-19y,university,upper class,0.6798570620786887,1.0,before 2015,1.0,0.0,10238,13000.0,sedan,0,0,0,0.0,real_source
897299,26-39,male,majority,0-9y,university,working class,0.4464763201282089,1.0,after 2015,0.0,1.0,10238,15000.0,sedan,0,0,0,0.0,real_source
945062,65+,male,majority,30y+,university,upper class,0.6442251421874124,1.0,after 2015,0.0,1.0,10238,13000.0,sedan,8,0,3,0.0,real_source
882741,40-64,male,majority,0-9y,none,poverty,0.2930184956756164,0.0,before 2015,0.0,1.0,10238,13000.0,sedan,0,0,0,1.0,real_source
278037,26-39,female,majority,10-19y,high school,upper class,0.659592617889624,0.0,before 2015,1.0,1.0,10238,,sedan,0,0,0,0.0,real_source
30215,16-25,female,majority,0-9y,high school,poverty,0.3543265417158258,0.0,before 2015,0.0,0.0,10238,12000.0,sedan,0,0,0,1.0,real_source
705108,16-25,male,minority,0-9y,none,poverty,0.3506440081264984,1.0,before 2015,1.0,0.0,10238,12000.0,sedan,0,0,0,0.0,real_source
518999,65+,male,majority,30y+,university,middle class,0.5187646411369861,1.0,before 2015,0.0,1.0,10238,16000.0,sedan,6,1,3,0.0,real_source
968846,26-39,female,majority,10-19y,none,working class,0.467247833928757,0.0,before 2015,0.0,1.0,32765,10000.0,sedan,1,0,1,1.0,real_source
779997,26-39,female,majority,0-9y,high school,working class,0.3236981596432245,1.0,before 2015,1.0,0.0,32765,11000.0,sedan,0,0,0,0.0,real_source
516021,16-25,male,majority,0-9y,high school,working class,,1.0,before 2015,1.0,1.0,32765,11000.0,sedan,0,0,0,1.0,real_source
26331,26-39,male,majority,10-19y,university,upper class,0.6228724455726218,1.0,after 2015,1.0,1.0,32765,11000.0,sedan,4,0,0,0.0,real_source
979729,40-64,female,majority,20-29y,university,upper class,0.6140919403501407,1.0,before 2015,1.0,1.0,10238,10000.0,sedan,3,0,2,0.0,real_source
292274,40-64,male,majority,20-29y,high school,middle class,0.3346569081343249,0.0,before 2015,0.0,1.0,92101,14000.0,sedan,0,1,2,1.0,real_source
803658,40-64,male,majority,10-19y,university,upper class,0.4573296070639581,1.0,after 2015,1.0,1.0,10238,7000.0,sedan,3,0,0,0.0,real_source
630803,65+,male,majority,0-9y,university,upper class,0.7710060941878878,0.0,before 2015,0.0,0.0,10238,16000.0,sedan,0,0,0,1.0,real_source
378149,16-25,female,majority,0-9y,high school,poverty,0.3655868133054398,1.0,after 2015,0.0,1.0,10238,13000.0,sedan,0,0,0,0.0,real_source
567839,26-39,female,majority,10-19y,high school,working class,0.3603394429722148,1.0,before 2015,1.0,1.0,10238,9000.0,sedan,2,0,3,0.0,real_source
342290,16-25,male,majority,0-9y,university,working class,0.4482136156530477,1.0,before 2015,0.0,0.0,10238,13000.0,sports car,0,0,0,1.0,real_source
468313,26-39,female,majority,10-19y,university,upper class,0.4375346760436853,0.0,before 2015,1.0,1.0,10238,9000.0,sedan,1,0,1,0.0,real_source
170044,26-39,female,minority,10-19y,university,middle class,0.5063790437972379,1.0,before 2015,0.0,0.0,10238,16000.0,sedan,0,0,0,0.0,real_source
386427,40-64,male,majority,20-29y,university,upper class,0.4568193088454029,0.0,before 2015,1.0,1.0,10238,14000.0,sedan,2,0,1,0.0,real_source
471255,16-25,female,majority,0-9y,high school,poverty,0.3290758809841991,1.0,before 2015,0.0,0.0,10238,17000.0,sedan,0,0,0,1.0,real_source
854954,26-39,female,majority,10-19y,university,poverty,0.4007813219561278,1.0,before 2015,1.0,1.0,10238,11000.0,sedan,0,0,0,0.0,real_source
30983,65+,male,majority,30y+,university,upper class,0.6080831076983438,1.0,before 2015,1.0,1.0,10238,8000.0,sedan,6,0,3,0.0,real_source
840271,40-64,female,majority,20-29y,high school,middle class,0.6539983243503333,1.0,before 2015,1.0,1.0,10238,12000.0,sedan,0,0,0,0.0,real_source
112877,16-25,female,majority,0-9y,none,poverty,0.3574769583429987,0.0,before 2015,0.0,0.0,92101,13000.0,sedan,0,0,0,1.0,real_source
759069,65+,female,minority,10-19y,none,working class,0.4069403414695376,1.0,before 2015,1.0,1.0,10238,8000.0,sedan,0,0,0,0.0,real_source
910385,26-39,male,majority,10-19y,none,poverty,,0.0,after 2015,0.0,0.0,10238,15000.0,sedan,1,0,1,0.0,real_source
252056,26-39,female,majority,10-19y,university,working class,0.3131253353296388,0.0,before 2015,0.0,0.0,32765,14000.0,sedan,4,1,0,1.0,real_source
893933,26-39,male,minority,10-19y,university,upper class,0.6307566300447909,1.0,after 2015,1.0,1.0,10238,10000.0,sedan,1,0,2,0.0,real_source
156460,65+,female,majority,30y+,university,upper class,0.6510544208498562,1.0,after 2015,1.0,1.0,32765,10000.0,sedan,3,0,1,0.0,real_source
912492,40-64,female,majority,20-29y,university,upper class,0.5543731682324414,1.0,before 2015,0.0,1.0,32765,,sedan,4,1,2,0.0,real_source
996062,40-64,male,majority,20-29y,high school,working class,0.3942077284877845,0.0,before 2015,1.0,1.0,21217,8000.0,sedan,4,0,5,1.0,real_source
922995,65+,male,majority,20-29y,university,upper class,0.6635072908618659,1.0,after 2015,1.0,1.0,10238,15000.0,sedan,4,1,0,0.0,real_source
985487,65+,female,majority,20-29y,university,upper class,0.6955131276298069,1.0,after 2015,1.0,1.0,10238,11000.0,sedan,2,0,0,0.0,real_source
558216,40-64,male,minority,20-29y,none,middle class,0.409272797557738,1.0,after 2015,1.0,1.0,10238,,sedan,4,1,3,0.0,real_source
487682,40-64,male,majority,20-29y,university,upper class,0.5392442985575833,1.0,after 2015,1.0,1.0,92101,15000.0,sedan,2,0,2,1.0,real_source
127667,26-39,male,majority,10-19y,university,poverty,0.3882388796751679,1.0,before 2015,0.0,0.0,10238,14000.0,sports car,1,0,1,0.0,real_source
84458,40-64,female,majority,20-29y,university,middle class,0.6541090370826581,1.0,before 2015,0.0,1.0,32765,9000.0,sedan,2,1,1,1.0,real_source
463200,40-64,female,majority,20-29y,high school,upper class,0.6866137707225745,1.0,after 2015,0.0,0.0,10238,11000.0,sedan,2,0,2,0.0,real_source
147567,26-39,female,majority,10-19y,university,upper class,,0.0,after 2015,0.0,1.0,10238,14000.0,sedan,0,0,0,0.0,real_source
67410,40-64,female,majority,20-29y,high school,middle class,0.4921288992837929,1.0,before 2015,0.0,1.0,21217,10000.0,sedan,2,0,2,1.0,real_source
535043,26-39,female,majority,10-19y,university,upper class,0.5153452553479878,1.0,before 2015,1.0,1.0,32765,10000.0,sedan,0,0,0,0.0,real_source
381569,26-39,male,majority,0-9y,high school,upper class,0.5606439846556083,1.0,after 2015,0.0,1.0,32765,10000.0,sedan,0,0,0,1.0,real_source
10545,16-25,male,minority,0-9y,high school,poverty,0.2330574689706777,0.0,before 2015,0.0,0.0,10238,17000.0,sedan,0,0,0,1.0,real_source
20441,65+,male,majority,20-29y,high school,upper class,,1.0,before 2015,1.0,1.0,32765,13000.0,sedan,7,3,0,0.0,real_source
887988,40-64,male,minority,0-9y,high school,upper class,0.4795818442543056,1.0,after 2015,1.0,1.0,10238,7000.0,sedan,0,0,0,0.0,real_source
998629,26-39,male,majority,10-19y,high school,working class,0.4739201483394298,1.0,before 2015,0.0,1.0,10238,12000.0,sedan,3,1,4,1.0,real_source
577297,26-39,female,majority,0-9y,high school,working class,0.4312421790255512,1.0,before 2015,0.0,1.0,10238,12000.0,sedan,0,0,0,0.0,real_source
657183,40-64,male,majority,20-29y,none,working class,,0.0,before 2015,0.0,1.0,10238,10000.0,sedan,3,2,4,0.0,real_source
113878,65+,female,majority,30y+,university,upper class,0.5936549840040478,1.0,before 2015,1.0,1.0,10238,10000.0,sedan,1,1,5,0.0,real_source
296999,40-64,female,majority,20-29y,high school,working class,,0.0,before 2015,1.0,1.0,10238,14000.0,sedan,2,0,3,1.0,real_source
894128,26-39,female,majority,10-19y,university,upper class,0.6682771777294927,1.0,before 2015,1.0,1.0,10238,13000.0,sedan,4,0,2,0.0,real_source
709883,16-25,female,majority,0-9y,none,poverty,0.5456069666031527,1.0,before 2015,0.0,0.0,10238,14000.0,sedan,0,0,0,0.0,real_source
148942,40-64,male,majority,20-29y,university,upper class,0.705442773887285,1.0,after 2015,1.0,1.0,92101,14000.0,sedan,1,0,3,0.0,real_source
767755,26-39,male,majority,10-19y,university,working class,0.254887989812431,1.0,after 2015,1.0,0.0,10238,8000.0,sedan,3,0,6,0.0,real_source
232427,26-39,female,majority,10-19y,none,working class,0.6158294822202137,0.0,after 2015,0.0,0.0,10238,16000.0,sedan,0,0,0,0.0,real_source
511456,65+,female,majority,30y+,university,middle class,0.6724234394915924,1.0,before 2015,1.0,1.0,32765,13000.0,sedan,3,1,3,0.0,real_source
734874,40-64,male,majority,20-29y,high school,middle class,0.4143903485309901,1.0,after 2015,0.0,1.0,32765,9000.0,sedan,7,2,3,0.0,real_source
279568,65+,female,majority,30y+,high school,middle class,0.4696657453329445,0.0,before 2015,1.0,1.0,32765,6000.0,sports car,9,0,1,0.0,real_source
862250,26-39,male,majority,10-19y,none,working class,0.5073589954159113,1.0,after 2015,0.0,0.0,10238,11000.0,sedan,0,0,3,0.0,real_source
982915,40-64,male,majority,0-9y,university,upper class,0.5633602834787163,1.0,before 2015,0.0,1.0,10238,10000.0,sedan,0,0,0,0.0,real_source
425991,16-25,male,majority,0-9y,high school,poverty,0.1995060079109585,1.0,before 2015,0.0,0.0,10238,18000.0,sedan,0,0,0,1.0,real_source
109241,65+,male,majority,10-19y,high school,upper class,0.6605396742125178,1.0,before 2015,1.0,1.0,32765,12000.0,sedan,1,0,0,1.0,real_source
554007,16-25,male,minority,0-9y,university,middle class,0.3777896918646541,1.0,before 2015,0.0,0.0,10238,16000.0,sedan,0,0,0,0.0,real_source
210158,16-25,female,majority,0-9y,high school,poverty,0.3940558755162644,0.0,before 2015,0.0,1.0,10238,11000.0,sedan,0,0,0,1.0,real_source
235587,16-25,male,majority,0-9y,high school,poverty,0.2973443300516102,0.0,before 2015,0.0,0.0,10238,16000.0,sedan,0,0,0,1.0,real_source
380371,26-39,female,majority,10-19y,none,working class,0.3526523603530174,1.0,after 2015,0.0,0.0,10238,16000.0,sedan,2,0,0,0.0,real_source
13493,40-64,male,majority,0-9y,high school,upper class,0.5920605586778718,0.0,after 2015,1.0,1.0,32765,12000.0,sedan,0,0,0,1.0,real_source
985905,16-25,female,majority,0-9y,university,poverty,0.2378470311721626,0.0,before 2015,1.0,0.0,32765,14000.0,sedan,0,0,0,1.0,real_source
894489,26-39,male,majority,10-19y,high school,poverty,0.3575250227716036,0.0,before 2015,0.0,1.0,92101,15000.0,sedan,3,0,0,1.0,real_source
654226,16-25,male,majority,0-9y,high school,poverty,0.3142597883561767,0.0,before 2015,0.0,1.0,10238,9000.0,sedan,0,0,0,1.0,real_source
36944,65+,female,majority,30y+,high school,middle class,0.4373130115438213,1.0,after 2015,1.0,0.0,10238,12000.0,sedan,1,0,6,0.0,real_source
303344,26-39,male,majority,10-19y,university,middle class,0.4891117758987431,1.0,after 2015,0.0,0.0,10238,14000.0,sedan,0,0,2,0.0,real_source
376753,40-64,female,majority,20-29y,none,middle class,0.5292516056834713,0.0,after 2015,0.0,1.0,10238,11000.0,sedan,1,0,4,0.0,real_source
191849,40-64,female,minority,20-29y,high school,upper class,0.6399106134584368,1.0,after 2015,0.0,1.0,32765,9000.0,sedan,2,0,0,0.0,real_source
161718,40-64,male,majority,20-29y,university,upper class,0.6714400772529375,1.0,after 2015,0.0,1.0,32765,11000.0,sedan,2,0,1,0.0,real_source
304479,26-39,male,majority,10-19y,university,middle class,0.5411019949327837,1.0,before 2015,0.0,1.0,32765,9000.0,sedan,3,1,1,1.0,real_source
488480,26-39,female,majority,10-19y,university,middle class,0.6928853346872015,1.0,before 2015,1.0,1.0,32765,10000.0,sedan,3,0,2,0.0,real_source
772642,65+,female,majority,30y+,university,upper class,0.7124729144831544,0.0,after 2015,1.0,1.0,10238,6000.0,sedan,3,1,0,0.0,real_source
858716,16-25,male,majority,0-9y,university,working class,0.3918436584183042,1.0,before 2015,0.0,1.0,32765,12000.0,sedan,0,0,0,0.0,real_source
1003,65+,female,majority,30y+,university,upper class,,1.0,before 2015,0.0,1.0,32765,15000.0,sedan,1,2,0,0.0,real_source
855156,16-25,male,majority,0-9y,high school,poverty,0.3132295627904365,0.0,before 2015,0.0,1.0,32765,9000.0,sedan,0,0,0,1.0,real_source
951051,16-25,male,majority,0-9y,university,poverty,0.472848998190567,1.0,after 2015,0.0,0.0,10238,18000.0,sedan,0,0,0,0.0,real_source
524914,40-64,male,majority,20-29y,high school,upper class,0.3769215797809953,1.0,after 2015,1.0,1.0,10238,11000.0,sedan,4,0,9,0.0,real_source
167702,40-64,female,majority,0-9y,university,upper class,0.6943933860362672,1.0,before 2015,1.0,1.0,10238,12000.0,sports car,0,0,0,0.0,real_source
924074,65+,female,majority,30y+,university,upper class,0.5823117228256375,1.0,before 2015,0.0,1.0,10238,13000.0,sedan,0,1,3,0.0,real_source
102601,40-64,female,majority,0-9y,university,upper class,0.615640833707188,1.0,after 2015,1.0,1.0,32765,,sedan,0,0,0,0.0,real_source
711897,65+,female,majority,30y+,high school,upper class,0.5806592763837597,1.0,after 2015,1.0,1.0,32765,6000.0,sedan,7,2,1,0.0,real_source
572494,26-39,male,majority,10-19y,university,middle class,0.605085077975917,1.0,before 2015,0.0,1.0,10238,,sedan,0,1,1,0.0,real_source
171360,40-64,male,majority,10-19y,university,upper class,0.7081604643645906,1.0,after 2015,1.0,1.0,10238,11000.0,sedan,0,0,0,0.0,real_source
402038,40-64,male,majority,20-29y,university,upper class,0.5561223336015891,1.0,after 2015,0.0,0.0,10238,15000.0,sedan,2,2,5,0.0,real_source
184428,26-39,male,majority,10-19y,high school,middle class,0.5889873080271124,1.0,after 2015,1.0,1.0,32765,7000.0,sedan,4,0,1,0.0,real_source
120522,16-25,male,minority,0-9y,high school,poverty,0.2584968545321721,0.0,before 2015,0.0,0.0,32765,10000.0,sedan,0,0,0,1.0,real_source
219307,26-39,male,majority,10-19y,high school,working class,0.2947047386390072,0.0,after 2015,0.0,1.0,32765,6000.0,sedan,5,2,2,0.0,real_source
618721,40-64,female,majority,10-19y,university,upper class,0.5786532065868522,1.0,after 2015,1.0,1.0,10238,12000.0,sedan,0,0,1,0.0,real_source
932635,40-64,female,majority,20-29y,university,middle class,0.5816477445927232,1.0,before 2015,0.0,0.0,32765,15000.0,sedan,2,0,0,0.0,real_source
75260,65+,female,majority,30y+,university,upper class,0.7451887369331601,1.0,after 2015,0.0,1.0,10238,,sedan,3,0,0,0.0,real_source
994450,40-64,male,majority,20-29y,university,upper class,0.7592246057233212,1.0,before 2015,1.0,1.0,32765,10000.0,sedan,8,2,1,1.0,real_source
625550,65+,male,majority,30y+,university,upper class,0.7129072845038024,1.0,before 2015,1.0,1.0,10238,,sedan,5,0,7,0.0,real_source
920252,65+,female,majority,20-29y,university,upper class,0.6656943190857183,1.0,after 2015,1.0,1.0,10238,10000.0,sedan,2,0,1,0.0,real_source
701634,16-25,male,majority,0-9y,high school,poverty,0.2143218397025281,1.0,before 2015,0.0,0.0,32765,15000.0,sedan,0,0,0,1.0,real_source
522113,40-64,male,majority,20-29y,high school,upper class,0.5322275447056913,1.0,before 2015,0.0,1.0,10238,14000.0,sedan,1,2,3,0.0,real_source
288272,26-39,female,majority,10-19y,high school,middle class,0.6070706793944096,0.0,before 2015,0.0,0.0,10238,12000.0,sedan,1,1,3,1.0,real_source
368174,65+,female,majority,30y+,university,upper class,0.7873718988763675,1.0,before 2015,1.0,1.0,10238,11000.0,sedan,1,0,1,0.0,real_source
791517,40-64,male,majority,0-9y,high school,working class,0.3168533300302581,1.0,before 2015,0.0,1.0,32765,12000.0,sedan,0,0,0,1.0,real_source
477907,65+,female,majority,20-29y,university,upper class,0.6672767293161475,1.0,before 2015,1.0,1.0,10238,,sedan,0,0,0,0.0,real_source
156799,65+,female,majority,30y+,high school,upper class,0.5448931108138844,1.0,before 2015,1.0,1.0,32765,9000.0,sedan,7,2,2,0.0,real_source
442493,16-25,female,majority,0-9y,high school,poverty,0.426753560052125,0.0,before 2015,0.0,0.0,32765,11000.0,sedan,0,0,0,1.0,real_source
418585,16-25,male,majority,0-9y,none,poverty,0.2651500868611133,0.0,before 2015,0.0,0.0,10238,19000.0,sedan,0,0,0,1.0,real_source
837522,26-39,female,majority,10-19y,university,upper class,0.5595005013481372,1.0,before 2015,1.0,0.0,21217,12000.0,sedan,0,0,0,1.0,real_source
607179,65+,female,majority,10-19y,high school,middle class,0.548707370671817,1.0,before 2015,1.0,1.0,10238,11000.0,sedan,0,0,1,0.0,real_source
652725,40-64,male,majority,0-9y,university,upper class,0.7156466831231914,1.0,after 2015,1.0,1.0,32765,8000.0,sedan,0,0,0,0.0,real_source
429591,16-25,male,majority,0-9y,university,working class,0.5038859610695691,0.0,before 2015,0.0,1.0,32765,,sedan,0,0,0,1.0,real_source
210010,65+,male,majority,0-9y,university,upper class,0.6207631255663467,1.0,after 2015,1.0,1.0,32765,7000.0,sedan,0,0,0,1.0,real_source
708204,40-64,male,majority,20-29y,none,working class,0.5599121138043932,1.0,before 2015,1.0,1.0,10238,14000.0,sports car,1,0,2,0.0,real_source
725997,65+,male,majority,30y+,university,upper class,0.4910275416432039,1.0,after 2015,1.0,0.0,10238,13000.0,sedan,7,0,5,0.0,real_source
939644,16-25,male,majority,0-9y,high school,upper class,0.565050581480309,1.0,before 2015,0.0,1.0,10238,13000.0,sedan,0,0,0,0.0,real_source
952459,40-64,female,majority,20-29y,university,upper class,0.7093014071795433,1.0,before 2015,1.0,1.0,32765,10000.0,sedan,6,0,1,0.0,real_source
73714,65+,female,majority,20-29y,university,upper class,0.6402088254944609,1.0,after 2015,1.0,1.0,10238,11000.0,sedan,1,1,0,0.0,real_source
858988,26-39,male,majority,10-19y,none,poverty,0.2270518308808149,0.0,before 2015,1.0,1.0,10238,8000.0,sedan,1,0,0,1.0,real_source
916507,40-64,female,majority,20-29y,university,upper class,0.6867096207951612,1.0,before 2015,0.0,1.0,32765,11000.0,sedan,5,0,1,0.0,real_source
438656,65+,female,majority,20-29y,high school,upper class,0.4840411852364506,1.0,after 2015,0.0,1.0,10238,19000.0,sedan,0,1,1,0.0,real_source
989339,26-39,female,majority,0-9y,high school,working class,0.5486144093569303,1.0,before 2015,0.0,1.0,10238,,sedan,0,0,0,0.0,real_source
364114,40-64,male,majority,20-29y,university,upper class,0.5519916141223832,1.0,after 2015,1.0,0.0,10238,11000.0,sedan,1,0,4,0.0,real_source
744378,16-25,female,majority,0-9y,high school,poverty,0.4774594881974749,0.0,before 2015,0.0,1.0,10238,13000.0,sedan,0,0,0,1.0,real_source
981782,40-64,female,majority,10-19y,high school,middle class,,0.0,after 2015,0.0,0.0,10238,14000.0,sedan,0,1,0,0.0,real_source
148510,65+,female,majority,30y+,high school,upper class,0.5835616627387596,1.0,before 2015,1.0,1.0,32765,7000.0,sedan,4,2,2,0.0,real_source
830632,26-39,male,majority,0-9y,university,middle class,,1.0,before 2015,1.0,1.0,10238,12000.0,sedan,0,0,0,0.0,real_source
542940,26-39,male,majority,10-19y,high school,upper class,0.5129415095468454,1.0,after 2015,1.0,0.0,10238,16000.0,sedan,0,0,1,0.0,real_source
323674,65+,male,minority,10-19y,university,upper class,0.7111377339956674,0.0,before 2015,1.0,0.0,10238,10000.0,sedan,3,1,0,0.0,real_source
613223,16-25,female,majority,0-9y,none,poverty,0.2985441413252823,1.0,after 2015,0.0,1.0,32765,12000.0,sedan,0,0,0,1.0,real_source
784235,40-64,female,majority,20-29y,high school,middle class,0.5250064061586571,1.0,before 2015,1.0,1.0,32765,6000.0,sedan,4,1,0,0.0,real_source
571017,26-39,male,majority,10-19y,high school,working class,0.2755272019603718,0.0,before 2015,1.0,1.0,10238,10000.0,sedan,2,1,4,1.0,real_source
707899,65+,female,majority,30y+,high school,upper class,0.6267008974527088,1.0,after 2015,1.0,0.0,10238,13000.0,sedan,1,0,1,0.0,real_source
932763,65+,male,majority,30y+,high school,upper class,0.5897413759981436,1.0,after 2015,1.0,1.0,32765,9000.0,sedan,9,0,1,0.0,real_source
663951,26-39,female,majority,10-19y,high school,middle class,0.556159285617245,0.0,before 2015,0.0,0.0,10238,13000.0,sedan,0,0,1,0.0,real_source
290940,16-25,male,minority,0-9y,university,working class,0.4026588195311576,1.0,before 2015,0.0,0.0,10238,15000.0,sports car,0,0,0,1.0,real_source
720132,26-39,male,majority,10-19y,university,upper class,,1.0,before 2015,0.0,0.0,10238,13000.0,sedan,1,1,0,0.0,real_source
498246,40-64,female,majority,0-9y,high school,upper class,0.7102227949180816,1.0,after 2015,1.0,1.0,10238,15000.0,sedan,0,0,0,0.0,real_source
214198,16-25,female,majority,0-9y,none,poverty,0.5042733084385276,0.0,before 2015,0.0,0.0,10238,15000.0,sedan,0,0,0,1.0,real_source
785751,26-39,male,majority,10-19y,university,upper class,0.6047259268007431,1.0,after 2015,0.0,1.0,10238,16000.0,sedan,1,0,0,0.0,real_source
535767,40-64,male,majority,10-19y,none,upper class,,1.0,after 2015,1.0,1.0,10238,8000.0,sedan,3,0,4,0.0,real_source
804745,16-25,female,majority,0-9y,university,middle class,,1.0,before 2015,0.0,0.0,10238,15000.0,sedan,0,0,0,1.0,real_source
415352,65+,female,majority,0-9y,university,upper class,0.7465582871215133,0.0,after 2015,1.0,1.0,10238,12000.0,sedan,0,0,0,0.0,real_source
295020,16-25,female,minority,0-9y,none,poverty,,1.0,before 2015,1.0,1.0,32765,11000.0,sedan,0,0,0,1.0,real_source
891874,16-25,male,majority,0-9y,none,poverty,0.1409830759792809,0.0,before 2015,1.0,0.0,32765,9000.0,sedan,0,0,0,1.0,real_source
749593,65+,female,majority,30y+,high school,upper class,,1.0,before 2015,0.0,1.0,10238,11000.0,sedan,1,0,0,0.0,real_source
38164,40-64,male,majority,10-19y,high school,working class,0.4861571716311871,0.0,before 2015,1.0,1.0,10238,12000.0,sedan,0,0,0,1.0,real_source
941468,65+,male,majority,0-9y,university,upper class,0.5535450317966117,1.0,before 2015,1.0,1.0,10238,11000.0,sedan,0,0,0,0.0,real_source
980812,40-64,male,majority,0-9y,university,upper class,0.6767378432079026,1.0,after 2015,0.0,0.0,10238,18000.0,sedan,0,0,0,0.0,real_source
540043,16-25,male,minority,0-9y,high school,poverty,0.2674720699974359,0.0,before 2015,0.0,1.0,10238,13000.0,sedan,0,0,0,1.0,real_source
41325,40-64,male,majority,20-29y,high school,poverty,0.1154024763653657,0.0,before 2015,0.0,0.0,32765,16000.0,sedan,2,0,0,1.0,real_source
40440,40-64,male,majority,10-19y,high school,upper class,0.4328086751781147,1.0,before 2015,1.0,1.0,32765,12000.0,sedan,2,0,0,0.0,real_source
794561,65+,female,majority,30y+,high school,upper class,0.6113315831135117,1.0,after 2015,1.0,1.0,32765,13000.0,sedan,5,1,0,0.0,real_source
155248,16-25,female,majority,0-9y,high school,poverty,0.2771533281319701,1.0,before 2015,1.0,0.0,21217,15000.0,sedan,0,0,0,1.0,real_source
486230,40-64,female,majority,0-9y,university,middle class,0.5327435769003523,0.0,before 2015,1.0,1.0,10238,16000.0,sedan,0,0,0,1.0,real_source
407107,65+,female,majority,30y+,university,upper class,0.5650867606006488,1.0,before 2015,1.0,1.0,32765,5000.0,sedan,11,0,2,0.0,real_source
541565,26-39,female,majority,10-19y,none,middle class,0.5479028599793236,1.0,after 2015,0.0,0.0,10238,14000.0,sedan,1,0,1,0.0,real_source
672654,26-39,male,majority,10-19y,university,middle class,0.3065351460826234,1.0,before 2015,1.0,0.0,10238,10000.0,sedan,1,0,3,0.0,real_source
696819,16-25,male,majority,0-9y,university,poverty,0.4892378962741979,0.0,before 2015,1.0,1.0,10238,7000.0,sports car,0,0,0,1.0,real_source
480527,16-25,female,majority,0-9y,university,working class,0.2486315634229089,0.0,before 2015,0.0,0.0,10238,11000.0,sedan,0,0,0,1.0,real_source
779195,16-25,male,majority,0-9y,university,middle class,0.5174409291319024,1.0,after 2015,0.0,1.0,10238,8000.0,sedan,0,0,0,0.0,real_source
292774,40-64,male,majority,20-29y,university,upper class,0.6743663126769599,1.0,before 2015,0.0,0.0,10238,9000.0,sedan,4,1,2,0.0,real_source
877627,26-39,female,majority,10-19y,none,poverty,0.4156931175537407,1.0,before 2015,0.0,0.0,10238,14000.0,sedan,0,0,0,0.0,real_source
779705,26-39,male,majority,0-9y,high school,middle class,0.5523424647599732,0.0,after 2015,1.0,1.0,10238,13000.0,sedan,0,0,0,1.0,real_source
515470,26-39,male,majority,0-9y,high school,poverty,0.3995052055279878,0.0,after 2015,1.0,0.0,32765,10000.0,sedan,0,0,0,1.0,real_source
813821,40-64,male,majority,0-9y,university,upper class,0.6627175433927833,1.0,before 2015,0.0,0.0,10238,11000.0,sedan,0,0,0,1.0,real_source
13660,65+,female,majority,10-19y,none,upper class,0.5394124481549094,1.0,after 2015,1.0,0.0,10238,11000.0,sedan,2,0,1,0.0,real_source
401290,40-64,male,majority,0-9y,university,upper class,,0.0,after 2015,1.0,1.0,10238,,sedan,0,0,0,0.0,real_source
202227,26-39,female,majority,0-9y,high school,working class,0.3714848614916164,0.0,before 2015,1.0,1.0,32765,,sedan,0,0,0,0.0,real_source
350437,40-64,female,majority,10-19y,none,poverty,0.3204049009931331,0.0,before 2015,0.0,1.0,10238,13000.0,sedan,1,0,0,0.0,real_source
161019,26-39,female,majority,10-19y,none,poverty,0.3489177971707855,0.0,before 2015,1.0,0.0,10238,,sedan,0,0,0,0.0,real_source
968690,26-39,male,majority,0-9y,none,poverty,0.2835426409650666,1.0,before 2015,0.0,0.0,10238,,sedan,0,0,0,1.0,real_source
826544,26-39,female,majority,0-9y,none,poverty,,0.0,before 2015,1.0,1.0,32765,9000.0,sedan,0,0,0,0.0,real_source
265738,26-39,male,minority,0-9y,high school,upper class,0.6623845987368233,1.0,after 2015,1.0,0.0,32765,12000.0,sedan,0,0,0,0.0,real_source
542102,16-25,female,majority,0-9y,none,poverty,0.3959623593743085,1.0,before 2015,1.0,1.0,32765,10000.0,sedan,0,0,0,0.0,real_source
658979,26-39,male,majority,10-19y,high school,middle class,0.4631532118209168,1.0,before 2015,0.0,0.0,10238,15000.0,sedan,3,0,1,1.0,real_source
816663,65+,female,majority,30y+,high school,upper class,0.6477247112953678,1.0,after 2015,1.0,1.0,10238,10000.0,sedan,5,0,6,0.0,real_source
343545,16-25,male,majority,0-9y,university,working class,0.4880633978497586,1.0,before 2015,0.0,1.0,32765,10000.0,sedan,0,0,0,0.0,real_source
759410,40-64,female,majority,20-29y,university,upper class,0.6167338888949161,1.0,after 2015,1.0,1.0,10238,,sedan,2,0,0,0.0,real_source
267774,65+,male,majority,30y+,high school,upper class,0.670471256855814,1.0,after 2015,1.0,1.0,32765,8000.0,sedan,9,1,2,0.0,real_source
468503,16-25,female,minority,0-9y,high school,middle class,0.6722157890469818,1.0,after 2015,0.0,0.0,32765,17000.0,sedan,0,0,0,0.0,real_source
281638,65+,female,majority,30y+,high school,upper class,0.6229898836766291,0.0,before 2015,1.0,1.0,10238,7000.0,sedan,2,0,8,0.0,real_source
738707,16-25,male,majority,0-9y,high school,poverty,0.1607846136059094,1.0,before 2015,0.0,0.0,32765,9000.0,sedan,0,0,0,1.0,real_source
222373,40-64,male,majority,20-29y,university,upper class,0.5389042254220835,1.0,after 2015,1.0,1.0,32765,9000.0,sedan,5,0,1,0.0,real_source
753664,26-39,female,majority,10-19y,high school,middle class,0.5863205459035753,1.0,after 2015,1.0,1.0,32765,8000.0,sedan,2,2,0,0.0,real_source
860778,40-64,female,majority,20-29y,none,upper class,0.6286701350885311,1.0,before 2015,0.0,1.0,32765,11000.0,sedan,6,1,3,0.0,real_source
834028,65+,male,majority,20-29y,university,upper class,0.7163657604015807,1.0,after 2015,1.0,1.0,10238,13000.0,sedan,1,0,1,0.0,real_source
54485,16-25,male,majority,0-9y,high school,poverty,0.19362266071106,0.0,before 2015,0.0,0.0,10238,17000.0,sedan,0,0,0,1.0,real_source
680029,40-64,male,majority,10-19y,high school,middle class,0.3313121291943192,1.0,before 2015,1.0,1.0,21217,9000.0,sedan,0,0,1,1.0,real_source
997204,40-64,female,majority,20-29y,university,middle class,0.5272067847141099,0.0,before 2015,0.0,1.0,10238,,sedan,1,1,1,0.0,real_source
633529,26-39,male,majority,10-19y,high school,middle class,,1.0,before 2015,1.0,0.0,10238,15000.0,sports car,3,0,1,0.0,real_source
822186,26-39,male,majority,10-19y,high school,working class,0.4192208273550608,0.0,before 2015,0.0,0.0,10238,20000.0,sedan,1,1,2,1.0,real_source
935096,16-25,male,majority,0-9y,none,working class,0.4840963357335678,1.0,before 2015,0.0,0.0,10238,15000.0,sedan,0,0,0,0.0,real_source
924579,26-39,female,majority,10-19y,none,poverty,0.4782584258354346,0.0,before 2015,0.0,1.0,32765,9000.0,sedan,2,0,0,0.0,real_source
463428,26-39,male,majority,0-9y,university,middle class,0.5421610427901323,1.0,after 2015,0.0,1.0,10238,15000.0,sedan,0,0,0,0.0,real_source
777741,40-64,female,majority,20-29y,university,middle class,0.6031812914139848,0.0,before 2015,1.0,1.0,32765,8000.0,sedan,1,0,0,0.0,real_source
180600,40-64,female,majority,20-29y,university,upper class,0.4628754611465063,1.0,after 2015,0.0,1.0,10238,12000.0,sedan,0,0,5,0.0,real_source
227255,65+,male,majority,30y+,high school,upper class,0.4807020135427639,1.0,after 2015,1.0,1.0,10238,,sedan,5,0,6,0.0,real_source
763816,40-64,male,majority,20-29y,university,upper class,0.4269956172654475,1.0,after 2015,0.0,0.0,92101,15000.0,sedan,1,2,2,0.0,real_source
454542,16-25,female,majority,0-9y,high school,working class,0.3909000984565381,0.0,before 2015,1.0,0.0,10238,15000.0,sedan,0,0,0,1.0,real_source
470792,40-64,female,majority,20-29y,none,middle class,0.3939431387052909,1.0,after 2015,0.0,1.0,32765,12000.0,sedan,2,1,0,0.0,real_source
852331,65+,female,majority,0-9y,high school,upper class,0.5651781072384356,1.0,before 2015,0.0,1.0,10238,11000.0,sedan,0,0,0,0.0,real_source
570485,65+,male,majority,0-9y,university,upper class,0.599471874758125,1.0,before 2015,0.0,1.0,10238,,sedan,0,0,0,1.0,real_source
418223,26-39,male,majority,10-19y,university,working class,,1.0,before 2015,0.0,0.0,10238,14000.0,sedan,0,0,4,0.0,real_source
198601,16-25,male,majority,0-9y,university,middle class,0.5431353523779442,1.0,before 2015,0.0,0.0,32765,8000.0,sedan,0,0,0,1.0,real_source
150465,16-25,male,majority,0-9y,high school,poverty,0.4470090425194109,0.0,before 2015,0.0,0.0,10238,17000.0,sedan,0,0,0,1.0,real_source
880036,26-39,male,majority,0-9y,high school,poverty,0.2307432643975241,0.0,before 2015,0.0,1.0,92101,9000.0,sports car,0,0,0,1.0,real_source
43228,40-64,male,majority,0-9y,university,upper class,0.6969531397597643,1.0,before 2015,1.0,1.0,32765,7000.0,sports car,0,0,0,1.0,real_source
641605,26-39,female,majority,10-19y,high school,middle class,0.3827525807478351,1.0,before 2015,1.0,0.0,10238,12000.0,sedan,0,0,0,0.0,real_source
365796,26-39,female,majority,10-19y,high school,working class,0.4535879848777584,0.0,before 2015,0.0,1.0,10238,14000.0,sedan,0,0,0,0.0,real_source
67013,40-64,female,majority,20-29y,university,working class,0.4722141399816714,1.0,before 2015,0.0,1.0,32765,10000.0,sedan,5,0,0,0.0,real_source
517241,65+,female,majority,30y+,university,upper class,0.5956938221197036,1.0,after 2015,1.0,1.0,10238,6000.0,sedan,4,0,5,0.0,real_source
10365,40-64,female,majority,20-29y,none,upper class,0.4496756293279009,0.0,after 2015,0.0,1.0,32765,11000.0,sedan,2,0,0,0.0,real_source
699207,26-39,female,majority,10-19y,none,poverty,0.5375161311706116,0.0,before 2015,0.0,1.0,10238,11000.0,sedan,1,0,0,0.0,real_source
434251,26-39,male,majority,0-9y,high school,upper class,0.6642204178138843,1.0,before 2015,1.0,0.0,10238,14000.0,sedan,0,0,0,0.0,real_source
828938,40-64,female,majority,0-9y,none,working class,0.4167492589952589,0.0,before 2015,0.0,1.0,10238,17000.0,sedan,0,0,0,1.0,real_source
68610,40-64,female,majority,20-29y,high school,upper class,0.5234621609966821,1.0,after 2015,1.0,1.0,10238,8000.0,sedan,2,0,3,0.0,real_source
35732,26-39,female,majority,10-19y,high school,working class,0.3256224191074233,1.0,before 2015,0.0,1.0,10238,14000.0,sedan,0,0,0,0.0,real_source
454786,26-39,female,minority,10-19y,high school,poverty,0.3148456765050993,0.0,before 2015,0.0,0.0,32765,10000.0,sedan,1,1,1,0.0,real_source
196941,16-25,male,majority,0-9y,high school,working class,0.2616949116854254,0.0,before 2015,0.0,1.0,10238,13000.0,sedan,0,0,0,1.0,real_source
282377,16-25,female,majority,0-9y,none,poverty,,0.0,before 2015,0.0,1.0,10238,14000.0,sedan,0,0,0,1.0,real_source
792693,16-25,female,majority,0-9y,none,poverty,0.5391018376969258,1.0,before 2015,0.0,1.0,92101,9000.0,sedan,0,0,0,1.0,real_source
624919,65+,male,majority,30y+,high school,upper class,0.6935957205432375,1.0,after 2015,1.0,1.0,10238,9000.0,sedan,5,0,5,0.0,real_source
410530,16-25,female,majority,0-9y,high school,working class,0.5329070177579344,1.0,before 2015,0.0,0.0,10238,15000.0,sedan,0,0,0,1.0,real_source
385216,65+,female,majority,20-29y,university,upper class,0.5424532094676138,1.0,after 2015,1.0,1.0,10238,12000.0,sedan,0,0,1,0.0,real_source
588727,40-64,female,majority,20-29y,high school,upper class,0.523731888374134,1.0,after 2015,1.0,1.0,32765,8000.0,sedan,5,0,1,0.0,real_source
779959,16-25,male,majority,0-9y,none,poverty,0.4682867324920652,0.0,before 2015,0.0,0.0,10238,17000.0,sedan,0,0,0,1.0,real_source
714873,26-39,female,majority,10-19y,high school,poverty,0.5468766630493245,0.0,after 2015,0.0,0.0,10238,17000.0,sedan,1,0,0,0.0,real_source
969450,40-64,female,minority,10-19y,high school,middle class,0.7773208236421372,0.0,after 2015,0.0,0.0,10238,16000.0,sedan,0,0,0,0.0,real_source
404782,26-39,female,minority,10-19y,university,working class,0.3806338982251157,1.0,before 2015,0.0,0.0,10238,14000.0,sedan,1,0,0,0.0,real_source
949590,40-64,female,majority,20-29y,university,middle class,0.4185435108671473,1.0,before 2015,0.0,1.0,32765,12000.0,sedan,4,0,0,1.0,real_source
109469,26-39,male,majority,10-19y,university,upper class,0.600227475663906,0.0,after 2015,0.0,0.0,32765,9000.0,sedan,2,1,1,1.0,real_source
174514,16-25,male,majority,0-9y,none,working class,,0.0,before 2015,0.0,0.0,10238,14000.0,sedan,0,0,0,1.0,real_source
366134,16-25,male,majority,0-9y,high school,working class,0.4262030648137452,1.0,before 2015,0.0,1.0,10238,17000.0,sedan,0,0,0,1.0,real_source
609461,16-25,male,majority,0-9y,university,upper class,0.4331758195251915,0.0,after 2015,0.0,1.0,10238,13000.0,sedan,0,0,0,0.0,real_source
496053,26-39,male,majority,10-19y,university,working class,0.3992287529447922,0.0,before 2015,0.0,1.0,10238,15000.0,sedan,0,0,3,1.0,real_source
263090,65+,male,majority,10-19y,university,upper class,0.5084737208238376,1.0,before 2015,0.0,1.0,10238,16000.0,sedan,0,0,1,0.0,real_source
843861,16-25,male,majority,0-9y,high school,poverty,0.2888981487018826,1.0,before 2015,0.0,0.0,32765,13000.0,sedan,0,0,0,1.0,real_source
850028,26-39,male,majority,10-19y,university,poverty,0.3406174176696211,0.0,before 2015,0.0,0.0,10238,13000.0,sedan,0,0,1,1.0,real_source
585733,26-39,female,majority,10-19y,university,working class,0.4690188616884754,1.0,before 2015,1.0,1.0,10238,7000.0,sedan,1,0,1,0.0,real_source
823538,65+,female,majority,10-19y,university,upper class,0.7281374767556841,1.0,before 2015,1.0,1.0,32765,9000.0,sedan,2,0,0,0.0,real_source
756185,40-64,male,majority,20-29y,high school,upper class,,1.0,before 2015,0.0,1.0,32765,11000.0,sedan,5,0,0,0.0,real_source
26569,26-39,male,majority,0-9y,high school,middle class,0.4701802815309037,0.0,after 2015,0.0,1.0,10238,13000.0,sedan,0,0,0,1.0,real_source
475633,65+,female,majority,30y+,university,upper class,0.6616362384897012,1.0,before 2015,1.0,1.0,10238,13000.0,sedan,3,1,2,0.0,real_source
417669,40-64,male,majority,20-29y,university,upper class,0.6255380658356853,1.0,before 2015,1.0,1.0,10238,12000.0,sedan,6,0,1,0.0,real_source
762097,40-64,male,majority,20-29y,university,upper class,0.5982141330124617,1.0,after 2015,0.0,1.0,32765,,sedan,7,2,1,0.0,real_source
966958,40-64,male,majority,20-29y,high school,upper class,0.6882993049868759,1.0,after 2015,0.0,1.0,10238,14000.0,sedan,5,0,1,0.0,real_source
904204,26-39,female,majority,10-19y,none,working class,,1.0,before 2015,0.0,0.0,10238,,sedan,0,0,0,0.0,real_source
588062,26-39,female,majority,10-19y,high school,working class,0.4225677139431647,0.0,before 2015,0.0,1.0,92101,11000.0,sedan,1,0,0,0.0,real_source
197281,26-39,male,minority,10-19y,none,working class,0.4809922752467239,1.0,before 2015,0.0,1.0,32765,15000.0,sedan,2,1,0,1.0,real_source
615159,40-64,female,majority,20-29y,high school,middle class,0.500920320199425,1.0,after 2015,1.0,1.0,10238,9000.0,sedan,1,0,4,0.0,real_source
686598,40-64,male,majority,20-29y,university,upper class,0.5429711948411161,1.0,before 2015,1.0,1.0,10238,11000.0,sedan,3,0,1,0.0,real_source
340860,65+,male,majority,20-29y,university,upper class,0.7429578822641658,0.0,after 2015,1.0,1.0,10238,14000.0,sedan,2,2,3,0.0,real_source
840011,40-64,female,majority,0-9y,university,upper class,0.5318404446861559,1.0,before 2015,1.0,1.0,10238,10000.0,sedan,0,0,0,0.0,real_source
495532,65+,male,majority,30y+,high school,middle class,0.5589928166993889,0.0,after 2015,1.0,1.0,10238,12000.0,sedan,7,0,3,0.0,real_source
914808,65+,female,majority,10-19y,university,upper class,0.5848934178934408,1.0,after 2015,1.0,0.0,10238,12000.0,sedan,2,0,0,0.0,real_source
646480,16-25,male,majority,0-9y,high school,working class,0.5236375573456156,1.0,before 2015,0.0,0.0,32765,11000.0,sedan,0,0,0,1.0,real_source
506753,26-39,female,majority,0-9y,university,upper class,0.4115178038031517,1.0,before 2015,1.0,1.0,10238,14000.0,sedan,0,0,0,1.0,real_source
190654,65+,female,majority,30y+,university,upper class,0.7683773924140196,1.0,after 2015,0.0,1.0,10238,13000.0,sedan,2,1,2,0.0,real_source
824944,26-39,female,majority,0-9y,university,upper class,0.7485600858791863,1.0,after 2015,1.0,0.0,32765,,sedan,0,0,0,0.0,real_source
825389,16-25,male,majority,0-9y,university,working class,0.4300182985819376,1.0,before 2015,0.0,0.0,10238,11000.0,sedan,0,0,0,1.0,real_source
641980,65+,male,majority,10-19y,university,upper class,0.6734804510741489,1.0,before 2015,1.0,1.0,32765,9000.0,sedan,3,0,0,0.0,real_source
329391,40-64,female,majority,20-29y,university,upper class,,1.0,after 2015,0.0,1.0,32765,7000.0,sedan,1,1,2,0.0,real_source
566066,40-64,female,majority,20-29y,high school,upper class,0.6479272957531299,1.0,before 2015,0.0,1.0,10238,12000.0,sedan,1,0,1,0.0,real_source
836232,65+,male,majority,30y+,high school,working class,0.3332341041437076,0.0,before 2015,1.0,1.0,32765,,sedan,14,4,4,0.0,real_source
39440,26-39,female,majority,0-9y,none,middle class,0.4693897755686437,1.0,before 2015,0.0,0.0,10238,15000.0,sedan,0,0,0,0.0,real_source
958262,65+,male,majority,0-9y,high school,upper class,,1.0,before 2015,1.0,1.0,10238,7000.0,sedan,0,0,0,1.0,real_source
802279,16-25,male,majority,0-9y,university,middle class,0.7204678049338117,1.0,before 2015,0.0,1.0,32765,12000.0,sedan,0,0,0,1.0,real_source
996737,26-39,female,majority,10-19y,high school,working class,0.4755018969121138,1.0,before 2015,1.0,1.0,10238,13000.0,sedan,2,0,2,0.0,real_source
569066,40-64,female,majority,10-19y,high school,upper class,0.6539015362424077,0.0,after 2015,1.0,0.0,10238,14000.0,sedan,2,1,0,0.0,real_source
985849,65+,male,majority,30y+,high school,upper class,0.6297590500937804,1.0,before 2015,1.0,1.0,10238,11000.0,sedan,4,0,3,0.0,real_source
290461,16-25,female,majority,0-9y,none,poverty,0.2796345413054512,0.0,before 2015,0.0,0.0,10238,15000.0,sedan,0,0,0,1.0,real_source
385192,26-39,male,majority,10-19y,high school,upper class,0.5623970196789541,1.0,before 2015,1.0,1.0,10238,11000.0,sedan,0,0,2,0.0,real_source
17397,26-39,female,majority,10-19y,university,upper class,0.6703646273576891,1.0,after 2015,0.0,0.0,32765,11000.0,sedan,0,0,1,0.0,real_source
280155,16-25,male,majority,0-9y,none,poverty,0.4657214299801776,1.0,before 2015,0.0,0.0,10238,13000.0,sedan,0,0,0,1.0,real_source
376223,16-25,female,majority,0-9y,high school,poverty,0.2834864943555186,1.0,before 2015,1.0,0.0,32765,,sedan,0,0,0,0.0,real_source
542840,16-25,female,majority,0-9y,none,poverty,0.2994278095235692,0.0,before 2015,1.0,1.0,10238,10000.0,sedan,0,0,0,1.0,real_source
235196,16-25,male,majority,0-9y,none,poverty,0.3554378159795619,0.0,before 2015,0.0,1.0,10238,14000.0,sedan,0,0,0,1.0,real_source
604621,40-64,male,majority,20-29y,university,upper class,0.5027207403958512,1.0,before 2015,1.0,0.0,10238,13000.0,sedan,2,0,2,0.0,real_source
974797,16-25,male,majority,0-9y,none,poverty,0.2711130457721413,0.0,after 2015,0.0,1.0,32765,11000.0,sedan,0,0,0,1.0,real_source
776350,26-39,male,majority,10-19y,university,middle class,0.499761076238171,0.0,before 2015,0.0,1.0,10238,13000.0,sedan,1,0,1,1.0,real_source
528413,26-39,female,majority,0-9y,none,poverty,0.3936564898754295,1.0,before 2015,0.0,1.0,10238,11000.0,sedan,0,0,0,0.0,real_source
468565,40-64,female,majority,20-29y,high school,middle class,,1.0,before 2015,1.0,1.0,10238,12000.0,sedan,0,1,3,0.0,real_source
566509,26-39,male,majority,10-19y,high school,middle class,0.5131891962025216,0.0,after 2015,1.0,1.0,10238,10000.0,sedan,2,0,1,0.0,real_source
932781,40-64,male,majority,10-19y,none,middle class,0.4979684927863103,1.0,before 2015,1.0,1.0,10238,8000.0,sedan,1,1,5,0.0,real_source
28846,26-39,male,majority,10-19y,university,working class,0.4466788464013393,0.0,before 2015,1.0,1.0,32765,5000.0,sedan,6,0,1,0.0,real_source
714786,40-64,male,majority,0-9y,high school,upper class,0.646984546072727,0.0,after 2015,0.0,1.0,32765,6000.0,sedan,0,0,0,1.0,real_source
676920,65+,male,majority,0-9y,university,upper class,0.5664919828432731,1.0,before 2015,1.0,0.0,10238,13000.0,sedan,0,0,0,0.0,real_source
900853,26-39,male,majority,10-19y,high school,upper class,0.6510245424450259,1.0,after 2015,0.0,0.0,92101,12000.0,sedan,0,0,0,0.0,real_source
635692,26-39,female,majority,10-19y,high school,middle class,0.5938877797636894,1.0,before 2015,0.0,1.0,10238,14000.0,sedan,1,0,0,0.0,real_source
406826,26-39,male,majority,10-19y,university,upper class,,1.0,before 2015,0.0,1.0,10238,16000.0,sedan,0,0,1,0.0,real_source
977745,26-39,female,minority,0-9y,none,poverty,,1.0,before 2015,0.0,1.0,32765,11000.0,sedan,0,0,0,0.0,real_source
298308,65+,male,majority,30y+,university,upper class,0.6877922600474008,1.0,after 2015,1.0,1.0,92101,9000.0,sedan,4,0,1,0.0,real_source
306628,26-39,male,minority,10-19y,high school,middle class,0.5629583668547161,1.0,before 2015,0.0,1.0,10238,16000.0,sedan,3,0,1,0.0,real_source
293506,40-64,male,majority,20-29y,university,upper class,0.6546019814740752,1.0,before 2015,1.0,0.0,10238,12000.0,sedan,2,3,4,0.0,real_source
721576,40-64,male,majority,10-19y,university,upper class,0.5903082964716451,1.0,before 2015,1.0,1.0,92101,12000.0,sedan,0,0,0,0.0,real_source
989471,40-64,male,majority,20-29y,none,middle class,0.5912145988163494,1.0,before 2015,0.0,1.0,32765,8000.0,sedan,8,1,3,1.0,real_source
953480,16-25,male,majority,0-9y,university,upper class,0.4875547200723523,1.0,after 2015,0.0,1.0,32765,9000.0,sedan,0,0,0,1.0,real_source
590416,65+,male,majority,10-19y,none,middle class,,1.0,before 2015,1.0,1.0,32765,4000.0,sedan,6,0,2,1.0,real_source
77981,26-39,female,majority,0-9y,high school,upper class,0.6705723025037389,1.0,before 2015,0.0,1.0,32765,10000.0,sedan,0,0,0,1.0,real_source
845932,26-39,male,majority,10-19y,university,upper class,0.6794367277453127,0.0,before 2015,1.0,1.0,32765,8000.0,sedan,5,1,2,0.0,real_source
660046,40-64,female,majority,20-29y,university,upper class,0.4960261985675978,1.0,before 2015,1.0,1.0,32765,7000.0,sedan,6,2,3,0.0,real_source
439623,40-64,female,majority,10-19y,university,upper class,0.6683411524924924,1.0,before 2015,0.0,1.0,10238,12000.0,sedan,1,0,2,0.0,real_source
914534,16-25,female,majority,0-9y,university,working class,,1.0,after 2015,0.0,1.0,10238,13000.0,sedan,0,0,0,0.0,real_source
287912,26-39,male,majority,10-19y,high school,poverty,0.2697816217222613,1.0,before 2015,0.0,1.0,10238,11000.0,sedan,3,0,2,0.0,real_source
506593,40-64,male,majority,20-29y,high school,middle class,0.5221630077716441,0.0,after 2015,1.0,1.0,10238,10000.0,sports car,2,0,5,0.0,real_source
925857,40-64,male,majority,0-9y,none,working class,0.4193306622205509,0.0,before 2015,1.0,1.0,10238,12000.0,sedan,0,0,0,1.0,real_source
434244,26-39,female,majority,0-9y,high school,middle class,0.5590017940897738,1.0,before 2015,0.0,0.0,10238,17000.0,sedan,0,0,0,0.0,real_source
846310,16-25,male,majority,0-9y,high school,poverty,0.3207404346890468,0.0,before 2015,0.0,1.0,10238,10000.0,sedan,0,0,0,1.0,real_source
187838,26-39,female,majority,0-9y,university,middle class,0.6394231234866508,0.0,before 2015,1.0,1.0,10238,10000.0,sedan,0,0,0,1.0,real_source
521892,16-25,female,majority,0-9y,none,working class,,0.0,before 2015,0.0,0.0,10238,18000.0,sedan,0,0,0,1.0,real_source
407731,26-39,female,majority,10-19y,none,poverty,0.3298050248717038,1.0,before 2015,1.0,0.0,10238,10000.0,sedan,3,0,0,0.0,real_source
695435,26-39,female,majority,0-9y,high school,middle class,0.5374556635201865,1.0,before 2015,1.0,1.0,92101,10000.0,sports car,0,0,0,1.0,real_source
894135,26-39,male,majority,10-19y,university,upper class,0.4670944743476774,1.0,after 2015,1.0,1.0,32765,6000.0,sedan,2,1,2,0.0,real_source
370353,16-25,female,majority,0-9y,high school,working class,0.4879977774283266,1.0,before 2015,1.0,1.0,10238,11000.0,sedan,0,0,0,0.0,real_source
570272,26-39,male,majority,10-19y,university,upper class,0.505754450734344,1.0,after 2015,1.0,1.0,10238,13000.0,sedan,1,0,0,0.0,real_source
951557,40-64,female,majority,20-29y,high school,middle class,0.4762230188174785,1.0,before 2015,1.0,1.0,10238,10000.0,sedan,1,0,0,0.0,real_source
435829,26-39,female,majority,10-19y,high school,working class,0.6440329844790397,1.0,before 2015,1.0,1.0,10238,10000.0,sedan,0,0,1,0.0,real_source
31713,65+,female,majority,30y+,university,upper class,0.5943375571086068,1.0,before 2015,1.0,1.0,92101,9000.0,sedan,0,1,0,0.0,real_source
736754,16-25,male,majority,0-9y,none,working class,0.3260878780486413,1.0,after 2015,0.0,0.0,10238,17000.0,sedan,0,0,0,1.0,real_source
532264,40-64,male,majority,20-29y,high school,upper class,0.6518556832704588,0.0,after 2015,1.0,1.0,92101,,sedan,4,1,5,0.0,real_source
255243,40-64,female,majority,20-29y,university,upper class,,1.0,after 2015,0.0,1.0,10238,13000.0,sedan,2,0,1,0.0,real_source
71232,26-39,female,majority,0-9y,none,working class,,1.0,before 2015,0.0,0.0,10238,13000.0,sedan,0,0,0,1.0,real_source
408174,26-39,male,majority,10-19y,university,upper class,0.6701415655540297,1.0,after 2015,1.0,1.0,10238,11000.0,sedan,1,2,2,0.0,real_source
551604,65+,male,majority,30y+,university,upper class,0.6100062530166586,1.0,after 2015,1.0,1.0,10238,13000.0,sedan,4,1,6,0.0,real_source
527258,26-39,male,minority,10-19y,high school,working class,0.4694174843654393,1.0,before 2015,1.0,1.0,32765,11000.0,sedan,4,2,0,0.0,real_source
88209,40-64,male,majority,0-9y,university,upper class,0.4718698437579043,1.0,after 2015,1.0,1.0,32765,6000.0,sedan,0,0,0,1.0,real_source
107501,65+,female,majority,30y+,high school,upper class,,1.0,after 2015,1.0,1.0,10238,7000.0,sedan,1,0,3,0.0,real_source
371426,26-39,female,minority,0-9y,high school,middle class,0.4453243532193456,1.0,before 2015,0.0,0.0,10238,20000.0,sedan,0,0,0,1.0,real_source
87771,40-64,male,majority,10-19y,high school,middle class,0.3606896486687273,0.0,after 2015,1.0,1.0,10238,10000.0,sedan,1,0,1,0.0,real_source
462016,65+,female,minority,30y+,university,upper class,0.5106032557850538,1.0,after 2015,1.0,1.0,10238,13000.0,sedan,3,0,3,0.0,real_source
792966,65+,female,minority,10-19y,none,middle class,0.5687019891446795,1.0,before 2015,0.0,1.0,32765,9000.0,sedan,2,0,0,0.0,real_source
517451,16-25,male,majority,0-9y,university,middle class,0.4852795231118352,1.0,before 2015,0.0,0.0,10238,10000.0,sedan,0,0,0,1.0,real_source
437044,40-64,male,minority,0-9y,university,upper class,0.575874058444159,0.0,after 2015,0.0,0.0,10238,14000.0,sedan,0,0,0,1.0,real_source
552420,16-25,female,majority,0-9y,university,middle class,0.7079130110405141,1.0,before 2015,1.0,1.0,10238,8000.0,sedan,0,0,0,0.0,real_source
817893,40-64,female,majority,0-9y,university,upper class,0.6404262676947586,1.0,before 2015,0.0,0.0,10238,12000.0,sedan,0,0,0,0.0,real_source
683584,16-25,female,majority,0-9y,none,middle class,0.6225215390467763,1.0,before 2015,0.0,0.0,32765,,sedan,0,0,0,1.0,real_source
989505,65+,female,majority,30y+,university,upper class,0.6582218907144254,1.0,before 2015,1.0,1.0,10238,11000.0,sedan,0,1,2,0.0,real_source
112337,65+,female,majority,0-9y,university,upper class,0.6163289121884691,1.0,after 2015,0.0,1.0,10238,,sedan,0,0,0,0.0,real_source
314883,16-25,female,majority,0-9y,high school,middle class,0.4578330530113018,1.0,after 2015,0.0,0.0,32765,14000.0,sedan,0,0,0,0.0,real_source
428842,40-64,male,majority,20-29y,high school,upper class,0.5911186907463223,0.0,before 2015,1.0,0.0,10238,,sedan,3,2,1,0.0,real_source
47344,16-25,male,minority,0-9y,high school,poverty,0.359395084763826,1.0,before 2015,1.0,0.0,10238,13000.0,sedan,0,0,0,1.0,real_source
61277,16-25,female,majority,0-9y,university,working class,0.4594737866500293,1.0,before 2015,0.0,1.0,10238,13000.0,sedan,0,0,0,1.0,real_source
622631,40-64,female,majority,20-29y,university,upper class,0.5228435801363425,1.0,before 2015,1.0,0.0,10238,14000.0,sedan,0,1,2,0.0,real_source
949876,40-64,male,minority,20-29y,university,upper class,0.5931025905321805,1.0,before 2015,0.0,1.0,32765,6000.0,sedan,12,0,2,0.0,real_source
812070,26-39,female,majority,0-9y,university,middle class,0.4700051360478614,0.0,before 2015,0.0,0.0,10238,13000.0,sedan,0,0,0,1.0,real_source
821863,16-25,female,majority,0-9y,none,poverty,0.4207719261909123,0.0,before 2015,0.0,1.0,10238,13000.0,sedan,0,0,0,1.0,real_source
337351,16-25,female,majority,0-9y,university,middle class,0.5208472124581596,1.0,after 2015,0.0,1.0,92101,12000.0,sedan,0,0,0,0.0,real_source
492855,26-39,male,majority,10-19y,none,poverty,0.3197847735270822,0.0,before 2015,1.0,1.0,10238,11000.0,sedan,2,0,2,0.0,real_source
155646,16-25,male,minority,0-9y,none,poverty,0.3352729190935729,0.0,before 2015,0.0,0.0,10238,17000.0,sedan,0,0,0,1.0,real_source
378977,40-64,female,minority,10-19y,none,middle class,0.547224530238038,1.0,before 2015,1.0,1.0,10238,10000.0,sedan,4,1,2,0.0,real_source
541880,26-39,female,majority,10-19y,university,upper class,0.4646494876993852,0.0,before 2015,1.0,1.0,10238,10000.0,sedan,1,0,1,0.0,real_source
661932,40-64,male,majority,20-29y,university,upper class,0.6261446378547981,1.0,before 2015,1.0,1.0,10238,9000.0,sedan,3,0,4,0.0,real_source
758417,65+,female,majority,10-19y,university,upper class,0.7825371105736847,1.0,before 2015,1.0,1.0,10238,16000.0,sedan,0,0,1,0.0,real_source
89633,40-64,female,majority,20-29y,university,upper class,0.7005824087005094,1.0,after 2015,1.0,1.0,32765,,sedan,3,2,2,0.0,real_source
224745,65+,female,majority,30y+,high school,middle class,0.5847134432997393,1.0,after 2015,1.0,1.0,32765,7000.0,sedan,5,2,0,0.0,real_source
870405,40-64,female,majority,10-19y,university,upper class,,1.0,after 2015,1.0,1.0,32765,5000.0,sedan,1,0,0,0.0,real_source
257575,40-64,male,majority,20-29y,university,upper class,0.48391741031277,1.0,before 2015,1.0,0.0,10238,14000.0,sedan,3,0,2,0.0,real_source
417843,40-64,female,majority,20-29y,university,upper class,0.6349270821717167,1.0,after 2015,1.0,1.0,10238,15000.0,sedan,0,2,0,0.0,real_source
218173,65+,female,majority,0-9y,university,upper class,0.5545891740790019,1.0,after 2015,1.0,1.0,10238,11000.0,sedan,0,0,0,0.0,real_source
341815,26-39,male,majority,0-9y,high school,middle class,0.6595476700729209,0.0,before 2015,1.0,1.0,10238,,sedan,0,0,0,0.0,real_source
163840,40-64,male,majority,20-29y,none,poverty,0.2039498393815561,0.0,before 2015,0.0,1.0,10238,,sedan,2,1,2,1.0,real_source
211053,40-64,female,majority,10-19y,none,upper class,0.5397723365410408,0.0,after 2015,0.0,1.0,10238,11000.0,sedan,0,0,0,0.0,real_source
699039,26-39,male,majority,10-19y,university,upper class,0.5473676447778713,1.0,before 2015,1.0,0.0,32765,11000.0,sedan,7,1,0,0.0,real_source
479267,26-39,male,majority,10-19y,high school,working class,0.2835499981405837,1.0,before 2015,1.0,0.0,10238,11000.0,sedan,4,0,0,0.0,real_source
818496,40-64,female,minority,0-9y,none,working class,0.3849335152383037,0.0,before 2015,0.0,1.0,10238,10000.0,sedan,0,0,0,1.0,real_source
369647,16-25,male,majority,0-9y,university,middle class,0.4088759086346603,1.0,before 2015,0.0,0.0,10238,18000.0,sedan,0,0,0,1.0,real_source
40708,26-39,male,majority,0-9y,university,middle class,0.4426275807536748,0.0,before 2015,1.0,1.0,10238,11000.0,sedan,0,0,0,1.0,real_source
484899,26-39,male,majority,10-19y,none,working class,0.3779978092118555,0.0,before 2015,1.0,1.0,10238,6000.0,sedan,0,0,4,1.0,real_source
355304,40-64,male,majority,20-29y,university,upper class,0.5458554706287139,1.0,before 2015,1.0,1.0,32765,,sedan,12,2,0,0.0,real_source
420176,26-39,male,minority,10-19y,none,working class,0.5439834760370996,1.0,before 2015,1.0,1.0,10238,11000.0,sedan,1,0,0,0.0,real_source
54923,65+,female,majority,30y+,high school,middle class,0.4890026134251743,1.0,before 2015,1.0,1.0,10238,9000.0,sedan,3,1,3,0.0,real_source
305486,16-25,male,majority,0-9y,high school,poverty,0.3565218570875531,0.0,before 2015,0.0,0.0,10238,17000.0,sedan,0,0,0,1.0,real_source
725307,26-39,male,majority,10-19y,none,poverty,0.4305272877898739,0.0,before 2015,1.0,1.0,10238,11000.0,sedan,3,3,1,1.0,real_source
38769,40-64,female,majority,20-29y,high school,upper class,0.6705928629488258,1.0,before 2015,1.0,0.0,10238,13000.0,sedan,0,0,0,0.0,real_source
503171,40-64,male,majority,20-29y,university,middle class,0.4484082898494253,1.0,after 2015,0.0,1.0,10238,12000.0,sedan,1,1,1,0.0,real_source
135257,40-64,female,majority,20-29y,high school,poverty,0.3401464550196585,1.0,before 2015,1.0,1.0,10238,8000.0,sedan,1,0,0,0.0,real_source
366048,26-39,male,majority,0-9y,high school,working class,,1.0,before 2015,0.0,1.0,10238,11000.0,sedan,0,0,0,0.0,real_source
455714,26-39,male,minority,10-19y,none,middle class,0.4931189360663872,1.0,before 2015,0.0,0.0,32765,11000.0,sedan,5,1,1,0.0,real_source
595418,16-25,male,minority,0-9y,high school,working class,,1.0,before 2015,0.0,1.0,10238,11000.0,sedan,0,0,0,0.0,real_source
376624,40-64,male,majority,20-29y,high school,middle class,0.3460461157315677,0.0,before 2015,1.0,1.0,10238,10000.0,sedan,4,0,5,0.0,real_source
735333,40-64,male,majority,20-29y,high school,working class,0.2948824952892714,0.0,before 2015,0.0,0.0,32765,10000.0,sedan,4,1,4,1.0,real_source
479789,26-39,male,majority,10-19y,high school,poverty,,0.0,before 2015,0.0,0.0,10238,,sedan,1,0,2,1.0,real_source
302403,16-25,female,majority,0-9y,high school,working class,0.502119705029764,1.0,before 2015,0.0,1.0,32765,10000.0,sedan,0,0,0,1.0,real_source
188300,65+,male,majority,10-19y,university,upper class,0.542105030779762,1.0,before 2015,1.0,1.0,10238,8000.0,sedan,0,0,2,0.0,real_source
156495,26-39,male,majority,10-19y,university,upper class,0.6954659685303427,1.0,before 2015,0.0,1.0,10238,11000.0,sedan,4,1,0,0.0,real_source
752887,26-39,male,majority,10-19y,high school,middle class,0.4543004585826299,1.0,before 2015,0.0,0.0,10238,16000.0,sedan,1,0,2,0.0,real_source
910346,26-39,female,majority,10-19y,none,middle class,0.5222314755016938,1.0,after 2015,0.0,1.0,32765,,sedan,1,0,0,0.0,real_source
468409,26-39,male,majority,0-9y,high school,middle class,0.4709402314479679,1.0,before 2015,0.0,1.0,10238,14000.0,sedan,0,0,0,0.0,real_source
442696,26-39,female,majority,0-9y,none,working class,0.4352247779429113,1.0,before 2015,1.0,1.0,10238,13000.0,sedan,0,0,0,0.0,real_source
